timestamp,image_path,linear_v,angular_w
20260317_231004_094851,img_20260317_231004_094851.jpg,0.0,0.0
20260317_231004_137391,img_20260317_231004_137391.jpg,0.0,0.0
20260317_231004_184385,img_20260317_231004_184385.jpg,0.0,0.0
20260317_231004_234243,img_20260317_231004_234243.jpg,0.0,0.0
20260317_231004_283542,img_20260317_231004_283542.jpg,0.0,0.0
20260317_231004_324643,img_20260317_231004_324643.jpg,0.0,0.0
20260317_231004_374284,img_20260317_231004_374284.jpg,0.0,0.0
20260317_231004_423451,img_20260317_231004_423451.jpg,0.0,0.0
20260317_231004_478025,img_20260317_231004_478025.jpg,0.0,0.0
20260317_231004_536471,img_20260317_231004_536471.jpg,0.0,0.0
20260317_231004_576618,img_20260317_231004_576618.jpg,0.0,0.0
20260317_231004_628391,img_20260317_231004_628391.jpg,0.0,0.0
20260317_231004_679112,img_20260317_231004_679112.jpg,0.0,0.0
20260317_231004_739387,img_20260317_231004_739387.jpg,0.0,0.0
20260317_231004_790256,img_20260317_231004_790256.jpg,0.0,0.0
20260317_231004_849709,img_20260317_231004_849709.jpg,0.0,0.0
20260317_231004_890815,img_20260317_231004_890815.jpg,0.0,0.0
20260317_231004_940977,img_20260317_231004_940977.jpg,0.0,0.0
20260317_231004_983370,img_20260317_231004_983370.jpg,0.0,0.0
20260317_231005_044439,img_20260317_231005_044439.jpg,0.0,0.0
20260317_231005_093796,img_20260317_231005_093796.jpg,0.0,0.0
20260317_231005_145050,img_20260317_231005_145050.jpg,0.0,0.0
20260317_231005_194590,img_20260317_231005_194590.jpg,0.0,0.0
20260317_231005_245341,img_20260317_231005_245341.jpg,0.0,0.0
20260317_231005_296292,img_20260317_231005_296292.jpg,0.0,0.0
20260317_231005_348366,img_20260317_231005_348366.jpg,0.0,0.0
20260317_231005_400942,img_20260317_231005_400942.jpg,0.0,0.0
20260317_231005_449402,img_20260317_231005_449402.jpg,0.0,0.0
20260317_231005_501132,img_20260317_231005_501132.jpg,0.0,0.0
20260317_231005_540346,img_20260317_231005_540346.jpg,0.0,0.0
20260317_231005_603348,img_20260317_231005_603348.jpg,0.0,0.0
20260317_231005_655874,img_20260317_231005_655874.jpg,0.0,0.0
20260317_231005_706348,img_20260317_231005_706348.jpg,0.0,0.0
20260317_231005_757202,img_20260317_231005_757202.jpg,0.0,0.0
20260317_231005_808383,img_20260317_231005_808383.jpg,0.0,0.0
20260317_231005_858168,img_20260317_231005_858168.jpg,0.0,0.0
20260317_231005_912707,img_20260317_231005_912707.jpg,0.0,0.0
20260317_231005_959164,img_20260317_231005_959164.jpg,0.0,0.0
20260317_231006_010742,img_20260317_231006_010742.jpg,0.0,0.0
20260317_231006_061849,img_20260317_231006_061849.jpg,0.0,0.0
20260317_231006_111041,img_20260317_231006_111041.jpg,0.0,0.0
20260317_231006_163313,img_20260317_231006_163313.jpg,0.0,0.0
20260317_231006_209867,img_20260317_231006_209867.jpg,0.0,0.0
20260317_231006_262910,img_20260317_231006_262910.jpg,0.0,0.0
20260317_231006_317100,img_20260317_231006_317100.jpg,0.0,0.0
20260317_231006_372962,img_20260317_231006_372962.jpg,0.0,0.0
20260317_231006_420957,img_20260317_231006_420957.jpg,0.0,0.0
20260317_231006_468049,img_20260317_231006_468049.jpg,0.0,0.0
20260317_231006_519660,img_20260317_231006_519660.jpg,0.0,0.0
20260317_231006_558857,img_20260317_231006_558857.jpg,0.0,0.0
20260317_231006_619506,img_20260317_231006_619506.jpg,0.0,0.0
20260317_231006_669009,img_20260317_231006_669009.jpg,0.0,0.0
20260317_231006_721544,img_20260317_231006_721544.jpg,0.0,0.0
20260317_231006_773208,img_20260317_231006_773208.jpg,0.0,0.0
20260317_231006_823232,img_20260317_231006_823232.jpg,0.0,0.0
20260317_231006_874830,img_20260317_231006_874830.jpg,0.0,0.0
20260317_231006_925808,img_20260317_231006_925808.jpg,0.0,0.0
20260317_231006_977697,img_20260317_231006_977697.jpg,0.0,0.0
20260317_231007_029625,img_20260317_231007_029625.jpg,0.0,0.0
20260317_231007_087899,img_20260317_231007_087899.jpg,0.0,0.0
20260317_231007_134794,img_20260317_231007_134794.jpg,0.0,0.0
20260317_231007_190106,img_20260317_231007_190106.jpg,0.0,0.0
20260317_231007_240580,img_20260317_231007_240580.jpg,0.0,0.0
20260317_231007_291879,img_20260317_231007_291879.jpg,0.0,0.0
20260317_231007_342027,img_20260317_231007_342027.jpg,0.0,0.0
20260317_231007_393710,img_20260317_231007_393710.jpg,0.0,0.0
20260317_231007_441016,img_20260317_231007_441016.jpg,0.0,0.0
20260317_231007_480516,img_20260317_231007_480516.jpg,0.0,0.0
20260317_231007_541857,img_20260317_231007_541857.jpg,0.0,0.0
20260317_231007_593027,img_20260317_231007_593027.jpg,0.0,0.0
20260317_231007_643763,img_20260317_231007_643763.jpg,0.0,0.0
20260317_231007_684872,img_20260317_231007_684872.jpg,0.0,0.0
20260317_231007_751978,img_20260317_231007_751978.jpg,0.0,0.0
20260317_231007_791792,img_20260317_231007_791792.jpg,0.0,0.0
20260317_231007_849351,img_20260317_231007_849351.jpg,0.0,0.0
20260317_231007_897805,img_20260317_231007_897805.jpg,0.0,0.0
20260317_231007_953062,img_20260317_231007_953062.jpg,0.0,0.0
20260317_231008_002928,img_20260317_231008_002928.jpg,0.0,0.0
20260317_231008_051014,img_20260317_231008_051014.jpg,0.0,0.0
20260317_231008_092789,img_20260317_231008_092789.jpg,0.0,0.0
20260317_231008_143134,img_20260317_231008_143134.jpg,0.0,0.0
20260317_231008_193887,img_20260317_231008_193887.jpg,0.0,0.0
20260317_231008_252903,img_20260317_231008_252903.jpg,0.0,0.0
20260317_231008_302479,img_20260317_231008_302479.jpg,0.0,0.0
20260317_231008_353684,img_20260317_231008_353684.jpg,0.0,0.0
20260317_231008_405462,img_20260317_231008_405462.jpg,0.0,0.0
20260317_231008_456682,img_20260317_231008_456682.jpg,0.0,0.0
20260317_231008_504431,img_20260317_231008_504431.jpg,0.0,0.0
20260317_231008_556810,img_20260317_231008_556810.jpg,0.0,0.0
20260317_231008_605770,img_20260317_231008_605770.jpg,0.0,0.0
20260317_231008_658104,img_20260317_231008_658104.jpg,0.0,0.0
20260317_231008_707791,img_20260317_231008_707791.jpg,0.0,0.0
20260317_231008_758938,img_20260317_231008_758938.jpg,0.0,0.0
20260317_231008_811029,img_20260317_231008_811029.jpg,0.0,0.0
20260317_231008_860449,img_20260317_231008_860449.jpg,0.0,0.0
20260317_231008_911078,img_20260317_231008_911078.jpg,0.0,0.0
20260317_231008_962193,img_20260317_231008_962193.jpg,0.0,0.0
20260317_231009_014224,img_20260317_231009_014224.jpg,0.0,0.0
20260317_231009_053242,img_20260317_231009_053242.jpg,0.0,0.0
20260317_231009_116556,img_20260317_231009_116556.jpg,0.0,0.0
20260317_231009_166954,img_20260317_231009_166954.jpg,0.0,0.0
20260317_231009_205408,img_20260317_231009_205408.jpg,0.0,0.0
20260317_231009_266599,img_20260317_231009_266599.jpg,0.0,0.0
20260317_231009_317034,img_20260317_231009_317034.jpg,0.0,0.0
20260317_231009_368393,img_20260317_231009_368393.jpg,0.0,0.0
20260317_231009_419025,img_20260317_231009_419025.jpg,0.0,0.0
20260317_231009_469721,img_20260317_231009_469721.jpg,0.0,0.0
20260317_231009_520255,img_20260317_231009_520255.jpg,0.0,0.0
20260317_231009_561041,img_20260317_231009_561041.jpg,0.0,0.0
20260317_231009_621525,img_20260317_231009_621525.jpg,0.0,0.0
20260317_231009_672794,img_20260317_231009_672794.jpg,0.0,0.0
20260317_231009_724510,img_20260317_231009_724510.jpg,0.0,0.0
20260317_231009_764402,img_20260317_231009_764402.jpg,0.0,0.0
20260317_231009_826730,img_20260317_231009_826730.jpg,0.0,0.0
20260317_231009_867875,img_20260317_231009_867875.jpg,0.0,0.0
20260317_231009_927088,img_20260317_231009_927088.jpg,0.0,0.0
20260317_231009_977608,img_20260317_231009_977608.jpg,0.0,0.0
20260317_231010_031663,img_20260317_231010_031663.jpg,0.0,0.0
20260317_231010_080826,img_20260317_231010_080826.jpg,0.0,0.0
20260317_231010_132707,img_20260317_231010_132707.jpg,0.0,0.0
20260317_231010_181578,img_20260317_231010_181578.jpg,0.0,0.0
20260317_231010_233369,img_20260317_231010_233369.jpg,0.0,0.0
20260317_231010_282338,img_20260317_231010_282338.jpg,0.0,0.0
20260317_231010_329106,img_20260317_231010_329106.jpg,0.0,0.0
20260317_231010_386721,img_20260317_231010_386721.jpg,0.0,0.0
20260317_231010_495590,img_20260317_231010_495590.jpg,0.0,0.0
20260317_231010_526216,img_20260317_231010_526216.jpg,0.0,0.0
20260317_231010_569680,img_20260317_231010_569680.jpg,0.0,0.0
20260317_231010_613519,img_20260317_231010_613519.jpg,0.0,0.0
20260317_231010_648638,img_20260317_231010_648638.jpg,0.0,0.0
20260317_231010_697932,img_20260317_231010_697932.jpg,0.0,0.0
20260317_231010_760360,img_20260317_231010_760360.jpg,0.0,0.0
20260317_231010_810242,img_20260317_231010_810242.jpg,0.0,0.0
20260317_231010_848792,img_20260317_231010_848792.jpg,0.0,0.0
20260317_231010_909363,img_20260317_231010_909363.jpg,0.0,0.0
20260317_231010_959573,img_20260317_231010_959573.jpg,0.0,0.0
20260317_231011_008685,img_20260317_231011_008685.jpg,0.0,0.0
20260317_231011_050275,img_20260317_231011_050275.jpg,0.0,0.0
20260317_231011_111188,img_20260317_231011_111188.jpg,0.0,0.0
20260317_231011_152757,img_20260317_231011_152757.jpg,0.0,0.0
20260317_231011_203544,img_20260317_231011_203544.jpg,0.0,0.0
20260317_231011_265344,img_20260317_231011_265344.jpg,0.0,0.0
20260317_231011_316437,img_20260317_231011_316437.jpg,0.0,0.0
20260317_231011_366175,img_20260317_231011_366175.jpg,0.0,0.0
20260317_231011_418195,img_20260317_231011_418195.jpg,0.0,0.0
20260317_231011_472031,img_20260317_231011_472031.jpg,0.0,0.0
20260317_231011_520881,img_20260317_231011_520881.jpg,0.0,0.0
20260317_231011_558610,img_20260317_231011_558610.jpg,0.0,0.0
20260317_231011_619801,img_20260317_231011_619801.jpg,0.0,0.0
20260317_231011_670859,img_20260317_231011_670859.jpg,0.0,0.0
20260317_231011_724041,img_20260317_231011_724041.jpg,0.0,0.0
20260317_231011_763449,img_20260317_231011_763449.jpg,0.0,0.0
20260317_231011_823804,img_20260317_231011_823804.jpg,0.0,0.0
20260317_231011_873788,img_20260317_231011_873788.jpg,0.0,0.0
20260317_231011_925573,img_20260317_231011_925573.jpg,0.0,0.0
20260317_231011_975199,img_20260317_231011_975199.jpg,0.0,0.0
20260317_231012_024645,img_20260317_231012_024645.jpg,0.0,0.0
20260317_231012_075876,img_20260317_231012_075876.jpg,0.0,0.0
20260317_231012_115698,img_20260317_231012_115698.jpg,0.0,0.0
20260317_231012_185013,img_20260317_231012_185013.jpg,0.0,0.0
20260317_231012_216271,img_20260317_231012_216271.jpg,0.0,0.0
20260317_231012_283685,img_20260317_231012_283685.jpg,0.0,0.0
20260317_231012_335828,img_20260317_231012_335828.jpg,0.0,0.0
20260317_231012_395232,img_20260317_231012_395232.jpg,0.0,0.0
20260317_231012_436812,img_20260317_231012_436812.jpg,0.0,0.0
20260317_231012_476880,img_20260317_231012_476880.jpg,0.0,0.0
20260317_231012_536191,img_20260317_231012_536191.jpg,0.0,0.0
20260317_231012_584614,img_20260317_231012_584614.jpg,0.0,0.0
20260317_231012_635436,img_20260317_231012_635436.jpg,0.0,0.0
20260317_231012_686353,img_20260317_231012_686353.jpg,0.0,0.0
20260317_231012_728794,img_20260317_231012_728794.jpg,0.0,0.0
20260317_231012_779215,img_20260317_231012_779215.jpg,0.0,0.0
20260317_231012_840719,img_20260317_231012_840719.jpg,0.0,0.0
20260317_231012_894492,img_20260317_231012_894492.jpg,0.0,0.0
20260317_231012_942378,img_20260317_231012_942378.jpg,0.0,0.0
20260317_231012_993189,img_20260317_231012_993189.jpg,0.0,0.0
20260317_231013_044209,img_20260317_231013_044209.jpg,0.0,0.0
20260317_231013_093614,img_20260317_231013_093614.jpg,0.0,0.0
20260317_231013_147285,img_20260317_231013_147285.jpg,0.0,0.0
20260317_231013_188230,img_20260317_231013_188230.jpg,0.0,0.0
20260317_231013_248101,img_20260317_231013_248101.jpg,0.0,0.0
20260317_231013_297670,img_20260317_231013_297670.jpg,0.0,0.0
20260317_231013_349923,img_20260317_231013_349923.jpg,0.0,0.0
20260317_231013_399749,img_20260317_231013_399749.jpg,0.0,0.0
20260317_231013_442264,img_20260317_231013_442264.jpg,0.0,0.0
20260317_231013_501970,img_20260317_231013_501970.jpg,0.0,0.0
20260317_231013_553882,img_20260317_231013_553882.jpg,0.0,0.0
20260317_231013_593563,img_20260317_231013_593563.jpg,0.0,0.0
20260317_231013_654111,img_20260317_231013_654111.jpg,0.0,0.0
20260317_231013_693825,img_20260317_231013_693825.jpg,0.0,0.0
20260317_231013_757559,img_20260317_231013_757559.jpg,0.0,0.0
20260317_231013_793472,img_20260317_231013_793472.jpg,0.0,0.0
20260317_231013_845836,img_20260317_231013_845836.jpg,0.0,0.0
20260317_231013_902088,img_20260317_231013_902088.jpg,0.0,0.0
20260317_231013_955874,img_20260317_231013_955874.jpg,0.0,0.0
20260317_231013_998445,img_20260317_231013_998445.jpg,0.0,0.0
20260317_231014_047482,img_20260317_231014_047482.jpg,0.0,0.0
20260317_231014_099064,img_20260317_231014_099064.jpg,0.0,0.0
20260317_231014_158888,img_20260317_231014_158888.jpg,0.0,0.0
20260317_231014_212391,img_20260317_231014_212391.jpg,0.0,0.0
20260317_231014_252638,img_20260317_231014_252638.jpg,0.0,0.0
20260317_231014_311852,img_20260317_231014_311852.jpg,0.0,0.0
20260317_231014_362943,img_20260317_231014_362943.jpg,0.0,0.0
20260317_231014_401949,img_20260317_231014_401949.jpg,0.0,0.0
20260317_231014_452710,img_20260317_231014_452710.jpg,0.0,0.0
20260317_231014_501990,img_20260317_231014_501990.jpg,0.0,0.0
20260317_231014_554885,img_20260317_231014_554885.jpg,0.0,0.0
20260317_231014_603989,img_20260317_231014_603989.jpg,0.0,0.0
20260317_231014_654197,img_20260317_231014_654197.jpg,0.0,0.0
20260317_231014_705685,img_20260317_231014_705685.jpg,0.0,0.0
20260317_231014_766121,img_20260317_231014_766121.jpg,0.0,0.0
20260317_231014_817482,img_20260317_231014_817482.jpg,0.0,0.0
20260317_231014_859599,img_20260317_231014_859599.jpg,0.0,0.0
20260317_231014_908631,img_20260317_231014_908631.jpg,0.0,0.0
20260317_231014_958939,img_20260317_231014_958939.jpg,0.0,0.0
20260317_231015_020922,img_20260317_231015_020922.jpg,0.0,0.0
20260317_231015_069996,img_20260317_231015_069996.jpg,0.0,0.0
20260317_231015_120816,img_20260317_231015_120816.jpg,0.0,0.0
20260317_231015_162243,img_20260317_231015_162243.jpg,0.0,0.0
20260317_231015_213136,img_20260317_231015_213136.jpg,0.0,0.0
20260317_231015_266171,img_20260317_231015_266171.jpg,0.0,0.0
20260317_231015_314629,img_20260317_231015_314629.jpg,0.0,0.0
20260317_231015_375733,img_20260317_231015_375733.jpg,0.0,0.0
20260317_231015_416132,img_20260317_231015_416132.jpg,0.0,0.0
20260317_231015_465990,img_20260317_231015_465990.jpg,0.0,0.0
20260317_231015_516394,img_20260317_231015_516394.jpg,0.0,0.0
20260317_231015_578597,img_20260317_231015_578597.jpg,0.0,0.0
20260317_231015_620180,img_20260317_231015_620180.jpg,0.0,0.0
20260317_231015_680819,img_20260317_231015_680819.jpg,0.0,0.0
20260317_231015_719234,img_20260317_231015_719234.jpg,0.0,0.0
20260317_231015_773168,img_20260317_231015_773168.jpg,0.0,0.0
20260317_231015_821842,img_20260317_231015_821842.jpg,0.0,0.0
20260317_231015_875166,img_20260317_231015_875166.jpg,0.0,0.0
20260317_231015_924919,img_20260317_231015_924919.jpg,0.0,0.0
20260317_231015_975293,img_20260317_231015_975293.jpg,0.0,0.0
20260317_231016_025862,img_20260317_231016_025862.jpg,0.0,0.0
20260317_231016_076771,img_20260317_231016_076771.jpg,0.0,0.0
20260317_231016_137529,img_20260317_231016_137529.jpg,0.0,0.0
20260317_231016_179482,img_20260317_231016_179482.jpg,0.0,0.0
20260317_231016_228155,img_20260317_231016_228155.jpg,0.0,0.0
20260317_231016_288419,img_20260317_231016_288419.jpg,0.0,0.0
20260317_231016_338353,img_20260317_231016_338353.jpg,0.0,0.0
20260317_231016_391064,img_20260317_231016_391064.jpg,0.0,0.0
20260317_231016_430536,img_20260317_231016_430536.jpg,0.0,0.0
20260317_231016_480491,img_20260317_231016_480491.jpg,0.0,0.0
20260317_231016_533569,img_20260317_231016_533569.jpg,0.0,0.0
20260317_231016_581480,img_20260317_231016_581480.jpg,0.0,0.0
20260317_231016_630836,img_20260317_231016_630836.jpg,0.0,0.0
20260317_231016_693170,img_20260317_231016_693170.jpg,0.0,0.0
20260317_231016_734156,img_20260317_231016_734156.jpg,0.0,0.0
20260317_231016_784016,img_20260317_231016_784016.jpg,0.0,0.0
20260317_231016_843809,img_20260317_231016_843809.jpg,0.0,0.0
20260317_231016_885708,img_20260317_231016_885708.jpg,0.0,0.0
20260317_231016_937867,img_20260317_231016_937867.jpg,0.0,0.0
20260317_231016_998095,img_20260317_231016_998095.jpg,0.0,0.0
20260317_231017_056426,img_20260317_231017_056426.jpg,0.0,0.0
20260317_231017_093566,img_20260317_231017_093566.jpg,0.0,0.0
20260317_231017_141050,img_20260317_231017_141050.jpg,0.0,0.0
20260317_231017_190732,img_20260317_231017_190732.jpg,0.0,0.0
20260317_231017_241686,img_20260317_231017_241686.jpg,0.0,0.0
20260317_231017_292888,img_20260317_231017_292888.jpg,0.0,0.0
20260317_231017_354690,img_20260317_231017_354690.jpg,0.0,0.0
20260317_231017_404213,img_20260317_231017_404213.jpg,0.0,0.0
20260317_231017_445188,img_20260317_231017_445188.jpg,0.0,0.0
20260317_231017_493881,img_20260317_231017_493881.jpg,0.0,0.0
20260317_231017_544093,img_20260317_231017_544093.jpg,0.0,0.0
20260317_231017_605592,img_20260317_231017_605592.jpg,0.0,0.0
20260317_231017_645741,img_20260317_231017_645741.jpg,0.0,0.0
20260317_231017_697678,img_20260317_231017_697678.jpg,0.0,0.0
20260317_231017_746936,img_20260317_231017_746936.jpg,0.0,0.0
20260317_231017_800872,img_20260317_231017_800872.jpg,0.0,0.0
20260317_231017_847042,img_20260317_231017_847042.jpg,0.0,0.0
20260317_231017_900075,img_20260317_231017_900075.jpg,0.0,0.0
20260317_231017_952535,img_20260317_231017_952535.jpg,0.0,0.0
20260317_231018_001990,img_20260317_231018_001990.jpg,0.0,0.0
20260317_231018_053123,img_20260317_231018_053123.jpg,0.0,0.0
20260317_231018_113326,img_20260317_231018_113326.jpg,0.0,0.0
20260317_231018_164316,img_20260317_231018_164316.jpg,0.0,0.0
20260317_231018_204136,img_20260317_231018_204136.jpg,0.0,0.0
20260317_231018_256347,img_20260317_231018_256347.jpg,0.0,0.0
20260317_231018_309122,img_20260317_231018_309122.jpg,0.0,0.0
20260317_231018_357538,img_20260317_231018_357538.jpg,0.0,0.0
20260317_231018_406941,img_20260317_231018_406941.jpg,0.0,0.0
20260317_231018_460574,img_20260317_231018_460574.jpg,0.0,0.0
20260317_231018_508787,img_20260317_231018_508787.jpg,0.0,0.0
20260317_231018_561757,img_20260317_231018_561757.jpg,0.0,0.0
20260317_231018_623176,img_20260317_231018_623176.jpg,0.0,0.0
20260317_231018_663299,img_20260317_231018_663299.jpg,0.0,0.0
20260317_231018_711703,img_20260317_231018_711703.jpg,0.0,0.0
20260317_231018_764346,img_20260317_231018_764346.jpg,0.0,0.0
20260317_231018_825731,img_20260317_231018_825731.jpg,0.0,0.0
20260317_231018_864385,img_20260317_231018_864385.jpg,0.0,0.0
20260317_231018_915396,img_20260317_231018_915396.jpg,0.0,0.0
20260317_231018_966318,img_20260317_231018_966318.jpg,0.0,0.0
20260317_231019_028967,img_20260317_231019_028967.jpg,0.0,0.0
20260317_231019_068654,img_20260317_231019_068654.jpg,0.0,0.0
20260317_231019_128759,img_20260317_231019_128759.jpg,0.0,0.0
20260317_231019_177566,img_20260317_231019_177566.jpg,0.0,0.0
20260317_231019_219622,img_20260317_231019_219622.jpg,0.0,0.0
20260317_231019_269414,img_20260317_231019_269414.jpg,0.0,0.0
20260317_231019_330555,img_20260317_231019_330555.jpg,0.0,0.0
20260317_231019_370097,img_20260317_231019_370097.jpg,0.0,0.0
20260317_231019_423195,img_20260317_231019_423195.jpg,0.0,0.0
20260317_231019_472001,img_20260317_231019_472001.jpg,0.0,0.0
20260317_231019_535346,img_20260317_231019_535346.jpg,0.0,0.0
20260317_231019_575721,img_20260317_231019_575721.jpg,0.0,0.0
20260317_231019_639809,img_20260317_231019_639809.jpg,0.0,0.0
20260317_231019_689222,img_20260317_231019_689222.jpg,0.0,0.0
20260317_231019_728042,img_20260317_231019_728042.jpg,0.0,0.0
20260317_231019_789137,img_20260317_231019_789137.jpg,0.0,0.0
20260317_231019_829526,img_20260317_231019_829526.jpg,0.0,0.0
20260317_231019_878443,img_20260317_231019_878443.jpg,0.0,0.0
20260317_231019_940581,img_20260317_231019_940581.jpg,0.0,0.0
20260317_231019_989693,img_20260317_231019_989693.jpg,0.0,0.0
20260317_231020_032430,img_20260317_231020_032430.jpg,0.0,0.0
20260317_231020_083088,img_20260317_231020_083088.jpg,0.0,0.0
20260317_231020_141193,img_20260317_231020_141193.jpg,0.0,0.0
20260317_231020_183820,img_20260317_231020_183820.jpg,0.0,0.0
20260317_231020_233844,img_20260317_231020_233844.jpg,0.0,0.0
20260317_231020_284811,img_20260317_231020_284811.jpg,0.0,0.0
20260317_231020_334933,img_20260317_231020_334933.jpg,0.0,0.0
20260317_231020_385325,img_20260317_231020_385325.jpg,0.0,0.0
20260317_231020_446194,img_20260317_231020_446194.jpg,0.0,0.0
20260317_231020_490432,img_20260317_231020_490432.jpg,0.0,0.0
20260317_231020_551577,img_20260317_231020_551577.jpg,0.0,0.0
20260317_231020_590328,img_20260317_231020_590328.jpg,0.0,0.0
20260317_231020_637448,img_20260317_231020_637448.jpg,0.0,0.0
20260317_231020_690331,img_20260317_231020_690331.jpg,0.0,0.0
20260317_231020_739821,img_20260317_231020_739821.jpg,0.0,0.0
20260317_231020_790871,img_20260317_231020_790871.jpg,0.0,0.0
20260317_231020_843472,img_20260317_231020_843472.jpg,0.0,0.0
20260317_231020_892392,img_20260317_231020_892392.jpg,0.0,0.0
20260317_231020_954298,img_20260317_231020_954298.jpg,0.0,0.0
20260317_231020_997078,img_20260317_231020_997078.jpg,0.0,0.0
20260317_231021_053856,img_20260317_231021_053856.jpg,0.0,0.0
20260317_231021_104445,img_20260317_231021_104445.jpg,0.0,0.0
20260317_231021_145048,img_20260317_231021_145048.jpg,0.0,0.0
20260317_231021_198785,img_20260317_231021_198785.jpg,0.0,0.0
20260317_231021_244074,img_20260317_231021_244074.jpg,0.0,0.0
20260317_231021_295285,img_20260317_231021_295285.jpg,0.0,0.0
20260317_231021_357190,img_20260317_231021_357190.jpg,0.0,0.0
20260317_231021_398463,img_20260317_231021_398463.jpg,0.0,0.0
20260317_231021_447630,img_20260317_231021_447630.jpg,0.0,0.0
20260317_231021_510283,img_20260317_231021_510283.jpg,0.0,0.0
20260317_231021_561008,img_20260317_231021_561008.jpg,0.0,0.0
20260317_231021_600965,img_20260317_231021_600965.jpg,0.0,0.0
20260317_231021_651271,img_20260317_231021_651271.jpg,0.0,0.0
20260317_231021_702092,img_20260317_231021_702092.jpg,0.0,0.0
20260317_231021_762259,img_20260317_231021_762259.jpg,0.0,0.0
20260317_231021_802647,img_20260317_231021_802647.jpg,0.0,0.0
20260317_231021_869140,img_20260317_231021_869140.jpg,0.0,0.0
20260317_231021_905408,img_20260317_231021_905408.jpg,0.0,0.0
20260317_231021_955699,img_20260317_231021_955699.jpg,0.0,0.0
20260317_231022_016549,img_20260317_231022_016549.jpg,0.0,0.0
20260317_231022_056982,img_20260317_231022_056982.jpg,0.0,0.0
20260317_231022_108482,img_20260317_231022_108482.jpg,0.0,0.0
20260317_231022_158643,img_20260317_231022_158643.jpg,0.0,0.0
20260317_231022_220276,img_20260317_231022_220276.jpg,0.0,0.0
20260317_231022_259829,img_20260317_231022_259829.jpg,0.0,0.0
20260317_231022_322141,img_20260317_231022_322141.jpg,0.0,0.0
20260317_231022_360018,img_20260317_231022_360018.jpg,0.0,0.0
20260317_231022_411526,img_20260317_231022_411526.jpg,0.0,0.0
20260317_231022_473411,img_20260317_231022_473411.jpg,0.0,0.0
20260317_231022_515260,img_20260317_231022_515260.jpg,0.0,0.0
20260317_231022_574190,img_20260317_231022_574190.jpg,0.0,0.0
20260317_231022_613832,img_20260317_231022_613832.jpg,0.0,0.0
20260317_231022_664864,img_20260317_231022_664864.jpg,0.0,0.0
20260317_231022_716869,img_20260317_231022_716869.jpg,0.0,0.0
20260317_231022_767009,img_20260317_231022_767009.jpg,0.0,0.0
20260317_231022_816315,img_20260317_231022_816315.jpg,0.0,0.0
20260317_231022_866042,img_20260317_231022_866042.jpg,0.0,0.0
20260317_231022_917213,img_20260317_231022_917213.jpg,0.0,0.0
20260317_231022_968718,img_20260317_231022_968718.jpg,0.0,0.0
20260317_231023_019779,img_20260317_231023_019779.jpg,0.0,0.0
20260317_231023_072947,img_20260317_231023_072947.jpg,0.0,0.0
20260317_231023_120928,img_20260317_231023_120928.jpg,0.0,0.0
20260317_231023_172155,img_20260317_231023_172155.jpg,0.0,0.0
20260317_231023_231814,img_20260317_231023_231814.jpg,0.0,0.0
20260317_231023_273143,img_20260317_231023_273143.jpg,0.0,0.0
20260317_231023_323090,img_20260317_231023_323090.jpg,0.0,0.0
20260317_231023_373148,img_20260317_231023_373148.jpg,0.0,0.0
20260317_231023_425511,img_20260317_231023_425511.jpg,0.0,0.0
20260317_231023_475489,img_20260317_231023_475489.jpg,0.0,0.0
20260317_231023_528076,img_20260317_231023_528076.jpg,0.0,0.0
20260317_231023_588503,img_20260317_231023_588503.jpg,0.0,0.0
20260317_231023_627895,img_20260317_231023_627895.jpg,0.0,0.0
20260317_231023_678435,img_20260317_231023_678435.jpg,0.0,0.0
20260317_231023_730064,img_20260317_231023_730064.jpg,0.0,0.0
20260317_231023_791749,img_20260317_231023_791749.jpg,0.0,0.0
20260317_231023_831146,img_20260317_231023_831146.jpg,0.0,0.0
20260317_231023_882142,img_20260317_231023_882142.jpg,0.0,0.0
20260317_231023_942722,img_20260317_231023_942722.jpg,0.0,0.0
20260317_231023_982055,img_20260317_231023_982055.jpg,0.0,0.0
20260317_231024_032537,img_20260317_231024_032537.jpg,0.0,0.0
20260317_231024_082043,img_20260317_231024_082043.jpg,0.0,0.0
20260317_231024_133843,img_20260317_231024_133843.jpg,0.0,0.0
20260317_231024_194198,img_20260317_231024_194198.jpg,0.0,0.0
20260317_231024_235829,img_20260317_231024_235829.jpg,0.0,0.0
20260317_231024_285699,img_20260317_231024_285699.jpg,0.0,0.0
20260317_231024_346212,img_20260317_231024_346212.jpg,0.0,0.0
20260317_231024_386416,img_20260317_231024_386416.jpg,0.0,0.0
20260317_231024_438469,img_20260317_231024_438469.jpg,0.0,0.0
20260317_231024_498856,img_20260317_231024_498856.jpg,0.0,0.0
20260317_231024_548190,img_20260317_231024_548190.jpg,0.0,0.0
20260317_231024_591346,img_20260317_231024_591346.jpg,0.0,0.0
20260317_231024_649665,img_20260317_231024_649665.jpg,0.0,0.0
20260317_231024_690313,img_20260317_231024_690313.jpg,0.0,0.0
20260317_231024_151889,img_20260317_231024_151889.jpg,0.0,0.0
20260317_231024_201759,img_20260317_231024_201759.jpg,0.0,0.0
20260317_231024_252151,img_20260317_231024_252151.jpg,0.0,0.0
20260317_231024_303277,img_20260317_231024_303277.jpg,0.0,0.0
20260317_231024_357695,img_20260317_231024_357695.jpg,0.0,0.0
20260317_231024_405108,img_20260317_231024_405108.jpg,0.0,0.0
20260317_231024_461231,img_20260317_231024_461231.jpg,0.0,0.0
20260317_231024_527227,img_20260317_231024_527227.jpg,0.0,0.0
20260317_231024_576173,img_20260317_231024_576173.jpg,0.0,0.0
20260317_231024_627559,img_20260317_231024_627559.jpg,0.0,0.0
20260317_231024_677451,img_20260317_231024_677451.jpg,0.0,0.0
20260317_231024_729174,img_20260317_231024_729174.jpg,0.0,0.0
20260317_231024_771736,img_20260317_231024_771736.jpg,0.0,0.0
20260317_231024_832610,img_20260317_231024_832610.jpg,0.0,0.0
20260317_231024_883754,img_20260317_231024_883754.jpg,0.0,0.0
20260317_231024_924542,img_20260317_231024_924542.jpg,0.0,0.0
20260317_231024_971211,img_20260317_231024_971211.jpg,0.0,0.0
20260317_231025_017103,img_20260317_231025_017103.jpg,0.0,0.0
20260317_231025_071327,img_20260317_231025_071327.jpg,0.0,0.0
20260317_231025_125863,img_20260317_231025_125863.jpg,0.0,0.0
20260317_231025_181438,img_20260317_231025_181438.jpg,0.0,0.0
20260317_231025_226772,img_20260317_231025_226772.jpg,0.0,0.0
20260317_231025_272474,img_20260317_231025_272474.jpg,0.0,0.0
20260317_231025_321192,img_20260317_231025_321192.jpg,0.0,0.0
20260317_231025_390496,img_20260317_231025_390496.jpg,0.0,0.0
20260317_231025_442820,img_20260317_231025_442820.jpg,0.0,0.0
20260317_231025_478133,img_20260317_231025_478133.jpg,0.0,0.0
20260317_231025_525249,img_20260317_231025_525249.jpg,0.0,0.0
20260317_231025_578129,img_20260317_231025_578129.jpg,0.0,0.0
20260317_231025_630711,img_20260317_231025_630711.jpg,0.0,0.0
20260317_231025_683454,img_20260317_231025_683454.jpg,0.0,0.0
20260317_231025_746185,img_20260317_231025_746185.jpg,0.0,0.0
20260317_231025_787745,img_20260317_231025_787745.jpg,0.0,0.0
20260317_231025_852863,img_20260317_231025_852863.jpg,0.0,0.0
20260317_231025_889392,img_20260317_231025_889392.jpg,0.0,0.0
20260317_231025_937267,img_20260317_231025_937267.jpg,0.0,0.0
20260317_231025_998411,img_20260317_231025_998411.jpg,0.0,0.0
20260317_231026_039323,img_20260317_231026_039323.jpg,0.0,0.0
20260317_231026_089281,img_20260317_231026_089281.jpg,0.0,0.0
20260317_231026_140334,img_20260317_231026_140334.jpg,0.0,0.0
20260317_231026_190558,img_20260317_231026_190558.jpg,0.0,0.0
20260317_231026_240572,img_20260317_231026_240572.jpg,0.0,0.0
20260317_231026_288621,img_20260317_231026_288621.jpg,0.0,0.0
20260317_231026_340630,img_20260317_231026_340630.jpg,0.0,0.0
20260317_231026_390764,img_20260317_231026_390764.jpg,0.0,0.0
20260317_231026_442902,img_20260317_231026_442902.jpg,0.0,0.0
20260317_231026_494091,img_20260317_231026_494091.jpg,0.0,0.0
20260317_231026_545173,img_20260317_231026_545173.jpg,0.0,0.0
20260317_231026_596339,img_20260317_231026_596339.jpg,0.0,0.0
20260317_231026_644331,img_20260317_231026_644331.jpg,0.0,0.0
20260317_231026_694671,img_20260317_231026_694671.jpg,0.0,0.0
20260317_231026_746479,img_20260317_231026_746479.jpg,0.0,0.0
20260317_231026_807022,img_20260317_231026_807022.jpg,0.0,0.0
20260317_231026_849315,img_20260317_231026_849315.jpg,0.0,0.0
20260317_231026_908040,img_20260317_231026_908040.jpg,0.0,0.0
20260317_231026_958010,img_20260317_231026_958010.jpg,0.0,0.0
20260317_231027_008247,img_20260317_231027_008247.jpg,0.0,0.0
20260317_231027_059944,img_20260317_231027_059944.jpg,0.0,0.0
20260317_231027_109554,img_20260317_231027_109554.jpg,0.0,0.0
20260317_231027_149732,img_20260317_231027_149732.jpg,0.0,0.0
20260317_231027_211490,img_20260317_231027_211490.jpg,0.0,0.0
20260317_231027_251425,img_20260317_231027_251425.jpg,0.0,0.0
20260317_231027_312398,img_20260317_231027_312398.jpg,0.0,0.0
20260317_231027_352484,img_20260317_231027_352484.jpg,0.0,0.0
20260317_231027_404605,img_20260317_231027_404605.jpg,0.0,0.0
20260317_231027_454394,img_20260317_231027_454394.jpg,0.0,0.0
20260317_231027_505261,img_20260317_231027_505261.jpg,0.0,0.0
20260317_231027_555874,img_20260317_231027_555874.jpg,0.0,0.0
20260317_231027_615758,img_20260317_231027_615758.jpg,0.0,0.0
20260317_231027_668395,img_20260317_231027_668395.jpg,0.0,0.0
20260317_231027_718151,img_20260317_231027_718151.jpg,0.0,0.0
20260317_231027_757998,img_20260317_231027_757998.jpg,0.0,0.0
20260317_231027_809260,img_20260317_231027_809260.jpg,0.0,0.0
20260317_231027_859546,img_20260317_231027_859546.jpg,0.0,0.0
20260317_231027_911630,img_20260317_231027_911630.jpg,0.0,0.0
20260317_231027_971195,img_20260317_231027_971195.jpg,0.0,0.0
20260317_231028_010776,img_20260317_231028_010776.jpg,0.0,0.0
20260317_231028_062779,img_20260317_231028_062779.jpg,0.0,0.0
20260317_231028_124768,img_20260317_231028_124768.jpg,0.0,0.0
20260317_231028_161628,img_20260317_231028_161628.jpg,0.0,0.0
20260317_231028_224371,img_20260317_231028_224371.jpg,0.0,0.0
20260317_231028_264539,img_20260317_231028_264539.jpg,0.0,0.0
20260317_231028_315176,img_20260317_231028_315176.jpg,0.0,0.0
20260317_231028_376012,img_20260317_231028_376012.jpg,0.0,0.0
20260317_231028_430374,img_20260317_231028_430374.jpg,0.0,0.0
20260317_231028_468514,img_20260317_231028_468514.jpg,0.0,0.0
20260317_231028_516918,img_20260317_231028_516918.jpg,0.0,0.0
20260317_231028_568808,img_20260317_231028_568808.jpg,0.0,0.0
20260317_231028_630954,img_20260317_231028_630954.jpg,0.0,0.0
20260317_231028_681045,img_20260317_231028_681045.jpg,0.0,0.0
20260317_231028_729938,img_20260317_231028_729938.jpg,0.0,0.0
20260317_231028_771872,img_20260317_231028_771872.jpg,0.0,0.0
20260317_231028_833269,img_20260317_231028_833269.jpg,0.0,0.0
20260317_231028_884396,img_20260317_231028_884396.jpg,0.0,0.0
20260317_231028_921814,img_20260317_231028_921814.jpg,0.0,0.0
20260317_231028_983299,img_20260317_231028_983299.jpg,0.0,0.0
20260317_231029_022059,img_20260317_231029_022059.jpg,0.0,0.0
20260317_231029_075642,img_20260317_231029_075642.jpg,0.0,0.0
20260317_231029_123888,img_20260317_231029_123888.jpg,0.0,0.0
20260317_231029_174436,img_20260317_231029_174436.jpg,0.0,0.0
20260317_231029_237233,img_20260317_231029_237233.jpg,0.0,0.0
20260317_231029_276292,img_20260317_231029_276292.jpg,0.0,0.0
20260317_231029_327227,img_20260317_231029_327227.jpg,0.0,0.0
20260317_231029_388425,img_20260317_231029_388425.jpg,0.0,0.0
20260317_231029_445704,img_20260317_231029_445704.jpg,0.0,0.0
20260317_231029_494289,img_20260317_231029_494289.jpg,0.0,0.0
20260317_231029_532723,img_20260317_231029_532723.jpg,0.0,0.0
20260317_231029_582510,img_20260317_231029_582510.jpg,0.0,0.0
20260317_231029_634444,img_20260317_231029_634444.jpg,0.0,0.0
20260317_231029_684114,img_20260317_231029_684114.jpg,0.0,0.0
20260317_231029_748938,img_20260317_231029_748938.jpg,0.0,0.0
20260317_231029_785696,img_20260317_231029_785696.jpg,0.0,0.0
20260317_231029_838174,img_20260317_231029_838174.jpg,0.0,0.0
20260317_231029_886228,img_20260317_231029_886228.jpg,0.2,0.0
20260317_231029_948074,img_20260317_231029_948074.jpg,0.2,0.0
20260317_231030_001714,img_20260317_231030_001714.jpg,0.2,0.0
20260317_231030_038436,img_20260317_231030_038436.jpg,0.2,0.0
20260317_231030_088139,img_20260317_231030_088139.jpg,0.2,0.0
20260317_231030_141076,img_20260317_231030_141076.jpg,0.2,0.0
20260317_231030_190625,img_20260317_231030_190625.jpg,0.2,0.0
20260317_231030_240246,img_20260317_231030_240246.jpg,0.2,0.0
20260317_231030_301291,img_20260317_231030_301291.jpg,0.2,0.0
20260317_231030_343185,img_20260317_231030_343185.jpg,0.2,0.0
20260317_231030_395422,img_20260317_231030_395422.jpg,0.2,0.0
20260317_231030_446438,img_20260317_231030_446438.jpg,0.2,0.0
20260317_231030_497285,img_20260317_231030_497285.jpg,0.2,0.0
20260317_231030_558317,img_20260317_231030_558317.jpg,0.2,0.0
20260317_231030_598352,img_20260317_231030_598352.jpg,0.2,0.0
20260317_231030_659655,img_20260317_231030_659655.jpg,0.2,0.0
20260317_231030_699144,img_20260317_231030_699144.jpg,0.2,0.0
20260317_231030_764935,img_20260317_231030_764935.jpg,0.2,0.0
20260317_231030_811168,img_20260317_231030_811168.jpg,0.2,0.0
20260317_231030_862346,img_20260317_231030_862346.jpg,0.2,0.0
20260317_231030_901138,img_20260317_231030_901138.jpg,0.2,0.0
20260317_231030_963172,img_20260317_231030_963172.jpg,0.2,0.0
20260317_231031_004872,img_20260317_231031_004872.jpg,0.2,0.0
20260317_231031_067566,img_20260317_231031_067566.jpg,0.2,0.0
20260317_231031_106804,img_20260317_231031_106804.jpg,0.2,0.0
20260317_231031_156589,img_20260317_231031_156589.jpg,0.2,0.0
20260317_231031_218380,img_20260317_231031_218380.jpg,0.2,0.0
20260317_231031_268351,img_20260317_231031_268351.jpg,0.2,0.0
20260317_231031_309631,img_20260317_231031_309631.jpg,0.2,0.0
20260317_231031_358775,img_20260317_231031_358775.jpg,0.2,0.0
20260317_231031_410938,img_20260317_231031_410938.jpg,0.2,0.0
20260317_231031_462309,img_20260317_231031_462309.jpg,0.2,0.0
20260317_231031_514534,img_20260317_231031_514534.jpg,0.2,0.0
20260317_231031_560559,img_20260317_231031_560559.jpg,0.2,0.0
20260317_231031_613632,img_20260317_231031_613632.jpg,0.2,0.0
20260317_231031_665644,img_20260317_231031_665644.jpg,0.2,0.0
20260317_231031_716956,img_20260317_231031_716956.jpg,0.2,0.0
20260317_231031_777806,img_20260317_231031_777806.jpg,0.2,0.0
20260317_231031_819635,img_20260317_231031_819635.jpg,0.2,0.0
20260317_231031_869307,img_20260317_231031_869307.jpg,0.2,0.0
20260317_231031_918072,img_20260317_231031_918072.jpg,0.2,0.0
20260317_231031_968706,img_20260317_231031_968706.jpg,0.2,0.0
20260317_231032_021792,img_20260317_231032_021792.jpg,0.2,0.0
20260317_231032_072815,img_20260317_231032_072815.jpg,0.2,0.0
20260317_231032_122524,img_20260317_231032_122524.jpg,0.2,0.0
20260317_231032_185370,img_20260317_231032_185370.jpg,0.2,0.0
20260317_231032_223569,img_20260317_231032_223569.jpg,0.2,0.0
20260317_231032_283773,img_20260317_231032_283773.jpg,0.2,0.0
20260317_231032_324792,img_20260317_231032_324792.jpg,0.2,0.0
20260317_231032_376211,img_20260317_231032_376211.jpg,0.2,0.0
20260317_231032_437660,img_20260317_231032_437660.jpg,0.2,0.0
20260317_231032_478216,img_20260317_231032_478216.jpg,0.2,0.0
20260317_231032_538089,img_20260317_231032_538089.jpg,0.2,0.0
20260317_231032_589422,img_20260317_231032_589422.jpg,0.2,0.0
20260317_231032_630870,img_20260317_231032_630870.jpg,0.2,0.0
20260317_231032_693666,img_20260317_231032_693666.jpg,0.2,0.0
20260317_231032_734651,img_20260317_231032_734651.jpg,0.2,0.0
20260317_231032_786745,img_20260317_231032_786745.jpg,0.2,0.0
20260317_231032_837304,img_20260317_231032_837304.jpg,0.2,0.0
20260317_231032_898049,img_20260317_231032_898049.jpg,0.2,0.0
20260317_231032_938540,img_20260317_231032_938540.jpg,0.2,0.0
20260317_231032_989249,img_20260317_231032_989249.jpg,0.2,0.0
20260317_231033_041229,img_20260317_231033_041229.jpg,0.2,0.0
20260317_231033_101943,img_20260317_231033_101943.jpg,0.2,0.0
20260317_231033_153224,img_20260317_231033_153224.jpg,0.2,0.0
20260317_231033_193388,img_20260317_231033_193388.jpg,0.2,0.0
20260317_231033_255724,img_20260317_231033_255724.jpg,0.2,0.0
20260317_231033_304698,img_20260317_231033_304698.jpg,0.2,0.0
20260317_231033_357766,img_20260317_231033_357766.jpg,0.2,0.0
20260317_231033_397054,img_20260317_231033_397054.jpg,0.2,0.0
20260317_231033_459849,img_20260317_231033_459849.jpg,0.2,0.0
20260317_231033_498760,img_20260317_231033_498760.jpg,0.2,0.0
20260317_231033_548692,img_20260317_231033_548692.jpg,0.2,0.0
20260317_231033_601166,img_20260317_231033_601166.jpg,0.2,0.0
20260317_231033_662111,img_20260317_231033_662111.jpg,0.2,0.0
20260317_231033_704440,img_20260317_231033_704440.jpg,0.2,0.0
20260317_231033_752119,img_20260317_231033_752119.jpg,0.2,0.0
20260317_231033_803364,img_20260317_231033_803364.jpg,0.2,0.0
20260317_231033_859131,img_20260317_231033_859131.jpg,0.2,0.0
20260317_231033_915019,img_20260317_231033_915019.jpg,0.2,0.0
20260317_231033_967933,img_20260317_231033_967933.jpg,0.2,0.0
20260317_231034_010380,img_20260317_231034_010380.jpg,0.2,0.0
20260317_231034_056588,img_20260317_231034_056588.jpg,0.2,0.0
20260317_231034_109403,img_20260317_231034_109403.jpg,0.2,0.0
20260317_231034_161591,img_20260317_231034_161591.jpg,0.2,0.0
20260317_231034_219747,img_20260317_231034_219747.jpg,0.2,0.0
20260317_231034_262662,img_20260317_231034_262662.jpg,0.2,0.0
20260317_231034_311029,img_20260317_231034_311029.jpg,0.2,0.0
20260317_231034_361679,img_20260317_231034_361679.jpg,0.2,0.0
20260317_231034_424466,img_20260317_231034_424466.jpg,0.2,0.0
20260317_231034_463983,img_20260317_231034_463983.jpg,0.2,0.0
20260317_231034_528028,img_20260317_231034_528028.jpg,0.2,0.0
20260317_231034_575201,img_20260317_231034_575201.jpg,0.2,0.0
20260317_231034_628525,img_20260317_231034_628525.jpg,0.2,0.0
20260317_231034_668744,img_20260317_231034_668744.jpg,0.2,0.0
20260317_231034_720520,img_20260317_231034_720520.jpg,0.2,0.0
20260317_231034_772495,img_20260317_231034_772495.jpg,0.2,0.0
20260317_231034_824995,img_20260317_231034_824995.jpg,0.2,0.0
20260317_231034_875881,img_20260317_231034_875881.jpg,0.2,0.0
20260317_231034_927176,img_20260317_231034_927176.jpg,0.2,0.0
20260317_231034_976582,img_20260317_231034_976582.jpg,0.2,0.0
20260317_231035_039590,img_20260317_231035_039590.jpg,0.2,0.0
20260317_231035_077367,img_20260317_231035_077367.jpg,0.2,0.0
20260317_231035_128026,img_20260317_231035_128026.jpg,0.2,0.0
20260317_231035_191858,img_20260317_231035_191858.jpg,0.2,0.0
20260317_231035_234489,img_20260317_231035_234489.jpg,0.2,0.0
20260317_231035_285462,img_20260317_231035_285462.jpg,0.2,0.0
20260317_231035_337242,img_20260317_231035_337242.jpg,0.2,0.0
20260317_231035_384528,img_20260317_231035_384528.jpg,0.2,0.0
20260317_231035_434065,img_20260317_231035_434065.jpg,0.2,0.0
20260317_231035_496086,img_20260317_231035_496086.jpg,0.2,0.0
20260317_231035_537417,img_20260317_231035_537417.jpg,0.2,0.0
20260317_231035_590003,img_20260317_231035_590003.jpg,0.2,0.0
20260317_231035_639144,img_20260317_231035_639144.jpg,0.2,0.0
20260317_231035_692014,img_20260317_231035_692014.jpg,0.2,0.0
20260317_231035_753224,img_20260317_231035_753224.jpg,0.2,0.0
20260317_231035_793895,img_20260317_231035_793895.jpg,0.2,0.0
20260317_231035_844084,img_20260317_231035_844084.jpg,0.2,0.0
20260317_231035_895340,img_20260317_231035_895340.jpg,0.2,0.0
20260317_231035_943728,img_20260317_231035_943728.jpg,0.2,0.0
20260317_231035_994697,img_20260317_231035_994697.jpg,0.2,0.0
20260317_231036_045346,img_20260317_231036_045346.jpg,0.2,0.0
20260317_231036_106800,img_20260317_231036_106800.jpg,0.2,0.0
20260317_231036_146604,img_20260317_231036_146604.jpg,0.2,0.0
20260317_231036_200392,img_20260317_231036_200392.jpg,0.2,0.0
20260317_231036_246714,img_20260317_231036_246714.jpg,0.2,0.0
20260317_231036_300521,img_20260317_231036_300521.jpg,0.2,0.0
20260317_231036_357711,img_20260317_231036_357711.jpg,0.2,0.0
20260317_231036_400242,img_20260317_231036_400242.jpg,0.2,0.0
20260317_231036_462142,img_20260317_231036_462142.jpg,0.2,0.0
20260317_231036_514433,img_20260317_231036_514433.jpg,0.2,0.0
20260317_231036_554087,img_20260317_231036_554087.jpg,0.2,0.0
20260317_231036_602871,img_20260317_231036_602871.jpg,0.2,0.0
20260317_231036_654169,img_20260317_231036_654169.jpg,0.2,0.0
20260317_231036_704211,img_20260317_231036_704211.jpg,0.2,0.0
20260317_231036_756914,img_20260317_231036_756914.jpg,0.2,0.0
20260317_231036_807155,img_20260317_231036_807155.jpg,0.2,0.0
20260317_231036_857807,img_20260317_231036_857807.jpg,0.2,0.0
20260317_231036_909484,img_20260317_231036_909484.jpg,0.2,0.0
20260317_231036_961585,img_20260317_231036_961585.jpg,0.2,0.0
20260317_231037_021531,img_20260317_231037_021531.jpg,0.2,0.0
20260317_231037_063056,img_20260317_231037_063056.jpg,0.2,0.0
20260317_231037_126396,img_20260317_231037_126396.jpg,0.2,0.0
20260317_231037_166614,img_20260317_231037_166614.jpg,0.2,0.0
20260317_231037_229821,img_20260317_231037_229821.jpg,0.2,0.0
20260317_231037_271490,img_20260317_231037_271490.jpg,0.2,0.0
20260317_231037_317776,img_20260317_231037_317776.jpg,0.2,0.0
20260317_231037_379348,img_20260317_231037_379348.jpg,0.2,0.0
20260317_231037_419589,img_20260317_231037_419589.jpg,0.2,0.0
20260317_231037_471124,img_20260317_231037_471124.jpg,0.2,0.0
20260317_231037_521781,img_20260317_231037_521781.jpg,0.2,0.0
20260317_231037_573417,img_20260317_231037_573417.jpg,0.2,0.0
20260317_231037_633501,img_20260317_231037_633501.jpg,0.2,0.0
20260317_231037_674570,img_20260317_231037_674570.jpg,0.2,0.0
20260317_231037_724223,img_20260317_231037_724223.jpg,0.2,0.0
20260317_231037_775656,img_20260317_231037_775656.jpg,0.2,0.0
20260317_231037_825122,img_20260317_231037_825122.jpg,0.2,0.0
20260317_231037_880052,img_20260317_231037_880052.jpg,0.2,0.0
20260317_231037_941653,img_20260317_231037_941653.jpg,0.2,0.0
20260317_231037_979460,img_20260317_231037_979460.jpg,0.2,0.0
20260317_231038_040151,img_20260317_231038_040151.jpg,0.2,0.0
20260317_231038_091624,img_20260317_231038_091624.jpg,0.2,0.0
20260317_231038_132142,img_20260317_231038_132142.jpg,0.2,0.0
20260317_231038_179469,img_20260317_231038_179469.jpg,0.2,0.0
20260317_231038_232524,img_20260317_231038_232524.jpg,0.2,0.0
20260317_231038_292522,img_20260317_231038_292522.jpg,0.2,0.0
20260317_231038_344558,img_20260317_231038_344558.jpg,0.2,0.0
20260317_231038_392512,img_20260317_231038_392512.jpg,0.2,0.0
20260317_231038_436199,img_20260317_231038_436199.jpg,0.2,0.0
20260317_231038_487935,img_20260317_231038_487935.jpg,0.2,0.0
20260317_231038_535693,img_20260317_231038_535693.jpg,0.2,0.0
20260317_231038_588863,img_20260317_231038_588863.jpg,0.2,0.0
20260317_231038_648933,img_20260317_231038_648933.jpg,0.2,0.0
20260317_231038_700829,img_20260317_231038_700829.jpg,0.2,0.0
20260317_231038_751664,img_20260317_231038_751664.jpg,0.2,0.0
20260317_231038_792506,img_20260317_231038_792506.jpg,0.2,0.0
20260317_231038_852006,img_20260317_231038_852006.jpg,0.2,0.0
20260317_231038_903792,img_20260317_231038_903792.jpg,0.2,0.0
20260317_231038_943106,img_20260317_231038_943106.jpg,0.2,0.0
20260317_231039_006278,img_20260317_231039_006278.jpg,0.2,0.0
20260317_231039_048726,img_20260317_231039_048726.jpg,0.2,0.0
20260317_231039_098157,img_20260317_231039_098157.jpg,0.2,0.0
20260317_231039_149048,img_20260317_231039_149048.jpg,0.2,0.0
20260317_231039_198233,img_20260317_231039_198233.jpg,0.2,0.0
20260317_231039_262147,img_20260317_231039_262147.jpg,0.2,0.0
20260317_231039_303190,img_20260317_231039_303190.jpg,0.2,0.0
20260317_231039_354134,img_20260317_231039_354134.jpg,0.2,0.0
20260317_231039_403529,img_20260317_231039_403529.jpg,0.2,0.0
20260317_231039_467166,img_20260317_231039_467166.jpg,0.2,0.0
20260317_231039_508213,img_20260317_231039_508213.jpg,0.2,0.0
20260317_231039_560378,img_20260317_231039_560378.jpg,0.2,0.0
20260317_231039_607715,img_20260317_231039_607715.jpg,0.2,0.0
20260317_231039_658411,img_20260317_231039_658411.jpg,0.2,0.0
20260317_231039_720841,img_20260317_231039_720841.jpg,0.2,0.0
20260317_231039_761841,img_20260317_231039_761841.jpg,0.2,0.0
20260317_231039_811151,img_20260317_231039_811151.jpg,0.2,0.0
20260317_231039_863226,img_20260317_231039_863226.jpg,0.2,0.0
20260317_231039_923703,img_20260317_231039_923703.jpg,0.2,0.0
20260317_231039_977147,img_20260317_231039_977147.jpg,0.2,0.0
20260317_231040_016860,img_20260317_231040_016860.jpg,0.2,0.0
20260317_231040_065593,img_20260317_231040_065593.jpg,0.2,0.0
20260317_231040_115198,img_20260317_231040_115198.jpg,0.2,0.0
20260317_231040_167647,img_20260317_231040_167647.jpg,0.2,0.0
20260317_231040_226062,img_20260317_231040_226062.jpg,0.2,0.0
20260317_231040_279168,img_20260317_231040_279168.jpg,0.2,0.0
20260317_231040_318440,img_20260317_231040_318440.jpg,0.2,0.0
20260317_231040_381976,img_20260317_231040_381976.jpg,0.2,0.0
20260317_231040_429393,img_20260317_231040_429393.jpg,0.2,0.0
20260317_231040_470197,img_20260317_231040_470197.jpg,0.2,0.0
20260317_231040_523582,img_20260317_231040_523582.jpg,0.2,0.0
20260317_231040_574322,img_20260317_231040_574322.jpg,0.2,0.0
20260317_231040_625412,img_20260317_231040_625412.jpg,0.2,0.0
20260317_231040_675014,img_20260317_231040_675014.jpg,0.2,0.0
20260317_231040_725852,img_20260317_231040_725852.jpg,0.2,0.0
20260317_231040_776133,img_20260317_231040_776133.jpg,0.2,0.0
20260317_231040_828928,img_20260317_231040_828928.jpg,0.2,0.0
20260317_231040_878790,img_20260317_231040_878790.jpg,0.2,0.0
20260317_231040_926227,img_20260317_231040_926227.jpg,0.2,0.0
20260317_231040_977021,img_20260317_231040_977021.jpg,0.2,0.0
20260317_231041_028857,img_20260317_231041_028857.jpg,0.2,0.0
20260317_231041_091331,img_20260317_231041_091331.jpg,0.2,0.0
20260317_231041_141080,img_20260317_231041_141080.jpg,0.2,0.0
20260317_231041_189980,img_20260317_231041_189980.jpg,0.2,0.0
20260317_231041_228770,img_20260317_231041_228770.jpg,0.2,0.0
20260317_231041_280560,img_20260317_231041_280560.jpg,0.2,0.0
20260317_231041_334105,img_20260317_231041_334105.jpg,0.2,0.0
20260317_231041_382539,img_20260317_231041_382539.jpg,0.2,0.0
20260317_231041_435419,img_20260317_231041_435419.jpg,0.2,0.0
20260317_231041_483292,img_20260317_231041_483292.jpg,0.2,0.0
20260317_231041_535828,img_20260317_231041_535828.jpg,0.2,0.0
20260317_231041_587708,img_20260317_231041_587708.jpg,0.2,0.0
20260317_231041_639352,img_20260317_231041_639352.jpg,0.2,0.0
20260317_231041_688726,img_20260317_231041_688726.jpg,0.2,0.0
20260317_231041_741401,img_20260317_231041_741401.jpg,0.2,0.0
20260317_231041_802719,img_20260317_231041_802719.jpg,0.2,0.0
20260317_231041_852759,img_20260317_231041_852759.jpg,0.2,0.0
20260317_231041_893412,img_20260317_231041_893412.jpg,0.2,0.0
20260317_231041_955527,img_20260317_231041_955527.jpg,0.2,0.0
20260317_231041_995469,img_20260317_231041_995469.jpg,0.2,0.0
20260317_231042_048615,img_20260317_231042_048615.jpg,0.2,0.0
20260317_231042_098139,img_20260317_231042_098139.jpg,0.2,0.0
20260317_231042_149411,img_20260317_231042_149411.jpg,0.2,0.0
20260317_231042_199709,img_20260317_231042_199709.jpg,0.2,0.0
20260317_231042_250737,img_20260317_231042_250737.jpg,0.2,0.0
20260317_231042_311596,img_20260317_231042_311596.jpg,0.2,0.0
20260317_231042_352739,img_20260317_231042_352739.jpg,0.2,0.0
20260317_231042_402793,img_20260317_231042_402793.jpg,0.2,0.0
20260317_231042_468461,img_20260317_231042_468461.jpg,0.2,0.0
20260317_231042_517756,img_20260317_231042_517756.jpg,0.2,0.0
20260317_231042_568900,img_20260317_231042_568900.jpg,0.2,0.0
20260317_231042_608252,img_20260317_231042_608252.jpg,0.2,0.0
20260317_231042_660512,img_20260317_231042_660512.jpg,0.2,0.0
20260317_231042_720294,img_20260317_231042_720294.jpg,0.2,0.0
20260317_231042_760172,img_20260317_231042_760172.jpg,0.2,0.0
20260317_231042_810191,img_20260317_231042_810191.jpg,0.2,0.0
20260317_231042_860838,img_20260317_231042_860838.jpg,0.2,0.0
20260317_231042_911725,img_20260317_231042_911725.jpg,0.2,0.0
20260317_231042_961364,img_20260317_231042_961364.jpg,0.2,0.0
20260317_231043_012921,img_20260317_231043_012921.jpg,0.2,0.0
20260317_231043_062453,img_20260317_231043_062453.jpg,0.2,0.0
20260317_231043_113648,img_20260317_231043_113648.jpg,0.2,0.0
20260317_231043_173379,img_20260317_231043_173379.jpg,0.2,0.0
20260317_231043_215749,img_20260317_231043_215749.jpg,0.2,0.0
20260317_231043_275239,img_20260317_231043_275239.jpg,0.2,0.0
20260317_231043_317317,img_20260317_231043_317317.jpg,0.2,0.0
20260317_231043_380043,img_20260317_231043_380043.jpg,0.2,0.0
20260317_231043_420862,img_20260317_231043_420862.jpg,0.2,0.0
20260317_231043_470955,img_20260317_231043_470955.jpg,0.2,0.0
20260317_231043_529978,img_20260317_231043_529978.jpg,0.2,0.0
20260317_231043_582463,img_20260317_231043_582463.jpg,0.2,0.0
20260317_231043_622542,img_20260317_231043_622542.jpg,0.2,0.0
20260317_231043_682572,img_20260317_231043_682572.jpg,0.2,0.0
20260317_231043_733726,img_20260317_231043_733726.jpg,0.2,0.0
20260317_231043_786317,img_20260317_231043_786317.jpg,0.2,0.0
20260317_231043_825922,img_20260317_231043_825922.jpg,0.2,0.0
20260317_231043_876415,img_20260317_231043_876415.jpg,0.2,0.0
20260317_231043_936625,img_20260317_231043_936625.jpg,0.2,0.0
20260317_231043_980058,img_20260317_231043_980058.jpg,0.2,0.0
20260317_231044_031197,img_20260317_231044_031197.jpg,0.2,0.0
20260317_231044_089903,img_20260317_231044_089903.jpg,0.2,0.0
20260317_231044_142926,img_20260317_231044_142926.jpg,0.2,0.0
20260317_231044_183386,img_20260317_231044_183386.jpg,0.2,0.0
20260317_231044_233960,img_20260317_231044_233960.jpg,0.2,0.0
20260317_231044_282563,img_20260317_231044_282563.jpg,0.2,0.0
20260317_231044_335992,img_20260317_231044_335992.jpg,0.2,0.0
20260317_231044_387898,img_20260317_231044_387898.jpg,0.2,0.0
20260317_231044_435198,img_20260317_231044_435198.jpg,0.2,0.0
20260317_231044_498652,img_20260317_231044_498652.jpg,0.2,0.0
20260317_231044_547759,img_20260317_231044_547759.jpg,0.2,0.0
20260317_231044_589134,img_20260317_231044_589134.jpg,0.2,0.0
20260317_231044_651542,img_20260317_231044_651542.jpg,0.2,0.0
20260317_231044_691888,img_20260317_231044_691888.jpg,0.2,0.0
20260317_231044_742045,img_20260317_231044_742045.jpg,0.2,0.0
20260317_231044_792659,img_20260317_231044_792659.jpg,0.2,0.0
20260317_231044_844634,img_20260317_231044_844634.jpg,0.2,0.0
20260317_231044_894401,img_20260317_231044_894401.jpg,0.2,0.0
20260317_231044_944423,img_20260317_231044_944423.jpg,0.2,0.0
20260317_231045_006816,img_20260317_231045_006816.jpg,0.2,0.0
20260317_231045_056579,img_20260317_231045_056579.jpg,0.2,0.0
20260317_231045_107835,img_20260317_231045_107835.jpg,0.2,0.0
20260317_231045_159472,img_20260317_231045_159472.jpg,0.2,0.0
20260317_231045_199119,img_20260317_231045_199119.jpg,0.2,0.0
20260317_231045_251230,img_20260317_231045_251230.jpg,0.2,0.0
20260317_231045_299078,img_20260317_231045_299078.jpg,0.2,0.0
20260317_231045_351851,img_20260317_231045_351851.jpg,0.2,0.0
20260317_231045_403108,img_20260317_231045_403108.jpg,0.2,0.0
20260317_231045_453903,img_20260317_231045_453903.jpg,0.2,0.0
20260317_231045_502496,img_20260317_231045_502496.jpg,0.2,0.0
20260317_231045_565849,img_20260317_231045_565849.jpg,0.2,0.0
20260317_231045_618561,img_20260317_231045_618561.jpg,0.2,0.0
20260317_231045_658164,img_20260317_231045_658164.jpg,0.2,0.0
20260317_231045_717659,img_20260317_231045_717659.jpg,0.2,0.0
20260317_231045_757376,img_20260317_231045_757376.jpg,0.2,0.0
20260317_231045_818265,img_20260317_231045_818265.jpg,0.2,0.0
20260317_231045_860449,img_20260317_231045_860449.jpg,0.2,0.0
20260317_231045_924483,img_20260317_231045_924483.jpg,0.2,0.0
20260317_231045_971713,img_20260317_231045_971713.jpg,0.2,0.0
20260317_231046_013406,img_20260317_231046_013406.jpg,0.2,0.0
20260317_231046_063865,img_20260317_231046_063865.jpg,0.2,0.0
20260317_231046_124485,img_20260317_231046_124485.jpg,0.2,0.0
20260317_231046_175505,img_20260317_231046_175505.jpg,0.2,0.0
20260317_231046_216513,img_20260317_231046_216513.jpg,0.2,0.0
20260317_231046_265692,img_20260317_231046_265692.jpg,0.2,0.0
20260317_231046_319110,img_20260317_231046_319110.jpg,0.2,0.0
20260317_231046_379782,img_20260317_231046_379782.jpg,0.2,0.0
20260317_231046_432346,img_20260317_231046_432346.jpg,0.2,0.0
20260317_231046_471810,img_20260317_231046_471810.jpg,0.2,0.0
20260317_231046_523346,img_20260317_231046_523346.jpg,0.2,0.0
20260317_231046_570240,img_20260317_231046_570240.jpg,0.2,0.0
20260317_231046_632829,img_20260317_231046_632829.jpg,0.2,0.0
20260317_231046_677048,img_20260317_231046_677048.jpg,0.2,0.0
20260317_231046_725886,img_20260317_231046_725886.jpg,0.2,0.0
20260317_231046_784897,img_20260317_231046_784897.jpg,0.2,0.0
20260317_231046_826245,img_20260317_231046_826245.jpg,0.2,0.0
20260317_231046_877415,img_20260317_231046_877415.jpg,0.2,0.0
20260317_231046_928113,img_20260317_231046_928113.jpg,0.2,0.0
20260317_231046_991049,img_20260317_231046_991049.jpg,0.2,0.0
20260317_231047_029109,img_20260317_231047_029109.jpg,0.2,0.0
20260317_231047_092330,img_20260317_231047_092330.jpg,0.2,0.0
20260317_231047_142326,img_20260317_231047_142326.jpg,0.2,0.0
20260317_231047_184918,img_20260317_231047_184918.jpg,0.2,0.0
20260317_231047_242898,img_20260317_231047_242898.jpg,0.2,0.0
20260317_231047_294707,img_20260317_231047_294707.jpg,0.2,0.0
20260317_231047_335977,img_20260317_231047_335977.jpg,0.2,0.0
20260317_231047_398265,img_20260317_231047_398265.jpg,0.2,0.0
20260317_231047_436158,img_20260317_231047_436158.jpg,0.2,0.0
20260317_231047_488308,img_20260317_231047_488308.jpg,0.2,0.0
20260317_231047_539053,img_20260317_231047_539053.jpg,0.2,0.0
20260317_231047_589969,img_20260317_231047_589969.jpg,0.2,0.0
20260317_231047_642887,img_20260317_231047_642887.jpg,0.2,0.0
20260317_231047_694077,img_20260317_231047_694077.jpg,0.2,0.0
20260317_231047_749080,img_20260317_231047_749080.jpg,0.2,0.0
20260317_231047_792785,img_20260317_231047_792785.jpg,0.2,0.0
20260317_231047_843726,img_20260317_231047_843726.jpg,0.2,0.0
20260317_231047_895114,img_20260317_231047_895114.jpg,0.2,0.0
20260317_231047_957167,img_20260317_231047_957167.jpg,0.2,0.0
20260317_231047_996142,img_20260317_231047_996142.jpg,0.2,0.0
20260317_231048_047158,img_20260317_231048_047158.jpg,0.2,0.0
20260317_231048_097606,img_20260317_231048_097606.jpg,0.2,0.0
20260317_231048_149843,img_20260317_231048_149843.jpg,0.2,0.0
20260317_231048_208437,img_20260317_231048_208437.jpg,0.2,0.0
20260317_231048_261080,img_20260317_231048_261080.jpg,0.2,0.0
20260317_231048_300499,img_20260317_231048_300499.jpg,0.2,0.0
20260317_231048_361298,img_20260317_231048_361298.jpg,0.2,0.0
20260317_231048_402183,img_20260317_231048_402183.jpg,0.2,0.0
20260317_231048_454783,img_20260317_231048_454783.jpg,0.2,0.0
20260317_231048_503984,img_20260317_231048_503984.jpg,0.2,0.0
20260317_231048_567583,img_20260317_231048_567583.jpg,0.2,0.0
20260317_231048_617508,img_20260317_231048_617508.jpg,0.2,0.0
20260317_231048_656855,img_20260317_231048_656855.jpg,0.2,0.0
20260317_231048_721086,img_20260317_231048_721086.jpg,0.2,0.0
20260317_231048_757740,img_20260317_231048_757740.jpg,0.2,0.0
20260317_231048_822031,img_20260317_231048_822031.jpg,0.2,0.0
20260317_231048_874314,img_20260317_231048_874314.jpg,0.2,0.0
20260317_231048_921408,img_20260317_231048_921408.jpg,0.2,0.0
20260317_231048_974814,img_20260317_231048_974814.jpg,0.2,0.0
20260317_231049_013953,img_20260317_231049_013953.jpg,0.2,0.0
20260317_231049_065701,img_20260317_231049_065701.jpg,0.2,0.0
20260317_231049_126077,img_20260317_231049_126077.jpg,0.2,0.0
20260317_231049_176706,img_20260317_231049_176706.jpg,0.2,0.0
20260317_231049_228426,img_20260317_231049_228426.jpg,0.2,0.0
20260317_231049_268763,img_20260317_231049_268763.jpg,0.2,0.0
20260317_231049_317106,img_20260317_231049_317106.jpg,0.2,0.0
20260317_231049_379008,img_20260317_231049_379008.jpg,0.2,0.0
20260317_231049_419217,img_20260317_231049_419217.jpg,0.2,0.0
20260317_231049_471912,img_20260317_231049_471912.jpg,0.2,0.0
20260317_231049_532310,img_20260317_231049_532310.jpg,0.2,0.0
20260317_231049_572869,img_20260317_231049_572869.jpg,0.2,0.0
20260317_231049_634067,img_20260317_231049_634067.jpg,0.2,0.0
20260317_231049_676462,img_20260317_231049_676462.jpg,0.2,0.0
20260317_231049_740467,img_20260317_231049_740467.jpg,0.2,0.0
20260317_231049_788536,img_20260317_231049_788536.jpg,0.2,0.0
20260317_231049_828576,img_20260317_231049_828576.jpg,0.2,0.0
20260317_231049_880130,img_20260317_231049_880130.jpg,0.2,0.0
20260317_231049_940439,img_20260317_231049_940439.jpg,0.2,0.0
20260317_231049_982617,img_20260317_231049_982617.jpg,0.2,0.0
20260317_231050_045376,img_20260317_231050_045376.jpg,0.2,0.0
20260317_231050_084188,img_20260317_231050_084188.jpg,0.2,0.0
20260317_231050_136785,img_20260317_231050_136785.jpg,0.2,0.0
20260317_231050_185792,img_20260317_231050_185792.jpg,0.2,0.0
20260317_231050_239335,img_20260317_231050_239335.jpg,0.2,0.0
20260317_231050_288514,img_20260317_231050_288514.jpg,0.2,0.0
20260317_231050_340693,img_20260317_231050_340693.jpg,0.2,0.0
20260317_231050_390575,img_20260317_231050_390575.jpg,0.2,0.0
20260317_231050_444493,img_20260317_231050_444493.jpg,0.2,0.0
20260317_231050_504036,img_20260317_231050_504036.jpg,0.2,0.0
20260317_231050_553283,img_20260317_231050_553283.jpg,0.2,0.0
20260317_231050_593023,img_20260317_231050_593023.jpg,0.2,0.0
20260317_231050_643443,img_20260317_231050_643443.jpg,0.2,0.0
20260317_231050_704523,img_20260317_231050_704523.jpg,0.2,0.0
20260317_231050_747863,img_20260317_231050_747863.jpg,0.2,0.0
20260317_231050_809832,img_20260317_231050_809832.jpg,0.2,0.0
20260317_231050_850631,img_20260317_231050_850631.jpg,0.2,0.0
20260317_231050_911063,img_20260317_231050_911063.jpg,0.2,0.0
20260317_231050_951491,img_20260317_231050_951491.jpg,0.2,0.0
20260317_231051_003373,img_20260317_231051_003373.jpg,0.2,0.0
20260317_231051_053177,img_20260317_231051_053177.jpg,0.2,0.0
20260317_231051_102873,img_20260317_231051_102873.jpg,0.2,0.0
20260317_231051_163237,img_20260317_231051_163237.jpg,0.2,0.0
20260317_231051_206113,img_20260317_231051_206113.jpg,0.2,0.0
20260317_231051_255315,img_20260317_231051_255315.jpg,0.2,0.0
20260317_231051_316781,img_20260317_231051_316781.jpg,0.2,0.0
20260317_231051_355927,img_20260317_231051_355927.jpg,0.2,0.0
20260317_231051_419061,img_20260317_231051_419061.jpg,0.2,0.0
20260317_231051_459481,img_20260317_231051_459481.jpg,0.2,0.0
20260317_231051_508757,img_20260317_231051_508757.jpg,0.2,0.0
20260317_231051_560641,img_20260317_231051_560641.jpg,0.2,0.0
20260317_231051_621323,img_20260317_231051_621323.jpg,0.2,0.0
20260317_231051_662006,img_20260317_231051_662006.jpg,0.2,0.0
20260317_231051_714030,img_20260317_231051_714030.jpg,0.2,0.0
20260317_231051_776663,img_20260317_231051_776663.jpg,0.2,0.0
20260317_231051_816355,img_20260317_231051_816355.jpg,0.2,0.0
20260317_231051_865533,img_20260317_231051_865533.jpg,0.2,0.0
20260317_231051_915605,img_20260317_231051_915605.jpg,0.2,0.0
20260317_231051_968841,img_20260317_231051_968841.jpg,0.2,0.0
20260317_231052_020174,img_20260317_231052_020174.jpg,0.2,0.0
20260317_231052_079818,img_20260317_231052_079818.jpg,0.2,0.0
20260317_231052_120362,img_20260317_231052_120362.jpg,0.2,0.0
20260317_231052_170028,img_20260317_231052_170028.jpg,0.2,0.0
20260317_231052_221588,img_20260317_231052_221588.jpg,0.2,0.0
20260317_231052_283708,img_20260317_231052_283708.jpg,0.2,0.0
20260317_231052_334009,img_20260317_231052_334009.jpg,0.2,0.0
20260317_231052_384206,img_20260317_231052_384206.jpg,0.2,0.0
20260317_231052_423245,img_20260317_231052_423245.jpg,0.2,0.0
20260317_231052_475586,img_20260317_231052_475586.jpg,0.2,0.0
20260317_231052_524069,img_20260317_231052_524069.jpg,0.2,0.0
20260317_231052_575984,img_20260317_231052_575984.jpg,0.2,0.0
20260317_231052_639920,img_20260317_231052_639920.jpg,0.2,0.0
20260317_231052_679732,img_20260317_231052_679732.jpg,0.2,0.0
20260317_231052_728255,img_20260317_231052_728255.jpg,0.2,0.0
20260317_231052_779138,img_20260317_231052_779138.jpg,0.2,0.0
20260317_231052_841518,img_20260317_231052_841518.jpg,0.2,0.0
20260317_231052_881871,img_20260317_231052_881871.jpg,0.2,0.0
20260317_231052_934220,img_20260317_231052_934220.jpg,0.2,0.0
20260317_231052_983944,img_20260317_231052_983944.jpg,0.2,0.0
20260317_231053_035934,img_20260317_231053_035934.jpg,0.2,0.0
20260317_231053_097093,img_20260317_231053_097093.jpg,0.2,0.0
20260317_231053_150040,img_20260317_231053_150040.jpg,0.2,0.0
20260317_231053_188739,img_20260317_231053_188739.jpg,0.2,0.0
20260317_231053_251011,img_20260317_231053_251011.jpg,0.2,0.0
20260317_231053_302507,img_20260317_231053_302507.jpg,0.2,0.0
20260317_231053_354961,img_20260317_231053_354961.jpg,0.2,0.0
20260317_231053_394939,img_20260317_231053_394939.jpg,0.2,0.0
20260317_231053_456230,img_20260317_231053_456230.jpg,0.2,0.0
20260317_231053_496056,img_20260317_231053_496056.jpg,0.2,0.0
20260317_231053_546994,img_20260317_231053_546994.jpg,0.2,0.0
20260317_231053_597997,img_20260317_231053_597997.jpg,0.2,0.0
20260317_231053_649204,img_20260317_231053_649204.jpg,0.2,0.0
20260317_231053_700644,img_20260317_231053_700644.jpg,0.2,0.0
20260317_231053_751765,img_20260317_231053_751765.jpg,0.2,0.0
20260317_231053_811621,img_20260317_231053_811621.jpg,0.2,0.0
20260317_231053_854942,img_20260317_231053_854942.jpg,0.2,0.0
20260317_231053_902793,img_20260317_231053_902793.jpg,0.2,0.0
20260317_231053_954848,img_20260317_231053_954848.jpg,0.2,0.0
20260317_231054_016075,img_20260317_231054_016075.jpg,0.2,0.0
20260317_231054_069126,img_20260317_231054_069126.jpg,0.2,0.0
20260317_231054_109530,img_20260317_231054_109530.jpg,0.2,0.0
20260317_231054_159731,img_20260317_231054_159731.jpg,0.2,0.0
20260317_231054_220387,img_20260317_231054_220387.jpg,0.2,0.0
20260317_231054_272364,img_20260317_231054_272364.jpg,0.2,0.0
20260317_231054_314168,img_20260317_231054_314168.jpg,0.2,0.0
20260317_231054_364674,img_20260317_231054_364674.jpg,0.2,0.0
20260317_231054_414222,img_20260317_231054_414222.jpg,0.2,0.0
20260317_231054_463959,img_20260317_231054_463959.jpg,0.2,0.0
20260317_231054_515576,img_20260317_231054_515576.jpg,0.2,0.0
20260317_231054_567921,img_20260317_231054_567921.jpg,0.2,0.0
20260317_231054_617111,img_20260317_231054_617111.jpg,0.2,0.0
20260317_231054_666619,img_20260317_231054_666619.jpg,0.2,0.0
20260317_231054_717442,img_20260317_231054_717442.jpg,0.2,0.0
20260317_231054_768172,img_20260317_231054_768172.jpg,0.2,0.0
20260317_231054_833246,img_20260317_231054_833246.jpg,0.2,0.0
20260317_231054_869540,img_20260317_231054_869540.jpg,0.2,0.0
20260317_231054_922663,img_20260317_231054_922663.jpg,0.2,0.0
20260317_231054_974000,img_20260317_231054_974000.jpg,0.2,0.0
20260317_231055_034625,img_20260317_231055_034625.jpg,0.2,0.0
20260317_231055_076485,img_20260317_231055_076485.jpg,0.2,0.0
20260317_231055_125566,img_20260317_231055_125566.jpg,0.2,0.0
20260317_231055_177491,img_20260317_231055_177491.jpg,0.2,0.0
20260317_231055_237059,img_20260317_231055_237059.jpg,0.2,0.0
20260317_231055_277562,img_20260317_231055_277562.jpg,0.2,0.0
20260317_231055_339189,img_20260317_231055_339189.jpg,0.2,0.0
20260317_231055_378665,img_20260317_231055_378665.jpg,0.2,0.0
20260317_231055_432758,img_20260317_231055_432758.jpg,0.2,0.0
20260317_231055_481577,img_20260317_231055_481577.jpg,0.2,0.0
20260317_231055_532335,img_20260317_231055_532335.jpg,0.2,0.0
20260317_231055_582484,img_20260317_231055_582484.jpg,0.2,0.0
20260317_231055_634720,img_20260317_231055_634720.jpg,0.2,0.0
20260317_231055_684084,img_20260317_231055_684084.jpg,0.2,0.0
20260317_231055_736381,img_20260317_231055_736381.jpg,0.2,0.0
20260317_231055_784747,img_20260317_231055_784747.jpg,0.2,0.0
20260317_231055_834518,img_20260317_231055_834518.jpg,0.2,0.0
20260317_231055_886637,img_20260317_231055_886637.jpg,0.2,0.0
20260317_231055_949185,img_20260317_231055_949185.jpg,0.2,0.0
20260317_231055_991054,img_20260317_231055_991054.jpg,0.2,0.0
20260317_231056_039729,img_20260317_231056_039729.jpg,0.2,0.0
20260317_231056_089982,img_20260317_231056_089982.jpg,0.2,0.0
20260317_231056_140894,img_20260317_231056_140894.jpg,0.2,0.0
20260317_231056_191974,img_20260317_231056_191974.jpg,0.2,0.0
20260317_231056_242703,img_20260317_231056_242703.jpg,0.2,0.0
20260317_231056_305147,img_20260317_231056_305147.jpg,0.2,0.0
20260317_231056_344556,img_20260317_231056_344556.jpg,0.2,0.0
20260317_231056_404726,img_20260317_231056_404726.jpg,0.2,0.0
20260317_231056_446270,img_20260317_231056_446270.jpg,0.2,0.0
20260317_231056_495935,img_20260317_231056_495935.jpg,0.2,0.0
20260317_231056_546648,img_20260317_231056_546648.jpg,0.2,0.0
20260317_231056_028670,img_20260317_231056_028670.jpg,0.2,0.0
20260317_231056_078114,img_20260317_231056_078114.jpg,0.2,0.0
20260317_231056_129111,img_20260317_231056_129111.jpg,0.2,0.0
20260317_231056_180725,img_20260317_231056_180725.jpg,0.2,0.0
20260317_231056_230958,img_20260317_231056_230958.jpg,0.2,0.0
20260317_231056_281162,img_20260317_231056_281162.jpg,0.2,0.0
20260317_231056_343554,img_20260317_231056_343554.jpg,0.2,0.0
20260317_231056_393053,img_20260317_231056_393053.jpg,0.2,0.0
20260317_231056_436378,img_20260317_231056_436378.jpg,0.2,0.0
20260317_231056_483725,img_20260317_231056_483725.jpg,0.2,0.0
20260317_231056_534142,img_20260317_231056_534142.jpg,0.2,0.0
20260317_231056_586515,img_20260317_231056_586515.jpg,0.2,0.0
20260317_231056_647510,img_20260317_231056_647510.jpg,0.2,0.0
20260317_231056_696565,img_20260317_231056_696565.jpg,0.2,0.0
20260317_231056_749830,img_20260317_231056_749830.jpg,0.2,0.0
20260317_231056_798738,img_20260317_231056_798738.jpg,0.2,0.0
20260317_231056_839189,img_20260317_231056_839189.jpg,0.2,0.0
20260317_231056_890736,img_20260317_231056_890736.jpg,0.2,0.0
20260317_231056_939013,img_20260317_231056_939013.jpg,0.2,0.0
20260317_231057_000310,img_20260317_231057_000310.jpg,0.2,0.0
20260317_231057_042088,img_20260317_231057_042088.jpg,0.2,0.0
20260317_231057_105563,img_20260317_231057_105563.jpg,0.2,0.0
20260317_231057_145199,img_20260317_231057_145199.jpg,0.2,0.0
20260317_231057_206457,img_20260317_231057_206457.jpg,0.2,0.0
20260317_231057_248144,img_20260317_231057_248144.jpg,0.2,0.0
20260317_231057_297931,img_20260317_231057_297931.jpg,0.2,0.0
20260317_231057_357766,img_20260317_231057_357766.jpg,0.2,0.0
20260317_231057_398911,img_20260317_231057_398911.jpg,0.2,0.0
20260317_231057_460920,img_20260317_231057_460920.jpg,0.2,0.0
20260317_231057_512742,img_20260317_231057_512742.jpg,0.2,0.0
20260317_231057_552753,img_20260317_231057_552753.jpg,0.2,0.0
20260317_231057_612374,img_20260317_231057_612374.jpg,0.2,0.0
20260317_231057_665379,img_20260317_231057_665379.jpg,0.2,0.0
20260317_231057_706980,img_20260317_231057_706980.jpg,0.2,0.0
20260317_231057_768050,img_20260317_231057_768050.jpg,0.2,0.0
20260317_231057_805818,img_20260317_231057_805818.jpg,0.2,0.0
20260317_231057_857415,img_20260317_231057_857415.jpg,0.2,0.0
20260317_231057_908640,img_20260317_231057_908640.jpg,0.2,0.0
20260317_231057_970678,img_20260317_231057_970678.jpg,0.2,0.0
20260317_231058_009595,img_20260317_231058_009595.jpg,0.2,0.0
20260317_231058_060683,img_20260317_231058_060683.jpg,0.2,0.0
20260317_231058_110593,img_20260317_231058_110593.jpg,0.2,0.0
20260317_231058_161886,img_20260317_231058_161886.jpg,0.2,0.0
20260317_231058_225828,img_20260317_231058_225828.jpg,0.2,0.0
20260317_231058_275426,img_20260317_231058_275426.jpg,0.2,0.0
20260317_231058_324376,img_20260317_231058_324376.jpg,0.2,0.0
20260317_231058_365146,img_20260317_231058_365146.jpg,0.2,0.0
20260317_231058_413691,img_20260317_231058_413691.jpg,0.2,0.0
20260317_231058_467124,img_20260317_231058_467124.jpg,0.2,0.0
20260317_231058_520595,img_20260317_231058_520595.jpg,0.2,0.0
20260317_231058_568607,img_20260317_231058_568607.jpg,0.2,0.0
20260317_231058_618498,img_20260317_231058_618498.jpg,0.2,0.0
20260317_231058_668822,img_20260317_231058_668822.jpg,0.2,0.0
20260317_231058_720360,img_20260317_231058_720360.jpg,0.2,0.0
20260317_231058_783306,img_20260317_231058_783306.jpg,0.2,0.0
20260317_231058_824823,img_20260317_231058_824823.jpg,0.2,0.0
20260317_231058_875498,img_20260317_231058_875498.jpg,0.2,0.0
20260317_231058_934459,img_20260317_231058_934459.jpg,0.2,0.0
20260317_231058_978602,img_20260317_231058_978602.jpg,0.2,0.0
20260317_231059_026095,img_20260317_231059_026095.jpg,0.2,0.0
20260317_231059_086333,img_20260317_231059_086333.jpg,0.2,0.0
20260317_231059_130945,img_20260317_231059_130945.jpg,0.2,0.0
20260317_231059_180878,img_20260317_231059_180878.jpg,0.2,0.0
20260317_231059_227640,img_20260317_231059_227640.jpg,0.2,0.0
20260317_231059_279291,img_20260317_231059_279291.jpg,0.2,0.0
20260317_231059_332641,img_20260317_231059_332641.jpg,0.2,0.0
20260317_231059_381292,img_20260317_231059_381292.jpg,0.2,0.0
20260317_231059_443049,img_20260317_231059_443049.jpg,0.2,0.0
20260317_231059_483231,img_20260317_231059_483231.jpg,0.2,0.0
20260317_231059_534506,img_20260317_231059_534506.jpg,0.2,0.0
20260317_231059_594271,img_20260317_231059_594271.jpg,0.2,0.0
20260317_231059_644580,img_20260317_231059_644580.jpg,0.2,0.0
20260317_231059_681971,img_20260317_231059_681971.jpg,0.2,0.0
20260317_231059_745975,img_20260317_231059_745975.jpg,0.2,0.0
20260317_231059_784871,img_20260317_231059_784871.jpg,0.2,0.0
20260317_231059_838221,img_20260317_231059_838221.jpg,0.2,0.0
20260317_231059_886664,img_20260317_231059_886664.jpg,0.2,0.0
20260317_231059_938494,img_20260317_231059_938494.jpg,0.2,0.0
20260317_231059_988988,img_20260317_231059_988988.jpg,0.2,0.0
20260317_231100_043285,img_20260317_231100_043285.jpg,0.2,0.0
20260317_231100_091118,img_20260317_231100_091118.jpg,0.2,0.0
20260317_231100_151596,img_20260317_231100_151596.jpg,0.2,0.0
20260317_231100_192928,img_20260317_231100_192928.jpg,0.2,0.0
20260317_231100_242990,img_20260317_231100_242990.jpg,0.2,0.0
20260317_231100_305716,img_20260317_231100_305716.jpg,0.2,0.0
20260317_231100_345967,img_20260317_231100_345967.jpg,0.2,0.0
20260317_231100_396682,img_20260317_231100_396682.jpg,0.2,0.0
20260317_231100_458633,img_20260317_231100_458633.jpg,0.2,0.0
20260317_231100_497687,img_20260317_231100_497687.jpg,0.2,0.0
20260317_231100_559713,img_20260317_231100_559713.jpg,0.2,0.0
20260317_231100_601218,img_20260317_231100_601218.jpg,0.2,0.0
20260317_231100_650188,img_20260317_231100_650188.jpg,0.2,0.0
20260317_231100_711154,img_20260317_231100_711154.jpg,0.2,0.0
20260317_231100_754601,img_20260317_231100_754601.jpg,0.2,0.0
20260317_231100_803697,img_20260317_231100_803697.jpg,0.2,0.0
20260317_231100_854296,img_20260317_231100_854296.jpg,0.2,0.0
20260317_231100_906361,img_20260317_231100_906361.jpg,0.2,0.0
20260317_231100_966862,img_20260317_231100_966862.jpg,0.2,0.0
20260317_231101_005118,img_20260317_231101_005118.jpg,0.2,0.0
20260317_231101_057674,img_20260317_231101_057674.jpg,0.2,0.0
20260317_231101_116838,img_20260317_231101_116838.jpg,0.2,0.0
20260317_231101_158634,img_20260317_231101_158634.jpg,0.2,0.0
20260317_231101_207554,img_20260317_231101_207554.jpg,0.2,0.0
20260317_231101_269953,img_20260317_231101_269953.jpg,0.2,0.0
20260317_231101_312563,img_20260317_231101_312563.jpg,0.2,0.0
20260317_231101_361335,img_20260317_231101_361335.jpg,0.2,0.0
20260317_231101_414429,img_20260317_231101_414429.jpg,0.2,0.0
20260317_231101_466219,img_20260317_231101_466219.jpg,0.2,0.0
20260317_231101_516206,img_20260317_231101_516206.jpg,0.2,0.0
20260317_231101_577994,img_20260317_231101_577994.jpg,0.2,0.0
20260317_231101_620872,img_20260317_231101_620872.jpg,0.2,0.0
20260317_231101_667662,img_20260317_231101_667662.jpg,0.2,0.0
20260317_231101_730738,img_20260317_231101_730738.jpg,0.2,0.0
20260317_231101_772404,img_20260317_231101_772404.jpg,0.2,0.0
20260317_231101_822469,img_20260317_231101_822469.jpg,0.2,0.0
20260317_231101_876839,img_20260317_231101_876839.jpg,0.2,0.0
20260317_231101_925697,img_20260317_231101_925697.jpg,0.2,0.0
20260317_231101_974765,img_20260317_231101_974765.jpg,0.2,0.0
20260317_231102_025737,img_20260317_231102_025737.jpg,0.2,0.0
20260317_231102_077460,img_20260317_231102_077460.jpg,0.2,0.0
20260317_231102_129858,img_20260317_231102_129858.jpg,0.2,0.0
20260317_231102_188813,img_20260317_231102_188813.jpg,0.2,0.0
20260317_231102_230856,img_20260317_231102_230856.jpg,0.2,0.0
20260317_231102_281423,img_20260317_231102_281423.jpg,0.2,0.0
20260317_231102_328966,img_20260317_231102_328966.jpg,0.2,0.0
20260317_231102_380498,img_20260317_231102_380498.jpg,0.2,0.0
20260317_231102_433002,img_20260317_231102_433002.jpg,0.2,0.0
20260317_231102_493163,img_20260317_231102_493163.jpg,0.2,0.0
20260317_231102_534062,img_20260317_231102_534062.jpg,0.2,0.0
20260317_231102_584161,img_20260317_231102_584161.jpg,0.2,0.0
20260317_231102_645041,img_20260317_231102_645041.jpg,0.2,0.0
20260317_231102_686985,img_20260317_231102_686985.jpg,0.2,0.0
20260317_231102_747672,img_20260317_231102_747672.jpg,0.2,0.0
20260317_231102_787681,img_20260317_231102_787681.jpg,0.2,0.0
20260317_231102_836714,img_20260317_231102_836714.jpg,0.2,0.0
20260317_231102_888163,img_20260317_231102_888163.jpg,0.2,0.0
20260317_231102_939595,img_20260317_231102_939595.jpg,0.2,0.0
20260317_231102_990579,img_20260317_231102_990579.jpg,0.2,0.0
20260317_231103_053826,img_20260317_231103_053826.jpg,0.2,0.0
20260317_231103_095851,img_20260317_231103_095851.jpg,0.2,0.0
20260317_231103_154865,img_20260317_231103_154865.jpg,0.2,0.0
20260317_231103_194884,img_20260317_231103_194884.jpg,0.2,0.0
20260317_231103_246576,img_20260317_231103_246576.jpg,0.2,0.0
20260317_231103_296038,img_20260317_231103_296038.jpg,0.2,0.0
20260317_231103_346366,img_20260317_231103_346366.jpg,0.2,0.0
20260317_231103_399280,img_20260317_231103_399280.jpg,0.2,0.0
20260317_231103_451477,img_20260317_231103_451477.jpg,0.2,0.0
20260317_231103_511567,img_20260317_231103_511567.jpg,0.2,0.0
20260317_231103_562399,img_20260317_231103_562399.jpg,0.2,0.0
20260317_231103_605751,img_20260317_231103_605751.jpg,0.2,0.0
20260317_231103_664347,img_20260317_231103_664347.jpg,0.2,0.0
20260317_231103_705786,img_20260317_231103_705786.jpg,0.2,0.0
20260317_231103_765941,img_20260317_231103_765941.jpg,0.2,0.0
20260317_231103_805613,img_20260317_231103_805613.jpg,0.2,0.0
20260317_231103_859998,img_20260317_231103_859998.jpg,0.2,0.0
20260317_231103_911282,img_20260317_231103_911282.jpg,0.2,0.0
20260317_231103_961193,img_20260317_231103_961193.jpg,0.2,0.0
20260317_231104_011531,img_20260317_231104_011531.jpg,0.2,0.0
20260317_231104_062986,img_20260317_231104_062986.jpg,0.2,0.0
20260317_231104_113716,img_20260317_231104_113716.jpg,0.2,0.0
20260317_231104_166907,img_20260317_231104_166907.jpg,0.2,0.0
20260317_231104_215334,img_20260317_231104_215334.jpg,0.2,0.0
20260317_231104_267025,img_20260317_231104_267025.jpg,0.2,0.0
20260317_231104_316665,img_20260317_231104_316665.jpg,0.2,0.0
20260317_231104_367983,img_20260317_231104_367983.jpg,0.2,0.0
20260317_231104_416343,img_20260317_231104_416343.jpg,0.2,0.0
20260317_231104_478715,img_20260317_231104_478715.jpg,0.2,0.0
20260317_231104_520291,img_20260317_231104_520291.jpg,0.2,0.0
20260317_231104_581090,img_20260317_231104_581090.jpg,0.2,0.0
20260317_231104_631902,img_20260317_231104_631902.jpg,0.2,0.0
20260317_231104_683060,img_20260317_231104_683060.jpg,0.2,0.0
20260317_231104_725528,img_20260317_231104_725528.jpg,0.2,0.0
20260317_231104_777725,img_20260317_231104_777725.jpg,0.2,0.0
20260317_231104_829195,img_20260317_231104_829195.jpg,0.2,0.0
20260317_231104_878900,img_20260317_231104_878900.jpg,0.2,0.0
20260317_231104_943254,img_20260317_231104_943254.jpg,0.2,0.0
20260317_231104_989319,img_20260317_231104_989319.jpg,0.2,0.0
20260317_231105_039331,img_20260317_231105_039331.jpg,0.2,0.0
20260317_231105_090863,img_20260317_231105_090863.jpg,0.2,0.0
20260317_231105_143089,img_20260317_231105_143089.jpg,0.2,0.0
20260317_231105_181457,img_20260317_231105_181457.jpg,0.2,0.0
20260317_231105_243049,img_20260317_231105_243049.jpg,0.2,0.0
20260317_231105_283034,img_20260317_231105_283034.jpg,0.2,0.0
20260317_231105_336291,img_20260317_231105_336291.jpg,0.2,0.0
20260317_231105_398069,img_20260317_231105_398069.jpg,0.2,0.0
20260317_231105_439039,img_20260317_231105_439039.jpg,0.2,0.0
20260317_231105_488397,img_20260317_231105_488397.jpg,0.2,0.0
20260317_231105_548166,img_20260317_231105_548166.jpg,0.2,0.0
20260317_231105_588836,img_20260317_231105_588836.jpg,0.2,0.0
20260317_231105_640817,img_20260317_231105_640817.jpg,0.2,0.0
20260317_231105_700802,img_20260317_231105_700802.jpg,0.2,0.0
20260317_231105_741675,img_20260317_231105_741675.jpg,0.2,0.0
20260317_231105_792144,img_20260317_231105_792144.jpg,0.2,0.0
20260317_231105_843440,img_20260317_231105_843440.jpg,0.2,0.0
20260317_231105_895699,img_20260317_231105_895699.jpg,0.2,0.0
20260317_231105_955174,img_20260317_231105_955174.jpg,0.2,0.0
20260317_231105_995213,img_20260317_231105_995213.jpg,0.2,0.0
20260317_231106_055822,img_20260317_231106_055822.jpg,0.2,0.0
20260317_231106_097375,img_20260317_231106_097375.jpg,0.2,0.0
20260317_231106_147482,img_20260317_231106_147482.jpg,0.2,0.0
20260317_231106_208915,img_20260317_231106_208915.jpg,0.2,0.0
20260317_231106_250748,img_20260317_231106_250748.jpg,0.2,0.0
20260317_231106_300298,img_20260317_231106_300298.jpg,0.2,0.0
20260317_231106_362148,img_20260317_231106_362148.jpg,0.2,0.0
20260317_231106_403861,img_20260317_231106_403861.jpg,0.2,0.0
20260317_231106_461279,img_20260317_231106_461279.jpg,0.2,0.0
20260317_231106_504531,img_20260317_231106_504531.jpg,0.2,0.0
20260317_231106_566837,img_20260317_231106_566837.jpg,0.2,0.0
20260317_231106_606470,img_20260317_231106_606470.jpg,0.2,0.0
20260317_231106_657156,img_20260317_231106_657156.jpg,0.2,0.0
20260317_231106_708339,img_20260317_231106_708339.jpg,0.2,0.0
20260317_231106_759969,img_20260317_231106_759969.jpg,0.2,0.0
20260317_231106_810330,img_20260317_231106_810330.jpg,0.2,0.0
20260317_231106_860330,img_20260317_231106_860330.jpg,0.2,0.0
20260317_231106_922318,img_20260317_231106_922318.jpg,0.2,0.0
20260317_231106_964354,img_20260317_231106_964354.jpg,0.2,0.0
20260317_231107_023131,img_20260317_231107_023131.jpg,0.2,0.0
20260317_231107_073531,img_20260317_231107_073531.jpg,0.2,0.0
20260317_231107_113936,img_20260317_231107_113936.jpg,0.2,0.0
20260317_231107_166711,img_20260317_231107_166711.jpg,0.2,0.0
20260317_231107_216316,img_20260317_231107_216316.jpg,0.2,0.0
20260317_231107_269524,img_20260317_231107_269524.jpg,0.2,0.0
20260317_231107_318372,img_20260317_231107_318372.jpg,0.2,0.0
20260317_231107_369749,img_20260317_231107_369749.jpg,0.2,0.0
20260317_231107_421621,img_20260317_231107_421621.jpg,0.2,0.0
20260317_231107_474348,img_20260317_231107_474348.jpg,0.2,0.0
20260317_231107_522381,img_20260317_231107_522381.jpg,0.2,0.0
20260317_231107_574630,img_20260317_231107_574630.jpg,0.2,0.0
20260317_231107_633387,img_20260317_231107_633387.jpg,0.2,0.0
20260317_231107_675317,img_20260317_231107_675317.jpg,0.2,0.0
20260317_231107_724979,img_20260317_231107_724979.jpg,0.2,0.0
20260317_231107_785809,img_20260317_231107_785809.jpg,0.2,0.0
20260317_231107_824294,img_20260317_231107_824294.jpg,0.2,0.0
20260317_231107_877876,img_20260317_231107_877876.jpg,0.2,0.0
20260317_231107_928134,img_20260317_231107_928134.jpg,0.2,0.0
20260317_231107_989763,img_20260317_231107_989763.jpg,0.2,0.0
20260317_231108_029950,img_20260317_231108_029950.jpg,0.2,0.0
20260317_231108_080925,img_20260317_231108_080925.jpg,0.2,0.0
20260317_231108_131109,img_20260317_231108_131109.jpg,0.2,0.0
20260317_231108_192119,img_20260317_231108_192119.jpg,0.2,0.0
20260317_231108_233053,img_20260317_231108_233053.jpg,0.2,0.0
20260317_231108_284664,img_20260317_231108_284664.jpg,0.2,0.0
20260317_231108_333605,img_20260317_231108_333605.jpg,0.2,0.0
20260317_231108_386847,img_20260317_231108_386847.jpg,0.2,0.0
20260317_231108_436900,img_20260317_231108_436900.jpg,0.2,0.0
20260317_231108_489751,img_20260317_231108_489751.jpg,0.2,0.0
20260317_231108_545512,img_20260317_231108_545512.jpg,0.2,0.0
20260317_231108_586459,img_20260317_231108_586459.jpg,0.2,0.0
20260317_231108_638567,img_20260317_231108_638567.jpg,0.2,0.0
20260317_231108_689315,img_20260317_231108_689315.jpg,0.2,0.0
20260317_231108_741598,img_20260317_231108_741598.jpg,0.2,0.0
20260317_231108_789912,img_20260317_231108_789912.jpg,0.2,0.0
20260317_231108_845301,img_20260317_231108_845301.jpg,0.2,0.0
20260317_231108_894763,img_20260317_231108_894763.jpg,0.2,0.0
20260317_231108_944348,img_20260317_231108_944348.jpg,0.2,0.0
20260317_231109_008113,img_20260317_231109_008113.jpg,0.2,0.0
20260317_231109_048506,img_20260317_231109_048506.jpg,0.2,0.0
20260317_231109_109047,img_20260317_231109_109047.jpg,0.2,0.0
20260317_231109_147916,img_20260317_231109_147916.jpg,0.2,0.0
20260317_231109_200545,img_20260317_231109_200545.jpg,0.2,0.0
20260317_231109_260494,img_20260317_231109_260494.jpg,0.2,0.0
20260317_231109_312324,img_20260317_231109_312324.jpg,0.2,0.0
20260317_231109_364083,img_20260317_231109_364083.jpg,0.2,0.0
20260317_231109_404370,img_20260317_231109_404370.jpg,0.2,0.0
20260317_231109_456560,img_20260317_231109_456560.jpg,0.2,0.0
20260317_231109_510053,img_20260317_231109_510053.jpg,0.2,0.0
20260317_231109_570979,img_20260317_231109_570979.jpg,0.2,0.0
20260317_231109_611237,img_20260317_231109_611237.jpg,0.2,0.0
20260317_231109_672523,img_20260317_231109_672523.jpg,0.2,0.0
20260317_231109_723776,img_20260317_231109_723776.jpg,0.2,0.0
20260317_231109_774944,img_20260317_231109_774944.jpg,0.2,0.0
20260317_231109_828233,img_20260317_231109_828233.jpg,0.2,0.0
20260317_231109_869615,img_20260317_231109_869615.jpg,0.2,0.0
20260317_231109_921122,img_20260317_231109_921122.jpg,0.2,0.0
20260317_231109_983351,img_20260317_231109_983351.jpg,0.2,0.0
20260317_231110_036318,img_20260317_231110_036318.jpg,0.2,0.0
20260317_231110_072554,img_20260317_231110_072554.jpg,0.2,0.0
20260317_231110_122708,img_20260317_231110_122708.jpg,0.2,0.0
20260317_231110_175356,img_20260317_231110_175356.jpg,0.2,0.0
20260317_231110_223702,img_20260317_231110_223702.jpg,0.2,0.0
20260317_231110_275312,img_20260317_231110_275312.jpg,0.2,0.0
20260317_231110_324329,img_20260317_231110_324329.jpg,0.2,0.0
20260317_231110_374720,img_20260317_231110_374720.jpg,0.2,0.0
20260317_231110_439939,img_20260317_231110_439939.jpg,0.2,0.0
20260317_231110_480248,img_20260317_231110_480248.jpg,0.2,0.0
20260317_231110_530602,img_20260317_231110_530602.jpg,0.2,0.0
20260317_231110_579048,img_20260317_231110_579048.jpg,0.2,0.0
20260317_231110_632970,img_20260317_231110_632970.jpg,0.2,0.0
20260317_231110_681163,img_20260317_231110_681163.jpg,0.2,0.0
20260317_231110_733968,img_20260317_231110_733968.jpg,0.2,0.0
20260317_231110_784826,img_20260317_231110_784826.jpg,0.2,0.0
20260317_231110_847159,img_20260317_231110_847159.jpg,0.2,0.0
20260317_231110_900395,img_20260317_231110_900395.jpg,0.2,0.0
20260317_231110_936853,img_20260317_231110_936853.jpg,0.2,0.0
20260317_231110_998963,img_20260317_231110_998963.jpg,0.2,0.0
20260317_231111_038968,img_20260317_231111_038968.jpg,0.2,0.0
20260317_231111_088338,img_20260317_231111_088338.jpg,0.2,0.0
20260317_231111_138859,img_20260317_231111_138859.jpg,0.2,0.0
20260317_231111_189748,img_20260317_231111_189748.jpg,0.2,0.0
20260317_231111_242556,img_20260317_231111_242556.jpg,0.2,0.0
20260317_231111_290949,img_20260317_231111_290949.jpg,0.2,0.0
20260317_231111_341888,img_20260317_231111_341888.jpg,0.2,0.0
20260317_231111_404298,img_20260317_231111_404298.jpg,0.2,0.0
20260317_231111_445564,img_20260317_231111_445564.jpg,0.2,0.0
20260317_231111_495379,img_20260317_231111_495379.jpg,0.2,0.0
20260317_231111_546709,img_20260317_231111_546709.jpg,0.2,0.0
20260317_231111_607568,img_20260317_231111_607568.jpg,0.2,0.0
20260317_231111_648627,img_20260317_231111_648627.jpg,0.2,0.0
20260317_231111_708205,img_20260317_231111_708205.jpg,0.2,0.0
20260317_231111_748073,img_20260317_231111_748073.jpg,0.2,0.0
20260317_231111_800933,img_20260317_231111_800933.jpg,0.2,0.0
20260317_231111_849698,img_20260317_231111_849698.jpg,0.2,0.0
20260317_231111_912856,img_20260317_231111_912856.jpg,0.2,0.0
20260317_231111_964347,img_20260317_231111_964347.jpg,0.2,0.0
20260317_231112_012123,img_20260317_231112_012123.jpg,0.2,0.0
20260317_231112_067688,img_20260317_231112_067688.jpg,0.2,0.0
20260317_231112_116965,img_20260317_231112_116965.jpg,0.2,0.0
20260317_231112_156508,img_20260317_231112_156508.jpg,0.2,0.0
20260317_231112_207600,img_20260317_231112_207600.jpg,0.2,0.0
20260317_231112_270021,img_20260317_231112_270021.jpg,0.2,0.0
20260317_231112_325885,img_20260317_231112_325885.jpg,0.2,0.0
20260317_231112_375338,img_20260317_231112_375338.jpg,0.2,0.0
20260317_231112_418326,img_20260317_231112_418326.jpg,0.2,0.0
20260317_231112_469857,img_20260317_231112_469857.jpg,0.2,0.0
20260317_231112_519507,img_20260317_231112_519507.jpg,0.2,0.0
20260317_231112_568960,img_20260317_231112_568960.jpg,0.2,0.0
20260317_231112_619999,img_20260317_231112_619999.jpg,0.2,0.0
20260317_231112_679596,img_20260317_231112_679596.jpg,0.2,0.0
20260317_231112_723009,img_20260317_231112_723009.jpg,0.2,0.0
20260317_231112_771528,img_20260317_231112_771528.jpg,0.2,0.0
20260317_231112_823545,img_20260317_231112_823545.jpg,0.2,0.0
20260317_231112_875077,img_20260317_231112_875077.jpg,0.2,0.0
20260317_231112_926205,img_20260317_231112_926205.jpg,0.2,0.0
20260317_231112_976901,img_20260317_231112_976901.jpg,0.2,0.0
20260317_231113_036857,img_20260317_231113_036857.jpg,0.2,0.0
20260317_231113_088577,img_20260317_231113_088577.jpg,0.2,0.0
20260317_231113_140702,img_20260317_231113_140702.jpg,0.2,0.0
20260317_231113_179739,img_20260317_231113_179739.jpg,0.2,0.0
20260317_231113_230087,img_20260317_231113_230087.jpg,0.2,0.0
20260317_231113_289941,img_20260317_231113_289941.jpg,0.2,0.0
20260317_231113_333605,img_20260317_231113_333605.jpg,0.2,0.0
20260317_231113_379868,img_20260317_231113_379868.jpg,0.2,0.0
20260317_231113_440529,img_20260317_231113_440529.jpg,0.2,0.0
20260317_231113_482893,img_20260317_231113_482893.jpg,0.2,0.0
20260317_231113_543810,img_20260317_231113_543810.jpg,0.2,0.0
20260317_231113_584312,img_20260317_231113_584312.jpg,0.2,0.0
20260317_231113_635538,img_20260317_231113_635538.jpg,0.2,0.0
20260317_231113_698965,img_20260317_231113_698965.jpg,0.2,0.0
20260317_231113_739148,img_20260317_231113_739148.jpg,0.2,0.0
20260317_231113_790366,img_20260317_231113_790366.jpg,0.2,0.0
20260317_231113_850727,img_20260317_231113_850727.jpg,0.2,0.0
20260317_231113_902891,img_20260317_231113_902891.jpg,0.2,0.0
20260317_231113_942587,img_20260317_231113_942587.jpg,0.2,0.0
20260317_231113_992455,img_20260317_231113_992455.jpg,0.2,0.0
20260317_231114_052869,img_20260317_231114_052869.jpg,0.2,0.0
20260317_231114_095052,img_20260317_231114_095052.jpg,0.2,0.0
20260317_231114_154521,img_20260317_231114_154521.jpg,0.2,0.0
20260317_231114_203953,img_20260317_231114_203953.jpg,0.2,0.0
20260317_231114_245232,img_20260317_231114_245232.jpg,0.2,0.0
20260317_231114_306610,img_20260317_231114_306610.jpg,0.2,0.0
20260317_231114_347491,img_20260317_231114_347491.jpg,0.2,0.0
20260317_231114_399936,img_20260317_231114_399936.jpg,0.2,0.0
20260317_231114_449519,img_20260317_231114_449519.jpg,0.2,0.0
20260317_231114_500887,img_20260317_231114_500887.jpg,0.2,0.0
20260317_231114_551247,img_20260317_231114_551247.jpg,0.2,0.0
20260317_231114_603564,img_20260317_231114_603564.jpg,0.2,0.0
20260317_231114_652959,img_20260317_231114_652959.jpg,0.2,0.0
20260317_231114_702131,img_20260317_231114_702131.jpg,0.2,0.0
20260317_231114_755330,img_20260317_231114_755330.jpg,0.2,0.0
20260317_231114_812975,img_20260317_231114_812975.jpg,0.2,0.0
20260317_231114_855012,img_20260317_231114_855012.jpg,0.2,0.0
20260317_231114_916828,img_20260317_231114_916828.jpg,0.2,0.0
20260317_231114_969593,img_20260317_231114_969593.jpg,0.2,0.0
20260317_231115_020277,img_20260317_231115_020277.jpg,0.2,0.0
20260317_231115_059459,img_20260317_231115_059459.jpg,0.2,0.0
20260317_231115_111384,img_20260317_231115_111384.jpg,0.2,0.0
20260317_231115_163007,img_20260317_231115_163007.jpg,0.2,0.0
20260317_231115_222152,img_20260317_231115_222152.jpg,0.2,0.0
20260317_231115_261919,img_20260317_231115_261919.jpg,0.2,0.0
20260317_231115_314303,img_20260317_231115_314303.jpg,0.2,0.0
20260317_231115_378010,img_20260317_231115_378010.jpg,0.2,0.0
20260317_231115_415284,img_20260317_231115_415284.jpg,0.2,0.0
20260317_231115_466545,img_20260317_231115_466545.jpg,0.2,0.0
20260317_231115_515600,img_20260317_231115_515600.jpg,0.2,0.0
20260317_231115_570563,img_20260317_231115_570563.jpg,0.2,0.0
20260317_231115_629609,img_20260317_231115_629609.jpg,0.2,0.0
20260317_231115_670073,img_20260317_231115_670073.jpg,0.2,0.0
20260317_231115_727688,img_20260317_231115_727688.jpg,0.2,0.0
20260317_231115_769146,img_20260317_231115_769146.jpg,0.2,0.0
20260317_231115_834156,img_20260317_231115_834156.jpg,0.2,0.0
20260317_231115_881510,img_20260317_231115_881510.jpg,0.2,0.0
20260317_231115_932593,img_20260317_231115_932593.jpg,0.2,0.0
20260317_231115_972816,img_20260317_231115_972816.jpg,0.2,0.0
20260317_231116_035451,img_20260317_231116_035451.jpg,0.2,0.0
20260317_231116_086001,img_20260317_231116_086001.jpg,0.2,0.0
20260317_231116_124696,img_20260317_231116_124696.jpg,0.2,0.0
20260317_231116_175901,img_20260317_231116_175901.jpg,0.2,0.0
20260317_231116_228000,img_20260317_231116_228000.jpg,0.2,0.0
20260317_231116_288421,img_20260317_231116_288421.jpg,0.2,0.0
20260317_231116_326710,img_20260317_231116_326710.jpg,0.2,0.0
20260317_231116_390039,img_20260317_231116_390039.jpg,0.2,0.0
20260317_231116_429623,img_20260317_231116_429623.jpg,0.2,0.0
20260317_231116_489531,img_20260317_231116_489531.jpg,0.2,0.0
20260317_231116_532653,img_20260317_231116_532653.jpg,0.2,0.0
20260317_231116_583017,img_20260317_231116_583017.jpg,0.2,0.0
20260317_231116_645021,img_20260317_231116_645021.jpg,0.2,0.0
20260317_231116_685364,img_20260317_231116_685364.jpg,0.2,0.0
20260317_231116_742979,img_20260317_231116_742979.jpg,0.2,0.0
20260317_231116_784026,img_20260317_231116_784026.jpg,0.2,0.0
20260317_231116_834495,img_20260317_231116_834495.jpg,0.2,0.0
20260317_231116_884317,img_20260317_231116_884317.jpg,0.2,0.0
20260317_231116_934879,img_20260317_231116_934879.jpg,0.2,0.0
20260317_231116_987371,img_20260317_231116_987371.jpg,0.2,0.0
20260317_231117_038543,img_20260317_231117_038543.jpg,0.2,0.0
20260317_231117_089825,img_20260317_231117_089825.jpg,0.2,0.0
20260317_231117_151855,img_20260317_231117_151855.jpg,0.2,0.0
20260317_231117_191495,img_20260317_231117_191495.jpg,0.2,0.0
20260317_231117_252601,img_20260317_231117_252601.jpg,0.2,0.0
20260317_231117_304954,img_20260317_231117_304954.jpg,0.2,0.0
20260317_231117_345110,img_20260317_231117_345110.jpg,0.2,0.0
20260317_231117_406005,img_20260317_231117_406005.jpg,0.2,0.0
20260317_231117_449744,img_20260317_231117_449744.jpg,0.2,0.0
20260317_231117_510092,img_20260317_231117_510092.jpg,0.2,0.0
20260317_231117_550682,img_20260317_231117_550682.jpg,0.2,0.0
20260317_231117_611746,img_20260317_231117_611746.jpg,0.2,0.0
20260317_231117_651518,img_20260317_231117_651518.jpg,0.2,0.0
20260317_231117_705760,img_20260317_231117_705760.jpg,0.2,0.0
20260317_231117_755887,img_20260317_231117_755887.jpg,0.2,0.0
20260317_231117_816492,img_20260317_231117_816492.jpg,0.2,0.0
20260317_231117_855331,img_20260317_231117_855331.jpg,0.2,0.0
20260317_231117_906952,img_20260317_231117_906952.jpg,0.2,0.0
20260317_231117_957542,img_20260317_231117_957542.jpg,0.2,0.0
20260317_231118_007739,img_20260317_231118_007739.jpg,0.2,0.0
20260317_231118_071636,img_20260317_231118_071636.jpg,0.2,0.0
20260317_231118_122742,img_20260317_231118_122742.jpg,0.2,0.0
20260317_231118_160105,img_20260317_231118_160105.jpg,0.2,0.0
20260317_231118_213237,img_20260317_231118_213237.jpg,0.2,0.0
20260317_231118_263287,img_20260317_231118_263287.jpg,0.2,0.0
20260317_231118_313858,img_20260317_231118_313858.jpg,0.2,0.0
20260317_231118_363458,img_20260317_231118_363458.jpg,0.2,0.0
20260317_231118_425302,img_20260317_231118_425302.jpg,0.2,0.0
20260317_231118_465335,img_20260317_231118_465335.jpg,0.2,0.0
20260317_231118_526972,img_20260317_231118_526972.jpg,0.2,0.0
20260317_231118_578497,img_20260317_231118_578497.jpg,0.2,0.0
20260317_231118_628876,img_20260317_231118_628876.jpg,0.2,0.0
20260317_231118_669313,img_20260317_231118_669313.jpg,0.2,0.0
20260317_231118_722700,img_20260317_231118_722700.jpg,0.2,0.0
20260317_231118_780931,img_20260317_231118_780931.jpg,0.2,0.0
20260317_231118_835486,img_20260317_231118_835486.jpg,0.2,0.0
20260317_231118_885091,img_20260317_231118_885091.jpg,0.2,0.0
20260317_231118_926465,img_20260317_231118_926465.jpg,0.2,0.0
20260317_231118_978071,img_20260317_231118_978071.jpg,0.2,0.0
20260317_231119_040891,img_20260317_231119_040891.jpg,0.2,0.0
20260317_231119_083667,img_20260317_231119_083667.jpg,0.2,0.0
20260317_231119_142493,img_20260317_231119_142493.jpg,0.2,0.0
20260317_231119_186920,img_20260317_231119_186920.jpg,0.2,0.0
20260317_231119_232668,img_20260317_231119_232668.jpg,0.2,0.0
20260317_231119_284577,img_20260317_231119_284577.jpg,0.2,0.0
20260317_231119_334983,img_20260317_231119_334983.jpg,0.2,0.0
20260317_231119_386701,img_20260317_231119_386701.jpg,0.2,0.0
20260317_231119_439215,img_20260317_231119_439215.jpg,0.2,0.0
20260317_231119_489422,img_20260317_231119_489422.jpg,0.2,0.0
20260317_231119_540610,img_20260317_231119_540610.jpg,0.2,0.0
20260317_231119_605261,img_20260317_231119_605261.jpg,0.2,0.0
20260317_231119_643926,img_20260317_231119_643926.jpg,0.2,0.0
20260317_231119_694800,img_20260317_231119_694800.jpg,0.2,0.0
20260317_231119_743229,img_20260317_231119_743229.jpg,0.2,0.0
20260317_231119_805407,img_20260317_231119_805407.jpg,0.2,0.0
20260317_231119_844457,img_20260317_231119_844457.jpg,0.2,0.0
20260317_231119_905526,img_20260317_231119_905526.jpg,0.2,0.0
20260317_231119_959478,img_20260317_231119_959478.jpg,0.2,0.0
20260317_231120_008063,img_20260317_231120_008063.jpg,0.2,0.0
20260317_231120_049891,img_20260317_231120_049891.jpg,0.2,0.0
20260317_231120_102470,img_20260317_231120_102470.jpg,0.2,0.0
20260317_231120_154719,img_20260317_231120_154719.jpg,0.2,0.0
20260317_231120_201539,img_20260317_231120_201539.jpg,0.2,0.0
20260317_231120_254216,img_20260317_231120_254216.jpg,0.2,0.0
20260317_231120_307077,img_20260317_231120_307077.jpg,0.2,0.0
20260317_231120_379347,img_20260317_231120_379347.jpg,0.2,0.0
20260317_231120_430625,img_20260317_231120_430625.jpg,0.2,0.0
20260317_231120_467629,img_20260317_231120_467629.jpg,0.2,0.0
20260317_231120_518170,img_20260317_231120_518170.jpg,0.2,0.0
20260317_231120_569034,img_20260317_231120_569034.jpg,0.2,0.0
20260317_231120_642080,img_20260317_231120_642080.jpg,0.2,0.0
20260317_231120_684915,img_20260317_231120_684915.jpg,0.2,0.0
20260317_231120_733614,img_20260317_231120_733614.jpg,0.2,0.0
20260317_231120_776817,img_20260317_231120_776817.jpg,0.2,0.0
20260317_231120_823338,img_20260317_231120_823338.jpg,0.2,0.0
20260317_231120_877126,img_20260317_231120_877126.jpg,0.2,0.0
20260317_231120_927977,img_20260317_231120_927977.jpg,0.2,0.0
20260317_231120_981551,img_20260317_231120_981551.jpg,0.2,0.0
20260317_231121_040864,img_20260317_231121_040864.jpg,0.2,0.0
20260317_231121_083571,img_20260317_231121_083571.jpg,0.2,0.0
20260317_231121_142634,img_20260317_231121_142634.jpg,0.2,0.0
20260317_231121_195485,img_20260317_231121_195485.jpg,0.2,0.0
20260317_231121_245724,img_20260317_231121_245724.jpg,0.2,0.0
20260317_231121_297748,img_20260317_231121_297748.jpg,0.2,0.0
20260317_231121_337820,img_20260317_231121_337820.jpg,0.2,0.0
20260317_231121_387773,img_20260317_231121_387773.jpg,0.2,0.0
20260317_231121_439504,img_20260317_231121_439504.jpg,0.2,0.0
20260317_231121_490518,img_20260317_231121_490518.jpg,0.2,0.0
20260317_231121_541685,img_20260317_231121_541685.jpg,0.2,0.0
20260317_231121_592767,img_20260317_231121_592767.jpg,0.2,0.0
20260317_231121_644990,img_20260317_231121_644990.jpg,0.2,0.0
20260317_231121_692541,img_20260317_231121_692541.jpg,0.2,0.0
20260317_231121_743863,img_20260317_231121_743863.jpg,0.2,0.0
20260317_231121_792628,img_20260317_231121_792628.jpg,0.2,0.0
20260317_231121_841780,img_20260317_231121_841780.jpg,0.2,0.0
20260317_231121_894306,img_20260317_231121_894306.jpg,0.2,0.0
20260317_231121_955527,img_20260317_231121_955527.jpg,0.2,0.0
20260317_231122_006464,img_20260317_231122_006464.jpg,0.2,0.0
20260317_231122_048433,img_20260317_231122_048433.jpg,0.2,0.0
20260317_231122_107175,img_20260317_231122_107175.jpg,0.2,0.0
20260317_231122_149810,img_20260317_231122_149810.jpg,0.2,0.0
20260317_231122_200602,img_20260317_231122_200602.jpg,0.2,0.0
20260317_231122_250682,img_20260317_231122_250682.jpg,0.2,0.0
20260317_231122_311814,img_20260317_231122_311814.jpg,0.2,0.0
20260317_231122_360787,img_20260317_231122_360787.jpg,0.2,0.0
20260317_231122_402687,img_20260317_231122_402687.jpg,0.2,0.0
20260317_231122_463343,img_20260317_231122_463343.jpg,0.2,0.0
20260317_231122_501753,img_20260317_231122_501753.jpg,0.2,0.0
20260317_231122_554142,img_20260317_231122_554142.jpg,0.2,0.0
20260317_231122_605491,img_20260317_231122_605491.jpg,0.2,0.0
20260317_231122_654476,img_20260317_231122_654476.jpg,0.2,0.0
20260317_231122_716221,img_20260317_231122_716221.jpg,0.2,0.0
20260317_231122_767478,img_20260317_231122_767478.jpg,0.2,0.0
20260317_231122_807585,img_20260317_231122_807585.jpg,0.2,0.0
20260317_231122_856992,img_20260317_231122_856992.jpg,0.2,0.0
20260317_231122_923128,img_20260317_231122_923128.jpg,0.2,0.0
20260317_231122_962908,img_20260317_231122_962908.jpg,0.2,0.0
20260317_231123_016465,img_20260317_231123_016465.jpg,0.2,0.0
20260317_231123_069797,img_20260317_231123_069797.jpg,0.2,0.0
20260317_231123_115948,img_20260317_231123_115948.jpg,0.2,0.0
20260317_231123_176383,img_20260317_231123_176383.jpg,0.2,0.0
20260317_231123_217964,img_20260317_231123_217964.jpg,0.2,0.0
20260317_231123_268980,img_20260317_231123_268980.jpg,0.2,0.0
20260317_231123_318893,img_20260317_231123_318893.jpg,0.2,0.0
20260317_231123_379670,img_20260317_231123_379670.jpg,0.2,0.0
20260317_231123_419296,img_20260317_231123_419296.jpg,0.2,0.0
20260317_231123_490086,img_20260317_231123_490086.jpg,0.2,0.0
20260317_231123_520999,img_20260317_231123_520999.jpg,0.2,0.0
20260317_231123_583568,img_20260317_231123_583568.jpg,0.2,0.0
20260317_231123_621981,img_20260317_231123_621981.jpg,0.2,0.0
20260317_231123_674268,img_20260317_231123_674268.jpg,0.2,0.0
20260317_231123_724297,img_20260317_231123_724297.jpg,0.2,0.0
20260317_231123_786531,img_20260317_231123_786531.jpg,0.2,0.0
20260317_231123_826165,img_20260317_231123_826165.jpg,0.2,0.0
20260317_231123_889055,img_20260317_231123_889055.jpg,0.2,0.0
20260317_231123_929659,img_20260317_231123_929659.jpg,0.2,0.0
20260317_231123_989808,img_20260317_231123_989808.jpg,0.2,0.0
20260317_231124_040974,img_20260317_231124_040974.jpg,0.2,0.0
20260317_231124_082628,img_20260317_231124_082628.jpg,0.2,0.0
20260317_231124_130337,img_20260317_231124_130337.jpg,0.2,0.0
20260317_231124_181170,img_20260317_231124_181170.jpg,0.2,0.0
20260317_231124_242428,img_20260317_231124_242428.jpg,0.2,0.0
20260317_231124_282926,img_20260317_231124_282926.jpg,0.2,0.0
20260317_231124_333830,img_20260317_231124_333830.jpg,0.2,0.0
20260317_231124_383791,img_20260317_231124_383791.jpg,0.2,0.0
20260317_231124_434464,img_20260317_231124_434464.jpg,0.2,0.0
20260317_231124_486277,img_20260317_231124_486277.jpg,0.2,0.0
20260317_231124_536789,img_20260317_231124_536789.jpg,0.2,0.0
20260317_231124_588177,img_20260317_231124_588177.jpg,0.2,0.0
20260317_231124_638046,img_20260317_231124_638046.jpg,0.2,0.0
20260317_231124_699970,img_20260317_231124_699970.jpg,0.2,0.0
20260317_231124_740860,img_20260317_231124_740860.jpg,0.2,0.0
20260317_231124_792706,img_20260317_231124_792706.jpg,0.2,0.0
20260317_231124_841965,img_20260317_231124_841965.jpg,0.2,0.0
20260317_231124_892865,img_20260317_231124_892865.jpg,0.2,0.0
20260317_231124_942963,img_20260317_231124_942963.jpg,0.2,0.0
20260317_231124_995104,img_20260317_231124_995104.jpg,0.2,0.0
20260317_231125_045226,img_20260317_231125_045226.jpg,0.2,0.0
20260317_231125_095533,img_20260317_231125_095533.jpg,0.2,0.0
20260317_231125_157310,img_20260317_231125_157310.jpg,0.2,0.0
20260317_231125_208180,img_20260317_231125_208180.jpg,0.2,0.0
20260317_231125_259816,img_20260317_231125_259816.jpg,0.2,0.0
20260317_231125_300548,img_20260317_231125_300548.jpg,0.2,0.0
20260317_231125_351616,img_20260317_231125_351616.jpg,0.2,0.0
20260317_231125_411122,img_20260317_231125_411122.jpg,0.2,0.0
20260317_231125_454285,img_20260317_231125_454285.jpg,0.2,0.0
20260317_231125_503555,img_20260317_231125_503555.jpg,0.2,0.0
20260317_231125_565939,img_20260317_231125_565939.jpg,0.2,0.0
20260317_231125_605675,img_20260317_231125_605675.jpg,0.2,0.0
20260317_231125_667550,img_20260317_231125_667550.jpg,0.2,0.0
20260317_231125_707956,img_20260317_231125_707956.jpg,0.2,0.0
20260317_231125_758640,img_20260317_231125_758640.jpg,0.2,0.0
20260317_231125_811263,img_20260317_231125_811263.jpg,0.2,0.0
20260317_231125_861692,img_20260317_231125_861692.jpg,0.2,0.0
20260317_231125_911782,img_20260317_231125_911782.jpg,0.2,0.0
20260317_231125_963978,img_20260317_231125_963978.jpg,0.2,0.0
20260317_231126_012686,img_20260317_231126_012686.jpg,0.2,0.0
20260317_231126_076436,img_20260317_231126_076436.jpg,0.2,0.0
20260317_231126_118010,img_20260317_231126_118010.jpg,0.2,0.0
20260317_231126_178538,img_20260317_231126_178538.jpg,0.2,0.0
20260317_231126_218769,img_20260317_231126_218769.jpg,0.2,0.0
20260317_231126_280355,img_20260317_231126_280355.jpg,0.2,0.0
20260317_231126_321485,img_20260317_231126_321485.jpg,0.2,0.0
20260317_231126_374474,img_20260317_231126_374474.jpg,0.2,0.0
20260317_231126_434989,img_20260317_231126_434989.jpg,0.2,0.0
20260317_231126_474882,img_20260317_231126_474882.jpg,0.2,0.0
20260317_231126_538946,img_20260317_231126_538946.jpg,0.2,0.0
20260317_231126_576893,img_20260317_231126_576893.jpg,0.2,0.0
20260317_231126_628707,img_20260317_231126_628707.jpg,0.2,0.0
20260317_231126_679874,img_20260317_231126_679874.jpg,0.2,0.0
20260317_231126_740459,img_20260317_231126_740459.jpg,0.2,0.0
20260317_231126_780170,img_20260317_231126_780170.jpg,0.2,0.0
20260317_231126_832119,img_20260317_231126_832119.jpg,0.2,0.0
20260317_231126_882313,img_20260317_231126_882313.jpg,0.2,0.0
20260317_231126_931463,img_20260317_231126_931463.jpg,0.2,0.0
20260317_231126_982165,img_20260317_231126_982165.jpg,0.2,0.0
20260317_231127_034238,img_20260317_231127_034238.jpg,0.2,0.0
20260317_231127_084723,img_20260317_231127_084723.jpg,0.2,0.0
20260317_231127_136636,img_20260317_231127_136636.jpg,0.2,0.0
20260317_231127_188291,img_20260317_231127_188291.jpg,0.2,0.0
20260317_231127_246514,img_20260317_231127_246514.jpg,0.2,0.0
20260317_231127_288874,img_20260317_231127_288874.jpg,0.2,0.0
20260317_231127_351809,img_20260317_231127_351809.jpg,0.2,0.0
20260317_231127_390644,img_20260317_231127_390644.jpg,0.2,0.0
20260317_231127_450577,img_20260317_231127_450577.jpg,0.2,0.0
20260317_231127_502152,img_20260317_231127_502152.jpg,0.2,0.0
20260317_231127_542933,img_20260317_231127_542933.jpg,0.2,0.0
20260317_231127_603601,img_20260317_231127_603601.jpg,0.2,0.0
20260317_231127_641881,img_20260317_231127_641881.jpg,0.2,0.0
20260317_231127_695574,img_20260317_231127_695574.jpg,0.2,0.0
20260317_231127_756056,img_20260317_231127_756056.jpg,0.2,0.0
20260317_231127_806512,img_20260317_231127_806512.jpg,0.2,0.0
20260317_231127_846534,img_20260317_231127_846534.jpg,0.2,0.0
20260317_231127_898451,img_20260317_231127_898451.jpg,0.2,0.0
20260317_231127_948372,img_20260317_231127_948372.jpg,0.2,0.0
20260317_231128_010933,img_20260317_231128_010933.jpg,0.2,0.0
20260317_231128_061307,img_20260317_231128_061307.jpg,0.2,0.0
20260317_231128_113595,img_20260317_231128_113595.jpg,0.2,0.0
20260317_231128_153599,img_20260317_231128_153599.jpg,0.2,0.0
20260317_231128_206292,img_20260317_231128_206292.jpg,0.2,0.0
20260317_231128_256012,img_20260317_231128_256012.jpg,0.2,0.0
20260317_231128_318825,img_20260317_231128_318825.jpg,0.2,0.0
20260317_231128_357669,img_20260317_231128_357669.jpg,0.2,0.0
20260317_231128_416687,img_20260317_231128_416687.jpg,0.2,0.0
20260317_231128_456337,img_20260317_231128_456337.jpg,0.2,0.0
20260317_231128_509234,img_20260317_231128_509234.jpg,0.2,0.0
20260317_231127_985699,img_20260317_231127_985699.jpg,0.2,0.0
20260317_231128_023679,img_20260317_231128_023679.jpg,0.2,0.0
20260317_231128_076327,img_20260317_231128_076327.jpg,0.2,0.0
20260317_231128_128216,img_20260317_231128_128216.jpg,0.2,0.0
20260317_231128_178820,img_20260317_231128_178820.jpg,0.2,0.0
20260317_231128_230381,img_20260317_231128_230381.jpg,0.2,0.0
20260317_231128_282090,img_20260317_231128_282090.jpg,0.2,0.0
20260317_231128_340264,img_20260317_231128_340264.jpg,0.2,0.0
20260317_231128_384211,img_20260317_231128_384211.jpg,0.2,0.0
20260317_231128_431973,img_20260317_231128_431973.jpg,0.2,0.0
20260317_231128_482811,img_20260317_231128_482811.jpg,0.2,0.0
20260317_231128_533543,img_20260317_231128_533543.jpg,0.2,0.0
20260317_231128_586385,img_20260317_231128_586385.jpg,0.2,0.0
20260317_231128_636372,img_20260317_231128_636372.jpg,0.2,0.0
20260317_231128_697904,img_20260317_231128_697904.jpg,0.2,0.0
20260317_231128_736444,img_20260317_231128_736444.jpg,0.2,0.0
20260317_231128_801113,img_20260317_231128_801113.jpg,0.2,0.0
20260317_231128_849506,img_20260317_231128_849506.jpg,0.2,0.0
20260317_231128_903792,img_20260317_231128_903792.jpg,0.2,0.0
20260317_231128_941770,img_20260317_231128_941770.jpg,0.2,0.0
20260317_231129_002377,img_20260317_231129_002377.jpg,0.2,0.0
20260317_231129_055565,img_20260317_231129_055565.jpg,0.2,0.0
20260317_231129_100162,img_20260317_231129_100162.jpg,0.2,0.0
20260317_231129_146250,img_20260317_231129_146250.jpg,0.2,0.0
20260317_231129_196413,img_20260317_231129_196413.jpg,0.2,0.0
20260317_231129_247639,img_20260317_231129_247639.jpg,0.2,0.0
20260317_231129_302403,img_20260317_231129_302403.jpg,0.2,0.0
20260317_231129_361597,img_20260317_231129_361597.jpg,0.2,0.0
20260317_231129_410673,img_20260317_231129_410673.jpg,0.2,0.0
20260317_231129_449583,img_20260317_231129_449583.jpg,0.2,0.0
20260317_231129_513034,img_20260317_231129_513034.jpg,0.2,0.0
20260317_231129_552779,img_20260317_231129_552779.jpg,0.2,0.0
20260317_231129_601738,img_20260317_231129_601738.jpg,0.2,0.0
20260317_231129_662474,img_20260317_231129_662474.jpg,0.2,0.0
20260317_231129_705557,img_20260317_231129_705557.jpg,0.2,0.0
20260317_231129_766611,img_20260317_231129_766611.jpg,0.2,0.0
20260317_231129_804742,img_20260317_231129_804742.jpg,0.2,0.0
20260317_231129_856414,img_20260317_231129_856414.jpg,0.2,0.0
20260317_231129_907459,img_20260317_231129_907459.jpg,0.2,0.0
20260317_231129_961206,img_20260317_231129_961206.jpg,0.2,0.0
20260317_231130_020632,img_20260317_231130_020632.jpg,0.2,0.0
20260317_231130_063428,img_20260317_231130_063428.jpg,0.2,0.0
20260317_231130_109167,img_20260317_231130_109167.jpg,0.2,0.0
20260317_231130_173460,img_20260317_231130_173460.jpg,0.2,0.0
20260317_231130_212921,img_20260317_231130_212921.jpg,0.2,0.0
20260317_231130_273523,img_20260317_231130_273523.jpg,0.2,0.0
20260317_231130_324924,img_20260317_231130_324924.jpg,0.2,0.0
20260317_231130_363978,img_20260317_231130_363978.jpg,0.2,0.0
20260317_231130_415502,img_20260317_231130_415502.jpg,0.2,0.0
20260317_231130_474162,img_20260317_231130_474162.jpg,0.2,0.0
20260317_231130_517981,img_20260317_231130_517981.jpg,0.2,0.0
20260317_231130_567346,img_20260317_231130_567346.jpg,0.2,0.0
20260317_231130_630112,img_20260317_231130_630112.jpg,0.2,0.0
20260317_231130_671108,img_20260317_231130_671108.jpg,0.2,0.0
20260317_231130_732097,img_20260317_231130_732097.jpg,0.2,0.0
20260317_231130_783504,img_20260317_231130_783504.jpg,0.2,0.0
20260317_231130_834627,img_20260317_231130_834627.jpg,0.2,0.0
20260317_231130_885739,img_20260317_231130_885739.jpg,0.2,0.0
20260317_231130_924591,img_20260317_231130_924591.jpg,0.2,0.0
20260317_231130_975305,img_20260317_231130_975305.jpg,0.2,0.0
20260317_231131_026175,img_20260317_231131_026175.jpg,0.2,0.0
20260317_231131_075749,img_20260317_231131_075749.jpg,0.2,0.0
20260317_231131_139870,img_20260317_231131_139870.jpg,0.2,0.0
20260317_231131_187685,img_20260317_231131_187685.jpg,0.2,0.0
20260317_231131_240990,img_20260317_231131_240990.jpg,0.2,0.0
20260317_231131_291568,img_20260317_231131_291568.jpg,0.2,0.0
20260317_231131_333927,img_20260317_231131_333927.jpg,0.2,0.0
20260317_231131_382880,img_20260317_231131_382880.jpg,0.2,0.0
20260317_231131_432229,img_20260317_231131_432229.jpg,0.2,0.0
20260317_231131_503868,img_20260317_231131_503868.jpg,0.2,0.0
20260317_231131_565024,img_20260317_231131_565024.jpg,0.2,0.0
20260317_231131_606214,img_20260317_231131_606214.jpg,0.2,0.0
20260317_231131_655570,img_20260317_231131_655570.jpg,0.2,0.0
20260317_231131_694358,img_20260317_231131_694358.jpg,0.2,0.0
20260317_231131_740479,img_20260317_231131_740479.jpg,0.2,0.0
20260317_231131_801929,img_20260317_231131_801929.jpg,0.2,0.0
20260317_231131_855395,img_20260317_231131_855395.jpg,0.2,0.0
20260317_231131_896469,img_20260317_231131_896469.jpg,0.2,0.0
20260317_231131_954083,img_20260317_231131_954083.jpg,0.2,0.0
20260317_231131_996452,img_20260317_231131_996452.jpg,0.2,0.0
20260317_231132_047612,img_20260317_231132_047612.jpg,0.2,0.0
20260317_231132_100929,img_20260317_231132_100929.jpg,0.2,0.0
20260317_231132_150110,img_20260317_231132_150110.jpg,0.2,0.0
20260317_231132_199663,img_20260317_231132_199663.jpg,0.2,0.0
20260317_231132_249092,img_20260317_231132_249092.jpg,0.2,0.0
20260317_231132_313786,img_20260317_231132_313786.jpg,0.2,0.0
20260317_231132_365040,img_20260317_231132_365040.jpg,0.2,0.0
20260317_231132_405444,img_20260317_231132_405444.jpg,0.2,0.0
20260317_231132_461055,img_20260317_231132_461055.jpg,0.2,0.0
20260317_231132_512326,img_20260317_231132_512326.jpg,0.2,0.0
20260317_231132_569831,img_20260317_231132_569831.jpg,0.2,0.0
20260317_231132_610234,img_20260317_231132_610234.jpg,0.2,0.0
20260317_231132_655836,img_20260317_231132_655836.jpg,0.2,0.0
20260317_231132_708366,img_20260317_231132_708366.jpg,0.2,0.0
20260317_231132_758611,img_20260317_231132_758611.jpg,0.2,0.0
20260317_231132_809089,img_20260317_231132_809089.jpg,0.2,0.0
20260317_231132_860451,img_20260317_231132_860451.jpg,0.2,0.0
20260317_231132_909257,img_20260317_231132_909257.jpg,0.2,0.0
20260317_231132_960413,img_20260317_231132_960413.jpg,0.2,0.0
20260317_231133_010504,img_20260317_231133_010504.jpg,0.2,0.0
20260317_231133_059716,img_20260317_231133_059716.jpg,0.2,0.0
20260317_231133_123820,img_20260317_231133_123820.jpg,0.2,0.0
20260317_231133_161867,img_20260317_231133_161867.jpg,0.2,0.0
20260317_231133_224089,img_20260317_231133_224089.jpg,0.2,0.0
20260317_231133_265691,img_20260317_231133_265691.jpg,0.2,0.0
20260317_231133_326254,img_20260317_231133_326254.jpg,0.2,0.0
20260317_231133_367793,img_20260317_231133_367793.jpg,0.2,0.0
20260317_231133_429134,img_20260317_231133_429134.jpg,0.2,0.0
20260317_231133_481502,img_20260317_231133_481502.jpg,0.2,0.0
20260317_231133_535126,img_20260317_231133_535126.jpg,0.2,0.0
20260317_231133_574625,img_20260317_231133_574625.jpg,0.2,0.0
20260317_231133_624381,img_20260317_231133_624381.jpg,0.2,0.0
20260317_231133_676840,img_20260317_231133_676840.jpg,0.2,0.0
20260317_231133_738847,img_20260317_231133_738847.jpg,0.2,0.0
20260317_231133_790484,img_20260317_231133_790484.jpg,0.2,0.0
20260317_231133_831561,img_20260317_231133_831561.jpg,0.2,0.0
20260317_231133_895466,img_20260317_231133_895466.jpg,0.2,0.0
20260317_231133_945522,img_20260317_231133_945522.jpg,0.2,0.0
20260317_231133_996725,img_20260317_231133_996725.jpg,0.2,0.0
20260317_231134_036546,img_20260317_231134_036546.jpg,0.2,0.0
20260317_231134_089015,img_20260317_231134_089015.jpg,0.2,0.0
20260317_231134_149561,img_20260317_231134_149561.jpg,0.2,0.0
20260317_231134_193069,img_20260317_231134_193069.jpg,0.2,0.0
20260317_231134_242017,img_20260317_231134_242017.jpg,0.2,0.0
20260317_231134_305536,img_20260317_231134_305536.jpg,0.2,0.0
20260317_231134_345728,img_20260317_231134_345728.jpg,0.2,0.0
20260317_231134_397726,img_20260317_231134_397726.jpg,0.2,0.0
20260317_231134_456048,img_20260317_231134_456048.jpg,0.2,0.0
20260317_231134_500283,img_20260317_231134_500283.jpg,0.2,0.0
20260317_231134_547847,img_20260317_231134_547847.jpg,0.2,0.0
20260317_231134_599045,img_20260317_231134_599045.jpg,0.2,0.0
20260317_231134_650567,img_20260317_231134_650567.jpg,0.2,0.0
20260317_231134_714185,img_20260317_231134_714185.jpg,0.2,0.0
20260317_231134_752593,img_20260317_231134_752593.jpg,0.2,0.0
20260317_231134_805948,img_20260317_231134_805948.jpg,0.2,0.0
20260317_231134_855061,img_20260317_231134_855061.jpg,0.2,0.0
20260317_231134_907331,img_20260317_231134_907331.jpg,0.2,0.0
20260317_231134_957495,img_20260317_231134_957495.jpg,0.2,0.0
20260317_231135_010162,img_20260317_231135_010162.jpg,0.2,0.0
20260317_231135_059884,img_20260317_231135_059884.jpg,0.2,0.0
20260317_231135_109064,img_20260317_231135_109064.jpg,0.2,0.0
20260317_231135_161263,img_20260317_231135_161263.jpg,0.2,0.0
20260317_231135_226844,img_20260317_231135_226844.jpg,0.2,0.0
20260317_231135_265704,img_20260317_231135_265704.jpg,0.2,0.0
20260317_231135_315740,img_20260317_231135_315740.jpg,0.2,0.0
20260317_231135_367510,img_20260317_231135_367510.jpg,0.2,0.0
20260317_231135_428911,img_20260317_231135_428911.jpg,0.2,0.0
20260317_231135_468267,img_20260317_231135_468267.jpg,0.2,0.0
20260317_231135_521603,img_20260317_231135_521603.jpg,0.2,0.0
20260317_231135_581318,img_20260317_231135_581318.jpg,0.2,0.0
20260317_231135_622701,img_20260317_231135_622701.jpg,0.2,0.0
20260317_231135_672228,img_20260317_231135_672228.jpg,0.2,0.0
20260317_231135_733221,img_20260317_231135_733221.jpg,0.2,0.0
20260317_231135_774119,img_20260317_231135_774119.jpg,0.2,0.0
20260317_231135_836383,img_20260317_231135_836383.jpg,0.2,0.0
20260317_231135_874965,img_20260317_231135_874965.jpg,0.2,0.0
20260317_231135_923925,img_20260317_231135_923925.jpg,0.2,0.0
20260317_231135_976241,img_20260317_231135_976241.jpg,0.2,0.0
20260317_231136_038266,img_20260317_231136_038266.jpg,0.2,0.0
20260317_231136_075467,img_20260317_231136_075467.jpg,0.2,0.0
20260317_231136_127603,img_20260317_231136_127603.jpg,0.2,0.0
20260317_231136_191859,img_20260317_231136_191859.jpg,0.2,0.0
20260317_231136_231649,img_20260317_231136_231649.jpg,0.2,0.0
20260317_231136_278897,img_20260317_231136_278897.jpg,0.2,0.0
20260317_231136_342588,img_20260317_231136_342588.jpg,0.2,0.0
20260317_231136_383615,img_20260317_231136_383615.jpg,0.2,0.0
20260317_231136_445906,img_20260317_231136_445906.jpg,0.2,0.0
20260317_231136_484156,img_20260317_231136_484156.jpg,0.2,0.0
20260317_231136_546703,img_20260317_231136_546703.jpg,0.2,0.0
20260317_231136_587661,img_20260317_231136_587661.jpg,0.2,0.0
20260317_231136_635469,img_20260317_231136_635469.jpg,0.2,0.0
20260317_231136_687267,img_20260317_231136_687267.jpg,0.2,0.0
20260317_231136_739879,img_20260317_231136_739879.jpg,0.2,0.0
20260317_231136_789377,img_20260317_231136_789377.jpg,0.2,0.0
20260317_231136_840411,img_20260317_231136_840411.jpg,0.2,0.0
20260317_231136_894253,img_20260317_231136_894253.jpg,0.2,0.0
20260317_231136_941757,img_20260317_231136_941757.jpg,0.2,0.0
20260317_231137_003204,img_20260317_231137_003204.jpg,0.2,0.0
20260317_231137_042708,img_20260317_231137_042708.jpg,0.2,0.0
20260317_231137_091821,img_20260317_231137_091821.jpg,0.2,0.0
20260317_231137_154621,img_20260317_231137_154621.jpg,0.2,0.0
20260317_231137_195682,img_20260317_231137_195682.jpg,0.2,0.0
20260317_231137_245496,img_20260317_231137_245496.jpg,0.2,0.0
20260317_231137_296125,img_20260317_231137_296125.jpg,0.2,0.0
20260317_231137_347332,img_20260317_231137_347332.jpg,0.2,0.0
20260317_231137_398937,img_20260317_231137_398937.jpg,0.2,0.0
20260317_231137_460083,img_20260317_231137_460083.jpg,0.2,0.0
20260317_231137_500863,img_20260317_231137_500863.jpg,0.2,0.0
20260317_231137_550539,img_20260317_231137_550539.jpg,0.2,0.0
20260317_231137_602858,img_20260317_231137_602858.jpg,0.2,0.0
20260317_231137_663694,img_20260317_231137_663694.jpg,0.2,0.0
20260317_231137_707015,img_20260317_231137_707015.jpg,0.2,0.0
20260317_231137_767436,img_20260317_231137_767436.jpg,0.2,0.0
20260317_231137_807742,img_20260317_231137_807742.jpg,0.2,0.0
20260317_231137_868746,img_20260317_231137_868746.jpg,0.2,0.0
20260317_231137_909656,img_20260317_231137_909656.jpg,0.2,0.0
20260317_231137_969232,img_20260317_231137_969232.jpg,0.2,0.0
20260317_231138_021274,img_20260317_231138_021274.jpg,0.2,0.0
20260317_231138_064347,img_20260317_231138_064347.jpg,0.2,0.0
20260317_231138_111799,img_20260317_231138_111799.jpg,0.2,0.0
20260317_231138_164126,img_20260317_231138_164126.jpg,0.2,0.0
20260317_231138_214046,img_20260317_231138_214046.jpg,0.2,0.0
20260317_231138_264491,img_20260317_231138_264491.jpg,0.2,0.0
20260317_231138_315090,img_20260317_231138_315090.jpg,0.2,0.0
20260317_231138_377074,img_20260317_231138_377074.jpg,0.2,0.0
20260317_231138_419236,img_20260317_231138_419236.jpg,0.2,0.0
20260317_231138_467618,img_20260317_231138_467618.jpg,0.2,0.0
20260317_231138_518764,img_20260317_231138_518764.jpg,0.2,0.0
20260317_231138_569155,img_20260317_231138_569155.jpg,0.2,0.0
20260317_231138_634487,img_20260317_231138_634487.jpg,0.2,0.0
20260317_231138_671068,img_20260317_231138_671068.jpg,0.2,0.0
20260317_231138_722387,img_20260317_231138_722387.jpg,0.2,0.0
20260317_231138_773350,img_20260317_231138_773350.jpg,0.2,0.0
20260317_231138_834191,img_20260317_231138_834191.jpg,0.2,0.0
20260317_231138_875274,img_20260317_231138_875274.jpg,0.2,0.0
20260317_231138_937066,img_20260317_231138_937066.jpg,0.2,0.0
20260317_231138_978921,img_20260317_231138_978921.jpg,0.2,0.0
20260317_231139_028240,img_20260317_231139_028240.jpg,0.2,0.0
20260317_231139_077659,img_20260317_231139_077659.jpg,0.2,0.0
20260317_231139_138871,img_20260317_231139_138871.jpg,0.2,0.0
20260317_231139_179896,img_20260317_231139_179896.jpg,0.2,0.0
20260317_231139_242035,img_20260317_231139_242035.jpg,0.2,0.0
20260317_231139_291579,img_20260317_231139_291579.jpg,0.2,0.0
20260317_231139_343416,img_20260317_231139_343416.jpg,0.2,0.0
20260317_231139_393616,img_20260317_231139_393616.jpg,0.2,0.0
20260317_231139_434842,img_20260317_231139_434842.jpg,0.2,0.0
20260317_231139_487643,img_20260317_231139_487643.jpg,0.2,0.0
20260317_231139_535608,img_20260317_231139_535608.jpg,0.2,0.0
20260317_231139_587520,img_20260317_231139_587520.jpg,0.2,0.0
20260317_231139_637640,img_20260317_231139_637640.jpg,0.2,0.0
20260317_231139_688875,img_20260317_231139_688875.jpg,0.2,0.0
20260317_231139_739204,img_20260317_231139_739204.jpg,0.2,0.0
20260317_231139_790265,img_20260317_231139_790265.jpg,0.2,0.0
20260317_231139_843749,img_20260317_231139_843749.jpg,0.2,0.0
20260317_231139_894261,img_20260317_231139_894261.jpg,0.2,0.0
20260317_231139_955912,img_20260317_231139_955912.jpg,0.2,0.0
20260317_231139_996119,img_20260317_231139_996119.jpg,0.2,0.0
20260317_231140_047027,img_20260317_231140_047027.jpg,0.2,0.0
20260317_231140_105547,img_20260317_231140_105547.jpg,0.2,0.0
20260317_231140_147077,img_20260317_231140_147077.jpg,0.2,0.0
20260317_231140_198536,img_20260317_231140_198536.jpg,0.2,0.0
20260317_231140_249746,img_20260317_231140_249746.jpg,0.2,0.0
20260317_231140_298822,img_20260317_231140_298822.jpg,0.2,0.0
20260317_231140_351305,img_20260317_231140_351305.jpg,0.2,0.0
20260317_231140_400326,img_20260317_231140_400326.jpg,0.2,0.0
20260317_231140_451541,img_20260317_231140_451541.jpg,0.2,0.0
20260317_231140_502830,img_20260317_231140_502830.jpg,0.2,0.0
20260317_231140_564265,img_20260317_231140_564265.jpg,0.2,0.0
20260317_231140_615257,img_20260317_231140_615257.jpg,0.2,0.0
20260317_231140_667288,img_20260317_231140_667288.jpg,0.2,0.0
20260317_231140_717038,img_20260317_231140_717038.jpg,0.2,0.0
20260317_231140_757389,img_20260317_231140_757389.jpg,0.2,0.0
20260317_231140_818539,img_20260317_231140_818539.jpg,0.2,0.0
20260317_231140_857867,img_20260317_231140_857867.jpg,0.2,0.0
20260317_231140_909688,img_20260317_231140_909688.jpg,0.2,0.0
20260317_231140_969068,img_20260317_231140_969068.jpg,0.2,0.0
20260317_231141_011909,img_20260317_231141_011909.jpg,0.2,0.0
20260317_231141_061081,img_20260317_231141_061081.jpg,0.2,0.0
20260317_231141_112601,img_20260317_231141_112601.jpg,0.2,0.0
20260317_231141_163024,img_20260317_231141_163024.jpg,0.2,0.0
20260317_231141_215956,img_20260317_231141_215956.jpg,0.2,0.0
20260317_231141_266702,img_20260317_231141_266702.jpg,0.2,0.0
20260317_231141_318745,img_20260317_231141_318745.jpg,0.2,0.0
20260317_231141_367965,img_20260317_231141_367965.jpg,0.2,0.0
20260317_231141_419765,img_20260317_231141_419765.jpg,0.2,0.0
20260317_231141_473369,img_20260317_231141_473369.jpg,0.2,0.0
20260317_231141_537826,img_20260317_231141_537826.jpg,0.2,0.0
20260317_231141_588727,img_20260317_231141_588727.jpg,0.2,0.0
20260317_231141_637094,img_20260317_231141_637094.jpg,0.2,0.0
20260317_231141_686592,img_20260317_231141_686592.jpg,0.2,0.0
20260317_231141_735820,img_20260317_231141_735820.jpg,0.2,0.0
20260317_231141_790394,img_20260317_231141_790394.jpg,0.2,0.0
20260317_231141_841515,img_20260317_231141_841515.jpg,0.2,0.0
20260317_231141_896521,img_20260317_231141_896521.jpg,0.2,0.0
20260317_231141_943843,img_20260317_231141_943843.jpg,0.2,0.0
20260317_231141_995569,img_20260317_231141_995569.jpg,0.2,0.0
20260317_231142_046668,img_20260317_231142_046668.jpg,0.2,0.0
20260317_231142_109228,img_20260317_231142_109228.jpg,0.2,0.0
20260317_231142_160358,img_20260317_231142_160358.jpg,0.2,0.0
20260317_231142_202294,img_20260317_231142_202294.jpg,0.2,0.0
20260317_231142_252577,img_20260317_231142_252577.jpg,0.2,0.0
20260317_231142_306298,img_20260317_231142_306298.jpg,0.2,0.0
20260317_231142_368899,img_20260317_231142_368899.jpg,0.2,0.0
20260317_231142_422034,img_20260317_231142_422034.jpg,0.2,0.0
20260317_231142_458427,img_20260317_231142_458427.jpg,0.2,0.0
20260317_231142_522103,img_20260317_231142_522103.jpg,0.2,0.0
20260317_231142_561253,img_20260317_231142_561253.jpg,0.2,0.0
20260317_231142_612912,img_20260317_231142_612912.jpg,0.2,0.0
20260317_231142_665259,img_20260317_231142_665259.jpg,0.2,0.0
20260317_231142_718702,img_20260317_231142_718702.jpg,0.2,0.0
20260317_231142_766618,img_20260317_231142_766618.jpg,0.2,0.0
20260317_231142_818661,img_20260317_231142_818661.jpg,0.2,0.0
20260317_231142_872636,img_20260317_231142_872636.jpg,0.2,0.0
20260317_231142_922297,img_20260317_231142_922297.jpg,0.2,0.0
20260317_231142_973381,img_20260317_231142_973381.jpg,0.2,0.0
20260317_231143_037073,img_20260317_231143_037073.jpg,0.2,0.0
20260317_231143_080182,img_20260317_231143_080182.jpg,0.2,0.0
20260317_231143_129432,img_20260317_231143_129432.jpg,0.2,0.0
20260317_231143_189963,img_20260317_231143_189963.jpg,0.2,0.0
20260317_231143_231231,img_20260317_231143_231231.jpg,0.2,0.0
20260317_231143_283915,img_20260317_231143_283915.jpg,0.2,0.0
20260317_231143_333759,img_20260317_231143_333759.jpg,0.2,0.0
20260317_231143_386019,img_20260317_231143_386019.jpg,0.2,0.0
20260317_231143_435877,img_20260317_231143_435877.jpg,0.2,0.0
20260317_231143_489358,img_20260317_231143_489358.jpg,0.2,0.0
20260317_231143_538410,img_20260317_231143_538410.jpg,0.2,0.0
20260317_231143_600098,img_20260317_231143_600098.jpg,0.2,0.0
20260317_231143_654190,img_20260317_231143_654190.jpg,0.2,0.0
20260317_231143_702379,img_20260317_231143_702379.jpg,0.2,0.0
20260317_231143_743176,img_20260317_231143_743176.jpg,0.2,0.0
20260317_231143_793873,img_20260317_231143_793873.jpg,0.2,0.0
20260317_231143_847040,img_20260317_231143_847040.jpg,0.2,0.0
20260317_231143_908600,img_20260317_231143_908600.jpg,0.2,0.0
20260317_231143_949172,img_20260317_231143_949172.jpg,0.2,0.0
20260317_231143_998764,img_20260317_231143_998764.jpg,0.2,0.0
20260317_231144_048924,img_20260317_231144_048924.jpg,0.2,0.0
20260317_231144_101992,img_20260317_231144_101992.jpg,0.2,0.0
20260317_231144_152983,img_20260317_231144_152983.jpg,0.2,0.0
20260317_231144_204124,img_20260317_231144_204124.jpg,0.2,0.0
20260317_231144_256195,img_20260317_231144_256195.jpg,0.2,0.0
20260317_231144_307032,img_20260317_231144_307032.jpg,0.2,0.0
20260317_231144_359592,img_20260317_231144_359592.jpg,0.2,0.0
20260317_231144_411176,img_20260317_231144_411176.jpg,0.2,0.0
20260317_231144_462920,img_20260317_231144_462920.jpg,0.2,0.0
20260317_231144_516760,img_20260317_231144_516760.jpg,0.2,0.0
20260317_231144_560777,img_20260317_231144_560777.jpg,0.2,0.0
20260317_231144_612071,img_20260317_231144_612071.jpg,0.2,0.0
20260317_231144_673581,img_20260317_231144_673581.jpg,0.2,0.0
20260317_231144_715667,img_20260317_231144_715667.jpg,0.2,0.0
20260317_231144_767656,img_20260317_231144_767656.jpg,0.2,0.0
20260317_231144_815857,img_20260317_231144_815857.jpg,0.2,0.0
20260317_231144_866153,img_20260317_231144_866153.jpg,0.2,0.0
20260317_231144_917323,img_20260317_231144_917323.jpg,0.2,0.0
20260317_231144_985370,img_20260317_231144_985370.jpg,0.2,0.0
20260317_231145_031889,img_20260317_231145_031889.jpg,0.2,0.0
20260317_231145_071431,img_20260317_231145_071431.jpg,0.2,0.0
20260317_231145_122228,img_20260317_231145_122228.jpg,0.2,0.0
20260317_231145_175702,img_20260317_231145_175702.jpg,0.2,0.0
20260317_231145_236217,img_20260317_231145_236217.jpg,0.2,0.0
20260317_231145_277444,img_20260317_231145_277444.jpg,0.2,0.0
20260317_231145_328818,img_20260317_231145_328818.jpg,0.2,0.0
20260317_231145_382003,img_20260317_231145_382003.jpg,0.2,0.0
20260317_231145_440595,img_20260317_231145_440595.jpg,0.2,0.0
20260317_231145_492959,img_20260317_231145_492959.jpg,0.2,0.0
20260317_231145_534422,img_20260317_231145_534422.jpg,0.2,0.0
20260317_231145_583279,img_20260317_231145_583279.jpg,0.2,0.0
20260317_231145_635008,img_20260317_231145_635008.jpg,0.2,0.0
20260317_231145_687046,img_20260317_231145_687046.jpg,0.2,0.0
20260317_231145_748370,img_20260317_231145_748370.jpg,0.2,0.0
20260317_231145_787838,img_20260317_231145_787838.jpg,0.2,0.0
20260317_231145_841101,img_20260317_231145_841101.jpg,0.2,0.0
20260317_231145_890744,img_20260317_231145_890744.jpg,0.2,0.0
20260317_231145_943514,img_20260317_231145_943514.jpg,0.2,0.0
20260317_231145_994941,img_20260317_231145_994941.jpg,0.2,0.0
20260317_231146_047947,img_20260317_231146_047947.jpg,0.2,0.0
20260317_231146_095335,img_20260317_231146_095335.jpg,0.2,0.0
20260317_231146_145708,img_20260317_231146_145708.jpg,0.2,0.0
20260317_231146_198086,img_20260317_231146_198086.jpg,0.2,0.0
20260317_231146_247629,img_20260317_231146_247629.jpg,0.2,0.0
20260317_231146_298787,img_20260317_231146_298787.jpg,0.2,0.0
20260317_231146_348866,img_20260317_231146_348866.jpg,0.2,0.0
20260317_231146_400877,img_20260317_231146_400877.jpg,0.2,0.0
20260317_231146_451942,img_20260317_231146_451942.jpg,0.2,0.0
20260317_231146_504001,img_20260317_231146_504001.jpg,0.2,0.0
20260317_231146_558584,img_20260317_231146_558584.jpg,0.2,0.0
20260317_231146_607286,img_20260317_231146_607286.jpg,0.2,0.0
20260317_231146_660450,img_20260317_231146_660450.jpg,0.2,0.0
20260317_231146_710135,img_20260317_231146_710135.jpg,0.2,0.0
20260317_231146_771747,img_20260317_231146_771747.jpg,0.2,0.0
20260317_231146_814546,img_20260317_231146_814546.jpg,0.2,0.0
20260317_231146_874585,img_20260317_231146_874585.jpg,0.2,0.0
20260317_231146_914934,img_20260317_231146_914934.jpg,0.2,0.0
20260317_231146_967642,img_20260317_231146_967642.jpg,0.2,0.0
20260317_231147_017447,img_20260317_231147_017447.jpg,0.2,0.0
20260317_231147_069604,img_20260317_231147_069604.jpg,0.2,0.0
20260317_231147_118954,img_20260317_231147_118954.jpg,0.2,0.0
20260317_231147_174145,img_20260317_231147_174145.jpg,0.2,0.0
20260317_231147_222203,img_20260317_231147_222203.jpg,0.2,0.0
20260317_231147_283732,img_20260317_231147_283732.jpg,0.2,0.0
20260317_231147_334797,img_20260317_231147_334797.jpg,0.2,0.0
20260317_231147_376930,img_20260317_231147_376930.jpg,0.2,0.0
20260317_231147_426586,img_20260317_231147_426586.jpg,0.2,0.0
20260317_231147_476606,img_20260317_231147_476606.jpg,0.2,0.0
20260317_231147_528341,img_20260317_231147_528341.jpg,0.2,0.0
20260317_231147_582210,img_20260317_231147_582210.jpg,0.2,0.0
20260317_231147_641316,img_20260317_231147_641316.jpg,0.2,0.0
20260317_231147_681895,img_20260317_231147_681895.jpg,0.2,0.0
20260317_231147_733002,img_20260317_231147_733002.jpg,0.2,0.0
20260317_231147_785220,img_20260317_231147_785220.jpg,0.2,0.0
20260317_231147_837489,img_20260317_231147_837489.jpg,0.2,0.0
20260317_231147_887295,img_20260317_231147_887295.jpg,0.2,0.0
20260317_231147_938221,img_20260317_231147_938221.jpg,0.2,0.0
20260317_231147_989625,img_20260317_231147_989625.jpg,0.2,0.0
20260317_231148_043363,img_20260317_231148_043363.jpg,0.2,0.0
20260317_231148_094300,img_20260317_231148_094300.jpg,0.2,0.0
20260317_231148_145482,img_20260317_231148_145482.jpg,0.2,0.0
20260317_231148_197509,img_20260317_231148_197509.jpg,0.2,0.0
20260317_231148_247493,img_20260317_231148_247493.jpg,0.2,0.0
20260317_231148_297364,img_20260317_231148_297364.jpg,0.2,0.0
20260317_231148_349640,img_20260317_231148_349640.jpg,0.2,0.0
20260317_231148_398389,img_20260317_231148_398389.jpg,0.2,0.0
20260317_231148_451080,img_20260317_231148_451080.jpg,0.2,0.0
20260317_231148_501371,img_20260317_231148_501371.jpg,0.2,0.0
20260317_231148_549435,img_20260317_231148_549435.jpg,0.2,0.0
20260317_231148_603358,img_20260317_231148_603358.jpg,0.2,0.0
20260317_231148_667162,img_20260317_231148_667162.jpg,0.2,0.0
20260317_231148_703408,img_20260317_231148_703408.jpg,0.2,0.0
20260317_231148_752797,img_20260317_231148_752797.jpg,0.2,0.0
20260317_231148_805610,img_20260317_231148_805610.jpg,0.2,0.0
20260317_231148_858900,img_20260317_231148_858900.jpg,0.2,0.0
20260317_231148_906432,img_20260317_231148_906432.jpg,0.2,0.0
20260317_231148_959059,img_20260317_231148_959059.jpg,0.2,0.0
20260317_231149_008664,img_20260317_231149_008664.jpg,0.2,0.0
20260317_231149_060530,img_20260317_231149_060530.jpg,0.2,0.0
20260317_231149_111140,img_20260317_231149_111140.jpg,0.2,0.0
20260317_231149_174500,img_20260317_231149_174500.jpg,0.2,0.0
20260317_231149_225360,img_20260317_231149_225360.jpg,0.2,0.0
20260317_231149_263287,img_20260317_231149_263287.jpg,0.2,0.0
20260317_231149_314237,img_20260317_231149_314237.jpg,0.2,0.0
20260317_231149_375123,img_20260317_231149_375123.jpg,0.2,0.0
20260317_231149_427218,img_20260317_231149_427218.jpg,0.2,0.0
20260317_231149_469115,img_20260317_231149_469115.jpg,0.2,0.0
20260317_231149_517214,img_20260317_231149_517214.jpg,0.2,0.0
20260317_231149_579590,img_20260317_231149_579590.jpg,0.2,0.0
20260317_231149_618820,img_20260317_231149_618820.jpg,0.2,0.0
20260317_231149_682519,img_20260317_231149_682519.jpg,0.2,0.0
20260317_231149_735616,img_20260317_231149_735616.jpg,0.2,0.0
20260317_231149_773015,img_20260317_231149_773015.jpg,0.2,0.0
20260317_231149_835577,img_20260317_231149_835577.jpg,0.2,0.0
20260317_231149_876498,img_20260317_231149_876498.jpg,0.2,0.0
20260317_231149_926917,img_20260317_231149_926917.jpg,0.2,0.0
20260317_231149_990127,img_20260317_231149_990127.jpg,0.2,0.0
20260317_231150_030347,img_20260317_231150_030347.jpg,0.2,0.0
20260317_231150_080787,img_20260317_231150_080787.jpg,0.2,0.0
20260317_231150_130639,img_20260317_231150_130639.jpg,0.2,0.0
20260317_231150_184037,img_20260317_231150_184037.jpg,0.2,0.0
20260317_231150_247130,img_20260317_231150_247130.jpg,0.2,0.0
20260317_231150_287369,img_20260317_231150_287369.jpg,0.2,0.0
20260317_231150_337962,img_20260317_231150_337962.jpg,0.2,0.0
20260317_231150_385680,img_20260317_231150_385680.jpg,0.2,0.0
20260317_231150_439155,img_20260317_231150_439155.jpg,0.2,0.0
20260317_231150_500642,img_20260317_231150_500642.jpg,0.2,0.0
20260317_231150_542395,img_20260317_231150_542395.jpg,0.2,0.0
20260317_231150_594902,img_20260317_231150_594902.jpg,0.2,0.0
20260317_231150_646618,img_20260317_231150_646618.jpg,0.2,0.0
20260317_231150_694242,img_20260317_231150_694242.jpg,0.2,0.0
20260317_231150_758957,img_20260317_231150_758957.jpg,0.2,0.0
20260317_231150_799779,img_20260317_231150_799779.jpg,0.2,0.0
20260317_231150_849269,img_20260317_231150_849269.jpg,0.2,0.0
20260317_231150_899836,img_20260317_231150_899836.jpg,0.2,0.0
20260317_231150_952106,img_20260317_231150_952106.jpg,0.2,0.0
20260317_231150_999208,img_20260317_231150_999208.jpg,0.2,0.0
20260317_231151_062378,img_20260317_231151_062378.jpg,0.2,0.0
20260317_231151_100766,img_20260317_231151_100766.jpg,0.2,0.0
20260317_231151_166418,img_20260317_231151_166418.jpg,0.2,0.0
20260317_231151_207533,img_20260317_231151_207533.jpg,0.2,0.0
20260317_231151_256983,img_20260317_231151_256983.jpg,0.2,0.0
20260317_231151_310097,img_20260317_231151_310097.jpg,0.2,0.0
20260317_231151_361613,img_20260317_231151_361613.jpg,0.2,0.0
20260317_231151_412947,img_20260317_231151_412947.jpg,0.2,0.0
20260317_231151_465395,img_20260317_231151_465395.jpg,0.2,0.0
20260317_231151_516742,img_20260317_231151_516742.jpg,0.2,0.0
20260317_231151_567524,img_20260317_231151_567524.jpg,0.2,0.0
20260317_231151_628056,img_20260317_231151_628056.jpg,0.2,0.0
20260317_231151_667819,img_20260317_231151_667819.jpg,0.2,0.0
20260317_231151_729558,img_20260317_231151_729558.jpg,0.2,0.0
20260317_231151_772340,img_20260317_231151_772340.jpg,0.2,0.0
20260317_231151_820437,img_20260317_231151_820437.jpg,0.2,0.0
20260317_231151_871522,img_20260317_231151_871522.jpg,0.2,0.0
20260317_231151_923337,img_20260317_231151_923337.jpg,0.2,0.0
20260317_231151_975678,img_20260317_231151_975678.jpg,0.2,0.0
20260317_231152_028942,img_20260317_231152_028942.jpg,0.2,0.0
20260317_231152_080686,img_20260317_231152_080686.jpg,0.2,0.0
20260317_231152_140770,img_20260317_231152_140770.jpg,0.2,0.0
20260317_231152_181970,img_20260317_231152_181970.jpg,0.2,0.0
20260317_231152_246047,img_20260317_231152_246047.jpg,0.2,0.0
20260317_231152_287092,img_20260317_231152_287092.jpg,0.2,0.0
20260317_231152_336895,img_20260317_231152_336895.jpg,0.2,0.0
20260317_231152_388700,img_20260317_231152_388700.jpg,0.2,0.0
20260317_231152_439706,img_20260317_231152_439706.jpg,0.2,0.0
20260317_231152_490618,img_20260317_231152_490618.jpg,0.2,0.0
20260317_231152_546030,img_20260317_231152_546030.jpg,0.2,0.0
20260317_231152_594810,img_20260317_231152_594810.jpg,0.2,0.0
20260317_231152_645909,img_20260317_231152_645909.jpg,0.2,0.0
20260317_231152_708787,img_20260317_231152_708787.jpg,0.2,0.0
20260317_231152_754307,img_20260317_231152_754307.jpg,0.2,0.0
20260317_231152_799344,img_20260317_231152_799344.jpg,0.2,0.0
20260317_231152_851120,img_20260317_231152_851120.jpg,0.2,0.0
20260317_231152_902506,img_20260317_231152_902506.jpg,0.2,0.0
20260317_231152_952103,img_20260317_231152_952103.jpg,0.2,0.0
20260317_231153_002702,img_20260317_231153_002702.jpg,0.2,0.0
20260317_231153_052510,img_20260317_231153_052510.jpg,0.2,0.0
20260317_231153_105846,img_20260317_231153_105846.jpg,0.2,0.0
20260317_231153_154002,img_20260317_231153_154002.jpg,0.2,0.0
20260317_231153_209705,img_20260317_231153_209705.jpg,0.2,0.0
20260317_231153_260723,img_20260317_231153_260723.jpg,0.2,0.0
20260317_231153_311400,img_20260317_231153_311400.jpg,0.2,0.0
20260317_231153_362941,img_20260317_231153_362941.jpg,0.2,0.0
20260317_231153_421598,img_20260317_231153_421598.jpg,0.2,0.0
20260317_231153_465341,img_20260317_231153_465341.jpg,0.2,0.0
20260317_231153_514760,img_20260317_231153_514760.jpg,0.2,0.0
20260317_231153_565738,img_20260317_231153_565738.jpg,0.2,0.0
20260317_231153_615570,img_20260317_231153_615570.jpg,0.2,0.0
20260317_231153_666599,img_20260317_231153_666599.jpg,0.2,0.0
20260317_231153_717835,img_20260317_231153_717835.jpg,0.2,0.0
20260317_231153_768213,img_20260317_231153_768213.jpg,0.2,0.0
20260317_231153_820431,img_20260317_231153_820431.jpg,0.2,0.0
20260317_231153_874803,img_20260317_231153_874803.jpg,0.2,0.0
20260317_231153_924248,img_20260317_231153_924248.jpg,0.2,0.0
20260317_231153_975035,img_20260317_231153_975035.jpg,0.2,0.0
20260317_231154_024827,img_20260317_231154_024827.jpg,0.2,0.0
20260317_231154_076590,img_20260317_231154_076590.jpg,0.2,0.0
20260317_231154_128257,img_20260317_231154_128257.jpg,0.2,0.0
20260317_231154_187269,img_20260317_231154_187269.jpg,0.2,0.0
20260317_231154_229613,img_20260317_231154_229613.jpg,0.2,0.0
20260317_231154_279830,img_20260317_231154_279830.jpg,0.2,0.0
20260317_231154_329507,img_20260317_231154_329507.jpg,0.2,0.0
20260317_231154_381775,img_20260317_231154_381775.jpg,0.2,0.0
20260317_231154_430670,img_20260317_231154_430670.jpg,0.2,0.0
20260317_231154_480279,img_20260317_231154_480279.jpg,0.2,0.0
20260317_231154_544978,img_20260317_231154_544978.jpg,0.2,0.0
20260317_231154_597609,img_20260317_231154_597609.jpg,0.2,0.0
20260317_231154_636325,img_20260317_231154_636325.jpg,0.2,0.0
20260317_231154_684876,img_20260317_231154_684876.jpg,0.2,0.0
20260317_231154_740889,img_20260317_231154_740889.jpg,0.2,0.0
20260317_231154_790648,img_20260317_231154_790648.jpg,0.2,0.0
20260317_231154_844487,img_20260317_231154_844487.jpg,0.2,0.0
20260317_231154_894970,img_20260317_231154_894970.jpg,0.2,0.0
20260317_231154_946312,img_20260317_231154_946312.jpg,0.2,0.0
20260317_231154_997193,img_20260317_231154_997193.jpg,0.2,0.0
20260317_231155_053034,img_20260317_231155_053034.jpg,0.2,0.0
20260317_231155_111309,img_20260317_231155_111309.jpg,0.2,0.0
20260317_231155_157579,img_20260317_231155_157579.jpg,0.2,0.0
20260317_231155_202419,img_20260317_231155_202419.jpg,0.2,0.0
20260317_231155_263205,img_20260317_231155_263205.jpg,0.2,0.0
20260317_231155_306304,img_20260317_231155_306304.jpg,0.2,0.0
20260317_231155_364276,img_20260317_231155_364276.jpg,0.2,0.0
20260317_231155_405157,img_20260317_231155_405157.jpg,0.2,0.0
20260317_231155_455978,img_20260317_231155_455978.jpg,0.2,0.0
20260317_231155_506913,img_20260317_231155_506913.jpg,0.2,0.0
20260317_231155_557754,img_20260317_231155_557754.jpg,0.2,0.0
20260317_231155_619722,img_20260317_231155_619722.jpg,0.2,0.0
20260317_231155_661161,img_20260317_231155_661161.jpg,0.2,0.0
20260317_231155_712803,img_20260317_231155_712803.jpg,0.2,0.0
20260317_231155_763903,img_20260317_231155_763903.jpg,0.2,0.0
20260317_231155_816625,img_20260317_231155_816625.jpg,0.2,0.0
20260317_231155_866315,img_20260317_231155_866315.jpg,0.2,0.0
20260317_231155_915022,img_20260317_231155_915022.jpg,0.2,0.0
20260317_231155_967319,img_20260317_231155_967319.jpg,0.2,0.0
20260317_231156_017413,img_20260317_231156_017413.jpg,0.2,0.0
20260317_231156_072029,img_20260317_231156_072029.jpg,0.2,0.0
20260317_231156_121254,img_20260317_231156_121254.jpg,0.2,0.0
20260317_231156_173120,img_20260317_231156_173120.jpg,0.2,0.0
20260317_231156_224540,img_20260317_231156_224540.jpg,0.2,0.0
20260317_231156_276690,img_20260317_231156_276690.jpg,0.2,0.0
20260317_231156_327852,img_20260317_231156_327852.jpg,0.2,0.0
20260317_231156_389780,img_20260317_231156_389780.jpg,0.2,0.0
20260317_231156_428021,img_20260317_231156_428021.jpg,0.2,0.0
20260317_231156_480663,img_20260317_231156_480663.jpg,0.2,0.0
20260317_231156_543285,img_20260317_231156_543285.jpg,0.2,0.0
20260317_231156_582446,img_20260317_231156_582446.jpg,0.2,0.0
20260317_231156_632709,img_20260317_231156_632709.jpg,0.2,0.0
20260317_231156_684070,img_20260317_231156_684070.jpg,0.2,0.0
20260317_231156_737178,img_20260317_231156_737178.jpg,0.2,0.0
20260317_231156_789865,img_20260317_231156_789865.jpg,0.2,0.0
20260317_231156_839558,img_20260317_231156_839558.jpg,0.2,0.0
20260317_231156_892328,img_20260317_231156_892328.jpg,0.2,0.0
20260317_231156_951270,img_20260317_231156_951270.jpg,0.2,0.0
20260317_231156_991143,img_20260317_231156_991143.jpg,0.2,0.0
20260317_231157_041506,img_20260317_231157_041506.jpg,0.2,0.0
20260317_231157_092975,img_20260317_231157_092975.jpg,0.2,0.0
20260317_231157_145964,img_20260317_231157_145964.jpg,0.2,0.0
20260317_231157_196527,img_20260317_231157_196527.jpg,0.2,0.0
20260317_231157_245332,img_20260317_231157_245332.jpg,0.2,0.0
20260317_231157_298741,img_20260317_231157_298741.jpg,0.2,0.0
20260317_231157_359734,img_20260317_231157_359734.jpg,0.2,0.0
20260317_231157_401337,img_20260317_231157_401337.jpg,0.2,0.0
20260317_231157_460199,img_20260317_231157_460199.jpg,0.2,0.0
20260317_231157_510921,img_20260317_231157_510921.jpg,0.2,0.0
20260317_231157_550136,img_20260317_231157_550136.jpg,0.2,0.0
20260317_231157_602292,img_20260317_231157_602292.jpg,0.2,0.0
20260317_231157_653297,img_20260317_231157_653297.jpg,0.2,0.0
20260317_231157_704032,img_20260317_231157_704032.jpg,0.2,0.0
20260317_231157_766515,img_20260317_231157_766515.jpg,0.2,0.0
20260317_231157_814465,img_20260317_231157_814465.jpg,0.2,0.0
20260317_231157_870565,img_20260317_231157_870565.jpg,0.2,0.0
20260317_231157_909955,img_20260317_231157_909955.jpg,0.2,0.0
20260317_231157_960936,img_20260317_231157_960936.jpg,0.2,0.0
20260317_231158_011454,img_20260317_231158_011454.jpg,0.2,0.0
20260317_231158_063783,img_20260317_231158_063783.jpg,0.2,0.0
20260317_231158_115646,img_20260317_231158_115646.jpg,0.2,0.0
20260317_231158_166939,img_20260317_231158_166939.jpg,0.2,0.0
20260317_231158_217798,img_20260317_231158_217798.jpg,0.2,0.0
20260317_231158_267046,img_20260317_231158_267046.jpg,0.2,0.0
20260317_231158_318389,img_20260317_231158_318389.jpg,0.2,0.0
20260317_231158_368128,img_20260317_231158_368128.jpg,0.2,0.0
20260317_231158_421066,img_20260317_231158_421066.jpg,0.2,0.0
20260317_231158_471668,img_20260317_231158_471668.jpg,0.2,0.0
20260317_231158_523490,img_20260317_231158_523490.jpg,0.2,0.0
20260317_231158_575165,img_20260317_231158_575165.jpg,0.2,0.0
20260317_231158_637274,img_20260317_231158_637274.jpg,0.2,0.0
20260317_231158_687891,img_20260317_231158_687891.jpg,0.2,0.0
20260317_231158_731085,img_20260317_231158_731085.jpg,0.2,0.0
20260317_231158_780680,img_20260317_231158_780680.jpg,0.2,0.0
20260317_231158_831799,img_20260317_231158_831799.jpg,0.2,0.0
20260317_231158_881876,img_20260317_231158_881876.jpg,0.2,0.0
20260317_231158_933490,img_20260317_231158_933490.jpg,0.2,0.0
20260317_231158_984096,img_20260317_231158_984096.jpg,0.2,0.0
20260317_231159_036036,img_20260317_231159_036036.jpg,0.2,0.0
20260317_231159_086618,img_20260317_231159_086618.jpg,0.2,0.0
20260317_231159_138682,img_20260317_231159_138682.jpg,0.2,0.0
20260317_231159_191504,img_20260317_231159_191504.jpg,0.2,0.0
20260317_231159_237988,img_20260317_231159_237988.jpg,0.2,0.0
20260317_231159_289232,img_20260317_231159_289232.jpg,0.2,0.0
20260317_231159_341265,img_20260317_231159_341265.jpg,0.2,0.0
20260317_231159_394785,img_20260317_231159_394785.jpg,0.2,0.0
20260317_231159_446471,img_20260317_231159_446471.jpg,0.2,0.0
20260317_231159_494340,img_20260317_231159_494340.jpg,0.2,0.0
20260317_231159_548226,img_20260317_231159_548226.jpg,0.2,0.0
20260317_231159_597684,img_20260317_231159_597684.jpg,0.2,0.0
20260317_231159_647233,img_20260317_231159_647233.jpg,0.2,0.0
20260317_231159_698097,img_20260317_231159_698097.jpg,0.2,0.0
20260317_231159_752050,img_20260317_231159_752050.jpg,0.2,0.0
20260317_231159_801113,img_20260317_231159_801113.jpg,0.2,0.0
20260317_231159_851806,img_20260317_231159_851806.jpg,0.2,0.0
20260317_231159_904279,img_20260317_231159_904279.jpg,0.2,0.0
20260317_231159_968440,img_20260317_231159_968440.jpg,0.2,0.0
20260317_231200_019977,img_20260317_231200_019977.jpg,0.2,0.0
20260317_231200_072242,img_20260317_231200_072242.jpg,0.2,0.0
20260317_231200_126661,img_20260317_231200_126661.jpg,0.2,0.0
20260317_231200_180512,img_20260317_231200_180512.jpg,0.2,0.0
20260317_231200_219192,img_20260317_231200_219192.jpg,0.2,0.0
20260317_231200_278248,img_20260317_231200_278248.jpg,0.2,0.0
20260317_231200_318509,img_20260317_231200_318509.jpg,0.2,0.0
20260317_231200_371588,img_20260317_231200_371588.jpg,0.2,0.0
20260317_231200_423970,img_20260317_231200_423970.jpg,0.2,0.0
20260317_231159_763720,img_20260317_231159_763720.jpg,0.2,0.0
20260317_231159_815700,img_20260317_231159_815700.jpg,0.2,0.0
20260317_231159_868134,img_20260317_231159_868134.jpg,0.2,0.0
20260317_231159_917033,img_20260317_231159_917033.jpg,0.2,0.0
20260317_231159_972615,img_20260317_231159_972615.jpg,0.2,0.0
20260317_231200_022844,img_20260317_231200_022844.jpg,0.2,0.0
20260317_231200_073784,img_20260317_231200_073784.jpg,0.2,0.0
20260317_231200_121759,img_20260317_231200_121759.jpg,0.2,0.0
20260317_231200_176669,img_20260317_231200_176669.jpg,0.2,0.0
20260317_231200_225782,img_20260317_231200_225782.jpg,0.2,0.0
20260317_231200_277255,img_20260317_231200_277255.jpg,0.2,0.0
20260317_231200_329427,img_20260317_231200_329427.jpg,0.2,0.0
20260317_231200_383552,img_20260317_231200_383552.jpg,0.2,0.0
20260317_231200_433425,img_20260317_231200_433425.jpg,0.2,0.0
20260317_231200_496136,img_20260317_231200_496136.jpg,0.2,0.0
20260317_231200_535950,img_20260317_231200_535950.jpg,0.2,0.0
20260317_231200_585622,img_20260317_231200_585622.jpg,0.2,0.0
20260317_231200_635220,img_20260317_231200_635220.jpg,0.2,0.0
20260317_231200_690903,img_20260317_231200_690903.jpg,0.2,0.0
20260317_231200_737294,img_20260317_231200_737294.jpg,0.2,0.0
20260317_231200_789447,img_20260317_231200_789447.jpg,0.2,0.0
20260317_231200_840684,img_20260317_231200_840684.jpg,0.2,0.0
20260317_231200_893122,img_20260317_231200_893122.jpg,0.2,0.0
20260317_231200_953477,img_20260317_231200_953477.jpg,0.2,0.0
20260317_231201_005019,img_20260317_231201_005019.jpg,0.2,0.0
20260317_231201_045190,img_20260317_231201_045190.jpg,0.2,0.0
20260317_231201_108511,img_20260317_231201_108511.jpg,0.2,0.0
20260317_231201_148427,img_20260317_231201_148427.jpg,0.2,0.0
20260317_231201_199083,img_20260317_231201_199083.jpg,0.2,0.0
20260317_231201_248070,img_20260317_231201_248070.jpg,0.2,0.0
20260317_231201_299779,img_20260317_231201_299779.jpg,0.2,0.0
20260317_231201_350315,img_20260317_231201_350315.jpg,0.2,0.0
20260317_231201_402204,img_20260317_231201_402204.jpg,0.2,0.0
20260317_231201_452123,img_20260317_231201_452123.jpg,0.2,0.0
20260317_231201_515955,img_20260317_231201_515955.jpg,0.2,0.0
20260317_231201_555373,img_20260317_231201_555373.jpg,0.2,0.0
20260317_231201_604543,img_20260317_231201_604543.jpg,0.2,0.0
20260317_231201_668698,img_20260317_231201_668698.jpg,0.2,0.0
20260317_231201_708915,img_20260317_231201_708915.jpg,0.2,0.0
20260317_231201_760474,img_20260317_231201_760474.jpg,0.2,0.0
20260317_231201_810203,img_20260317_231201_810203.jpg,0.2,0.0
20260317_231201_861556,img_20260317_231201_861556.jpg,0.2,0.0
20260317_231201_910187,img_20260317_231201_910187.jpg,0.2,0.0
20260317_231201_963305,img_20260317_231201_963305.jpg,0.2,0.0
20260317_231202_023328,img_20260317_231202_023328.jpg,0.2,0.0
20260317_231202_062821,img_20260317_231202_062821.jpg,0.2,0.0
20260317_231202_115069,img_20260317_231202_115069.jpg,0.2,0.0
20260317_231202_165656,img_20260317_231202_165656.jpg,0.2,0.0
20260317_231202_216731,img_20260317_231202_216731.jpg,0.2,0.0
20260317_231202_266869,img_20260317_231202_266869.jpg,0.2,0.0
20260317_231202_316476,img_20260317_231202_316476.jpg,0.2,0.0
20260317_231202_369680,img_20260317_231202_369680.jpg,0.2,0.0
20260317_231202_419265,img_20260317_231202_419265.jpg,0.2,0.0
20260317_231202_472071,img_20260317_231202_472071.jpg,0.2,0.0
20260317_231202_522593,img_20260317_231202_522593.jpg,0.2,0.0
20260317_231202_576288,img_20260317_231202_576288.jpg,0.2,0.0
20260317_231202_624162,img_20260317_231202_624162.jpg,0.2,0.0
20260317_231202_675895,img_20260317_231202_675895.jpg,0.2,0.0
20260317_231202_727775,img_20260317_231202_727775.jpg,0.2,0.0
20260317_231202_777313,img_20260317_231202_777313.jpg,0.2,0.0
20260317_231202_829788,img_20260317_231202_829788.jpg,0.2,0.0
20260317_231202_889955,img_20260317_231202_889955.jpg,0.2,0.0
20260317_231202_932368,img_20260317_231202_932368.jpg,0.2,0.0
20260317_231202_982163,img_20260317_231202_982163.jpg,0.2,0.0
20260317_231203_033485,img_20260317_231203_033485.jpg,0.2,0.0
20260317_231203_085790,img_20260317_231203_085790.jpg,0.2,0.0
20260317_231203_138275,img_20260317_231203_138275.jpg,0.2,0.0
20260317_231203_189117,img_20260317_231203_189117.jpg,0.2,0.0
20260317_231203_256085,img_20260317_231203_256085.jpg,0.2,0.0
20260317_231203_293645,img_20260317_231203_293645.jpg,0.2,0.0
20260317_231203_344011,img_20260317_231203_344011.jpg,0.2,0.0
20260317_231203_407308,img_20260317_231203_407308.jpg,0.2,0.0
20260317_231203_446522,img_20260317_231203_446522.jpg,0.2,0.0
20260317_231203_496968,img_20260317_231203_496968.jpg,0.2,0.0
20260317_231203_546140,img_20260317_231203_546140.jpg,0.2,0.0
20260317_231203_600678,img_20260317_231203_600678.jpg,0.2,0.0
20260317_231203_651543,img_20260317_231203_651543.jpg,0.2,0.0
20260317_231203_702483,img_20260317_231203_702483.jpg,0.2,0.0
20260317_231203_753552,img_20260317_231203_753552.jpg,0.2,0.0
20260317_231203_803048,img_20260317_231203_803048.jpg,0.2,0.0
20260317_231203_867561,img_20260317_231203_867561.jpg,0.2,0.0
20260317_231203_904290,img_20260317_231203_904290.jpg,0.2,0.0
20260317_231203_955252,img_20260317_231203_955252.jpg,0.2,0.0
20260317_231204_006307,img_20260317_231204_006307.jpg,0.2,0.0
20260317_231204_059902,img_20260317_231204_059902.jpg,0.2,0.0
20260317_231204_109574,img_20260317_231204_109574.jpg,0.2,0.0
20260317_231204_162008,img_20260317_231204_162008.jpg,0.2,0.0
20260317_231204_212604,img_20260317_231204_212604.jpg,0.2,0.0
20260317_231204_263395,img_20260317_231204_263395.jpg,0.2,0.0
20260317_231204_315554,img_20260317_231204_315554.jpg,0.2,0.0
20260317_231204_364954,img_20260317_231204_364954.jpg,0.2,0.0
20260317_231204_417246,img_20260317_231204_417246.jpg,0.2,0.0
20260317_231204_467724,img_20260317_231204_467724.jpg,0.2,0.0
20260317_231204_518492,img_20260317_231204_518492.jpg,0.2,0.0
20260317_231204_570527,img_20260317_231204_570527.jpg,0.2,0.0
20260317_231204_622003,img_20260317_231204_622003.jpg,0.2,0.0
20260317_231204_673042,img_20260317_231204_673042.jpg,0.2,0.0
20260317_231204_722807,img_20260317_231204_722807.jpg,0.2,0.0
20260317_231204_774583,img_20260317_231204_774583.jpg,0.2,0.0
20260317_231204_825526,img_20260317_231204_825526.jpg,0.2,0.0
20260317_231204_875941,img_20260317_231204_875941.jpg,0.2,0.0
20260317_231204_926215,img_20260317_231204_926215.jpg,0.2,0.0
20260317_231204_979427,img_20260317_231204_979427.jpg,0.2,0.0
20260317_231205_030856,img_20260317_231205_030856.jpg,0.2,0.0
20260317_231205_081819,img_20260317_231205_081819.jpg,0.2,0.0
20260317_231205_143774,img_20260317_231205_143774.jpg,0.2,0.0
20260317_231205_183914,img_20260317_231205_183914.jpg,0.2,0.0
20260317_231205_234106,img_20260317_231205_234106.jpg,0.2,0.0
20260317_231205_288421,img_20260317_231205_288421.jpg,0.2,0.0
20260317_231205_336391,img_20260317_231205_336391.jpg,0.2,0.0
20260317_231205_399302,img_20260317_231205_399302.jpg,0.2,0.0
20260317_231205_439051,img_20260317_231205_439051.jpg,0.2,0.0
20260317_231205_490861,img_20260317_231205_490861.jpg,0.2,0.0
20260317_231205_540915,img_20260317_231205_540915.jpg,0.2,0.0
20260317_231205_593820,img_20260317_231205_593820.jpg,0.2,0.0
20260317_231205_644165,img_20260317_231205_644165.jpg,0.2,0.0
20260317_231205_694120,img_20260317_231205_694120.jpg,0.2,0.0
20260317_231205_746228,img_20260317_231205_746228.jpg,0.2,0.0
20260317_231205_799645,img_20260317_231205_799645.jpg,0.2,0.0
20260317_231205_852810,img_20260317_231205_852810.jpg,0.2,0.0
20260317_231205_901103,img_20260317_231205_901103.jpg,0.2,0.0
20260317_231205_951558,img_20260317_231205_951558.jpg,0.2,0.0
20260317_231206_003519,img_20260317_231206_003519.jpg,0.2,0.0
20260317_231206_055475,img_20260317_231206_055475.jpg,0.2,0.0
20260317_231206_106715,img_20260317_231206_106715.jpg,0.2,0.0
20260317_231206_157432,img_20260317_231206_157432.jpg,0.2,0.0
20260317_231206_205756,img_20260317_231206_205756.jpg,0.2,0.0
20260317_231206_259860,img_20260317_231206_259860.jpg,0.2,0.0
20260317_231206_309321,img_20260317_231206_309321.jpg,0.2,0.0
20260317_231206_359968,img_20260317_231206_359968.jpg,0.2,0.0
20260317_231206_410915,img_20260317_231206_410915.jpg,0.2,0.0
20260317_231206_462696,img_20260317_231206_462696.jpg,0.2,0.0
20260317_231206_513303,img_20260317_231206_513303.jpg,0.2,0.0
20260317_231206_562276,img_20260317_231206_562276.jpg,0.2,0.0
20260317_231206_624820,img_20260317_231206_624820.jpg,0.2,0.0
20260317_231206_676835,img_20260317_231206_676835.jpg,0.2,0.0
20260317_231206_716757,img_20260317_231206_716757.jpg,0.2,0.0
20260317_231206_767832,img_20260317_231206_767832.jpg,0.2,0.0
20260317_231206_818190,img_20260317_231206_818190.jpg,0.2,0.0
20260317_231206_871235,img_20260317_231206_871235.jpg,0.2,0.0
20260317_231206_932352,img_20260317_231206_932352.jpg,0.2,0.0
20260317_231206_977686,img_20260317_231206_977686.jpg,0.2,0.0
20260317_231207_023485,img_20260317_231207_023485.jpg,0.2,0.0
20260317_231207_079648,img_20260317_231207_079648.jpg,0.2,0.0
20260317_231207_128426,img_20260317_231207_128426.jpg,0.2,0.0
20260317_231207_179376,img_20260317_231207_179376.jpg,0.2,0.0
20260317_231207_229035,img_20260317_231207_229035.jpg,0.2,0.0
20260317_231207_281958,img_20260317_231207_281958.jpg,0.2,0.0
20260317_231207_332972,img_20260317_231207_332972.jpg,0.2,0.0
20260317_231207_385334,img_20260317_231207_385334.jpg,0.2,0.0
20260317_231207_433700,img_20260317_231207_433700.jpg,0.2,0.0
20260317_231207_486411,img_20260317_231207_486411.jpg,0.2,0.0
20260317_231207_536891,img_20260317_231207_536891.jpg,0.2,0.0
20260317_231207_588536,img_20260317_231207_588536.jpg,0.2,0.0
20260317_231207_640485,img_20260317_231207_640485.jpg,0.2,0.0
20260317_231207_701116,img_20260317_231207_701116.jpg,0.2,0.0
20260317_231207_742378,img_20260317_231207_742378.jpg,0.2,0.0
20260317_231207_793101,img_20260317_231207_793101.jpg,0.2,0.0
20260317_231207_843781,img_20260317_231207_843781.jpg,0.2,0.0
20260317_231207_896128,img_20260317_231207_896128.jpg,0.2,0.0
20260317_231207_948177,img_20260317_231207_948177.jpg,0.2,0.0
20260317_231207_998484,img_20260317_231207_998484.jpg,0.2,0.0
20260317_231208_050543,img_20260317_231208_050543.jpg,0.2,0.0
20260317_231208_110364,img_20260317_231208_110364.jpg,0.2,0.0
20260317_231208_152578,img_20260317_231208_152578.jpg,0.2,0.0
20260317_231208_202007,img_20260317_231208_202007.jpg,0.2,0.0
20260317_231208_253261,img_20260317_231208_253261.jpg,0.2,0.0
20260317_231208_303277,img_20260317_231208_303277.jpg,0.2,0.0
20260317_231208_356039,img_20260317_231208_356039.jpg,0.2,0.0
20260317_231208_406043,img_20260317_231208_406043.jpg,0.2,0.0
20260317_231208_456360,img_20260317_231208_456360.jpg,0.2,0.0
20260317_231208_509215,img_20260317_231208_509215.jpg,0.2,0.0
20260317_231208_557623,img_20260317_231208_557623.jpg,0.2,0.0
20260317_231208_610268,img_20260317_231208_610268.jpg,0.2,0.0
20260317_231208_671556,img_20260317_231208_671556.jpg,0.2,0.0
20260317_231208_712976,img_20260317_231208_712976.jpg,0.2,0.0
20260317_231208_762187,img_20260317_231208_762187.jpg,0.2,0.0
20260317_231208_813005,img_20260317_231208_813005.jpg,0.2,0.0
20260317_231208_875864,img_20260317_231208_875864.jpg,0.2,0.0
20260317_231208_918554,img_20260317_231208_918554.jpg,0.2,0.0
20260317_231208_972411,img_20260317_231208_972411.jpg,0.2,0.0
20260317_231209_031676,img_20260317_231209_031676.jpg,0.2,0.0
20260317_231209_070888,img_20260317_231209_070888.jpg,0.2,0.0
20260317_231209_122458,img_20260317_231209_122458.jpg,0.2,0.0
20260317_231209_171568,img_20260317_231209_171568.jpg,0.2,0.0
20260317_231209_224423,img_20260317_231209_224423.jpg,0.2,0.0
20260317_231209_280134,img_20260317_231209_280134.jpg,0.2,0.0
20260317_231209_328645,img_20260317_231209_328645.jpg,0.2,0.0
20260317_231209_376211,img_20260317_231209_376211.jpg,0.2,0.0
20260317_231209_429530,img_20260317_231209_429530.jpg,0.2,0.0
20260317_231209_479955,img_20260317_231209_479955.jpg,0.2,0.0
20260317_231209_532428,img_20260317_231209_532428.jpg,0.2,0.0
20260317_231209_582628,img_20260317_231209_582628.jpg,0.2,0.0
20260317_231209_632785,img_20260317_231209_632785.jpg,0.2,0.0
20260317_231209_695128,img_20260317_231209_695128.jpg,0.2,0.0
20260317_231209_739592,img_20260317_231209_739592.jpg,0.2,0.0
20260317_231209_798858,img_20260317_231209_798858.jpg,0.2,0.0
20260317_231209_838068,img_20260317_231209_838068.jpg,0.2,0.0
20260317_231209_891291,img_20260317_231209_891291.jpg,0.2,0.0
20260317_231209_942842,img_20260317_231209_942842.jpg,0.2,0.0
20260317_231209_993391,img_20260317_231209_993391.jpg,0.2,0.0
20260317_231210_045345,img_20260317_231210_045345.jpg,0.2,0.0
20260317_231210_107977,img_20260317_231210_107977.jpg,0.2,0.0
20260317_231210_147919,img_20260317_231210_147919.jpg,0.2,0.0
20260317_231210_200926,img_20260317_231210_200926.jpg,0.2,0.0
20260317_231210_260149,img_20260317_231210_260149.jpg,0.2,0.0
20260317_231210_301995,img_20260317_231210_301995.jpg,0.2,0.0
20260317_231210_356210,img_20260317_231210_356210.jpg,0.2,0.0
20260317_231210_403666,img_20260317_231210_403666.jpg,0.2,0.0
20260317_231210_455134,img_20260317_231210_455134.jpg,0.2,0.0
20260317_231210_506045,img_20260317_231210_506045.jpg,0.2,0.0
20260317_231210_560030,img_20260317_231210_560030.jpg,0.2,0.0
20260317_231210_618628,img_20260317_231210_618628.jpg,0.2,0.0
20260317_231210_662257,img_20260317_231210_662257.jpg,0.2,0.0
20260317_231210_709152,img_20260317_231210_709152.jpg,0.2,0.0
20260317_231210_762541,img_20260317_231210_762541.jpg,0.2,0.0
20260317_231210_812978,img_20260317_231210_812978.jpg,0.2,0.0
20260317_231210_865097,img_20260317_231210_865097.jpg,0.2,0.0
20260317_231210_916676,img_20260317_231210_916676.jpg,0.2,0.0
20260317_231210_967881,img_20260317_231210_967881.jpg,0.2,0.0
20260317_231211_027134,img_20260317_231211_027134.jpg,0.2,0.0
20260317_231211_067779,img_20260317_231211_067779.jpg,0.2,0.0
20260317_231211_121827,img_20260317_231211_121827.jpg,0.2,0.0
20260317_231211_170889,img_20260317_231211_170889.jpg,0.2,0.0
20260317_231211_222238,img_20260317_231211_222238.jpg,0.2,0.0
20260317_231211_272566,img_20260317_231211_272566.jpg,0.2,0.0
20260317_231211_325800,img_20260317_231211_325800.jpg,0.2,0.0
20260317_231211_377279,img_20260317_231211_377279.jpg,0.2,0.0
20260317_231211_429055,img_20260317_231211_429055.jpg,0.2,0.0
20260317_231211_477961,img_20260317_231211_477961.jpg,0.2,0.0
20260317_231211_529658,img_20260317_231211_529658.jpg,0.2,0.0
20260317_231211_584813,img_20260317_231211_584813.jpg,0.2,0.0
20260317_231211_630003,img_20260317_231211_630003.jpg,0.2,0.0
20260317_231211_682358,img_20260317_231211_682358.jpg,0.2,0.0
20260317_231211_734376,img_20260317_231211_734376.jpg,0.2,0.0
20260317_231211_794321,img_20260317_231211_794321.jpg,0.2,0.0
20260317_231211_835305,img_20260317_231211_835305.jpg,0.2,0.0
20260317_231211_885331,img_20260317_231211_885331.jpg,0.2,0.0
20260317_231211_938649,img_20260317_231211_938649.jpg,0.2,0.0
20260317_231212_000035,img_20260317_231212_000035.jpg,0.2,0.0
20260317_231212_042267,img_20260317_231212_042267.jpg,0.2,0.0
20260317_231212_088950,img_20260317_231212_088950.jpg,0.2,0.0
20260317_231212_144168,img_20260317_231212_144168.jpg,0.2,0.0
20260317_231212_192987,img_20260317_231212_192987.jpg,0.2,0.0
20260317_231212_249851,img_20260317_231212_249851.jpg,0.2,0.0
20260317_231212_292895,img_20260317_231212_292895.jpg,0.2,0.0
20260317_231212_342559,img_20260317_231212_342559.jpg,0.2,0.0
20260317_231212_404422,img_20260317_231212_404422.jpg,0.2,0.0
20260317_231212_446711,img_20260317_231212_446711.jpg,0.2,0.0
20260317_231212_496801,img_20260317_231212_496801.jpg,0.2,0.0
20260317_231212_558720,img_20260317_231212_558720.jpg,0.2,0.0
20260317_231212_609068,img_20260317_231212_609068.jpg,0.2,0.0
20260317_231212_662035,img_20260317_231212_662035.jpg,0.2,0.0
20260317_231212_702382,img_20260317_231212_702382.jpg,0.2,0.0
20260317_231212_762762,img_20260317_231212_762762.jpg,0.2,0.0
20260317_231212_807892,img_20260317_231212_807892.jpg,0.2,0.0
20260317_231212_864267,img_20260317_231212_864267.jpg,0.2,0.0
20260317_231212_903444,img_20260317_231212_903444.jpg,0.2,0.0
20260317_231212_966587,img_20260317_231212_966587.jpg,0.2,0.0
20260317_231213_007790,img_20260317_231213_007790.jpg,0.2,0.0
20260317_231213_058081,img_20260317_231213_058081.jpg,0.2,0.0
20260317_231213_120355,img_20260317_231213_120355.jpg,0.2,0.0
20260317_231213_170422,img_20260317_231213_170422.jpg,0.2,0.0
20260317_231213_219982,img_20260317_231213_219982.jpg,0.2,0.0
20260317_231213_260132,img_20260317_231213_260132.jpg,0.2,0.0
20260317_231213_309918,img_20260317_231213_309918.jpg,0.2,0.0
20260317_231213_360055,img_20260317_231213_360055.jpg,0.2,0.0
20260317_231213_412893,img_20260317_231213_412893.jpg,0.2,0.0
20260317_231213_464635,img_20260317_231213_464635.jpg,0.2,0.0
20260317_231213_526362,img_20260317_231213_526362.jpg,0.2,0.0
20260317_231213_569414,img_20260317_231213_569414.jpg,0.2,0.0
20260317_231213_616364,img_20260317_231213_616364.jpg,0.2,0.0
20260317_231213_668204,img_20260317_231213_668204.jpg,0.2,0.0
20260317_231213_718665,img_20260317_231213_718665.jpg,0.2,0.0
20260317_231213_771291,img_20260317_231213_771291.jpg,0.2,0.0
20260317_231213_820256,img_20260317_231213_820256.jpg,0.2,0.0
20260317_231213_870650,img_20260317_231213_870650.jpg,0.2,0.0
20260317_231213_924825,img_20260317_231213_924825.jpg,0.2,0.0
20260317_231213_976067,img_20260317_231213_976067.jpg,0.2,0.0
20260317_231214_024003,img_20260317_231214_024003.jpg,0.2,0.0
20260317_231214_087156,img_20260317_231214_087156.jpg,0.2,0.0
20260317_231214_127207,img_20260317_231214_127207.jpg,0.2,0.0
20260317_231214_185806,img_20260317_231214_185806.jpg,0.2,0.0
20260317_231214_226782,img_20260317_231214_226782.jpg,0.2,0.0
20260317_231214_277222,img_20260317_231214_277222.jpg,0.2,0.0
20260317_231214_329692,img_20260317_231214_329692.jpg,0.2,0.0
20260317_231214_377769,img_20260317_231214_377769.jpg,0.2,0.0
20260317_231214_442617,img_20260317_231214_442617.jpg,0.2,0.0
20260317_231214_482006,img_20260317_231214_482006.jpg,0.2,0.0
20260317_231214_541319,img_20260317_231214_541319.jpg,0.2,0.0
20260317_231214_593535,img_20260317_231214_593535.jpg,0.2,0.0
20260317_231214_633872,img_20260317_231214_633872.jpg,0.2,0.0
20260317_231214_686040,img_20260317_231214_686040.jpg,0.2,0.0
20260317_231214_736457,img_20260317_231214_736457.jpg,0.2,0.0
20260317_231214_787362,img_20260317_231214_787362.jpg,0.2,0.0
20260317_231214_837721,img_20260317_231214_837721.jpg,0.2,0.0
20260317_231214_901260,img_20260317_231214_901260.jpg,0.2,0.0
20260317_231214_950777,img_20260317_231214_950777.jpg,0.2,0.0
20260317_231214_992446,img_20260317_231214_992446.jpg,0.2,0.0
20260317_231215_042711,img_20260317_231215_042711.jpg,0.2,0.0
20260317_231215_093860,img_20260317_231215_093860.jpg,0.2,0.0
20260317_231215_143355,img_20260317_231215_143355.jpg,0.2,0.0
20260317_231215_195899,img_20260317_231215_195899.jpg,0.2,0.0
20260317_231215_246990,img_20260317_231215_246990.jpg,0.2,0.0
20260317_231215_299195,img_20260317_231215_299195.jpg,0.2,0.0
20260317_231215_360225,img_20260317_231215_360225.jpg,0.2,0.0
20260317_231215_411410,img_20260317_231215_411410.jpg,0.2,0.0
20260317_231215_450703,img_20260317_231215_450703.jpg,0.2,0.0
20260317_231215_512926,img_20260317_231215_512926.jpg,0.2,0.0
20260317_231215_563550,img_20260317_231215_563550.jpg,0.2,0.0
20260317_231215_605803,img_20260317_231215_605803.jpg,0.2,0.0
20260317_231215_666535,img_20260317_231215_666535.jpg,0.2,0.0
20260317_231215_707329,img_20260317_231215_707329.jpg,0.2,0.0
20260317_231215_759910,img_20260317_231215_759910.jpg,0.2,0.0
20260317_231215_809674,img_20260317_231215_809674.jpg,0.2,0.0
20260317_231215_860516,img_20260317_231215_860516.jpg,0.2,0.0
20260317_231215_921491,img_20260317_231215_921491.jpg,0.2,0.0
20260317_231215_960860,img_20260317_231215_960860.jpg,0.2,0.0
20260317_231216_023043,img_20260317_231216_023043.jpg,0.2,0.0
20260317_231216_063283,img_20260317_231216_063283.jpg,0.2,0.0
20260317_231216_114899,img_20260317_231216_114899.jpg,0.2,0.0
20260317_231216_166738,img_20260317_231216_166738.jpg,0.2,0.0
20260317_231216_217703,img_20260317_231216_217703.jpg,0.2,0.0
20260317_231216_268096,img_20260317_231216_268096.jpg,0.2,0.0
20260317_231216_320147,img_20260317_231216_320147.jpg,0.2,0.0
20260317_231216_381857,img_20260317_231216_381857.jpg,0.2,0.0
20260317_231216_422524,img_20260317_231216_422524.jpg,0.2,0.0
20260317_231216_480672,img_20260317_231216_480672.jpg,0.2,0.0
20260317_231216_524075,img_20260317_231216_524075.jpg,0.2,0.0
20260317_231216_586586,img_20260317_231216_586586.jpg,0.2,0.0
20260317_231216_637685,img_20260317_231216_637685.jpg,0.2,0.0
20260317_231216_677186,img_20260317_231216_677186.jpg,0.2,0.0
20260317_231216_727050,img_20260317_231216_727050.jpg,0.2,0.0
20260317_231216_776132,img_20260317_231216_776132.jpg,0.2,0.0
20260317_231216_830331,img_20260317_231216_830331.jpg,0.2,0.0
20260317_231216_890752,img_20260317_231216_890752.jpg,0.2,0.0
20260317_231216_933424,img_20260317_231216_933424.jpg,0.2,0.0
20260317_231216_982620,img_20260317_231216_982620.jpg,0.2,0.0
20260317_231217_031590,img_20260317_231217_031590.jpg,0.2,0.0
20260317_231217_084278,img_20260317_231217_084278.jpg,0.2,0.0
20260317_231217_135204,img_20260317_231217_135204.jpg,0.2,0.0
20260317_231217_188164,img_20260317_231217_188164.jpg,0.2,0.0
20260317_231217_247126,img_20260317_231217_247126.jpg,0.2,0.0
20260317_231217_288713,img_20260317_231217_288713.jpg,0.2,0.0
20260317_231217_340909,img_20260317_231217_340909.jpg,0.2,0.0
20260317_231217_401546,img_20260317_231217_401546.jpg,0.2,0.0
20260317_231217_441935,img_20260317_231217_441935.jpg,0.2,0.0
20260317_231217_492937,img_20260317_231217_492937.jpg,0.2,0.0
20260317_231217_542867,img_20260317_231217_542867.jpg,0.2,0.0
20260317_231217_596431,img_20260317_231217_596431.jpg,0.2,0.0
20260317_231217_646104,img_20260317_231217_646104.jpg,0.2,0.0
20260317_231217_708945,img_20260317_231217_708945.jpg,0.2,0.0
20260317_231217_747404,img_20260317_231217_747404.jpg,0.2,0.0
20260317_231217_811057,img_20260317_231217_811057.jpg,0.2,0.0
20260317_231217_849132,img_20260317_231217_849132.jpg,0.2,0.0
20260317_231217_901036,img_20260317_231217_901036.jpg,0.2,0.0
20260317_231217_962167,img_20260317_231217_962167.jpg,0.2,0.0
20260317_231218_012076,img_20260317_231218_012076.jpg,0.2,0.0
20260317_231218_052194,img_20260317_231218_052194.jpg,0.2,0.0
20260317_231218_103334,img_20260317_231218_103334.jpg,0.2,0.0
20260317_231218_165842,img_20260317_231218_165842.jpg,0.2,0.0
20260317_231218_218126,img_20260317_231218_218126.jpg,0.2,0.0
20260317_231218_267537,img_20260317_231218_267537.jpg,0.2,0.0
20260317_231218_316325,img_20260317_231218_316325.jpg,0.2,0.0
20260317_231218_369603,img_20260317_231218_369603.jpg,0.2,0.0
20260317_231218_407977,img_20260317_231218_407977.jpg,0.2,0.0
20260317_231218_459102,img_20260317_231218_459102.jpg,0.2,0.0
20260317_231218_510383,img_20260317_231218_510383.jpg,0.2,0.0
20260317_231218_573446,img_20260317_231218_573446.jpg,0.2,0.0
20260317_231218_623714,img_20260317_231218_623714.jpg,0.2,0.0
20260317_231218_674240,img_20260317_231218_674240.jpg,0.2,0.0
20260317_231218_713054,img_20260317_231218_713054.jpg,0.2,0.0
20260317_231218_765275,img_20260317_231218_765275.jpg,0.2,0.0
20260317_231218_823887,img_20260317_231218_823887.jpg,0.2,0.0
20260317_231218_868296,img_20260317_231218_868296.jpg,0.2,0.0
20260317_231218_915551,img_20260317_231218_915551.jpg,0.2,0.0
20260317_231218_978113,img_20260317_231218_978113.jpg,0.2,0.0
20260317_231219_019237,img_20260317_231219_019237.jpg,0.2,0.0
20260317_231219_067453,img_20260317_231219_067453.jpg,0.2,0.0
20260317_231219_118717,img_20260317_231219_118717.jpg,0.2,0.0
20260317_231219_181608,img_20260317_231219_181608.jpg,0.2,0.0
20260317_231219_224052,img_20260317_231219_224052.jpg,0.2,0.0
20260317_231219_273128,img_20260317_231219_273128.jpg,0.2,0.0
20260317_231219_325492,img_20260317_231219_325492.jpg,0.2,0.0
20260317_231219_374533,img_20260317_231219_374533.jpg,0.2,0.0
20260317_231219_426632,img_20260317_231219_426632.jpg,0.2,0.0
20260317_231219_478629,img_20260317_231219_478629.jpg,0.2,0.0
20260317_231219_530096,img_20260317_231219_530096.jpg,0.2,0.0
20260317_231219_589476,img_20260317_231219_589476.jpg,0.2,0.0
20260317_231219_632423,img_20260317_231219_632423.jpg,0.2,0.0
20260317_231219_693891,img_20260317_231219_693891.jpg,0.2,0.0
20260317_231219_732526,img_20260317_231219_732526.jpg,0.2,0.0
20260317_231219_784492,img_20260317_231219_784492.jpg,0.2,0.0
20260317_231219_835175,img_20260317_231219_835175.jpg,0.2,0.0
20260317_231219_885985,img_20260317_231219_885985.jpg,0.2,0.0
20260317_231219_937360,img_20260317_231219_937360.jpg,0.2,0.0
20260317_231219_997713,img_20260317_231219_997713.jpg,0.2,0.0
20260317_231220_038567,img_20260317_231220_038567.jpg,0.2,0.0
20260317_231220_099251,img_20260317_231220_099251.jpg,0.2,0.0
20260317_231220_139052,img_20260317_231220_139052.jpg,0.2,0.0
20260317_231220_199910,img_20260317_231220_199910.jpg,0.2,0.0
20260317_231220_240513,img_20260317_231220_240513.jpg,0.2,0.0
20260317_231220_291963,img_20260317_231220_291963.jpg,0.2,0.0
20260317_231220_353184,img_20260317_231220_353184.jpg,0.2,0.0
20260317_231220_392650,img_20260317_231220_392650.jpg,0.2,0.0
20260317_231220_443720,img_20260317_231220_443720.jpg,0.2,0.0
20260317_231220_504098,img_20260317_231220_504098.jpg,0.2,0.0
20260317_231220_545359,img_20260317_231220_545359.jpg,0.2,0.0
20260317_231220_605461,img_20260317_231220_605461.jpg,0.2,0.0
20260317_231220_644465,img_20260317_231220_644465.jpg,0.2,0.0
20260317_231220_697057,img_20260317_231220_697057.jpg,0.2,0.0
20260317_231220_747754,img_20260317_231220_747754.jpg,0.2,0.0
20260317_231220_799741,img_20260317_231220_799741.jpg,0.2,0.0
20260317_231220_859883,img_20260317_231220_859883.jpg,0.2,0.0
20260317_231220_901384,img_20260317_231220_901384.jpg,0.2,0.0
20260317_231220_952672,img_20260317_231220_952672.jpg,0.2,0.0
20260317_231221_012575,img_20260317_231221_012575.jpg,0.2,0.0
20260317_231221_056697,img_20260317_231221_056697.jpg,0.2,0.0
20260317_231221_105020,img_20260317_231221_105020.jpg,0.2,0.0
20260317_231221_156211,img_20260317_231221_156211.jpg,0.2,0.0
20260317_231221_216785,img_20260317_231221_216785.jpg,0.2,0.0
20260317_231221_268894,img_20260317_231221_268894.jpg,0.2,0.0
20260317_231221_309101,img_20260317_231221_309101.jpg,0.2,0.0
20260317_231221_360541,img_20260317_231221_360541.jpg,0.2,0.0
20260317_231221_409873,img_20260317_231221_409873.jpg,0.2,0.0
20260317_231221_474240,img_20260317_231221_474240.jpg,0.2,0.0
20260317_231221_514356,img_20260317_231221_514356.jpg,0.2,0.0
20260317_231221_565958,img_20260317_231221_565958.jpg,0.2,0.0
20260317_231221_616269,img_20260317_231221_616269.jpg,0.2,0.0
20260317_231221_680533,img_20260317_231221_680533.jpg,0.2,0.0
20260317_231221_719275,img_20260317_231221_719275.jpg,0.2,0.0
20260317_231221_772867,img_20260317_231221_772867.jpg,0.2,0.0
20260317_231221_821843,img_20260317_231221_821843.jpg,0.2,0.0
20260317_231221_883095,img_20260317_231221_883095.jpg,0.2,0.0
20260317_231221_922690,img_20260317_231221_922690.jpg,0.2,0.0
20260317_231221_973801,img_20260317_231221_973801.jpg,0.2,0.0
20260317_231222_026563,img_20260317_231222_026563.jpg,0.2,0.0
20260317_231222_077157,img_20260317_231222_077157.jpg,0.2,0.0
20260317_231222_126551,img_20260317_231222_126551.jpg,0.2,0.0
20260317_231222_179719,img_20260317_231222_179719.jpg,0.2,0.0
20260317_231222_231003,img_20260317_231222_231003.jpg,0.2,0.0
20260317_231222_290815,img_20260317_231222_290815.jpg,0.2,0.0
20260317_231222_331272,img_20260317_231222_331272.jpg,0.2,0.0
20260317_231222_384044,img_20260317_231222_384044.jpg,0.2,0.0
20260317_231222_433291,img_20260317_231222_433291.jpg,0.2,0.0
20260317_231222_483977,img_20260317_231222_483977.jpg,0.2,0.0
20260317_231222_534038,img_20260317_231222_534038.jpg,0.2,0.0
20260317_231222_596452,img_20260317_231222_596452.jpg,0.2,0.0
20260317_231222_646624,img_20260317_231222_646624.jpg,0.2,0.0
20260317_231222_688142,img_20260317_231222_688142.jpg,0.2,0.0
20260317_231222_749882,img_20260317_231222_749882.jpg,0.2,0.0
20260317_231222_789257,img_20260317_231222_789257.jpg,0.2,0.0
20260317_231222_841534,img_20260317_231222_841534.jpg,0.2,0.0
20260317_231222_890350,img_20260317_231222_890350.jpg,0.2,0.0
20260317_231222_945369,img_20260317_231222_945369.jpg,0.2,0.0
20260317_231223_004598,img_20260317_231223_004598.jpg,0.2,0.0
20260317_231223_055648,img_20260317_231223_055648.jpg,0.2,0.0
20260317_231223_098445,img_20260317_231223_098445.jpg,0.2,0.0
20260317_231223_144722,img_20260317_231223_144722.jpg,0.2,0.0
20260317_231223_207061,img_20260317_231223_207061.jpg,0.2,0.0
20260317_231223_259088,img_20260317_231223_259088.jpg,0.2,0.0
20260317_231223_299436,img_20260317_231223_299436.jpg,0.2,0.0
20260317_231223_348513,img_20260317_231223_348513.jpg,0.2,0.0
20260317_231223_410803,img_20260317_231223_410803.jpg,0.2,0.0
20260317_231223_461078,img_20260317_231223_461078.jpg,0.2,0.0
20260317_231223_513667,img_20260317_231223_513667.jpg,0.2,0.0
20260317_231223_563690,img_20260317_231223_563690.jpg,0.2,0.0
20260317_231223_613151,img_20260317_231223_613151.jpg,0.2,0.0
20260317_231223_653928,img_20260317_231223_653928.jpg,0.2,0.0
20260317_231223_715317,img_20260317_231223_715317.jpg,0.2,0.0
20260317_231223_756767,img_20260317_231223_756767.jpg,0.2,0.0
20260317_231223_807140,img_20260317_231223_807140.jpg,0.2,0.0
20260317_231223_855217,img_20260317_231223_855217.jpg,0.2,0.0
20260317_231223_919895,img_20260317_231223_919895.jpg,0.2,0.0
20260317_231223_961842,img_20260317_231223_961842.jpg,0.2,0.0
20260317_231224_012898,img_20260317_231224_012898.jpg,0.2,0.0
20260317_231224_061469,img_20260317_231224_061469.jpg,0.2,0.0
20260317_231224_125145,img_20260317_231224_125145.jpg,0.2,0.0
20260317_231224_175685,img_20260317_231224_175685.jpg,0.2,0.0
20260317_231224_225337,img_20260317_231224_225337.jpg,0.2,0.0
20260317_231224_266698,img_20260317_231224_266698.jpg,0.2,0.0
20260317_231224_330076,img_20260317_231224_330076.jpg,0.2,0.0
20260317_231224_376675,img_20260317_231224_376675.jpg,0.2,0.0
20260317_231224_417544,img_20260317_231224_417544.jpg,0.2,0.0
20260317_231224_469087,img_20260317_231224_469087.jpg,0.2,0.0
20260317_231224_518981,img_20260317_231224_518981.jpg,0.2,0.0
20260317_231224_571321,img_20260317_231224_571321.jpg,0.2,0.0
20260317_231224_622487,img_20260317_231224_622487.jpg,0.2,0.0
20260317_231224_671554,img_20260317_231224_671554.jpg,0.2,0.0
20260317_231224_731503,img_20260317_231224_731503.jpg,0.2,0.0
20260317_231224_773014,img_20260317_231224_773014.jpg,0.2,0.0
20260317_231224_825998,img_20260317_231224_825998.jpg,0.2,0.0
20260317_231224_875208,img_20260317_231224_875208.jpg,0.2,0.0
20260317_231224_925977,img_20260317_231224_925977.jpg,0.2,0.0
20260317_231224_977132,img_20260317_231224_977132.jpg,0.2,0.0
20260317_231225_038465,img_20260317_231225_038465.jpg,0.2,0.0
20260317_231225_089721,img_20260317_231225_089721.jpg,0.2,0.0
20260317_231225_132193,img_20260317_231225_132193.jpg,0.2,0.0
20260317_231225_190527,img_20260317_231225_190527.jpg,0.2,0.0
20260317_231225_229994,img_20260317_231225_229994.jpg,0.2,0.0
20260317_231225_283590,img_20260317_231225_283590.jpg,0.2,0.0
20260317_231225_343811,img_20260317_231225_343811.jpg,0.2,0.0
20260317_231225_393317,img_20260317_231225_393317.jpg,0.2,0.0
20260317_231225_445277,img_20260317_231225_445277.jpg,0.2,0.0
20260317_231225_485397,img_20260317_231225_485397.jpg,0.2,0.0
20260317_231225_536766,img_20260317_231225_536766.jpg,0.2,0.0
20260317_231225_588385,img_20260317_231225_588385.jpg,0.2,0.0
20260317_231225_648783,img_20260317_231225_648783.jpg,0.2,0.0
20260317_231225_700340,img_20260317_231225_700340.jpg,0.2,0.0
20260317_231225_738860,img_20260317_231225_738860.jpg,0.2,0.0
20260317_231225_800235,img_20260317_231225_800235.jpg,0.2,0.0
20260317_231225_853903,img_20260317_231225_853903.jpg,0.2,0.0
20260317_231225_905799,img_20260317_231225_905799.jpg,0.2,0.0
20260317_231225_944327,img_20260317_231225_944327.jpg,0.2,0.0
20260317_231226_004363,img_20260317_231226_004363.jpg,0.2,0.0
20260317_231226_043913,img_20260317_231226_043913.jpg,0.2,0.0
20260317_231226_107269,img_20260317_231226_107269.jpg,0.2,0.0
20260317_231226_148756,img_20260317_231226_148756.jpg,0.2,0.0
20260317_231226_209760,img_20260317_231226_209760.jpg,0.2,0.0
20260317_231226_249172,img_20260317_231226_249172.jpg,0.2,0.0
20260317_231226_299661,img_20260317_231226_299661.jpg,0.2,0.0
20260317_231226_361903,img_20260317_231226_361903.jpg,0.2,0.0
20260317_231226_403466,img_20260317_231226_403466.jpg,0.2,0.0
20260317_231226_462668,img_20260317_231226_462668.jpg,0.2,0.0
20260317_231226_503673,img_20260317_231226_503673.jpg,0.2,0.0
20260317_231226_567316,img_20260317_231226_567316.jpg,0.2,0.0
20260317_231226_619060,img_20260317_231226_619060.jpg,0.2,0.0
20260317_231226_669476,img_20260317_231226_669476.jpg,0.2,0.0
20260317_231226_708010,img_20260317_231226_708010.jpg,0.2,0.0
20260317_231226_760941,img_20260317_231226_760941.jpg,0.2,0.0
20260317_231226_823123,img_20260317_231226_823123.jpg,0.2,0.0
20260317_231226_863381,img_20260317_231226_863381.jpg,0.2,0.0
20260317_231226_912548,img_20260317_231226_912548.jpg,0.2,0.0
20260317_231226_965201,img_20260317_231226_965201.jpg,0.2,0.0
20260317_231227_013942,img_20260317_231227_013942.jpg,0.2,0.0
20260317_231227_066120,img_20260317_231227_066120.jpg,0.2,0.0
20260317_231227_125730,img_20260317_231227_125730.jpg,0.2,0.0
20260317_231227_178668,img_20260317_231227_178668.jpg,0.2,0.0
20260317_231227_217128,img_20260317_231227_217128.jpg,0.2,0.0
20260317_231227_279809,img_20260317_231227_279809.jpg,0.2,0.0
20260317_231227_330322,img_20260317_231227_330322.jpg,0.2,0.0
20260317_231227_371467,img_20260317_231227_371467.jpg,0.2,0.0
20260317_231227_432165,img_20260317_231227_432165.jpg,0.2,0.0
20260317_231227_483894,img_20260317_231227_483894.jpg,0.2,0.0
20260317_231227_523098,img_20260317_231227_523098.jpg,0.2,0.0
20260317_231227_582577,img_20260317_231227_582577.jpg,0.2,0.0
20260317_231227_626224,img_20260317_231227_626224.jpg,0.2,0.0
20260317_231227_676555,img_20260317_231227_676555.jpg,0.2,0.0
20260317_231227_736430,img_20260317_231227_736430.jpg,0.2,0.0
20260317_231227_776966,img_20260317_231227_776966.jpg,0.2,0.0
20260317_231227_828736,img_20260317_231227_828736.jpg,0.2,0.0
20260317_231227_879469,img_20260317_231227_879469.jpg,0.2,0.0
20260317_231227_930794,img_20260317_231227_930794.jpg,0.2,0.0
20260317_231227_983062,img_20260317_231227_983062.jpg,0.2,0.0
20260317_231228_043827,img_20260317_231228_043827.jpg,0.2,0.0
20260317_231228_085494,img_20260317_231228_085494.jpg,0.2,0.0
20260317_231228_134238,img_20260317_231228_134238.jpg,0.2,0.0
20260317_231228_184530,img_20260317_231228_184530.jpg,0.2,0.0
20260317_231228_245250,img_20260317_231228_245250.jpg,0.2,0.0
20260317_231228_295505,img_20260317_231228_295505.jpg,0.2,0.0
20260317_231228_336750,img_20260317_231228_336750.jpg,0.2,0.0
20260317_231228_398054,img_20260317_231228_398054.jpg,0.2,0.0
20260317_231228_436569,img_20260317_231228_436569.jpg,0.2,0.0
20260317_231228_489793,img_20260317_231228_489793.jpg,0.2,0.0
20260317_231228_551214,img_20260317_231228_551214.jpg,0.2,0.0
20260317_231228_590862,img_20260317_231228_590862.jpg,0.2,0.0
20260317_231228_641859,img_20260317_231228_641859.jpg,0.2,0.0
20260317_231228_692158,img_20260317_231228_692158.jpg,0.2,0.0
20260317_231228_743689,img_20260317_231228_743689.jpg,0.2,0.0
20260317_231228_804458,img_20260317_231228_804458.jpg,0.2,0.0
20260317_231228_846563,img_20260317_231228_846563.jpg,0.2,0.0
20260317_231228_895847,img_20260317_231228_895847.jpg,0.2,0.0
20260317_231228_947198,img_20260317_231228_947198.jpg,0.2,0.0
20260317_231228_997753,img_20260317_231228_997753.jpg,0.2,0.0
20260317_231229_059637,img_20260317_231229_059637.jpg,0.2,0.0
20260317_231229_112176,img_20260317_231229_112176.jpg,0.2,0.0
20260317_231229_150576,img_20260317_231229_150576.jpg,0.2,0.0
20260317_231229_202024,img_20260317_231229_202024.jpg,0.2,0.0
20260317_231229_252339,img_20260317_231229_252339.jpg,0.2,0.0
20260317_231229_301998,img_20260317_231229_301998.jpg,0.2,0.0
20260317_231229_353463,img_20260317_231229_353463.jpg,0.2,0.0
20260317_231229_414752,img_20260317_231229_414752.jpg,0.2,0.0
20260317_231229_455339,img_20260317_231229_455339.jpg,0.2,0.0
20260317_231229_509204,img_20260317_231229_509204.jpg,0.2,0.0
20260317_231229_559808,img_20260317_231229_559808.jpg,0.2,0.0
20260317_231229_608469,img_20260317_231229_608469.jpg,0.2,0.0
20260317_231229_660492,img_20260317_231229_660492.jpg,0.2,0.0
20260317_231229_725314,img_20260317_231229_725314.jpg,0.2,0.0
20260317_231229_762806,img_20260317_231229_762806.jpg,0.2,0.0
20260317_231229_825900,img_20260317_231229_825900.jpg,0.2,0.0
20260317_231229_875332,img_20260317_231229_875332.jpg,0.2,0.0
20260317_231229_929640,img_20260317_231229_929640.jpg,0.2,0.0
20260317_231229_976263,img_20260317_231229_976263.jpg,0.2,0.0
20260317_231230_015697,img_20260317_231230_015697.jpg,0.2,0.0
20260317_231230_065838,img_20260317_231230_065838.jpg,0.2,0.0
20260317_231230_117117,img_20260317_231230_117117.jpg,0.2,0.0
20260317_231230_170452,img_20260317_231230_170452.jpg,0.2,0.0
20260317_231230_215567,img_20260317_231230_215567.jpg,0.2,0.0
20260317_231230_266694,img_20260317_231230_266694.jpg,0.2,0.0
20260317_231230_328493,img_20260317_231230_328493.jpg,0.2,0.0
20260317_231230_381431,img_20260317_231230_381431.jpg,0.2,0.0
20260317_231230_419653,img_20260317_231230_419653.jpg,0.2,0.0
20260317_231230_479922,img_20260317_231230_479922.jpg,0.2,0.0
20260317_231230_521373,img_20260317_231230_521373.jpg,0.2,0.0
20260317_231230_588157,img_20260317_231230_588157.jpg,0.2,0.0
20260317_231230_641024,img_20260317_231230_641024.jpg,0.2,0.0
20260317_231230_686889,img_20260317_231230_686889.jpg,0.2,0.0
20260317_231230_724686,img_20260317_231230_724686.jpg,0.2,0.0
20260317_231230_774949,img_20260317_231230_774949.jpg,0.2,0.0
20260317_231230_826620,img_20260317_231230_826620.jpg,0.2,0.0
20260317_231230_877826,img_20260317_231230_877826.jpg,0.2,0.0
20260317_231230_928416,img_20260317_231230_928416.jpg,0.2,0.0
20260317_231230_982498,img_20260317_231230_982498.jpg,0.2,0.0
20260317_231231_040265,img_20260317_231231_040265.jpg,0.2,0.0
20260317_231231_082174,img_20260317_231231_082174.jpg,0.2,0.0
20260317_231231_142305,img_20260317_231231_142305.jpg,0.2,0.0
20260317_231231_183999,img_20260317_231231_183999.jpg,0.2,0.0
20260317_231231_244599,img_20260317_231231_244599.jpg,0.2,0.0
20260317_231231_286882,img_20260317_231231_286882.jpg,0.2,0.0
20260317_231231_335416,img_20260317_231231_335416.jpg,0.2,0.0
20260317_231231_389407,img_20260317_231231_389407.jpg,0.2,0.0
20260317_231231_448305,img_20260317_231231_448305.jpg,0.2,0.0
20260317_231231_499771,img_20260317_231231_499771.jpg,0.2,0.0
20260317_231231_540931,img_20260317_231231_540931.jpg,0.2,0.0
20260317_231231_594216,img_20260317_231231_594216.jpg,0.2,0.0
20260317_231231_654923,img_20260317_231231_654923.jpg,0.2,0.0
20260317_231231_695257,img_20260317_231231_695257.jpg,0.2,0.0
20260317_231231_756248,img_20260317_231231_756248.jpg,0.2,0.0
20260317_231231_795703,img_20260317_231231_795703.jpg,0.2,0.0
20260317_231231_856517,img_20260317_231231_856517.jpg,0.2,0.0
20260317_231231_907636,img_20260317_231231_907636.jpg,0.2,0.0
20260317_231231_958222,img_20260317_231231_958222.jpg,0.2,0.0
20260317_231231_997689,img_20260317_231231_997689.jpg,0.2,0.0
20260317_231232_049213,img_20260317_231232_049213.jpg,0.2,0.0
20260317_231232_101305,img_20260317_231232_101305.jpg,0.2,0.0
20260317_231232_162658,img_20260317_231232_162658.jpg,0.2,0.0
20260317_231232_202676,img_20260317_231232_202676.jpg,0.2,0.0
20260317_231232_264165,img_20260317_231232_264165.jpg,0.2,0.0
20260317_231232_314541,img_20260317_231232_314541.jpg,0.2,0.0
20260317_231232_365411,img_20260317_231232_365411.jpg,0.2,0.0
20260317_231232_406020,img_20260317_231232_406020.jpg,0.2,0.0
20260317_231232_467548,img_20260317_231232_467548.jpg,0.2,0.0
20260317_231232_508570,img_20260317_231232_508570.jpg,0.2,0.0
20260317_231232_559843,img_20260317_231232_559843.jpg,0.2,0.0
20260317_231232_610334,img_20260317_231232_610334.jpg,0.2,0.0
20260317_231232_673490,img_20260317_231232_673490.jpg,0.2,0.0
20260317_231232_723912,img_20260317_231232_723912.jpg,0.2,0.0
20260317_231232_772814,img_20260317_231232_772814.jpg,0.2,0.0
20260317_231232_824339,img_20260317_231232_824339.jpg,0.2,0.0
20260317_231232_874353,img_20260317_231232_874353.jpg,0.2,0.0
20260317_231232_926031,img_20260317_231232_926031.jpg,0.2,0.0
20260317_231232_976565,img_20260317_231232_976565.jpg,0.2,0.0
20260317_231233_016365,img_20260317_231233_016365.jpg,0.2,0.0
20260317_231233_066783,img_20260317_231233_066783.jpg,0.2,0.0
20260317_231233_117693,img_20260317_231233_117693.jpg,0.2,0.0
20260317_231233_168770,img_20260317_231233_168770.jpg,0.2,0.0
20260317_231233_220298,img_20260317_231233_220298.jpg,0.2,0.0
20260317_231233_278975,img_20260317_231233_278975.jpg,0.2,0.0
20260317_231233_320991,img_20260317_231233_320991.jpg,0.2,0.0
20260317_231233_370547,img_20260317_231233_370547.jpg,0.2,0.0
20260317_231233_430989,img_20260317_231233_430989.jpg,0.2,0.0
20260317_231233_484093,img_20260317_231233_484093.jpg,0.2,0.0
20260317_231233_536283,img_20260317_231233_536283.jpg,0.2,0.0
20260317_231233_577961,img_20260317_231233_577961.jpg,0.2,0.0
20260317_231233_626891,img_20260317_231233_626891.jpg,0.2,0.0
20260317_231233_686926,img_20260317_231233_686926.jpg,0.2,0.0
20260317_231233_736666,img_20260317_231233_736666.jpg,0.2,0.0
20260317_231233_778259,img_20260317_231233_778259.jpg,0.2,0.0
20260317_231233_826990,img_20260317_231233_826990.jpg,0.2,0.0
20260317_231233_878615,img_20260317_231233_878615.jpg,0.2,0.0
20260317_231233_930081,img_20260317_231233_930081.jpg,0.2,0.0
20260317_231233_989715,img_20260317_231233_989715.jpg,0.2,0.0
20260317_231234_032590,img_20260317_231234_032590.jpg,0.2,0.0
20260317_231234_083528,img_20260317_231234_083528.jpg,0.2,0.0
20260317_231234_134170,img_20260317_231234_134170.jpg,0.2,0.0
20260317_231234_183795,img_20260317_231234_183795.jpg,0.2,0.0
20260317_231234_235376,img_20260317_231234_235376.jpg,0.2,0.0
20260317_231234_294829,img_20260317_231234_294829.jpg,0.2,0.0
20260317_231234_335929,img_20260317_231234_335929.jpg,0.2,0.0
20260317_231234_386365,img_20260317_231234_386365.jpg,0.2,0.0
20260317_231234_437402,img_20260317_231234_437402.jpg,0.2,0.0
20260317_231234_488877,img_20260317_231234_488877.jpg,0.2,0.0
20260317_231234_551437,img_20260317_231234_551437.jpg,0.2,0.0
20260317_231234_599720,img_20260317_231234_599720.jpg,0.2,0.0
20260317_231234_640967,img_20260317_231234_640967.jpg,0.2,0.0
20260317_231234_690056,img_20260317_231234_690056.jpg,0.2,0.0
20260317_231234_753161,img_20260317_231234_753161.jpg,0.2,0.0
20260317_231234_793087,img_20260317_231234_793087.jpg,0.2,0.0
20260317_231234_844750,img_20260317_231234_844750.jpg,0.2,0.0
20260317_231234_892868,img_20260317_231234_892868.jpg,0.2,0.0
20260317_231234_955889,img_20260317_231234_955889.jpg,0.2,0.0
20260317_231234_994555,img_20260317_231234_994555.jpg,0.2,0.0
20260317_231235_047921,img_20260317_231235_047921.jpg,0.2,0.0
20260317_231235_096857,img_20260317_231235_096857.jpg,0.2,0.0
20260317_231235_158576,img_20260317_231235_158576.jpg,0.2,0.0
20260317_231235_198268,img_20260317_231235_198268.jpg,0.2,0.0
20260317_231235_259502,img_20260317_231235_259502.jpg,0.2,0.0
20260317_231235_309687,img_20260317_231235_309687.jpg,0.2,0.0
20260317_231235_362241,img_20260317_231235_362241.jpg,0.2,0.0
20260317_231235_402433,img_20260317_231235_402433.jpg,0.2,0.0
20260317_231235_451289,img_20260317_231235_451289.jpg,0.2,0.0
20260317_231235_515612,img_20260317_231235_515612.jpg,0.2,0.0
20260317_231235_565543,img_20260317_231235_565543.jpg,0.2,0.0
20260317_231235_618200,img_20260317_231235_618200.jpg,0.2,0.0
20260317_231235_658430,img_20260317_231235_658430.jpg,0.2,0.0
20260317_231235_717912,img_20260317_231235_717912.jpg,0.2,0.0
20260317_231235_769985,img_20260317_231235_769985.jpg,0.2,0.0
20260317_231235_822045,img_20260317_231235_822045.jpg,0.2,0.0
20260317_231235_872433,img_20260317_231235_872433.jpg,0.2,0.0
20260317_231235_913633,img_20260317_231235_913633.jpg,0.2,0.0
20260317_231235_974088,img_20260317_231235_974088.jpg,0.2,0.0
20260317_231236_014011,img_20260317_231236_014011.jpg,0.2,0.0
20260317_231236_064904,img_20260317_231236_064904.jpg,0.2,0.0
20260317_231236_127160,img_20260317_231236_127160.jpg,0.2,0.0
20260317_231236_167780,img_20260317_231236_167780.jpg,0.2,0.0
20260317_231236_227910,img_20260317_231236_227910.jpg,0.2,0.0
20260317_231236_267331,img_20260317_231236_267331.jpg,0.2,0.0
20260317_231236_322689,img_20260317_231236_322689.jpg,0.2,0.0
20260317_231236_370343,img_20260317_231236_370343.jpg,0.2,0.0
20260317_231236_420454,img_20260317_231236_420454.jpg,0.2,0.0
20260317_231236_482824,img_20260317_231236_482824.jpg,0.2,0.0
20260317_231236_523262,img_20260317_231236_523262.jpg,0.2,0.0
20260317_231236_584840,img_20260317_231236_584840.jpg,0.2,0.0
20260317_231236_637153,img_20260317_231236_637153.jpg,0.2,0.0
20260317_231236_686918,img_20260317_231236_686918.jpg,0.2,0.0
20260317_231236_729142,img_20260317_231236_729142.jpg,0.2,0.0
20260317_231236_776514,img_20260317_231236_776514.jpg,0.2,0.0
20260317_231236_838254,img_20260317_231236_838254.jpg,0.2,0.0
20260317_231236_880039,img_20260317_231236_880039.jpg,0.2,0.0
20260317_231236_931175,img_20260317_231236_931175.jpg,0.2,0.0
20260317_231236_981819,img_20260317_231236_981819.jpg,0.2,0.0
20260317_231237_042270,img_20260317_231237_042270.jpg,0.2,0.0
20260317_231237_095502,img_20260317_231237_095502.jpg,0.2,0.0
20260317_231237_143851,img_20260317_231237_143851.jpg,0.2,0.0
20260317_231237_195953,img_20260317_231237_195953.jpg,0.2,0.0
20260317_231237_236120,img_20260317_231237_236120.jpg,0.2,0.0
20260317_231237_287129,img_20260317_231237_287129.jpg,0.2,0.0
20260317_231237_336542,img_20260317_231237_336542.jpg,0.2,0.0
20260317_231237_397605,img_20260317_231237_397605.jpg,0.2,0.0
20260317_231237_439751,img_20260317_231237_439751.jpg,0.2,0.0
20260317_231237_488724,img_20260317_231237_488724.jpg,0.2,0.0
20260317_231237_539692,img_20260317_231237_539692.jpg,0.2,0.0
20260317_231237_590534,img_20260317_231237_590534.jpg,0.2,0.0
20260317_231237_639608,img_20260317_231237_639608.jpg,0.2,0.0
20260317_231237_691692,img_20260317_231237_691692.jpg,0.2,0.0
20260317_231237_742697,img_20260317_231237_742697.jpg,0.2,0.0
20260317_231237_803271,img_20260317_231237_803271.jpg,0.2,0.0
20260317_231237_856032,img_20260317_231237_856032.jpg,0.2,0.0
20260317_231237_908304,img_20260317_231237_908304.jpg,0.2,0.0
20260317_231237_959277,img_20260317_231237_959277.jpg,0.2,0.0
20260317_231238_010298,img_20260317_231238_010298.jpg,0.2,0.0
20260317_231238_059502,img_20260317_231238_059502.jpg,0.2,0.0
20260317_231238_100355,img_20260317_231238_100355.jpg,0.2,0.0
20260317_231238_151270,img_20260317_231238_151270.jpg,0.2,0.0
20260317_231238_213420,img_20260317_231238_213420.jpg,0.2,0.0
20260317_231238_253759,img_20260317_231238_253759.jpg,0.2,0.0
20260317_231238_313974,img_20260317_231238_313974.jpg,0.2,0.0
20260317_231238_364774,img_20260317_231238_364774.jpg,0.2,0.0
20260317_231238_405803,img_20260317_231238_405803.jpg,0.2,0.0
20260317_231238_454643,img_20260317_231238_454643.jpg,0.2,0.0
20260317_231238_506955,img_20260317_231238_506955.jpg,0.2,0.0
20260317_231238_557572,img_20260317_231238_557572.jpg,0.2,0.0
20260317_231238_609004,img_20260317_231238_609004.jpg,0.2,0.0
20260317_231238_659796,img_20260317_231238_659796.jpg,0.2,0.0
20260317_231238_719875,img_20260317_231238_719875.jpg,0.2,0.0
20260317_231238_759064,img_20260317_231238_759064.jpg,0.2,0.0
20260317_231238_812347,img_20260317_231238_812347.jpg,0.2,0.0
20260317_231238_875048,img_20260317_231238_875048.jpg,0.2,0.0
20260317_231238_914732,img_20260317_231238_914732.jpg,0.2,0.0
20260317_231238_964574,img_20260317_231238_964574.jpg,0.2,0.0
20260317_231239_017192,img_20260317_231239_017192.jpg,0.2,0.0
20260317_231239_067002,img_20260317_231239_067002.jpg,0.2,0.0
20260317_231239_128703,img_20260317_231239_128703.jpg,0.2,0.0
20260317_231239_169449,img_20260317_231239_169449.jpg,0.2,0.0
20260317_231239_230901,img_20260317_231239_230901.jpg,0.2,0.0
20260317_231239_280255,img_20260317_231239_280255.jpg,0.2,0.0
20260317_231239_323764,img_20260317_231239_323764.jpg,0.2,0.0
20260317_231239_371682,img_20260317_231239_371682.jpg,0.2,0.0
20260317_231239_421849,img_20260317_231239_421849.jpg,0.2,0.0
20260317_231239_473833,img_20260317_231239_473833.jpg,0.2,0.0
20260317_231239_534279,img_20260317_231239_534279.jpg,0.2,0.0
20260317_231239_574984,img_20260317_231239_574984.jpg,0.2,0.0
20260317_231239_623644,img_20260317_231239_623644.jpg,0.2,0.0
20260317_231239_675530,img_20260317_231239_675530.jpg,0.2,0.0
20260317_231239_725340,img_20260317_231239_725340.jpg,0.2,0.0
20260317_231239_777751,img_20260317_231239_777751.jpg,0.2,0.0
20260317_231239_827294,img_20260317_231239_827294.jpg,0.2,0.0
20260317_231239_890728,img_20260317_231239_890728.jpg,0.2,0.0
20260317_231239_929348,img_20260317_231239_929348.jpg,0.2,0.0
20260317_231239_991176,img_20260317_231239_991176.jpg,0.2,0.0
20260317_231240_041902,img_20260317_231240_041902.jpg,0.2,0.0
20260317_231240_084100,img_20260317_231240_084100.jpg,0.2,0.0
20260317_231240_145700,img_20260317_231240_145700.jpg,0.2,0.0
20260317_231240_183551,img_20260317_231240_183551.jpg,0.2,0.0
20260317_231240_245353,img_20260317_231240_245353.jpg,0.2,0.0
20260317_231240_289130,img_20260317_231240_289130.jpg,0.2,0.0
20260317_231240_350288,img_20260317_231240_350288.jpg,0.2,0.0
20260317_231240_402225,img_20260317_231240_402225.jpg,0.2,0.0
20260317_231240_452050,img_20260317_231240_452050.jpg,0.2,0.0
20260317_231240_493413,img_20260317_231240_493413.jpg,0.2,0.0
20260317_231240_553151,img_20260317_231240_553151.jpg,0.2,0.0
20260317_231240_595425,img_20260317_231240_595425.jpg,0.2,0.0
20260317_231240_654996,img_20260317_231240_654996.jpg,0.2,0.0
20260317_231240_704671,img_20260317_231240_704671.jpg,0.2,0.0
20260317_231240_745434,img_20260317_231240_745434.jpg,0.2,0.0
20260317_231240_799527,img_20260317_231240_799527.jpg,0.2,0.0
20260317_231240_858490,img_20260317_231240_858490.jpg,0.2,0.0
20260317_231240_910238,img_20260317_231240_910238.jpg,0.2,0.0
20260317_231240_949623,img_20260317_231240_949623.jpg,0.2,0.0
20260317_231241_011322,img_20260317_231241_011322.jpg,0.2,0.0
20260317_231241_052547,img_20260317_231241_052547.jpg,0.2,0.0
20260317_231241_115680,img_20260317_231241_115680.jpg,0.2,0.0
20260317_231241_154751,img_20260317_231241_154751.jpg,0.2,0.0
20260317_231241_214393,img_20260317_231241_214393.jpg,0.2,0.0
20260317_231241_266458,img_20260317_231241_266458.jpg,0.2,0.0
20260317_231241_317110,img_20260317_231241_317110.jpg,0.2,0.0
20260317_231241_360056,img_20260317_231241_360056.jpg,0.2,0.0
20260317_231241_418671,img_20260317_231241_418671.jpg,0.2,0.0
20260317_231241_459674,img_20260317_231241_459674.jpg,0.2,0.0
20260317_231241_512711,img_20260317_231241_512711.jpg,0.2,0.0
20260317_231241_560557,img_20260317_231241_560557.jpg,0.2,0.0
20260317_231241_612586,img_20260317_231241_612586.jpg,0.2,0.0
20260317_231241_661603,img_20260317_231241_661603.jpg,0.2,0.0
20260317_231241_714227,img_20260317_231241_714227.jpg,0.2,0.0
20260317_231241_763153,img_20260317_231241_763153.jpg,0.2,0.0
20260317_231241_815658,img_20260317_231241_815658.jpg,0.2,0.0
20260317_231241_866296,img_20260317_231241_866296.jpg,0.2,0.0
20260317_231241_918180,img_20260317_231241_918180.jpg,0.2,0.0
20260317_231241_969350,img_20260317_231241_969350.jpg,0.2,0.0
20260317_231242_020767,img_20260317_231242_020767.jpg,0.2,0.0
20260317_231242_081824,img_20260317_231242_081824.jpg,0.2,0.0
20260317_231242_121310,img_20260317_231242_121310.jpg,0.2,0.0
20260317_231242_182549,img_20260317_231242_182549.jpg,0.2,0.0
20260317_231242_223918,img_20260317_231242_223918.jpg,0.2,0.0
20260317_231242_275054,img_20260317_231242_275054.jpg,0.2,0.0
20260317_231242_337513,img_20260317_231242_337513.jpg,0.2,0.0
20260317_231242_377299,img_20260317_231242_377299.jpg,0.2,0.0
20260317_231242_437943,img_20260317_231242_437943.jpg,0.2,0.0
20260317_231242_488438,img_20260317_231242_488438.jpg,0.2,0.0
20260317_231242_530134,img_20260317_231242_530134.jpg,0.2,0.0
20260317_231242_590326,img_20260317_231242_590326.jpg,0.2,0.0
20260317_231242_629490,img_20260317_231242_629490.jpg,0.2,0.0
20260317_231242_681469,img_20260317_231242_681469.jpg,0.2,0.0
20260317_231242_730776,img_20260317_231242_730776.jpg,0.2,0.0
20260317_231242_783927,img_20260317_231242_783927.jpg,0.2,0.0
20260317_231242_842823,img_20260317_231242_842823.jpg,0.2,0.0
20260317_231242_886363,img_20260317_231242_886363.jpg,0.2,0.0
20260317_231242_946683,img_20260317_231242_946683.jpg,0.2,0.0
20260317_231242_987137,img_20260317_231242_987137.jpg,0.2,0.0
20260317_231243_048701,img_20260317_231243_048701.jpg,0.2,0.0
20260317_231243_088388,img_20260317_231243_088388.jpg,0.2,0.0
20260317_231243_142839,img_20260317_231243_142839.jpg,0.2,0.0
20260317_231243_193110,img_20260317_231243_193110.jpg,0.2,0.0
20260317_231243_253047,img_20260317_231243_253047.jpg,0.2,0.0
20260317_231243_303601,img_20260317_231243_303601.jpg,0.2,0.0
20260317_231243_342894,img_20260317_231243_342894.jpg,0.2,0.0
20260317_231243_404717,img_20260317_231243_404717.jpg,0.2,0.0
20260317_231243_443516,img_20260317_231243_443516.jpg,0.2,0.0
20260317_231243_493850,img_20260317_231243_493850.jpg,0.2,0.0
20260317_231243_556418,img_20260317_231243_556418.jpg,0.2,0.0
20260317_231243_597918,img_20260317_231243_597918.jpg,0.2,0.0
20260317_231243_657277,img_20260317_231243_657277.jpg,0.2,0.0
20260317_231243_709196,img_20260317_231243_709196.jpg,0.2,0.0
20260317_231243_751796,img_20260317_231243_751796.jpg,0.2,0.0
20260317_231243_801822,img_20260317_231243_801822.jpg,0.2,0.0
20260317_231243_863463,img_20260317_231243_863463.jpg,0.2,0.0
20260317_231243_915386,img_20260317_231243_915386.jpg,0.2,0.0
20260317_231243_954844,img_20260317_231243_954844.jpg,0.2,0.0
20260317_231244_003627,img_20260317_231244_003627.jpg,0.2,0.0
20260317_231244_056789,img_20260317_231244_056789.jpg,0.2,0.0
20260317_231244_107213,img_20260317_231244_107213.jpg,0.2,0.0
20260317_231244_169741,img_20260317_231244_169741.jpg,0.2,0.0
20260317_231244_210275,img_20260317_231244_210275.jpg,0.2,0.0
20260317_231244_260144,img_20260317_231244_260144.jpg,0.2,0.0
20260317_231244_310547,img_20260317_231244_310547.jpg,0.2,0.0
20260317_231244_359988,img_20260317_231244_359988.jpg,0.2,0.0
20260317_231244_423304,img_20260317_231244_423304.jpg,0.2,0.0
20260317_231244_473739,img_20260317_231244_473739.jpg,0.2,0.0
20260317_231244_525553,img_20260317_231244_525553.jpg,0.2,0.0
20260317_231244_564933,img_20260317_231244_564933.jpg,0.2,0.0
20260317_231244_618976,img_20260317_231244_618976.jpg,0.2,0.0
20260317_231244_678488,img_20260317_231244_678488.jpg,0.2,0.0
20260317_231244_716800,img_20260317_231244_716800.jpg,0.2,0.0
20260317_231244_769186,img_20260317_231244_769186.jpg,0.2,0.0
20260317_231244_818972,img_20260317_231244_818972.jpg,0.2,0.0
20260317_231244_880679,img_20260317_231244_880679.jpg,0.2,0.0
20260317_231244_933266,img_20260317_231244_933266.jpg,0.2,0.0
20260317_231244_973011,img_20260317_231244_973011.jpg,0.2,0.0
20260317_231245_022397,img_20260317_231245_022397.jpg,0.2,0.0
20260317_231245_084441,img_20260317_231245_084441.jpg,0.2,0.0
20260317_231245_135059,img_20260317_231245_135059.jpg,0.2,0.0
20260317_231245_175423,img_20260317_231245_175423.jpg,0.2,0.0
20260317_231245_236561,img_20260317_231245_236561.jpg,0.2,0.0
20260317_231245_277318,img_20260317_231245_277318.jpg,0.2,0.0
20260317_231245_326672,img_20260317_231245_326672.jpg,0.2,0.0
20260317_231245_387654,img_20260317_231245_387654.jpg,0.2,0.0
20260317_231245_429234,img_20260317_231245_429234.jpg,0.2,0.0
20260317_231245_479080,img_20260317_231245_479080.jpg,0.2,0.0
20260317_231245_542216,img_20260317_231245_542216.jpg,0.2,0.0
20260317_231245_581078,img_20260317_231245_581078.jpg,0.2,0.0
20260317_231245_644612,img_20260317_231245_644612.jpg,0.2,0.0
20260317_231245_681598,img_20260317_231245_681598.jpg,0.2,0.0
20260317_231245_734530,img_20260317_231245_734530.jpg,0.2,0.0
20260317_231245_783929,img_20260317_231245_783929.jpg,0.2,0.0
20260317_231245_836135,img_20260317_231245_836135.jpg,0.2,0.0
20260317_231245_887282,img_20260317_231245_887282.jpg,0.2,0.0
20260317_231245_947533,img_20260317_231245_947533.jpg,0.2,0.0
20260317_231245_988533,img_20260317_231245_988533.jpg,0.2,0.0
20260317_231246_048750,img_20260317_231246_048750.jpg,0.2,0.0
20260317_231246_099313,img_20260317_231246_099313.jpg,0.2,0.0
20260317_231246_138960,img_20260317_231246_138960.jpg,0.2,0.0
20260317_231246_190034,img_20260317_231246_190034.jpg,0.2,0.0
20260317_231246_255010,img_20260317_231246_255010.jpg,0.2,0.0
20260317_231246_302980,img_20260317_231246_302980.jpg,0.2,0.0
20260317_231246_341140,img_20260317_231246_341140.jpg,0.2,0.0
20260317_231246_394515,img_20260317_231246_394515.jpg,0.2,0.0
20260317_231246_443500,img_20260317_231246_443500.jpg,0.2,0.0
20260317_231246_506597,img_20260317_231246_506597.jpg,0.2,0.0
20260317_231246_557453,img_20260317_231246_557453.jpg,0.2,0.0
20260317_231246_599314,img_20260317_231246_599314.jpg,0.2,0.0
20260317_231246_648126,img_20260317_231246_648126.jpg,0.2,0.0
20260317_231246_709402,img_20260317_231246_709402.jpg,0.2,0.0
20260317_231246_751655,img_20260317_231246_751655.jpg,0.2,0.0
20260317_231246_801905,img_20260317_231246_801905.jpg,0.2,0.0
20260317_231246_863223,img_20260317_231246_863223.jpg,0.2,0.0
20260317_231246_914812,img_20260317_231246_914812.jpg,0.2,0.0
20260317_231246_953178,img_20260317_231246_953178.jpg,0.2,0.0
20260317_231247_015768,img_20260317_231247_015768.jpg,0.2,0.0
20260317_231247_056664,img_20260317_231247_056664.jpg,0.2,0.0
20260317_231247_107491,img_20260317_231247_107491.jpg,0.2,0.0
20260317_231247_168899,img_20260317_231247_168899.jpg,0.2,0.0
20260317_231247_213402,img_20260317_231247_213402.jpg,0.2,0.0
20260317_231247_259803,img_20260317_231247_259803.jpg,0.2,0.0
20260317_231247_312860,img_20260317_231247_312860.jpg,0.2,0.0
20260317_231247_362716,img_20260317_231247_362716.jpg,0.2,0.0
20260317_231247_423500,img_20260317_231247_423500.jpg,0.2,0.0
20260317_231247_465583,img_20260317_231247_465583.jpg,0.2,0.0
20260317_231246_681047,img_20260317_231246_681047.jpg,0.2,0.0
20260317_231246_729121,img_20260317_231246_729121.jpg,0.2,0.0
20260317_231246_781039,img_20260317_231246_781039.jpg,0.2,0.0
20260317_231246_822587,img_20260317_231246_822587.jpg,0.2,0.0
20260317_231246_871769,img_20260317_231246_871769.jpg,0.2,0.0
20260317_231246_931678,img_20260317_231246_931678.jpg,0.2,0.0
20260317_231246_973519,img_20260317_231246_973519.jpg,0.2,0.0
20260317_231247_035240,img_20260317_231247_035240.jpg,0.2,0.0
20260317_231247_085628,img_20260317_231247_085628.jpg,0.2,0.0
20260317_231247_125753,img_20260317_231247_125753.jpg,0.2,0.0
20260317_231247_186631,img_20260317_231247_186631.jpg,0.2,0.0
20260317_231247_227361,img_20260317_231247_227361.jpg,0.2,0.0
20260317_231247_279926,img_20260317_231247_279926.jpg,0.2,0.0
20260317_231247_331369,img_20260317_231247_331369.jpg,0.2,0.0
20260317_231247_380454,img_20260317_231247_380454.jpg,0.2,0.0
20260317_231247_431205,img_20260317_231247_431205.jpg,0.2,0.0
20260317_231247_482465,img_20260317_231247_482465.jpg,0.2,0.0
20260317_231247_534202,img_20260317_231247_534202.jpg,0.2,0.0
20260317_231247_583606,img_20260317_231247_583606.jpg,0.2,0.0
20260317_231247_633714,img_20260317_231247_633714.jpg,0.2,0.0
20260317_231247_686224,img_20260317_231247_686224.jpg,0.2,0.0
20260317_231247_747868,img_20260317_231247_747868.jpg,0.2,0.0
20260317_231247_797594,img_20260317_231247_797594.jpg,0.2,0.0
20260317_231247_848082,img_20260317_231247_848082.jpg,0.2,0.0
20260317_231247_887450,img_20260317_231247_887450.jpg,0.2,0.0
20260317_231247_938263,img_20260317_231247_938263.jpg,0.2,0.0
20260317_231248_000688,img_20260317_231248_000688.jpg,0.2,0.0
20260317_231248_040234,img_20260317_231248_040234.jpg,0.2,0.0
20260317_231248_100724,img_20260317_231248_100724.jpg,0.2,0.0
20260317_231248_141929,img_20260317_231248_141929.jpg,0.2,0.0
20260317_231248_195329,img_20260317_231248_195329.jpg,0.2,0.0
20260317_231248_255303,img_20260317_231248_255303.jpg,0.2,0.0
20260317_231248_306387,img_20260317_231248_306387.jpg,0.2,0.0
20260317_231248_355174,img_20260317_231248_355174.jpg,0.2,0.0
20260317_231248_407092,img_20260317_231248_407092.jpg,0.2,0.0
20260317_231248_450767,img_20260317_231248_450767.jpg,0.2,0.0
20260317_231248_511785,img_20260317_231248_511785.jpg,0.2,0.0
20260317_231248_563973,img_20260317_231248_563973.jpg,0.2,0.0
20260317_231248_614993,img_20260317_231248_614993.jpg,0.2,0.0
20260317_231248_654085,img_20260317_231248_654085.jpg,0.2,0.0
20260317_231248_714985,img_20260317_231248_714985.jpg,0.2,0.0
20260317_231248_755762,img_20260317_231248_755762.jpg,0.2,0.0
20260317_231248_808684,img_20260317_231248_808684.jpg,0.2,0.0
20260317_231248_860225,img_20260317_231248_860225.jpg,0.2,0.0
20260317_231248_920676,img_20260317_231248_920676.jpg,0.2,0.0
20260317_231248_970221,img_20260317_231248_970221.jpg,0.2,0.0
20260317_231249_023680,img_20260317_231249_023680.jpg,0.2,0.0
20260317_231249_063052,img_20260317_231249_063052.jpg,0.2,0.0
20260317_231249_123479,img_20260317_231249_123479.jpg,0.2,0.0
20260317_231249_165331,img_20260317_231249_165331.jpg,0.2,0.0
20260317_231249_213981,img_20260317_231249_213981.jpg,0.2,0.0
20260317_231249_275930,img_20260317_231249_275930.jpg,0.2,0.0
20260317_231249_316873,img_20260317_231249_316873.jpg,0.2,0.0
20260317_231249_368083,img_20260317_231249_368083.jpg,0.2,0.0
20260317_231249_420159,img_20260317_231249_420159.jpg,0.2,0.0
20260317_231249_471378,img_20260317_231249_471378.jpg,0.2,0.0
20260317_231249_530491,img_20260317_231249_530491.jpg,0.2,0.0
20260317_231249_570981,img_20260317_231249_570981.jpg,0.2,0.0
20260317_231249_633142,img_20260317_231249_633142.jpg,0.2,0.0
20260317_231249_672573,img_20260317_231249_672573.jpg,0.2,0.0
20260317_231249_725381,img_20260317_231249_725381.jpg,0.2,0.0
20260317_231249_774684,img_20260317_231249_774684.jpg,0.2,0.0
20260317_231249_837557,img_20260317_231249_837557.jpg,0.2,0.0
20260317_231249_877528,img_20260317_231249_877528.jpg,0.2,0.0
20260317_231249_928206,img_20260317_231249_928206.jpg,0.2,0.0
20260317_231249_977283,img_20260317_231249_977283.jpg,0.2,0.0
20260317_231250_029478,img_20260317_231250_029478.jpg,0.2,0.0
20260317_231250_080175,img_20260317_231250_080175.jpg,0.2,0.0
20260317_231250_129277,img_20260317_231250_129277.jpg,0.2,0.0
20260317_231250_181228,img_20260317_231250_181228.jpg,0.2,0.0
20260317_231250_231861,img_20260317_231250_231861.jpg,0.2,0.0
20260317_231250_285222,img_20260317_231250_285222.jpg,0.2,0.0
20260317_231250_347660,img_20260317_231250_347660.jpg,0.2,0.0
20260317_231250_396650,img_20260317_231250_396650.jpg,0.2,0.0
20260317_231250_438878,img_20260317_231250_438878.jpg,0.2,0.0
20260317_231250_486367,img_20260317_231250_486367.jpg,0.2,0.0
20260317_231250_549071,img_20260317_231250_549071.jpg,0.2,0.0
20260317_231250_600246,img_20260317_231250_600246.jpg,0.2,0.0
20260317_231250_641691,img_20260317_231250_641691.jpg,0.2,0.0
20260317_231250_690327,img_20260317_231250_690327.jpg,0.2,0.0
20260317_231250_741447,img_20260317_231250_741447.jpg,0.2,0.0
20260317_231250_804432,img_20260317_231250_804432.jpg,0.2,0.0
20260317_231250_844330,img_20260317_231250_844330.jpg,0.2,0.0
20260317_231250_903099,img_20260317_231250_903099.jpg,0.2,0.0
20260317_231250_945392,img_20260317_231250_945392.jpg,0.2,0.0
20260317_231251_004665,img_20260317_231251_004665.jpg,0.2,0.0
20260317_231251_045251,img_20260317_231251_045251.jpg,0.2,0.0
20260317_231251_097500,img_20260317_231251_097500.jpg,0.2,0.0
20260317_231251_148533,img_20260317_231251_148533.jpg,0.2,0.0
20260317_231251_199848,img_20260317_231251_199848.jpg,0.2,0.0
20260317_231251_258902,img_20260317_231251_258902.jpg,0.2,0.0
20260317_231251_301271,img_20260317_231251_301271.jpg,0.2,0.0
20260317_231251_362388,img_20260317_231251_362388.jpg,0.2,0.0
20260317_231251_403626,img_20260317_231251_403626.jpg,0.2,0.0
20260317_231251_463725,img_20260317_231251_463725.jpg,0.2,0.0
20260317_231251_512140,img_20260317_231251_512140.jpg,0.2,0.0
20260317_231251_554519,img_20260317_231251_554519.jpg,0.2,0.0
20260317_231251_603968,img_20260317_231251_603968.jpg,0.2,0.0
20260317_231251_656281,img_20260317_231251_656281.jpg,0.2,0.0
20260317_231251_705754,img_20260317_231251_705754.jpg,0.2,0.0
20260317_231251_758483,img_20260317_231251_758483.jpg,0.2,0.0
20260317_231251_820121,img_20260317_231251_820121.jpg,0.2,0.0
20260317_231251_859524,img_20260317_231251_859524.jpg,0.2,0.0
20260317_231251_921578,img_20260317_231251_921578.jpg,0.2,0.0
20260317_231251_959440,img_20260317_231251_959440.jpg,0.2,0.0
20260317_231252_009615,img_20260317_231252_009615.jpg,0.2,0.0
20260317_231252_061186,img_20260317_231252_061186.jpg,0.2,0.0
20260317_231252_123580,img_20260317_231252_123580.jpg,0.2,0.0
20260317_231252_161536,img_20260317_231252_161536.jpg,0.2,0.0
20260317_231252_225041,img_20260317_231252_225041.jpg,0.2,0.0
20260317_231252_264668,img_20260317_231252_264668.jpg,0.2,0.0
20260317_231252_317425,img_20260317_231252_317425.jpg,0.2,0.0
20260317_231252_366074,img_20260317_231252_366074.jpg,0.2,0.0
20260317_231252_419142,img_20260317_231252_419142.jpg,0.2,0.0
20260317_231252_467165,img_20260317_231252_467165.jpg,0.2,0.0
20260317_231252_519701,img_20260317_231252_519701.jpg,0.2,0.0
20260317_231252_570826,img_20260317_231252_570826.jpg,0.2,0.0
20260317_231252_621727,img_20260317_231252_621727.jpg,0.2,0.0
20260317_231252_672030,img_20260317_231252_672030.jpg,0.2,0.0
20260317_231252_733088,img_20260317_231252_733088.jpg,0.2,0.0
20260317_231252_784067,img_20260317_231252_784067.jpg,0.2,0.0
20260317_231252_826625,img_20260317_231252_826625.jpg,0.2,0.0
20260317_231252_875250,img_20260317_231252_875250.jpg,0.2,0.0
20260317_231252_939100,img_20260317_231252_939100.jpg,0.2,0.0
20260317_231252_989361,img_20260317_231252_989361.jpg,0.2,0.0
20260317_231253_027045,img_20260317_231253_027045.jpg,0.2,0.0
20260317_231253_088210,img_20260317_231253_088210.jpg,0.2,0.0
20260317_231253_129036,img_20260317_231253_129036.jpg,0.2,0.0
20260317_231253_189662,img_20260317_231253_189662.jpg,0.2,0.0
20260317_231253_230769,img_20260317_231253_230769.jpg,0.2,0.0
20260317_231253_292919,img_20260317_231253_292919.jpg,0.2,0.0
20260317_231253_344436,img_20260317_231253_344436.jpg,0.2,0.0
20260317_231253_394648,img_20260317_231253_394648.jpg,0.2,0.0
20260317_231253_443171,img_20260317_231253_443171.jpg,0.2,0.0
20260317_231253_495886,img_20260317_231253_495886.jpg,0.2,0.0
20260317_231253_545784,img_20260317_231253_545784.jpg,0.2,0.0
20260317_231253_596466,img_20260317_231253_596466.jpg,0.2,0.0
20260317_231253_647822,img_20260317_231253_647822.jpg,0.2,0.0
20260317_231253_698350,img_20260317_231253_698350.jpg,0.2,0.0
20260317_231253_739823,img_20260317_231253_739823.jpg,0.2,0.0
20260317_231253_791428,img_20260317_231253_791428.jpg,0.2,0.0
20260317_231253_852627,img_20260317_231253_852627.jpg,0.2,0.0
20260317_231253_902001,img_20260317_231253_902001.jpg,0.2,0.0
20260317_231253_942551,img_20260317_231253_942551.jpg,0.2,0.0
20260317_231253_994820,img_20260317_231253_994820.jpg,0.2,0.0
20260317_231254_043891,img_20260317_231254_043891.jpg,0.2,0.0
20260317_231254_098371,img_20260317_231254_098371.jpg,0.2,0.0
20260317_231254_148276,img_20260317_231254_148276.jpg,0.2,0.0
20260317_231254_197582,img_20260317_231254_197582.jpg,0.2,0.0
20260317_231254_260372,img_20260317_231254_260372.jpg,0.2,0.0
20260317_231254_301435,img_20260317_231254_301435.jpg,0.2,0.0
20260317_231254_362138,img_20260317_231254_362138.jpg,0.2,0.0
20260317_231254_412125,img_20260317_231254_412125.jpg,0.2,0.0
20260317_231254_454093,img_20260317_231254_454093.jpg,0.2,0.0
20260317_231254_515823,img_20260317_231254_515823.jpg,0.2,0.0
20260317_231254_555017,img_20260317_231254_555017.jpg,0.2,0.0
20260317_231254_605883,img_20260317_231254_605883.jpg,0.2,0.0
20260317_231254_656496,img_20260317_231254_656496.jpg,0.2,0.0
20260317_231254_707222,img_20260317_231254_707222.jpg,0.2,0.0
20260317_231254_759051,img_20260317_231254_759051.jpg,0.2,0.0
20260317_231254_809873,img_20260317_231254_809873.jpg,0.2,0.0
20260317_231254_859007,img_20260317_231254_859007.jpg,0.2,0.0
20260317_231254_923541,img_20260317_231254_923541.jpg,0.2,0.0
20260317_231254_960487,img_20260317_231254_960487.jpg,0.2,0.0
20260317_231255_012608,img_20260317_231255_012608.jpg,0.2,0.0
20260317_231255_071818,img_20260317_231255_071818.jpg,0.2,0.0
20260317_231255_123496,img_20260317_231255_123496.jpg,0.2,0.0
20260317_231255_173784,img_20260317_231255_173784.jpg,0.2,0.0
20260317_231255_214943,img_20260317_231255_214943.jpg,0.2,0.0
20260317_231255_278121,img_20260317_231255_278121.jpg,0.2,0.0
20260317_231255_319705,img_20260317_231255_319705.jpg,0.2,0.0
20260317_231255_368661,img_20260317_231255_368661.jpg,0.2,0.0
20260317_231255_420292,img_20260317_231255_420292.jpg,0.2,0.0
20260317_231255_470906,img_20260317_231255_470906.jpg,0.2,0.0
20260317_231255_525121,img_20260317_231255_525121.jpg,0.2,0.0
20260317_231255_584327,img_20260317_231255_584327.jpg,0.2,0.0
20260317_231255_638102,img_20260317_231255_638102.jpg,0.2,0.0
20260317_231255_676628,img_20260317_231255_676628.jpg,0.2,0.0
20260317_231255_737690,img_20260317_231255_737690.jpg,0.2,0.0
20260317_231255_779439,img_20260317_231255_779439.jpg,0.2,0.0
20260317_231255_841669,img_20260317_231255_841669.jpg,0.2,0.0
20260317_231255_891950,img_20260317_231255_891950.jpg,0.2,0.0
20260317_231255_933422,img_20260317_231255_933422.jpg,0.2,0.0
20260317_231255_995006,img_20260317_231255_995006.jpg,0.2,0.0
20260317_231256_036377,img_20260317_231256_036377.jpg,0.2,0.0
20260317_231256_085754,img_20260317_231256_085754.jpg,0.2,0.0
20260317_231256_147277,img_20260317_231256_147277.jpg,0.2,0.0
20260317_231256_200210,img_20260317_231256_200210.jpg,0.2,0.0
20260317_231256_239623,img_20260317_231256_239623.jpg,0.2,0.0
20260317_231256_290339,img_20260317_231256_290339.jpg,0.2,0.0
20260317_231256_342109,img_20260317_231256_342109.jpg,0.2,0.0
20260317_231256_393663,img_20260317_231256_393663.jpg,0.2,0.0
20260317_231256_442762,img_20260317_231256_442762.jpg,0.2,0.0
20260317_231256_495558,img_20260317_231256_495558.jpg,0.2,0.0
20260317_231256_545074,img_20260317_231256_545074.jpg,0.2,0.0
20260317_231256_594900,img_20260317_231256_594900.jpg,0.2,0.0
20260317_231256_657153,img_20260317_231256_657153.jpg,0.2,0.0
20260317_231256_709298,img_20260317_231256_709298.jpg,0.2,0.0
20260317_231256_749790,img_20260317_231256_749790.jpg,0.2,0.0
20260317_231256_800222,img_20260317_231256_800222.jpg,0.2,0.0
20260317_231256_859846,img_20260317_231256_859846.jpg,0.2,0.0
20260317_231256_912755,img_20260317_231256_912755.jpg,0.2,0.0
20260317_231256_954781,img_20260317_231256_954781.jpg,0.2,0.0
20260317_231257_005391,img_20260317_231257_005391.jpg,0.2,0.0
20260317_231257_065931,img_20260317_231257_065931.jpg,0.2,0.0
20260317_231257_105927,img_20260317_231257_105927.jpg,0.2,0.0
20260317_231257_167356,img_20260317_231257_167356.jpg,0.2,0.0
20260317_231257_208746,img_20260317_231257_208746.jpg,0.2,0.0
20260317_231257_261091,img_20260317_231257_261091.jpg,0.2,0.0
20260317_231257_311723,img_20260317_231257_311723.jpg,0.2,0.0
20260317_231257_372427,img_20260317_231257_372427.jpg,0.2,0.0
20260317_231257_413317,img_20260317_231257_413317.jpg,0.2,0.0
20260317_231257_463984,img_20260317_231257_463984.jpg,0.2,0.0
20260317_231257_514688,img_20260317_231257_514688.jpg,0.2,0.0
20260317_231257_566382,img_20260317_231257_566382.jpg,0.2,0.0
20260317_231257_628664,img_20260317_231257_628664.jpg,0.2,0.0
20260317_231257_669651,img_20260317_231257_669651.jpg,0.2,0.0
20260317_231257_718023,img_20260317_231257_718023.jpg,0.2,0.0
20260317_231257_769452,img_20260317_231257_769452.jpg,0.2,0.0
20260317_231257_818634,img_20260317_231257_818634.jpg,0.2,0.0
20260317_231257_880009,img_20260317_231257_880009.jpg,0.2,0.0
20260317_231257_931637,img_20260317_231257_931637.jpg,0.2,0.0
20260317_231257_983314,img_20260317_231257_983314.jpg,0.2,0.0
20260317_231258_034263,img_20260317_231258_034263.jpg,0.2,0.0
20260317_231258_074633,img_20260317_231258_074633.jpg,0.2,0.0
20260317_231258_125519,img_20260317_231258_125519.jpg,0.2,0.0
20260317_231258_176460,img_20260317_231258_176460.jpg,0.2,0.0
20260317_231258_229302,img_20260317_231258_229302.jpg,0.2,0.0
20260317_231258_289743,img_20260317_231258_289743.jpg,0.2,0.0
20260317_231258_330655,img_20260317_231258_330655.jpg,0.2,0.0
20260317_231258_380481,img_20260317_231258_380481.jpg,0.2,0.0
20260317_231258_432550,img_20260317_231258_432550.jpg,0.2,0.0
20260317_231258_488867,img_20260317_231258_488867.jpg,0.2,0.0
20260317_231258_534457,img_20260317_231258_534457.jpg,0.2,0.0
20260317_231258_586903,img_20260317_231258_586903.jpg,0.2,0.0
20260317_231258_637065,img_20260317_231258_637065.jpg,0.2,0.0
20260317_231258_688095,img_20260317_231258_688095.jpg,0.2,0.0
20260317_231258_737450,img_20260317_231258_737450.jpg,0.2,0.0
20260317_231258_789746,img_20260317_231258_789746.jpg,0.2,0.0
20260317_231258_842247,img_20260317_231258_842247.jpg,0.2,0.0
20260317_231258_902131,img_20260317_231258_902131.jpg,0.2,0.0
20260317_231258_944953,img_20260317_231258_944953.jpg,0.2,0.0
20260317_231259_006906,img_20260317_231259_006906.jpg,0.2,0.0
20260317_231259_049383,img_20260317_231259_049383.jpg,0.2,0.0
20260317_231259_114006,img_20260317_231259_114006.jpg,0.2,0.0
20260317_231259_149211,img_20260317_231259_149211.jpg,0.2,0.0
20260317_231259_212299,img_20260317_231259_212299.jpg,0.2,0.0
20260317_231259_255763,img_20260317_231259_255763.jpg,0.2,0.0
20260317_231259_313149,img_20260317_231259_313149.jpg,0.2,0.0
20260317_231259_353063,img_20260317_231259_353063.jpg,0.2,0.0
20260317_231259_412869,img_20260317_231259_412869.jpg,0.2,0.0
20260317_231259_464397,img_20260317_231259_464397.jpg,0.2,0.0
20260317_231259_516146,img_20260317_231259_516146.jpg,0.2,0.0
20260317_231259_567442,img_20260317_231259_567442.jpg,0.2,0.0
20260317_231259_607179,img_20260317_231259_607179.jpg,0.2,0.0
20260317_231259_659398,img_20260317_231259_659398.jpg,0.2,0.0
20260317_231259_721179,img_20260317_231259_721179.jpg,0.2,0.0
20260317_231259_771419,img_20260317_231259_771419.jpg,0.2,0.0
20260317_231259_821469,img_20260317_231259_821469.jpg,0.2,0.0
20260317_231259_873633,img_20260317_231259_873633.jpg,0.2,0.0
20260317_231259_913784,img_20260317_231259_913784.jpg,0.2,0.0
20260317_231259_963024,img_20260317_231259_963024.jpg,0.2,0.0
20260317_231300_014445,img_20260317_231300_014445.jpg,0.2,0.0
20260317_231300_075019,img_20260317_231300_075019.jpg,0.2,0.0
20260317_231300_116304,img_20260317_231300_116304.jpg,0.2,0.0
20260317_231300_168896,img_20260317_231300_168896.jpg,0.2,0.0
20260317_231300_218996,img_20260317_231300_218996.jpg,0.2,0.0
20260317_231300_278655,img_20260317_231300_278655.jpg,0.2,0.0
20260317_231300_329774,img_20260317_231300_329774.jpg,0.2,0.0
20260317_231300_377772,img_20260317_231300_377772.jpg,0.2,0.0
20260317_231300_429647,img_20260317_231300_429647.jpg,0.2,0.0
20260317_231300_471557,img_20260317_231300_471557.jpg,0.2,0.0
20260317_231300_521348,img_20260317_231300_521348.jpg,0.2,0.0
20260317_231300_584176,img_20260317_231300_584176.jpg,0.2,0.0
20260317_231300_635755,img_20260317_231300_635755.jpg,0.2,0.0
20260317_231300_685896,img_20260317_231300_685896.jpg,0.2,0.0
20260317_231300_726359,img_20260317_231300_726359.jpg,0.2,0.0
20260317_231300_777227,img_20260317_231300_777227.jpg,0.2,0.0
20260317_231300_837233,img_20260317_231300_837233.jpg,0.2,0.0
20260317_231300_878800,img_20260317_231300_878800.jpg,0.2,0.0
20260317_231300_937632,img_20260317_231300_937632.jpg,0.2,0.0
20260317_231300_983455,img_20260317_231300_983455.jpg,0.2,0.0
20260317_231301_028759,img_20260317_231301_028759.jpg,0.2,0.0
20260317_231301_081822,img_20260317_231301_081822.jpg,0.2,0.0
20260317_231301_140600,img_20260317_231301_140600.jpg,0.2,0.0
20260317_231301_180469,img_20260317_231301_180469.jpg,0.2,0.0
20260317_231301_230343,img_20260317_231301_230343.jpg,0.2,0.0
20260317_231301_292986,img_20260317_231301_292986.jpg,0.2,0.0
20260317_231301_345724,img_20260317_231301_345724.jpg,0.2,0.0
20260317_231301_396469,img_20260317_231301_396469.jpg,0.2,0.0
20260317_231301_434854,img_20260317_231301_434854.jpg,0.2,0.0
20260317_231301_488187,img_20260317_231301_488187.jpg,0.2,0.0
20260317_231301_536664,img_20260317_231301_536664.jpg,0.2,0.0
20260317_231301_589163,img_20260317_231301_589163.jpg,0.2,0.0
20260317_231301_651247,img_20260317_231301_651247.jpg,0.2,0.0
20260317_231301_699937,img_20260317_231301_699937.jpg,0.2,0.0
20260317_231301_743263,img_20260317_231301_743263.jpg,0.2,0.0
20260317_231301_792999,img_20260317_231301_792999.jpg,0.2,0.0
20260317_231301_842180,img_20260317_231301_842180.jpg,0.2,0.0
20260317_231301_892386,img_20260317_231301_892386.jpg,0.2,0.0
20260317_231301_956374,img_20260317_231301_956374.jpg,0.2,0.0
20260317_231301_996236,img_20260317_231301_996236.jpg,0.2,0.0
20260317_231302_045584,img_20260317_231302_045584.jpg,0.2,0.0
20260317_231302_108097,img_20260317_231302_108097.jpg,0.2,0.0
20260317_231302_159641,img_20260317_231302_159641.jpg,0.2,0.0
20260317_231302_199286,img_20260317_231302_199286.jpg,0.2,0.0
20260317_231302_250841,img_20260317_231302_250841.jpg,0.2,0.0
20260317_231302_311064,img_20260317_231302_311064.jpg,0.2,0.0
20260317_231302_363465,img_20260317_231302_363465.jpg,0.2,0.0
20260317_231302_402601,img_20260317_231302_402601.jpg,0.2,0.0
20260317_231302_454058,img_20260317_231302_454058.jpg,0.2,0.0
20260317_231302_514930,img_20260317_231302_514930.jpg,0.2,0.0
20260317_231302_565974,img_20260317_231302_565974.jpg,0.2,0.0
20260317_231302_606520,img_20260317_231302_606520.jpg,0.2,0.0
20260317_231302_658751,img_20260317_231302_658751.jpg,0.2,0.0
20260317_231302_709279,img_20260317_231302_709279.jpg,0.2,0.0
20260317_231302_771165,img_20260317_231302_771165.jpg,0.2,0.0
20260317_231302_820555,img_20260317_231302_820555.jpg,0.2,0.0
20260317_231302_860839,img_20260317_231302_860839.jpg,0.2,0.0
20260317_231302_910771,img_20260317_231302_910771.jpg,0.2,0.0
20260317_231302_972372,img_20260317_231302_972372.jpg,0.2,0.0
20260317_231303_023852,img_20260317_231303_023852.jpg,0.2,0.0
20260317_231303_064175,img_20260317_231303_064175.jpg,0.2,0.0
20260317_231303_116979,img_20260317_231303_116979.jpg,0.2,0.0
20260317_231303_168928,img_20260317_231303_168928.jpg,0.2,0.0
20260317_231303_231439,img_20260317_231303_231439.jpg,0.2,0.0
20260317_231303_278072,img_20260317_231303_278072.jpg,0.2,0.0
20260317_231303_330523,img_20260317_231303_330523.jpg,0.2,0.0
20260317_231303_381163,img_20260317_231303_381163.jpg,0.2,0.0
20260317_231303_436464,img_20260317_231303_436464.jpg,0.2,0.0
20260317_231303_487547,img_20260317_231303_487547.jpg,0.2,0.0
20260317_231303_524392,img_20260317_231303_524392.jpg,0.2,0.0
20260317_231303_575746,img_20260317_231303_575746.jpg,0.2,0.0
20260317_231303_639214,img_20260317_231303_639214.jpg,0.2,0.0
20260317_231303_690647,img_20260317_231303_690647.jpg,0.2,0.0
20260317_231303_729859,img_20260317_231303_729859.jpg,0.2,0.0
20260317_231303_781438,img_20260317_231303_781438.jpg,0.2,0.0
20260317_231303_833087,img_20260317_231303_833087.jpg,0.2,0.0
20260317_231303_885000,img_20260317_231303_885000.jpg,0.2,0.0
20260317_231303_935429,img_20260317_231303_935429.jpg,0.2,0.0
20260317_231303_987111,img_20260317_231303_987111.jpg,0.2,0.0
20260317_231304_047223,img_20260317_231304_047223.jpg,0.2,0.0
20260317_231304_087604,img_20260317_231304_087604.jpg,0.2,0.0
20260317_231304_137924,img_20260317_231304_137924.jpg,0.2,0.0
20260317_231304_188045,img_20260317_231304_188045.jpg,0.2,0.0
20260317_231304_250676,img_20260317_231304_250676.jpg,0.2,0.0
20260317_231304_290097,img_20260317_231304_290097.jpg,0.2,0.0
20260317_231304_340090,img_20260317_231304_340090.jpg,0.2,0.0
20260317_231304_399966,img_20260317_231304_399966.jpg,0.2,0.0
20260317_231304_442179,img_20260317_231304_442179.jpg,0.2,0.0
20260317_231304_504478,img_20260317_231304_504478.jpg,0.2,0.0
20260317_231304_544587,img_20260317_231304_544587.jpg,0.2,0.0
20260317_231304_605775,img_20260317_231304_605775.jpg,0.2,0.0
20260317_231304_647542,img_20260317_231304_647542.jpg,0.2,0.0
20260317_231304_698509,img_20260317_231304_698509.jpg,0.2,0.0
20260317_231304_748357,img_20260317_231304_748357.jpg,0.2,0.0
20260317_231304_799861,img_20260317_231304_799861.jpg,0.2,0.0
20260317_231304_860181,img_20260317_231304_860181.jpg,0.2,0.0
20260317_231304_915386,img_20260317_231304_915386.jpg,0.2,0.0
20260317_231304_966144,img_20260317_231304_966144.jpg,0.2,0.0
20260317_231305_017647,img_20260317_231305_017647.jpg,0.2,0.0
20260317_231305_069329,img_20260317_231305_069329.jpg,0.2,0.0
20260317_231305_106746,img_20260317_231305_106746.jpg,0.2,0.0
20260317_231305_160466,img_20260317_231305_160466.jpg,0.2,0.0
20260317_231305_209785,img_20260317_231305_209785.jpg,0.2,0.0
20260317_231305_262168,img_20260317_231305_262168.jpg,0.2,0.0
20260317_231305_321588,img_20260317_231305_321588.jpg,0.2,0.0
20260317_231305_370879,img_20260317_231305_370879.jpg,0.2,0.0
20260317_231305_413051,img_20260317_231305_413051.jpg,0.2,0.0
20260317_231305_463593,img_20260317_231305_463593.jpg,0.2,0.0
20260317_231305_524937,img_20260317_231305_524937.jpg,0.2,0.0
20260317_231305_566815,img_20260317_231305_566815.jpg,0.2,0.0
20260317_231305_617327,img_20260317_231305_617327.jpg,0.2,0.0
20260317_231305_667828,img_20260317_231305_667828.jpg,0.2,0.0
20260317_231305_719152,img_20260317_231305_719152.jpg,0.2,0.0
20260317_231305_780010,img_20260317_231305_780010.jpg,0.2,0.0
20260317_231305_821713,img_20260317_231305_821713.jpg,0.2,0.0
20260317_231305_882402,img_20260317_231305_882402.jpg,0.2,0.0
20260317_231305_923471,img_20260317_231305_923471.jpg,0.2,0.0
20260317_231305_973339,img_20260317_231305_973339.jpg,0.2,0.0
20260317_231306_022175,img_20260317_231306_022175.jpg,0.2,0.0
20260317_231306_076359,img_20260317_231306_076359.jpg,0.2,0.0
20260317_231306_135846,img_20260317_231306_135846.jpg,0.2,0.0
20260317_231306_190248,img_20260317_231306_190248.jpg,0.2,0.0
20260317_231306_229066,img_20260317_231306_229066.jpg,0.2,0.0
20260317_231306_280631,img_20260317_231306_280631.jpg,0.2,0.0
20260317_231306_330218,img_20260317_231306_330218.jpg,0.2,0.0
20260317_231306_381346,img_20260317_231306_381346.jpg,0.2,0.0
20260317_231306_431605,img_20260317_231306_431605.jpg,0.2,0.0
20260317_231306_483505,img_20260317_231306_483505.jpg,0.2,0.0
20260317_231306_544641,img_20260317_231306_544641.jpg,0.2,0.0
20260317_231306_592868,img_20260317_231306_592868.jpg,0.2,0.0
20260317_231306_635604,img_20260317_231306_635604.jpg,0.2,0.0
20260317_231306_697350,img_20260317_231306_697350.jpg,0.2,0.0
20260317_231306_747360,img_20260317_231306_747360.jpg,0.2,0.0
20260317_231306_786586,img_20260317_231306_786586.jpg,0.2,0.0
20260317_231306_847538,img_20260317_231306_847538.jpg,0.2,0.0
20260317_231306_901157,img_20260317_231306_901157.jpg,0.2,0.0
20260317_231306_941663,img_20260317_231306_941663.jpg,0.2,0.0
20260317_231307_001207,img_20260317_231307_001207.jpg,0.2,0.0
20260317_231307_043740,img_20260317_231307_043740.jpg,0.2,0.0
20260317_231307_092735,img_20260317_231307_092735.jpg,0.2,0.0
20260317_231307_144986,img_20260317_231307_144986.jpg,0.2,0.0
20260317_231307_198643,img_20260317_231307_198643.jpg,0.2,0.0
20260317_231307_247402,img_20260317_231307_247402.jpg,0.2,0.0
20260317_231307_300369,img_20260317_231307_300369.jpg,0.2,0.0
20260317_231307_348733,img_20260317_231307_348733.jpg,0.2,0.0
20260317_231307_410819,img_20260317_231307_410819.jpg,0.2,0.0
20260317_231307_450080,img_20260317_231307_450080.jpg,0.2,0.0
20260317_231307_500639,img_20260317_231307_500639.jpg,0.2,0.0
20260317_231307_563410,img_20260317_231307_563410.jpg,0.2,0.0
20260317_231307_602594,img_20260317_231307_602594.jpg,0.2,0.0
20260317_231307_666264,img_20260317_231307_666264.jpg,0.2,0.0
20260317_231307_705543,img_20260317_231307_705543.jpg,0.2,0.0
20260317_231307_768413,img_20260317_231307_768413.jpg,0.2,0.0
20260317_231307_806884,img_20260317_231307_806884.jpg,0.2,0.0
20260317_231307_869938,img_20260317_231307_869938.jpg,0.2,0.0
20260317_231307_921483,img_20260317_231307_921483.jpg,0.2,0.0
20260317_231307_960487,img_20260317_231307_960487.jpg,0.2,0.0
20260317_231308_010301,img_20260317_231308_010301.jpg,0.2,0.0
20260317_231308_059487,img_20260317_231308_059487.jpg,0.2,0.0
20260317_231308_113688,img_20260317_231308_113688.jpg,0.2,0.0
20260317_231308_162370,img_20260317_231308_162370.jpg,0.2,0.0
20260317_231308_225818,img_20260317_231308_225818.jpg,0.2,0.0
20260317_231308_277204,img_20260317_231308_277204.jpg,0.2,0.0
20260317_231308_326019,img_20260317_231308_326019.jpg,0.2,0.0
20260317_231308_368957,img_20260317_231308_368957.jpg,0.2,0.0
20260317_231308_428909,img_20260317_231308_428909.jpg,0.2,0.0
20260317_231308_472465,img_20260317_231308_472465.jpg,0.2,0.0
20260317_231308_520651,img_20260317_231308_520651.jpg,0.2,0.0
20260317_231308_571308,img_20260317_231308_571308.jpg,0.2,0.0
20260317_231308_622248,img_20260317_231308_622248.jpg,0.2,0.0
20260317_231308_674373,img_20260317_231308_674373.jpg,0.2,0.0
20260317_231308_725988,img_20260317_231308_725988.jpg,0.2,0.0
20260317_231308_786550,img_20260317_231308_786550.jpg,0.2,0.0
20260317_231308_824399,img_20260317_231308_824399.jpg,0.2,0.0
20260317_231308_875266,img_20260317_231308_875266.jpg,0.2,0.0
20260317_231308_936779,img_20260317_231308_936779.jpg,0.2,0.0
20260317_231308_977868,img_20260317_231308_977868.jpg,0.2,0.0
20260317_231309_038118,img_20260317_231309_038118.jpg,0.2,0.0
20260317_231309_079706,img_20260317_231309_079706.jpg,0.2,0.0
20260317_231309_139434,img_20260317_231309_139434.jpg,0.2,0.0
20260317_231309_181486,img_20260317_231309_181486.jpg,0.2,0.0
20260317_231309_234433,img_20260317_231309_234433.jpg,0.2,0.0
20260317_231309_294431,img_20260317_231309_294431.jpg,0.2,0.0
20260317_231309_343492,img_20260317_231309_343492.jpg,0.2,0.0
20260317_231309_385653,img_20260317_231309_385653.jpg,0.2,0.0
20260317_231309_445589,img_20260317_231309_445589.jpg,0.2,0.0
20260317_231309_488903,img_20260317_231309_488903.jpg,0.2,0.0
20260317_231309_536053,img_20260317_231309_536053.jpg,0.2,0.0
20260317_231309_588714,img_20260317_231309_588714.jpg,0.2,0.0
20260317_231309_638903,img_20260317_231309_638903.jpg,0.2,0.0
20260317_231309_689032,img_20260317_231309_689032.jpg,0.2,0.0
20260317_231309_743229,img_20260317_231309_743229.jpg,0.2,0.0
20260317_231309_801773,img_20260317_231309_801773.jpg,0.2,0.0
20260317_231309_840813,img_20260317_231309_840813.jpg,0.2,0.0
20260317_231309_901456,img_20260317_231309_901456.jpg,0.2,0.0
20260317_231309_952138,img_20260317_231309_952138.jpg,0.2,0.0
20260317_231309_993485,img_20260317_231309_993485.jpg,0.2,0.0
20260317_231310_043910,img_20260317_231310_043910.jpg,0.2,0.0
20260317_231310_096617,img_20260317_231310_096617.jpg,0.2,0.0
20260317_231310_159480,img_20260317_231310_159480.jpg,0.2,0.0
20260317_231310_197666,img_20260317_231310_197666.jpg,0.2,0.0
20260317_231310_251188,img_20260317_231310_251188.jpg,0.2,0.0
20260317_231310_300942,img_20260317_231310_300942.jpg,0.2,0.0
20260317_231310_350555,img_20260317_231310_350555.jpg,0.2,0.0
20260317_231310_410653,img_20260317_231310_410653.jpg,0.2,0.0
20260317_231310_462189,img_20260317_231310_462189.jpg,0.2,0.0
20260317_231310_504195,img_20260317_231310_504195.jpg,0.2,0.0
20260317_231310_561143,img_20260317_231310_561143.jpg,0.2,0.0
20260317_231310_602238,img_20260317_231310_602238.jpg,0.2,0.0
20260317_231310_652740,img_20260317_231310_652740.jpg,0.2,0.0
20260317_231310_704409,img_20260317_231310_704409.jpg,0.2,0.0
20260317_231310_769061,img_20260317_231310_769061.jpg,0.2,0.0
20260317_231310_817037,img_20260317_231310_817037.jpg,0.2,0.0
20260317_231310_867924,img_20260317_231310_867924.jpg,0.2,0.0
20260317_231310_919017,img_20260317_231310_919017.jpg,0.2,0.0
20260317_231310_959758,img_20260317_231310_959758.jpg,0.2,0.0
20260317_231311_009789,img_20260317_231311_009789.jpg,0.2,0.0
20260317_231311_061408,img_20260317_231311_061408.jpg,0.2,0.0
20260317_231311_112824,img_20260317_231311_112824.jpg,0.2,0.0
20260317_231311_163378,img_20260317_231311_163378.jpg,0.2,0.0
20260317_231311_214988,img_20260317_231311_214988.jpg,0.2,0.0
20260317_231311_265601,img_20260317_231311_265601.jpg,0.2,0.0
20260317_231311_328212,img_20260317_231311_328212.jpg,0.2,0.0
20260317_231311_368821,img_20260317_231311_368821.jpg,0.2,0.0
20260317_231311_420344,img_20260317_231311_420344.jpg,0.2,0.0
20260317_231311_468116,img_20260317_231311_468116.jpg,0.2,0.0
20260317_231311_522058,img_20260317_231311_522058.jpg,0.2,0.0
20260317_231311_571339,img_20260317_231311_571339.jpg,0.2,0.0
20260317_231311_622897,img_20260317_231311_622897.jpg,0.2,0.0
20260317_231311_673164,img_20260317_231311_673164.jpg,0.2,0.0
20260317_231311_733184,img_20260317_231311_733184.jpg,0.2,0.0
20260317_231311_777039,img_20260317_231311_777039.jpg,0.2,0.0
20260317_231311_837564,img_20260317_231311_837564.jpg,0.2,0.0
20260317_231311_876719,img_20260317_231311_876719.jpg,0.2,0.0
20260317_231311_928407,img_20260317_231311_928407.jpg,0.2,0.0
20260317_231311_988171,img_20260317_231311_988171.jpg,0.2,0.0
20260317_231312_032676,img_20260317_231312_032676.jpg,0.2,0.0
20260317_231312_080422,img_20260317_231312_080422.jpg,0.2,0.0
20260317_231312_132026,img_20260317_231312_132026.jpg,0.2,0.0
20260317_231312_182181,img_20260317_231312_182181.jpg,0.2,0.0
20260317_231312_234247,img_20260317_231312_234247.jpg,0.2,0.0
20260317_231312_302843,img_20260317_231312_302843.jpg,0.2,0.0
20260317_231312_334298,img_20260317_231312_334298.jpg,0.2,0.0
20260317_231312_386390,img_20260317_231312_386390.jpg,0.2,0.0
20260317_231312_447921,img_20260317_231312_447921.jpg,0.2,0.0
20260317_231312_488852,img_20260317_231312_488852.jpg,0.2,0.0
20260317_231312_540442,img_20260317_231312_540442.jpg,0.2,0.0
20260317_231312_591021,img_20260317_231312_591021.jpg,0.2,0.0
20260317_231312_644738,img_20260317_231312_644738.jpg,0.2,0.0
20260317_231312_693516,img_20260317_231312_693516.jpg,0.2,0.0
20260317_231312_756834,img_20260317_231312_756834.jpg,0.2,0.0
20260317_231312_796204,img_20260317_231312_796204.jpg,0.2,0.0
20260317_231312_857278,img_20260317_231312_857278.jpg,0.2,0.0
20260317_231312_896633,img_20260317_231312_896633.jpg,0.2,0.0
20260317_231312_947796,img_20260317_231312_947796.jpg,0.2,0.0
20260317_231313_000821,img_20260317_231313_000821.jpg,0.2,0.0
20260317_231313_060963,img_20260317_231313_060963.jpg,0.2,0.0
20260317_231313_100689,img_20260317_231313_100689.jpg,0.2,0.0
20260317_231313_150633,img_20260317_231313_150633.jpg,0.2,0.0
20260317_231313_214566,img_20260317_231313_214566.jpg,0.2,0.0
20260317_231313_254212,img_20260317_231313_254212.jpg,0.2,0.0
20260317_231313_305103,img_20260317_231313_305103.jpg,0.2,0.0
20260317_231313_354935,img_20260317_231313_354935.jpg,0.2,0.0
20260317_231313_415749,img_20260317_231313_415749.jpg,0.2,0.0
20260317_231313_459748,img_20260317_231313_459748.jpg,0.2,0.0
20260317_231313_505735,img_20260317_231313_505735.jpg,0.2,0.0
20260317_231313_559478,img_20260317_231313_559478.jpg,0.2,0.0
20260317_231313_619371,img_20260317_231313_619371.jpg,0.2,0.0
20260317_231313_670434,img_20260317_231313_670434.jpg,0.2,0.0
20260317_231313_721446,img_20260317_231313_721446.jpg,0.2,0.0
20260317_231313_771676,img_20260317_231313_771676.jpg,0.2,0.0
20260317_231313_814067,img_20260317_231313_814067.jpg,0.2,0.0
20260317_231313_863628,img_20260317_231313_863628.jpg,0.2,0.0
20260317_231313_915492,img_20260317_231313_915492.jpg,0.2,0.0
20260317_231313_964944,img_20260317_231313_964944.jpg,0.2,0.0
20260317_231314_015364,img_20260317_231314_015364.jpg,0.2,0.0
20260317_231314_066134,img_20260317_231314_066134.jpg,0.2,0.0
20260317_231314_127481,img_20260317_231314_127481.jpg,0.2,0.0
20260317_231314_177181,img_20260317_231314_177181.jpg,0.2,0.0
20260317_231314_218580,img_20260317_231314_218580.jpg,0.2,0.0
20260317_231314_266779,img_20260317_231314_266779.jpg,0.2,0.0
20260317_231314_319969,img_20260317_231314_319969.jpg,0.2,0.0
20260317_231314_382529,img_20260317_231314_382529.jpg,0.2,0.0
20260317_231314_419905,img_20260317_231314_419905.jpg,0.2,0.0
20260317_231314_480484,img_20260317_231314_480484.jpg,0.2,0.0
20260317_231314_533291,img_20260317_231314_533291.jpg,0.2,0.0
20260317_231314_573609,img_20260317_231314_573609.jpg,0.2,0.0
20260317_231314_624766,img_20260317_231314_624766.jpg,0.2,0.0
20260317_231314_674431,img_20260317_231314_674431.jpg,0.2,0.0
20260317_231314_725193,img_20260317_231314_725193.jpg,0.2,0.0
20260317_231314_786172,img_20260317_231314_786172.jpg,0.2,0.0
20260317_231314_841683,img_20260317_231314_841683.jpg,0.2,0.0
20260317_231314_879199,img_20260317_231314_879199.jpg,0.2,0.0
20260317_231314_928909,img_20260317_231314_928909.jpg,0.2,0.0
20260317_231314_990159,img_20260317_231314_990159.jpg,0.2,0.0
20260317_231315_038426,img_20260317_231315_038426.jpg,0.2,0.0
20260317_231315_091495,img_20260317_231315_091495.jpg,0.2,0.0
20260317_231315_143982,img_20260317_231315_143982.jpg,0.2,0.0
20260317_231315_184139,img_20260317_231315_184139.jpg,0.2,0.0
20260317_231315_232686,img_20260317_231315_232686.jpg,0.2,0.0
20260317_231315_285274,img_20260317_231315_285274.jpg,0.2,0.0
20260317_231315_336689,img_20260317_231315_336689.jpg,0.2,0.0
20260317_231315_385196,img_20260317_231315_385196.jpg,0.2,0.0
20260317_231315_437952,img_20260317_231315_437952.jpg,0.2,0.0
20260317_231315_491413,img_20260317_231315_491413.jpg,0.2,0.0
20260317_231315_549593,img_20260317_231315_549593.jpg,0.2,0.0
20260317_231315_589790,img_20260317_231315_589790.jpg,0.2,0.0
20260317_231315_650831,img_20260317_231315_650831.jpg,0.2,0.0
20260317_231315_690027,img_20260317_231315_690027.jpg,0.2,0.0
20260317_231315_743345,img_20260317_231315_743345.jpg,0.2,0.0
20260317_231315_804865,img_20260317_231315_804865.jpg,0.2,0.0
20260317_231315_855893,img_20260317_231315_855893.jpg,0.2,0.0
20260317_231315_893808,img_20260317_231315_893808.jpg,0.2,0.0
20260317_231315_945270,img_20260317_231315_945270.jpg,0.2,0.0
20260317_231315_995147,img_20260317_231315_995147.jpg,0.2,0.0
20260317_231316_058340,img_20260317_231316_058340.jpg,0.2,0.0
20260317_231316_108787,img_20260317_231316_108787.jpg,0.2,0.0
20260317_231316_159431,img_20260317_231316_159431.jpg,0.2,0.0
20260317_231316_200738,img_20260317_231316_200738.jpg,0.2,0.0
20260317_231316_250106,img_20260317_231316_250106.jpg,0.2,0.0
20260317_231316_300319,img_20260317_231316_300319.jpg,0.2,0.0
20260317_231316_352083,img_20260317_231316_352083.jpg,0.2,0.0
20260317_231316_402351,img_20260317_231316_402351.jpg,0.2,0.0
20260317_231316_453357,img_20260317_231316_453357.jpg,0.2,0.0
20260317_231316_507257,img_20260317_231316_507257.jpg,0.2,0.0
20260317_231316_553388,img_20260317_231316_553388.jpg,0.2,0.0
20260317_231316_618052,img_20260317_231316_618052.jpg,0.2,0.0
20260317_231316_659508,img_20260317_231316_659508.jpg,0.2,0.0
20260317_231316_718969,img_20260317_231316_718969.jpg,0.2,0.0
20260317_231316_760144,img_20260317_231316_760144.jpg,0.2,0.0
20260317_231316_809661,img_20260317_231316_809661.jpg,0.2,0.0
20260317_231316_872573,img_20260317_231316_872573.jpg,0.2,0.0
20260317_231316_921441,img_20260317_231316_921441.jpg,0.2,0.0
20260317_231316_962548,img_20260317_231316_962548.jpg,0.2,0.0
20260317_231317_012094,img_20260317_231317_012094.jpg,0.2,0.0
20260317_231317_064975,img_20260317_231317_064975.jpg,0.2,0.0
20260317_231317_125743,img_20260317_231317_125743.jpg,0.2,0.0
20260317_231317_179419,img_20260317_231317_179419.jpg,0.2,0.0
20260317_231317_217540,img_20260317_231317_217540.jpg,0.2,0.0
20260317_231317_268075,img_20260317_231317_268075.jpg,0.2,0.0
20260317_231317_318708,img_20260317_231317_318708.jpg,0.2,0.0
20260317_231317_382524,img_20260317_231317_382524.jpg,0.2,0.0
20260317_231317_432834,img_20260317_231317_432834.jpg,0.2,0.0
20260317_231317_471249,img_20260317_231317_471249.jpg,0.2,0.0
20260317_231317_532418,img_20260317_231317_532418.jpg,0.2,0.0
20260317_231317_574538,img_20260317_231317_574538.jpg,0.2,0.0
20260317_231317_625219,img_20260317_231317_625219.jpg,0.2,0.0
20260317_231317_675024,img_20260317_231317_675024.jpg,0.2,0.0
20260317_231317_727512,img_20260317_231317_727512.jpg,0.2,0.0
20260317_231317_779653,img_20260317_231317_779653.jpg,0.2,0.0
20260317_231317_831567,img_20260317_231317_831567.jpg,0.2,0.0
20260317_231317_882028,img_20260317_231317_882028.jpg,0.2,0.0
20260317_231317_943033,img_20260317_231317_943033.jpg,0.2,0.0
20260317_231317_982541,img_20260317_231317_982541.jpg,0.2,0.0
20260317_231318_031317,img_20260317_231318_031317.jpg,0.2,0.0
20260317_231318_093778,img_20260317_231318_093778.jpg,0.2,0.0
20260317_231318_133440,img_20260317_231318_133440.jpg,0.2,0.0
20260317_231318_196115,img_20260317_231318_196115.jpg,0.2,0.0
20260317_231318_235653,img_20260317_231318_235653.jpg,0.2,0.0
20260317_231318_284292,img_20260317_231318_284292.jpg,0.2,0.0
20260317_231318_334640,img_20260317_231318_334640.jpg,0.2,0.0
20260317_231318_385607,img_20260317_231318_385607.jpg,0.2,0.0
20260317_231318_439167,img_20260317_231318_439167.jpg,0.2,0.0
20260317_231318_489165,img_20260317_231318_489165.jpg,0.2,0.0
20260317_231318_538243,img_20260317_231318_538243.jpg,0.2,0.0
20260317_231318_589165,img_20260317_231318_589165.jpg,0.2,0.0
20260317_231318_642259,img_20260317_231318_642259.jpg,0.2,0.0
20260317_231318_691366,img_20260317_231318_691366.jpg,0.2,0.0
20260317_231318_742884,img_20260317_231318_742884.jpg,0.2,0.0
20260317_231318_805668,img_20260317_231318_805668.jpg,0.2,0.0
20260317_231318_855666,img_20260317_231318_855666.jpg,0.2,0.0
20260317_231318_908364,img_20260317_231318_908364.jpg,0.2,0.0
20260317_231318_948499,img_20260317_231318_948499.jpg,0.2,0.0
20260317_231319_008653,img_20260317_231319_008653.jpg,0.2,0.0
20260317_231319_049406,img_20260317_231319_049406.jpg,0.2,0.0
20260317_231319_110940,img_20260317_231319_110940.jpg,0.2,0.0
20260317_231318_617602,img_20260317_231318_617602.jpg,0.2,0.0
20260317_231318_659354,img_20260317_231318_659354.jpg,0.2,0.0
20260317_231318_707326,img_20260317_231318_707326.jpg,0.2,0.0
20260317_231318_758566,img_20260317_231318_758566.jpg,0.2,0.0
20260317_231318_809630,img_20260317_231318_809630.jpg,0.2,0.0
20260317_231318_873402,img_20260317_231318_873402.jpg,0.2,0.0
20260317_231318_912363,img_20260317_231318_912363.jpg,0.2,0.0
20260317_231318_963862,img_20260317_231318_963862.jpg,0.2,0.0
20260317_231319_023492,img_20260317_231319_023492.jpg,0.2,0.0
20260317_231319_074874,img_20260317_231319_074874.jpg,0.2,0.0
20260317_231319_123544,img_20260317_231319_123544.jpg,0.2,0.0
20260317_231319_168820,img_20260317_231319_168820.jpg,0.2,0.0
20260317_231319_227214,img_20260317_231319_227214.jpg,0.2,0.0
20260317_231319_281207,img_20260317_231319_281207.jpg,0.2,0.0
20260317_231319_320977,img_20260317_231319_320977.jpg,0.2,0.0
20260317_231319_371214,img_20260317_231319_371214.jpg,0.2,0.0
20260317_231319_430996,img_20260317_231319_430996.jpg,0.2,0.0
20260317_231319_472462,img_20260317_231319_472462.jpg,0.2,0.0
20260317_231319_534200,img_20260317_231319_534200.jpg,0.2,0.0
20260317_231319_574467,img_20260317_231319_574467.jpg,0.2,0.0
20260317_231319_634715,img_20260317_231319_634715.jpg,0.2,0.0
20260317_231319_673960,img_20260317_231319_673960.jpg,0.2,0.0
20260317_231319_727619,img_20260317_231319_727619.jpg,0.2,0.0
20260317_231319_775128,img_20260317_231319_775128.jpg,0.2,0.0
20260317_231319_825893,img_20260317_231319_825893.jpg,0.2,0.0
20260317_231319_888861,img_20260317_231319_888861.jpg,0.2,0.0
20260317_231319_928691,img_20260317_231319_928691.jpg,0.2,0.0
20260317_231319_978948,img_20260317_231319_978948.jpg,0.2,0.0
20260317_231320_038669,img_20260317_231320_038669.jpg,0.2,0.0
20260317_231320_080881,img_20260317_231320_080881.jpg,0.2,0.0
20260317_231320_141156,img_20260317_231320_141156.jpg,0.2,0.0
20260317_231320_181475,img_20260317_231320_181475.jpg,0.2,0.0
20260317_231320_232027,img_20260317_231320_232027.jpg,0.2,0.0
20260317_231320_283253,img_20260317_231320_283253.jpg,0.2,0.0
20260317_231320_345097,img_20260317_231320_345097.jpg,0.2,0.0
20260317_231320_395532,img_20260317_231320_395532.jpg,0.2,0.0
20260317_231320_447714,img_20260317_231320_447714.jpg,0.2,0.0
20260317_231320_487445,img_20260317_231320_487445.jpg,0.2,0.0
20260317_231320_540325,img_20260317_231320_540325.jpg,0.2,0.0
20260317_231320_589853,img_20260317_231320_589853.jpg,0.2,0.0
20260317_231320_640097,img_20260317_231320_640097.jpg,0.2,0.0
20260317_231320_702237,img_20260317_231320_702237.jpg,0.2,0.0
20260317_231320_743444,img_20260317_231320_743444.jpg,0.2,0.0
20260317_231320_792933,img_20260317_231320_792933.jpg,0.2,0.0
20260317_231320_842655,img_20260317_231320_842655.jpg,0.2,0.0
20260317_231320_904941,img_20260317_231320_904941.jpg,0.2,0.0
20260317_231320_944051,img_20260317_231320_944051.jpg,0.2,0.0
20260317_231320_997730,img_20260317_231320_997730.jpg,0.2,0.0
20260317_231321_047980,img_20260317_231321_047980.jpg,0.2,0.0
20260317_231321_099028,img_20260317_231321_099028.jpg,0.2,0.0
20260317_231321_147169,img_20260317_231321_147169.jpg,0.2,0.0
20260317_231321_200493,img_20260317_231321_200493.jpg,0.2,0.0
20260317_231321_249138,img_20260317_231321_249138.jpg,0.2,0.0
20260317_231321_301097,img_20260317_231321_301097.jpg,0.2,0.0
20260317_231321_352959,img_20260317_231321_352959.jpg,0.2,0.0
20260317_231321_405782,img_20260317_231321_405782.jpg,0.2,0.0
20260317_231321_455312,img_20260317_231321_455312.jpg,0.2,0.0
20260317_231321_505405,img_20260317_231321_505405.jpg,0.2,0.0
20260317_231321_557599,img_20260317_231321_557599.jpg,0.2,0.0
20260317_231321_607972,img_20260317_231321_607972.jpg,0.2,0.0
20260317_231321_659302,img_20260317_231321_659302.jpg,0.2,0.0
20260317_231321_722210,img_20260317_231321_722210.jpg,0.2,0.0
20260317_231321_761156,img_20260317_231321_761156.jpg,0.2,0.0
20260317_231321_813945,img_20260317_231321_813945.jpg,0.2,0.0
20260317_231321_862513,img_20260317_231321_862513.jpg,0.2,0.0
20260317_231321_914879,img_20260317_231321_914879.jpg,0.2,0.0
20260317_231321_964990,img_20260317_231321_964990.jpg,0.2,0.0
20260317_231322_027470,img_20260317_231322_027470.jpg,0.2,0.0
20260317_231322_065843,img_20260317_231322_065843.jpg,0.2,0.0
20260317_231322_126447,img_20260317_231322_126447.jpg,0.2,0.0
20260317_231322_167742,img_20260317_231322_167742.jpg,0.2,0.0
20260317_231322_217681,img_20260317_231322_217681.jpg,0.2,0.0
20260317_231322_268629,img_20260317_231322_268629.jpg,0.2,0.0
20260317_231322_318390,img_20260317_231322_318390.jpg,0.2,0.0
20260317_231322_368607,img_20260317_231322_368607.jpg,0.2,0.0
20260317_231322_422703,img_20260317_231322_422703.jpg,0.2,0.0
20260317_231322_470140,img_20260317_231322_470140.jpg,0.2,0.0
20260317_231322_521155,img_20260317_231322_521155.jpg,0.2,0.0
20260317_231322_573051,img_20260317_231322_573051.jpg,0.2,0.0
20260317_231322_633154,img_20260317_231322_633154.jpg,0.2,0.0
20260317_231322_683155,img_20260317_231322_683155.jpg,0.2,0.0
20260317_231322_723063,img_20260317_231322_723063.jpg,0.2,0.0
20260317_231322_774710,img_20260317_231322_774710.jpg,0.2,0.0
20260317_231322_837430,img_20260317_231322_837430.jpg,0.2,0.0
20260317_231322_874438,img_20260317_231322_874438.jpg,0.2,0.0
20260317_231322_927537,img_20260317_231322_927537.jpg,0.2,0.0
20260317_231322_976274,img_20260317_231322_976274.jpg,0.2,0.0
20260317_231323_030116,img_20260317_231323_030116.jpg,0.2,0.0
20260317_231323_078452,img_20260317_231323_078452.jpg,0.2,0.0
20260317_231323_139795,img_20260317_231323_139795.jpg,0.2,0.0
20260317_231323_180166,img_20260317_231323_180166.jpg,0.2,0.0
20260317_231323_232070,img_20260317_231323_232070.jpg,0.2,0.0
20260317_231323_283136,img_20260317_231323_283136.jpg,0.2,0.0
20260317_231323_337321,img_20260317_231323_337321.jpg,0.2,0.0
20260317_231323_385778,img_20260317_231323_385778.jpg,0.2,0.0
20260317_231323_437910,img_20260317_231323_437910.jpg,0.2,0.0
20260317_231323_499001,img_20260317_231323_499001.jpg,0.2,0.0
20260317_231323_548301,img_20260317_231323_548301.jpg,0.2,0.0
20260317_231323_598154,img_20260317_231323_598154.jpg,0.2,0.0
20260317_231323_638252,img_20260317_231323_638252.jpg,0.2,0.0
20260317_231323_689862,img_20260317_231323_689862.jpg,0.2,0.0
20260317_231323_740142,img_20260317_231323_740142.jpg,0.2,0.0
20260317_231323_791906,img_20260317_231323_791906.jpg,0.2,0.0
20260317_231323_853637,img_20260317_231323_853637.jpg,0.2,0.0
20260317_231323_905155,img_20260317_231323_905155.jpg,0.2,0.0
20260317_231323_945304,img_20260317_231323_945304.jpg,0.2,0.0
20260317_231323_995691,img_20260317_231323_995691.jpg,0.2,0.0
20260317_231324_055008,img_20260317_231324_055008.jpg,0.2,0.0
20260317_231324_094668,img_20260317_231324_094668.jpg,0.2,0.0
20260317_231324_149160,img_20260317_231324_149160.jpg,0.2,0.0
20260317_231324_198310,img_20260317_231324_198310.jpg,0.2,0.0
20260317_231324_251424,img_20260317_231324_251424.jpg,0.2,0.0
20260317_231324_299590,img_20260317_231324_299590.jpg,0.2,0.0
20260317_231324_361727,img_20260317_231324_361727.jpg,0.2,0.0
20260317_231324_404127,img_20260317_231324_404127.jpg,0.2,0.0
20260317_231324_466188,img_20260317_231324_466188.jpg,0.2,0.0
20260317_231324_506021,img_20260317_231324_506021.jpg,0.2,0.0
20260317_231324_569213,img_20260317_231324_569213.jpg,0.2,0.0
20260317_231324_606171,img_20260317_231324_606171.jpg,0.2,0.0
20260317_231324_660374,img_20260317_231324_660374.jpg,0.2,0.0
20260317_231324_720941,img_20260317_231324_720941.jpg,0.2,0.0
20260317_231324_762013,img_20260317_231324_762013.jpg,0.2,0.0
20260317_231324_823021,img_20260317_231324_823021.jpg,0.2,0.0
20260317_231324_865203,img_20260317_231324_865203.jpg,0.2,0.0
20260317_231324_912302,img_20260317_231324_912302.jpg,0.2,0.0
20260317_231324_964690,img_20260317_231324_964690.jpg,0.2,0.0
20260317_231325_024641,img_20260317_231325_024641.jpg,0.2,0.0
20260317_231325_066538,img_20260317_231325_066538.jpg,0.2,0.0
20260317_231325_128220,img_20260317_231325_128220.jpg,0.2,0.0
20260317_231325_169700,img_20260317_231325_169700.jpg,0.2,0.0
20260317_231325_217360,img_20260317_231325_217360.jpg,0.2,0.0
20260317_231325_265778,img_20260317_231325_265778.jpg,0.2,0.0
20260317_231325_328226,img_20260317_231325_328226.jpg,0.2,0.0
20260317_231325_368573,img_20260317_231325_368573.jpg,0.2,0.0
20260317_231325_429707,img_20260317_231325_429707.jpg,0.2,0.0
20260317_231325_470798,img_20260317_231325_470798.jpg,0.2,0.0
20260317_231325_533071,img_20260317_231325_533071.jpg,0.2,0.0
20260317_231325_574245,img_20260317_231325_574245.jpg,0.2,0.0
20260317_231325_621430,img_20260317_231325_621430.jpg,0.2,0.0
20260317_231325_671279,img_20260317_231325_671279.jpg,0.2,0.0
20260317_231325_734036,img_20260317_231325_734036.jpg,0.2,0.0
20260317_231325_785197,img_20260317_231325_785197.jpg,0.2,0.0
20260317_231325_825004,img_20260317_231325_825004.jpg,0.2,0.0
20260317_231325_885666,img_20260317_231325_885666.jpg,0.2,0.0
20260317_231325_926781,img_20260317_231325_926781.jpg,0.2,0.0
20260317_231325_989283,img_20260317_231325_989283.jpg,0.2,0.0
20260317_231326_030542,img_20260317_231326_030542.jpg,0.2,0.0
20260317_231326_080434,img_20260317_231326_080434.jpg,0.2,0.0
20260317_231326_130475,img_20260317_231326_130475.jpg,0.2,0.0
20260317_231326_181436,img_20260317_231326_181436.jpg,0.2,0.0
20260317_231326_242450,img_20260317_231326_242450.jpg,0.2,0.0
20260317_231326_285326,img_20260317_231326_285326.jpg,0.2,0.0
20260317_231326_345258,img_20260317_231326_345258.jpg,0.2,0.0
20260317_231326_385119,img_20260317_231326_385119.jpg,0.2,0.0
20260317_231326_448268,img_20260317_231326_448268.jpg,0.2,0.0
20260317_231326_490988,img_20260317_231326_490988.jpg,0.2,0.0
20260317_231326_539789,img_20260317_231326_539789.jpg,0.2,0.0
20260317_231326_588643,img_20260317_231326_588643.jpg,0.2,0.0
20260317_231326_640820,img_20260317_231326_640820.jpg,0.2,0.0
20260317_231326_700733,img_20260317_231326_700733.jpg,0.2,0.0
20260317_231326_753246,img_20260317_231326_753246.jpg,0.2,0.0
20260317_231326_794052,img_20260317_231326_794052.jpg,0.2,0.0
20260317_231326_844840,img_20260317_231326_844840.jpg,0.2,0.0
20260317_231326_894888,img_20260317_231326_894888.jpg,0.2,0.0
20260317_231326_948109,img_20260317_231326_948109.jpg,0.2,0.0
20260317_231326_998663,img_20260317_231326_998663.jpg,0.2,0.0
20260317_231327_057130,img_20260317_231327_057130.jpg,0.2,0.0
20260317_231327_110205,img_20260317_231327_110205.jpg,0.2,0.0
20260317_231327_161112,img_20260317_231327_161112.jpg,0.2,0.0
20260317_231327_212054,img_20260317_231327_212054.jpg,0.2,0.0
20260317_231327_253970,img_20260317_231327_253970.jpg,0.2,0.0
20260317_231327_311285,img_20260317_231327_311285.jpg,0.2,0.0
20260317_231327_356386,img_20260317_231327_356386.jpg,0.2,0.0
20260317_231327_407171,img_20260317_231327_407171.jpg,0.2,0.0
20260317_231327_458487,img_20260317_231327_458487.jpg,0.2,0.0
20260317_231327_509757,img_20260317_231327_509757.jpg,0.2,0.0
20260317_231327_559011,img_20260317_231327_559011.jpg,0.2,0.0
20260317_231327_609451,img_20260317_231327_609451.jpg,0.2,0.0
20260317_231327_659166,img_20260317_231327_659166.jpg,0.2,0.0
20260317_231327_711828,img_20260317_231327_711828.jpg,0.2,0.0
20260317_231327_763172,img_20260317_231327_763172.jpg,0.2,0.0
20260317_231327_821859,img_20260317_231327_821859.jpg,0.2,0.0
20260317_231327_861734,img_20260317_231327_861734.jpg,0.2,0.0
20260317_231327_912582,img_20260317_231327_912582.jpg,0.2,0.0
20260317_231327_964337,img_20260317_231327_964337.jpg,0.2,0.0
20260317_231328_016157,img_20260317_231328_016157.jpg,0.2,0.0
20260317_231328_064647,img_20260317_231328_064647.jpg,0.2,0.0
20260317_231328_118269,img_20260317_231328_118269.jpg,0.2,0.0
20260317_231328_165420,img_20260317_231328_165420.jpg,0.2,0.0
20260317_231328_229425,img_20260317_231328_229425.jpg,0.2,0.0
20260317_231328_270575,img_20260317_231328_270575.jpg,0.2,0.0
20260317_231328_332129,img_20260317_231328_332129.jpg,0.2,0.0
20260317_231328_371903,img_20260317_231328_371903.jpg,0.2,0.0
20260317_231328_432803,img_20260317_231328_432803.jpg,0.2,0.0
20260317_231328_474501,img_20260317_231328_474501.jpg,0.2,0.0
20260317_231328_524732,img_20260317_231328_524732.jpg,0.2,0.0
20260317_231328_575271,img_20260317_231328_575271.jpg,0.2,0.0
20260317_231328_627332,img_20260317_231328_627332.jpg,0.2,0.0
20260317_231328_687744,img_20260317_231328_687744.jpg,0.2,0.0
20260317_231328_727249,img_20260317_231328_727249.jpg,0.2,0.0
20260317_231328_788121,img_20260317_231328_788121.jpg,0.2,0.0
20260317_231328_830583,img_20260317_231328_830583.jpg,0.2,0.0
20260317_231328_889941,img_20260317_231328_889941.jpg,0.2,0.0
20260317_231328_931363,img_20260317_231328_931363.jpg,0.2,0.0
20260317_231328_992702,img_20260317_231328_992702.jpg,0.2,0.0
20260317_231329_045138,img_20260317_231329_045138.jpg,0.2,0.0
20260317_231329_100148,img_20260317_231329_100148.jpg,0.2,0.0
20260317_231329_134285,img_20260317_231329_134285.jpg,0.2,0.0
20260317_231329_196787,img_20260317_231329_196787.jpg,0.2,0.0
20260317_231329_250356,img_20260317_231329_250356.jpg,0.2,0.0
20260317_231329_293807,img_20260317_231329_293807.jpg,0.2,0.0
20260317_231329_339300,img_20260317_231329_339300.jpg,0.2,0.0
20260317_231329_399247,img_20260317_231329_399247.jpg,0.2,0.0
20260317_231329_451144,img_20260317_231329_451144.jpg,0.2,0.0
20260317_231329_494408,img_20260317_231329_494408.jpg,0.2,0.0
20260317_231329_555940,img_20260317_231329_555940.jpg,0.2,0.0
20260317_231329_593292,img_20260317_231329_593292.jpg,0.2,0.0
20260317_231329_655249,img_20260317_231329_655249.jpg,0.2,0.0
20260317_231329_693697,img_20260317_231329_693697.jpg,0.2,0.0
20260317_231329_756791,img_20260317_231329_756791.jpg,0.2,0.0
20260317_231329_794396,img_20260317_231329_794396.jpg,0.2,0.0
20260317_231329_855042,img_20260317_231329_855042.jpg,0.2,0.0
20260317_231329_896321,img_20260317_231329_896321.jpg,0.2,0.0
20260317_231329_960960,img_20260317_231329_960960.jpg,0.2,0.0
20260317_231330_008053,img_20260317_231330_008053.jpg,0.2,0.0
20260317_231330_049245,img_20260317_231330_049245.jpg,0.2,0.0
20260317_231330_102445,img_20260317_231330_102445.jpg,0.2,0.0
20260317_231330_153382,img_20260317_231330_153382.jpg,0.2,0.0
20260317_231330_214816,img_20260317_231330_214816.jpg,0.2,-0.1
20260317_231330_253801,img_20260317_231330_253801.jpg,0.2,-0.1
20260317_231330_315901,img_20260317_231330_315901.jpg,0.2,0.0
20260317_231330_366535,img_20260317_231330_366535.jpg,0.2,0.0
20260317_231330_419871,img_20260317_231330_419871.jpg,0.2,0.0
20260317_231330_457348,img_20260317_231330_457348.jpg,0.2,0.0
20260317_231330_509687,img_20260317_231330_509687.jpg,0.2,0.0
20260317_231330_559327,img_20260317_231330_559327.jpg,0.2,0.0
20260317_231330_621900,img_20260317_231330_621900.jpg,0.2,-0.1
20260317_231330_672626,img_20260317_231330_672626.jpg,0.2,-0.1
20260317_231330_713170,img_20260317_231330_713170.jpg,0.2,-0.1
20260317_231330_762978,img_20260317_231330_762978.jpg,0.2,-0.1
20260317_231330_826821,img_20260317_231330_826821.jpg,0.2,0.0
20260317_231330_864414,img_20260317_231330_864414.jpg,0.2,0.0
20260317_231330_926067,img_20260317_231330_926067.jpg,0.2,0.0
20260317_231330_967358,img_20260317_231330_967358.jpg,0.2,0.0
20260317_231331_018234,img_20260317_231331_018234.jpg,0.2,0.0
20260317_231331_077401,img_20260317_231331_077401.jpg,0.2,0.0
20260317_231331_119086,img_20260317_231331_119086.jpg,0.2,-0.1
20260317_231331_180737,img_20260317_231331_180737.jpg,0.2,-0.1
20260317_231331_221173,img_20260317_231331_221173.jpg,0.2,-0.1
20260317_231331_285090,img_20260317_231331_285090.jpg,0.2,-0.1
20260317_231331_335778,img_20260317_231331_335778.jpg,0.2,0.0
20260317_231331_384106,img_20260317_231331_384106.jpg,0.2,0.0
20260317_231331_420859,img_20260317_231331_420859.jpg,0.2,0.0
20260317_231331_474247,img_20260317_231331_474247.jpg,0.2,0.0
20260317_231331_535399,img_20260317_231331_535399.jpg,0.2,0.0
20260317_231331_576618,img_20260317_231331_576618.jpg,0.2,-0.1
20260317_231331_627753,img_20260317_231331_627753.jpg,0.2,-0.1
20260317_231331_677188,img_20260317_231331_677188.jpg,0.2,-0.1
20260317_231331_737848,img_20260317_231331_737848.jpg,0.2,-0.1
20260317_231331_788565,img_20260317_231331_788565.jpg,0.2,-0.1
20260317_231331_828953,img_20260317_231331_828953.jpg,0.2,-0.1
20260317_231331_879310,img_20260317_231331_879310.jpg,0.2,-0.1
20260317_231331_929676,img_20260317_231331_929676.jpg,0.2,-0.1
20260317_231331_981821,img_20260317_231331_981821.jpg,0.2,-0.1
20260317_231332_043259,img_20260317_231332_043259.jpg,0.2,0.0
20260317_231332_095323,img_20260317_231332_095323.jpg,0.2,0.0
20260317_231332_133128,img_20260317_231332_133128.jpg,0.2,0.0
20260317_231332_183401,img_20260317_231332_183401.jpg,0.2,0.0
20260317_231332_236292,img_20260317_231332_236292.jpg,0.2,0.0
20260317_231332_285428,img_20260317_231332_285428.jpg,0.2,0.0
20260317_231332_347753,img_20260317_231332_347753.jpg,0.2,0.0
20260317_231332_388335,img_20260317_231332_388335.jpg,0.2,0.0
20260317_231332_452252,img_20260317_231332_452252.jpg,0.2,0.0
20260317_231332_501789,img_20260317_231332_501789.jpg,0.2,0.0
20260317_231332_544905,img_20260317_231332_544905.jpg,0.2,0.0
20260317_231332_605464,img_20260317_231332_605464.jpg,0.2,-0.1
20260317_231332_641211,img_20260317_231332_641211.jpg,0.2,-0.1
20260317_231332_703363,img_20260317_231332_703363.jpg,0.2,-0.1
20260317_231332_745787,img_20260317_231332_745787.jpg,0.2,-0.1
20260317_231332_796160,img_20260317_231332_796160.jpg,0.2,-0.1
20260317_231332_844148,img_20260317_231332_844148.jpg,0.2,-0.1
20260317_231332_898085,img_20260317_231332_898085.jpg,0.2,0.0
20260317_231332_949251,img_20260317_231332_949251.jpg,0.2,0.0
20260317_231332_998063,img_20260317_231332_998063.jpg,0.2,0.0
20260317_231333_048714,img_20260317_231333_048714.jpg,0.2,0.0
20260317_231333_099851,img_20260317_231333_099851.jpg,0.2,0.0
20260317_231333_163431,img_20260317_231333_163431.jpg,0.2,-0.1
20260317_231333_214322,img_20260317_231333_214322.jpg,0.2,-0.1
20260317_231333_254486,img_20260317_231333_254486.jpg,0.2,-0.1
20260317_231333_315905,img_20260317_231333_315905.jpg,0.2,-0.1
20260317_231333_364930,img_20260317_231333_364930.jpg,0.2,-0.1
20260317_231333_407207,img_20260317_231333_407207.jpg,0.2,-0.1
20260317_231333_454426,img_20260317_231333_454426.jpg,0.2,-0.1
20260317_231333_508946,img_20260317_231333_508946.jpg,0.2,0.0
20260317_231333_569111,img_20260317_231333_569111.jpg,0.2,0.0
20260317_231333_608870,img_20260317_231333_608870.jpg,0.2,0.0
20260317_231333_659783,img_20260317_231333_659783.jpg,0.2,0.0
20260317_231333_709314,img_20260317_231333_709314.jpg,0.2,0.0
20260317_231333_762148,img_20260317_231333_762148.jpg,0.2,-0.1
20260317_231333_811542,img_20260317_231333_811542.jpg,0.2,-0.1
20260317_231333_861820,img_20260317_231333_861820.jpg,0.2,-0.1
20260317_231333_911586,img_20260317_231333_911586.jpg,0.2,-0.1
20260317_231333_963823,img_20260317_231333_963823.jpg,0.2,-0.1
20260317_231334_024740,img_20260317_231334_024740.jpg,0.2,0.0
20260317_231334_064956,img_20260317_231334_064956.jpg,0.2,0.0
20260317_231334_127337,img_20260317_231334_127337.jpg,0.2,0.0
20260317_231334_167183,img_20260317_231334_167183.jpg,0.2,0.0
20260317_231334_227154,img_20260317_231334_227154.jpg,0.2,0.0
20260317_231334_267333,img_20260317_231334_267333.jpg,0.2,0.0
20260317_231334_319184,img_20260317_231334_319184.jpg,0.2,-0.1
20260317_231334_368601,img_20260317_231334_368601.jpg,0.2,-0.1
20260317_231334_446053,img_20260317_231334_446053.jpg,0.2,-0.1
20260317_231334_484533,img_20260317_231334_484533.jpg,0.2,-0.1
20260317_231334_523517,img_20260317_231334_523517.jpg,0.2,-0.1
20260317_231334_585623,img_20260317_231334_585623.jpg,0.2,0.0
20260317_231334_626549,img_20260317_231334_626549.jpg,0.2,0.0
20260317_231334_677256,img_20260317_231334_677256.jpg,0.2,0.0
20260317_231334_726989,img_20260317_231334_726989.jpg,0.2,0.0
20260317_231334_778877,img_20260317_231334_778877.jpg,0.2,-0.1
20260317_231334_826235,img_20260317_231334_826235.jpg,0.2,-0.1
20260317_231334_879486,img_20260317_231334_879486.jpg,0.2,-0.1
20260317_231334_929957,img_20260317_231334_929957.jpg,0.2,-0.1
20260317_231334_982727,img_20260317_231334_982727.jpg,0.2,-0.1
20260317_231335_044705,img_20260317_231335_044705.jpg,0.2,0.0
20260317_231335_087119,img_20260317_231335_087119.jpg,0.2,0.0
20260317_231335_136066,img_20260317_231335_136066.jpg,0.2,0.0
20260317_231335_200209,img_20260317_231335_200209.jpg,0.2,0.0
20260317_231335_249218,img_20260317_231335_249218.jpg,0.2,0.0
20260317_231335_298973,img_20260317_231335_298973.jpg,0.2,-0.1
20260317_231335_348756,img_20260317_231335_348756.jpg,0.2,-0.1
20260317_231335_388062,img_20260317_231335_388062.jpg,0.2,-0.1
20260317_231335_450068,img_20260317_231335_450068.jpg,0.2,-0.1
20260317_231335_488841,img_20260317_231335_488841.jpg,0.2,-0.1
20260317_231335_541829,img_20260317_231335_541829.jpg,0.2,-0.1
20260317_231335_594657,img_20260317_231335_594657.jpg,0.2,-0.1
20260317_231335_642536,img_20260317_231335_642536.jpg,0.2,0.0
20260317_231335_692988,img_20260317_231335_692988.jpg,0.2,0.0
20260317_231335_744786,img_20260317_231335_744786.jpg,0.2,0.0
20260317_231335_794110,img_20260317_231335_794110.jpg,0.2,0.0
20260317_231335_843839,img_20260317_231335_843839.jpg,0.2,0.0
20260317_231335_906060,img_20260317_231335_906060.jpg,0.2,0.0
20260317_231335_947972,img_20260317_231335_947972.jpg,0.2,0.0
20260317_231335_999266,img_20260317_231335_999266.jpg,0.2,0.0
20260317_231336_050296,img_20260317_231336_050296.jpg,0.2,-0.1
20260317_231336_103366,img_20260317_231336_103366.jpg,0.2,-0.1
20260317_231336_149697,img_20260317_231336_149697.jpg,0.2,-0.1
20260317_231336_202898,img_20260317_231336_202898.jpg,0.2,-0.1
20260317_231336_263766,img_20260317_231336_263766.jpg,0.2,-0.1
20260317_231336_313260,img_20260317_231336_313260.jpg,0.2,-0.1
20260317_231336_363658,img_20260317_231336_363658.jpg,0.2,0.0
20260317_231336_415691,img_20260317_231336_415691.jpg,0.2,0.0
20260317_231336_464288,img_20260317_231336_464288.jpg,0.2,0.0
20260317_231336_507148,img_20260317_231336_507148.jpg,0.2,0.0
20260317_231336_558749,img_20260317_231336_558749.jpg,0.2,0.0
20260317_231336_619567,img_20260317_231336_619567.jpg,0.2,-0.1
20260317_231336_661183,img_20260317_231336_661183.jpg,0.2,-0.1
20260317_231336_718916,img_20260317_231336_718916.jpg,0.2,-0.1
20260317_231336_770588,img_20260317_231336_770588.jpg,0.2,-0.1
20260317_231336_820325,img_20260317_231336_820325.jpg,0.2,-0.1
20260317_231336_861073,img_20260317_231336_861073.jpg,0.2,0.0
20260317_231336_910393,img_20260317_231336_910393.jpg,0.2,0.0
20260317_231336_962933,img_20260317_231336_962933.jpg,0.2,0.0
20260317_231337_023486,img_20260317_231337_023486.jpg,0.2,0.0
20260317_231337_075571,img_20260317_231337_075571.jpg,0.2,0.0
20260317_231337_116010,img_20260317_231337_116010.jpg,0.2,0.0
20260317_231337_175755,img_20260317_231337_175755.jpg,0.2,0.0
20260317_231337_216966,img_20260317_231337_216966.jpg,0.2,-0.1
20260317_231337_277157,img_20260317_231337_277157.jpg,0.2,-0.1
20260317_231337_328020,img_20260317_231337_328020.jpg,0.2,-0.1
20260317_231337_368735,img_20260317_231337_368735.jpg,0.2,-0.1
20260317_231337_419894,img_20260317_231337_419894.jpg,0.2,-0.1
20260317_231337_471892,img_20260317_231337_471892.jpg,0.2,0.0
20260317_231337_536374,img_20260317_231337_536374.jpg,0.2,0.0
20260317_231337_575351,img_20260317_231337_575351.jpg,0.2,0.0
20260317_231337_629235,img_20260317_231337_629235.jpg,0.2,0.0
20260317_231337_697525,img_20260317_231337_697525.jpg,0.2,0.0
20260317_231337_737899,img_20260317_231337_737899.jpg,0.2,-0.1
20260317_231337_789713,img_20260317_231337_789713.jpg,0.2,-0.1
20260317_231337_831414,img_20260317_231337_831414.jpg,0.2,-0.1
20260317_231337_881570,img_20260317_231337_881570.jpg,0.2,-0.1
20260317_231337_931854,img_20260317_231337_931854.jpg,0.2,-0.1
20260317_231337_982180,img_20260317_231337_982180.jpg,0.2,0.0
20260317_231338_034105,img_20260317_231338_034105.jpg,0.2,0.0
20260317_231338_095685,img_20260317_231338_095685.jpg,0.2,0.0
20260317_231338_134217,img_20260317_231338_134217.jpg,0.2,0.0
20260317_231338_182818,img_20260317_231338_182818.jpg,0.2,0.0
20260317_231338_234872,img_20260317_231338_234872.jpg,0.2,0.0
20260317_231338_285817,img_20260317_231338_285817.jpg,0.2,0.0
20260317_231338_348590,img_20260317_231338_348590.jpg,0.2,0.0
20260317_231338_388187,img_20260317_231338_388187.jpg,0.2,0.0
20260317_231338_439943,img_20260317_231338_439943.jpg,0.2,-0.1
20260317_231338_497171,img_20260317_231338_497171.jpg,0.2,-0.1
20260317_231338_538319,img_20260317_231338_538319.jpg,0.2,-0.1
20260317_231338_599529,img_20260317_231338_599529.jpg,0.2,0.0
20260317_231338_641431,img_20260317_231338_641431.jpg,0.2,0.0
20260317_231338_692088,img_20260317_231338_692088.jpg,0.2,0.0
20260317_231338_751335,img_20260317_231338_751335.jpg,0.2,0.0
20260317_231338_804064,img_20260317_231338_804064.jpg,0.2,0.0
20260317_231338_843661,img_20260317_231338_843661.jpg,0.2,0.0
20260317_231338_904338,img_20260317_231338_904338.jpg,0.2,0.0
20260317_231338_946028,img_20260317_231338_946028.jpg,0.2,-0.1
20260317_231338_996065,img_20260317_231338_996065.jpg,0.2,-0.1
20260317_231339_046736,img_20260317_231339_046736.jpg,0.2,-0.1
20260317_231339_099570,img_20260317_231339_099570.jpg,0.2,-0.1
20260317_231339_148539,img_20260317_231339_148539.jpg,0.2,0.0
20260317_231339_200414,img_20260317_231339_200414.jpg,0.2,0.0
20260317_231339_261476,img_20260317_231339_261476.jpg,0.2,0.0
20260317_231339_300711,img_20260317_231339_300711.jpg,0.2,0.0
20260317_231339_351340,img_20260317_231339_351340.jpg,0.2,0.0
20260317_231339_403454,img_20260317_231339_403454.jpg,0.2,0.0
20260317_231339_453289,img_20260317_231339_453289.jpg,0.2,0.0
20260317_231339_516979,img_20260317_231339_516979.jpg,0.2,-0.1
20260317_231339_554888,img_20260317_231339_554888.jpg,0.2,-0.1
20260317_231339_605068,img_20260317_231339_605068.jpg,0.2,-0.1
20260317_231339_666242,img_20260317_231339_666242.jpg,0.2,0.0
20260317_231339_707805,img_20260317_231339_707805.jpg,0.2,0.0
20260317_231339_758701,img_20260317_231339_758701.jpg,0.2,0.0
20260317_231339_820050,img_20260317_231339_820050.jpg,0.2,0.0
20260317_231339_861528,img_20260317_231339_861528.jpg,0.2,0.0
20260317_231339_912305,img_20260317_231339_912305.jpg,0.2,0.0
20260317_231339_973651,img_20260317_231339_973651.jpg,0.2,0.0
20260317_231340_015014,img_20260317_231340_015014.jpg,0.2,0.0
20260317_231340_065705,img_20260317_231340_065705.jpg,0.2,0.0
20260317_231340_116113,img_20260317_231340_116113.jpg,0.2,0.0
20260317_231340_167206,img_20260317_231340_167206.jpg,0.2,0.0
20260317_231340_218641,img_20260317_231340_218641.jpg,0.2,0.0
20260317_231340_280178,img_20260317_231340_280178.jpg,0.2,-0.1
20260317_231340_329622,img_20260317_231340_329622.jpg,0.2,-0.1
20260317_231340_368681,img_20260317_231340_368681.jpg,0.2,-0.1
20260317_231340_419950,img_20260317_231340_419950.jpg,0.2,-0.1
20260317_231340_471726,img_20260317_231340_471726.jpg,0.2,-0.1
20260317_231340_520345,img_20260317_231340_520345.jpg,0.2,0.0
20260317_231340_585047,img_20260317_231340_585047.jpg,0.2,0.0
20260317_231340_625259,img_20260317_231340_625259.jpg,0.2,0.0
20260317_231340_683749,img_20260317_231340_683749.jpg,0.2,0.0
20260317_231340_724240,img_20260317_231340_724240.jpg,0.2,0.0
20260317_231340_776921,img_20260317_231340_776921.jpg,0.2,0.0
20260317_231340_826438,img_20260317_231340_826438.jpg,0.2,0.0
20260317_231340_879322,img_20260317_231340_879322.jpg,0.2,-0.1
20260317_231340_937586,img_20260317_231340_937586.jpg,0.2,-0.1
20260317_231340_990032,img_20260317_231340_990032.jpg,0.2,-0.1
20260317_231341_031373,img_20260317_231341_031373.jpg,0.2,-0.1
20260317_231341_082996,img_20260317_231341_082996.jpg,0.2,0.0
20260317_231341_131337,img_20260317_231341_131337.jpg,0.2,0.0
20260317_231341_182071,img_20260317_231341_182071.jpg,0.2,0.0
20260317_231341_244680,img_20260317_231341_244680.jpg,0.2,0.0
20260317_231341_297715,img_20260317_231341_297715.jpg,0.2,0.0
20260317_231341_347260,img_20260317_231341_347260.jpg,0.2,0.0
20260317_231341_387474,img_20260317_231341_387474.jpg,0.2,0.0
20260317_231341_439415,img_20260317_231341_439415.jpg,0.2,0.0
20260317_231341_499423,img_20260317_231341_499423.jpg,0.2,0.0
20260317_231341_552960,img_20260317_231341_552960.jpg,0.2,0.0
20260317_231341_589111,img_20260317_231341_589111.jpg,0.2,0.0
20260317_231341_652241,img_20260317_231341_652241.jpg,0.2,0.0
20260317_231341_691818,img_20260317_231341_691818.jpg,0.2,0.0
20260317_231341_745106,img_20260317_231341_745106.jpg,0.2,-0.1
20260317_231341_804579,img_20260317_231341_804579.jpg,0.2,-0.1
20260317_231341_842750,img_20260317_231341_842750.jpg,0.2,-0.1
20260317_231341_895279,img_20260317_231341_895279.jpg,0.2,-0.1
20260317_231341_957162,img_20260317_231341_957162.jpg,0.2,0.0
20260317_231341_996692,img_20260317_231341_996692.jpg,0.2,0.0
20260317_231342_059174,img_20260317_231342_059174.jpg,0.2,0.0
20260317_231342_097875,img_20260317_231342_097875.jpg,0.2,0.0
20260317_231342_149924,img_20260317_231342_149924.jpg,0.2,0.0
20260317_231342_200078,img_20260317_231342_200078.jpg,0.2,0.0
20260317_231342_253771,img_20260317_231342_253771.jpg,0.2,0.0
20260317_231342_311475,img_20260317_231342_311475.jpg,0.2,0.0
20260317_231342_353321,img_20260317_231342_353321.jpg,0.2,-0.1
20260317_231342_413170,img_20260317_231342_413170.jpg,0.2,-0.1
20260317_231342_465946,img_20260317_231342_465946.jpg,0.2,-0.1
20260317_231342_515211,img_20260317_231342_515211.jpg,0.2,0.0
20260317_231342_565377,img_20260317_231342_565377.jpg,0.2,0.0
20260317_231342_604371,img_20260317_231342_604371.jpg,0.2,0.0
20260317_231342_655814,img_20260317_231342_655814.jpg,0.2,0.0
20260317_231342_706887,img_20260317_231342_706887.jpg,0.2,0.0
20260317_231342_756847,img_20260317_231342_756847.jpg,0.2,0.0
20260317_231342_819945,img_20260317_231342_819945.jpg,0.2,0.0
20260317_231342_859144,img_20260317_231342_859144.jpg,0.2,0.0
20260317_231342_910417,img_20260317_231342_910417.jpg,0.2,0.0
20260317_231342_973131,img_20260317_231342_973131.jpg,0.2,0.0
20260317_231343_011777,img_20260317_231343_011777.jpg,0.2,-0.1
20260317_231343_072262,img_20260317_231343_072262.jpg,0.2,-0.1
20260317_231343_113007,img_20260317_231343_113007.jpg,0.2,-0.1
20260317_231343_166603,img_20260317_231343_166603.jpg,0.2,0.0
20260317_231343_215399,img_20260317_231343_215399.jpg,0.2,0.0
20260317_231343_279377,img_20260317_231343_279377.jpg,0.2,0.0
20260317_231343_316123,img_20260317_231343_316123.jpg,0.2,0.0
20260317_231343_378811,img_20260317_231343_378811.jpg,0.2,0.0
20260317_231343_419234,img_20260317_231343_419234.jpg,0.2,0.0
20260317_231343_471318,img_20260317_231343_471318.jpg,0.2,0.0
20260317_231343_531146,img_20260317_231343_531146.jpg,0.2,-0.1
20260317_231343_583819,img_20260317_231343_583819.jpg,0.2,-0.1
20260317_231343_621509,img_20260317_231343_621509.jpg,0.2,-0.1
20260317_231343_675004,img_20260317_231343_675004.jpg,0.2,0.0
20260317_231343_722837,img_20260317_231343_722837.jpg,0.2,0.0
20260317_231343_774498,img_20260317_231343_774498.jpg,0.2,0.0
20260317_231343_835562,img_20260317_231343_835562.jpg,0.2,0.0
20260317_231343_884908,img_20260317_231343_884908.jpg,0.2,0.0
20260317_231343_926789,img_20260317_231343_926789.jpg,0.2,0.0
20260317_231343_985365,img_20260317_231343_985365.jpg,0.2,0.0
20260317_231344_027159,img_20260317_231344_027159.jpg,0.2,0.0
20260317_231344_089242,img_20260317_231344_089242.jpg,0.2,0.0
20260317_231344_139563,img_20260317_231344_139563.jpg,0.2,0.0
20260317_231344_180235,img_20260317_231344_180235.jpg,0.2,0.0
20260317_231344_240997,img_20260317_231344_240997.jpg,0.2,-0.1
20260317_231344_282191,img_20260317_231344_282191.jpg,0.2,-0.1
20260317_231344_343752,img_20260317_231344_343752.jpg,0.2,-0.1
20260317_231344_393205,img_20260317_231344_393205.jpg,0.2,-0.1
20260317_231344_445631,img_20260317_231344_445631.jpg,0.2,0.0
20260317_231344_497182,img_20260317_231344_497182.jpg,0.2,0.0
20260317_231344_536570,img_20260317_231344_536570.jpg,0.2,0.0
20260317_231344_585889,img_20260317_231344_585889.jpg,0.2,0.0
20260317_231344_636713,img_20260317_231344_636713.jpg,0.2,0.0
20260317_231344_688234,img_20260317_231344_688234.jpg,0.2,0.0
20260317_231344_751069,img_20260317_231344_751069.jpg,0.2,0.0
20260317_231344_792071,img_20260317_231344_792071.jpg,0.2,0.0
20260317_231344_840908,img_20260317_231344_840908.jpg,0.2,0.0
20260317_231344_890707,img_20260317_231344_890707.jpg,0.2,0.0
20260317_231344_941235,img_20260317_231344_941235.jpg,0.2,0.0
20260317_231344_993281,img_20260317_231344_993281.jpg,0.2,0.0
20260317_231345_042404,img_20260317_231345_042404.jpg,0.2,0.0
20260317_231345_093621,img_20260317_231345_093621.jpg,0.2,0.0
20260317_231345_145430,img_20260317_231345_145430.jpg,0.2,0.0
20260317_231345_195569,img_20260317_231345_195569.jpg,0.2,0.0
20260317_231345_247077,img_20260317_231345_247077.jpg,0.2,0.0
20260317_231345_297190,img_20260317_231345_297190.jpg,0.2,0.0
20260317_231345_347823,img_20260317_231345_347823.jpg,0.2,0.0
20260317_231345_412407,img_20260317_231345_412407.jpg,0.2,-0.1
20260317_231345_453321,img_20260317_231345_453321.jpg,0.2,-0.1
20260317_231345_504210,img_20260317_231345_504210.jpg,0.2,-0.1
20260317_231345_556637,img_20260317_231345_556637.jpg,0.2,-0.1
20260317_231345_606937,img_20260317_231345_606937.jpg,0.2,0.0
20260317_231345_657750,img_20260317_231345_657750.jpg,0.2,0.0
20260317_231345_712144,img_20260317_231345_712144.jpg,0.2,0.0
20260317_231345_759517,img_20260317_231345_759517.jpg,0.2,0.0
20260317_231345_811673,img_20260317_231345_811673.jpg,0.2,0.0
20260317_231345_859824,img_20260317_231345_859824.jpg,0.2,0.0
20260317_231345_923184,img_20260317_231345_923184.jpg,0.2,0.0
20260317_231345_973477,img_20260317_231345_973477.jpg,0.2,0.0
20260317_231346_024848,img_20260317_231346_024848.jpg,0.2,0.0
20260317_231346_062432,img_20260317_231346_062432.jpg,0.2,0.0
20260317_231346_114551,img_20260317_231346_114551.jpg,0.2,0.0
20260317_231346_165920,img_20260317_231346_165920.jpg,0.2,0.0
20260317_231346_216285,img_20260317_231346_216285.jpg,0.2,-0.1
20260317_231346_266711,img_20260317_231346_266711.jpg,0.2,-0.1
20260317_231346_329372,img_20260317_231346_329372.jpg,0.2,-0.1
20260317_231346_368838,img_20260317_231346_368838.jpg,0.2,-0.1
20260317_231346_431465,img_20260317_231346_431465.jpg,0.2,0.0
20260317_231346_471999,img_20260317_231346_471999.jpg,0.2,0.0
20260317_231346_533964,img_20260317_231346_533964.jpg,0.2,0.0
20260317_231346_572659,img_20260317_231346_572659.jpg,0.2,0.0
20260317_231346_624365,img_20260317_231346_624365.jpg,0.2,0.0
20260317_231346_675089,img_20260317_231346_675089.jpg,0.2,0.0
20260317_231346_735533,img_20260317_231346_735533.jpg,0.2,0.0
20260317_231346_776568,img_20260317_231346_776568.jpg,0.2,0.0
20260317_231346_828339,img_20260317_231346_828339.jpg,0.2,0.0
20260317_231346_879174,img_20260317_231346_879174.jpg,0.2,0.0
20260317_231346_938788,img_20260317_231346_938788.jpg,0.2,0.0
20260317_231346_979583,img_20260317_231346_979583.jpg,0.2,0.0
20260317_231347_028895,img_20260317_231347_028895.jpg,0.2,-0.1
20260317_231347_092139,img_20260317_231347_092139.jpg,0.2,-0.1
20260317_231347_131638,img_20260317_231347_131638.jpg,0.2,-0.1
20260317_231347_185511,img_20260317_231347_185511.jpg,0.2,-0.1
20260317_231347_234211,img_20260317_231347_234211.jpg,0.2,0.0
20260317_231347_285050,img_20260317_231347_285050.jpg,0.2,0.0
20260317_231347_345402,img_20260317_231347_345402.jpg,0.2,0.0
20260317_231347_386749,img_20260317_231347_386749.jpg,0.2,0.0
20260317_231347_448280,img_20260317_231347_448280.jpg,0.2,0.0
20260317_231347_498676,img_20260317_231347_498676.jpg,0.2,0.0
20260317_231347_551035,img_20260317_231347_551035.jpg,0.2,0.0
20260317_231347_600934,img_20260317_231347_600934.jpg,0.2,0.0
20260317_231347_651915,img_20260317_231347_651915.jpg,0.2,0.0
20260317_231347_690860,img_20260317_231347_690860.jpg,0.2,0.0
20260317_231347_753071,img_20260317_231347_753071.jpg,0.2,0.0
20260317_231347_803054,img_20260317_231347_803054.jpg,0.2,0.0
20260317_231347_855091,img_20260317_231347_855091.jpg,0.2,0.0
20260317_231347_903412,img_20260317_231347_903412.jpg,0.2,0.0
20260317_231347_945399,img_20260317_231347_945399.jpg,0.2,0.0
20260317_231348_004575,img_20260317_231348_004575.jpg,0.2,0.0
20260317_231348_047743,img_20260317_231348_047743.jpg,0.2,-0.1
20260317_231348_100074,img_20260317_231348_100074.jpg,0.2,-0.1
20260317_231348_158581,img_20260317_231348_158581.jpg,0.2,-0.1
20260317_231348_199697,img_20260317_231348_199697.jpg,0.2,-0.1
20260317_231348_263040,img_20260317_231348_263040.jpg,0.2,-0.1
20260317_231348_313975,img_20260317_231348_313975.jpg,0.2,-0.1
20260317_231348_351615,img_20260317_231348_351615.jpg,0.2,0.0
20260317_231348_402551,img_20260317_231348_402551.jpg,0.2,0.0
20260317_231348_463789,img_20260317_231348_463789.jpg,0.2,0.0
20260317_231348_507008,img_20260317_231348_507008.jpg,0.2,0.0
20260317_231348_557400,img_20260317_231348_557400.jpg,0.2,0.0
20260317_231348_615786,img_20260317_231348_615786.jpg,0.2,0.0
20260317_231348_667412,img_20260317_231348_667412.jpg,0.2,0.0
20260317_231348_719428,img_20260317_231348_719428.jpg,0.2,0.0
20260317_231348_768777,img_20260317_231348_768777.jpg,0.2,0.0
20260317_231348_811995,img_20260317_231348_811995.jpg,0.2,0.0
20260317_231348_871473,img_20260317_231348_871473.jpg,0.2,0.0
20260317_231348_923633,img_20260317_231348_923633.jpg,0.2,0.0
20260317_231348_961540,img_20260317_231348_961540.jpg,0.2,-0.1
20260317_231349_012413,img_20260317_231349_012413.jpg,0.2,-0.1
20260317_231349_062290,img_20260317_231349_062290.jpg,0.2,-0.1
20260317_231349_128678,img_20260317_231349_128678.jpg,0.2,0.0
20260317_231349_163254,img_20260317_231349_163254.jpg,0.2,0.0
20260317_231349_218380,img_20260317_231349_218380.jpg,0.2,0.0
20260317_231349_266214,img_20260317_231349_266214.jpg,0.2,0.0
20260317_231349_327717,img_20260317_231349_327717.jpg,0.2,0.0
20260317_231349_367787,img_20260317_231349_367787.jpg,0.2,0.0
20260317_231349_418761,img_20260317_231349_418761.jpg,0.2,0.0
20260317_231349_478792,img_20260317_231349_478792.jpg,0.2,0.0
20260317_231349_528539,img_20260317_231349_528539.jpg,0.2,0.0
20260317_231349_572926,img_20260317_231349_572926.jpg,0.2,0.0
20260317_231349_623132,img_20260317_231349_623132.jpg,0.2,0.0
20260317_231349_672221,img_20260317_231349_672221.jpg,0.2,0.0
20260317_231349_722507,img_20260317_231349_722507.jpg,0.2,0.0
20260317_231349_785681,img_20260317_231349_785681.jpg,0.2,0.0
20260317_231349_824050,img_20260317_231349_824050.jpg,0.2,-0.1
20260317_231349_876282,img_20260317_231349_876282.jpg,0.2,-0.1
20260317_231349_938319,img_20260317_231349_938319.jpg,0.2,-0.1
20260317_231349_987979,img_20260317_231349_987979.jpg,0.2,0.0
20260317_231350_028156,img_20260317_231350_028156.jpg,0.2,0.0
20260317_231350_079196,img_20260317_231350_079196.jpg,0.2,0.0
20260317_231350_143454,img_20260317_231350_143454.jpg,0.2,0.0
20260317_231350_184682,img_20260317_231350_184682.jpg,0.2,0.0
20260317_231350_236031,img_20260317_231350_236031.jpg,0.2,0.0
20260317_231350_286388,img_20260317_231350_286388.jpg,0.2,0.0
20260317_231350_341357,img_20260317_231350_341357.jpg,0.2,0.0
20260317_231350_398548,img_20260317_231350_398548.jpg,0.2,0.0
20260317_231350_439096,img_20260317_231350_439096.jpg,0.2,0.0
20260317_231350_488849,img_20260317_231350_488849.jpg,0.2,0.0
20260317_231350_540112,img_20260317_231350_540112.jpg,0.2,-0.1
20260317_231350_600030,img_20260317_231350_600030.jpg,0.2,-0.1
20260317_231350_644124,img_20260317_231350_644124.jpg,0.2,-0.1
20260317_231350_695514,img_20260317_231350_695514.jpg,0.2,0.0
20260317_231350_753145,img_20260317_231350_753145.jpg,0.2,0.0
20260317_231350_795612,img_20260317_231350_795612.jpg,0.2,0.0
20260317_231350_856098,img_20260317_231350_856098.jpg,0.2,0.0
20260317_231350_895984,img_20260317_231350_895984.jpg,0.2,0.0
20260317_231350_948820,img_20260317_231350_948820.jpg,0.2,0.0
20260317_231350_998821,img_20260317_231350_998821.jpg,0.2,0.0
20260317_231351_047997,img_20260317_231351_047997.jpg,0.2,0.0
20260317_231350_484058,img_20260317_231350_484058.jpg,0.2,0.0
20260317_231350_534916,img_20260317_231350_534916.jpg,0.2,0.0
20260317_231350_584994,img_20260317_231350_584994.jpg,0.2,-0.1
20260317_231350_646380,img_20260317_231350_646380.jpg,0.2,-0.1
20260317_231350_698645,img_20260317_231350_698645.jpg,0.2,-0.1
20260317_231350_736837,img_20260317_231350_736837.jpg,0.2,-0.1
20260317_231350_788572,img_20260317_231350_788572.jpg,0.2,0.0
20260317_231350_850004,img_20260317_231350_850004.jpg,0.2,0.0
20260317_231350_889863,img_20260317_231350_889863.jpg,0.2,0.0
20260317_231350_939126,img_20260317_231350_939126.jpg,0.2,0.0
20260317_231350_989470,img_20260317_231350_989470.jpg,0.2,0.0
20260317_231351_040559,img_20260317_231351_040559.jpg,0.2,0.0
20260317_231351_094011,img_20260317_231351_094011.jpg,0.2,0.0
20260317_231351_143002,img_20260317_231351_143002.jpg,0.2,0.0
20260317_231351_194696,img_20260317_231351_194696.jpg,0.2,0.0
20260317_231351_244509,img_20260317_231351_244509.jpg,0.2,0.0
20260317_231351_305488,img_20260317_231351_305488.jpg,0.2,0.0
20260317_231351_356422,img_20260317_231351_356422.jpg,0.2,0.0
20260317_231351_396610,img_20260317_231351_396610.jpg,0.2,0.0
20260317_231351_447301,img_20260317_231351_447301.jpg,0.2,-0.1
20260317_231351_507899,img_20260317_231351_507899.jpg,0.2,-0.1
20260317_231351_551335,img_20260317_231351_551335.jpg,0.2,-0.1
20260317_231351_597869,img_20260317_231351_597869.jpg,0.2,0.0
20260317_231351_650855,img_20260317_231351_650855.jpg,0.2,0.0
20260317_231351_702490,img_20260317_231351_702490.jpg,0.2,0.0
20260317_231351_765281,img_20260317_231351_765281.jpg,0.2,0.0
20260317_231351_806649,img_20260317_231351_806649.jpg,0.2,0.0
20260317_231351_867215,img_20260317_231351_867215.jpg,0.2,0.0
20260317_231351_916500,img_20260317_231351_916500.jpg,0.2,0.0
20260317_231351_955849,img_20260317_231351_955849.jpg,0.2,0.0
20260317_231352_016642,img_20260317_231352_016642.jpg,0.2,-0.1
20260317_231352_066883,img_20260317_231352_066883.jpg,0.2,-0.1
20260317_231352_117220,img_20260317_231352_117220.jpg,0.2,-0.1
20260317_231352_168737,img_20260317_231352_168737.jpg,0.2,-0.1
20260317_231352_207636,img_20260317_231352_207636.jpg,0.2,0.0
20260317_231352_270711,img_20260317_231352_270711.jpg,0.2,0.0
20260317_231352_323750,img_20260317_231352_323750.jpg,0.2,0.0
20260317_231352_362144,img_20260317_231352_362144.jpg,0.2,0.0
20260317_231352_412988,img_20260317_231352_412988.jpg,0.2,0.0
20260317_231352_463514,img_20260317_231352_463514.jpg,0.2,0.0
20260317_231352_526681,img_20260317_231352_526681.jpg,0.2,0.0
20260317_231352_579033,img_20260317_231352_579033.jpg,0.2,-0.1
20260317_231352_617988,img_20260317_231352_617988.jpg,0.2,-0.1
20260317_231352_670756,img_20260317_231352_670756.jpg,0.2,0.0
20260317_231352_720989,img_20260317_231352_720989.jpg,0.2,0.0
20260317_231352_783138,img_20260317_231352_783138.jpg,0.2,0.0
20260317_231352_832619,img_20260317_231352_832619.jpg,0.2,0.0
20260317_231352_885095,img_20260317_231352_885095.jpg,0.2,0.0
20260317_231352_935191,img_20260317_231352_935191.jpg,0.2,0.0
20260317_231352_986314,img_20260317_231352_986314.jpg,0.2,0.0
20260317_231353_037204,img_20260317_231353_037204.jpg,0.2,0.0
20260317_231353_075882,img_20260317_231353_075882.jpg,0.2,0.0
20260317_231353_127865,img_20260317_231353_127865.jpg,0.2,0.0
20260317_231353_180766,img_20260317_231353_180766.jpg,0.2,0.0
20260317_231353_231416,img_20260317_231353_231416.jpg,0.2,0.0
20260317_231353_283089,img_20260317_231353_283089.jpg,0.2,-0.1
20260317_231353_331107,img_20260317_231353_331107.jpg,0.2,-0.1
20260317_231353_383255,img_20260317_231353_383255.jpg,0.2,-0.1
20260317_231353_435541,img_20260317_231353_435541.jpg,0.2,0.0
20260317_231353_494570,img_20260317_231353_494570.jpg,0.2,0.0
20260317_231353_536976,img_20260317_231353_536976.jpg,0.2,0.0
20260317_231353_597608,img_20260317_231353_597608.jpg,0.2,0.0
20260317_231353_637541,img_20260317_231353_637541.jpg,0.2,0.0
20260317_231353_699020,img_20260317_231353_699020.jpg,0.2,0.0
20260317_231353_739548,img_20260317_231353_739548.jpg,0.2,0.0
20260317_231353_790275,img_20260317_231353_790275.jpg,0.2,-0.1
20260317_231353_852961,img_20260317_231353_852961.jpg,0.2,-0.1
20260317_231353_893068,img_20260317_231353_893068.jpg,0.2,-0.1
20260317_231353_941557,img_20260317_231353_941557.jpg,0.2,-0.1
20260317_231353_992277,img_20260317_231353_992277.jpg,0.2,0.0
20260317_231354_044235,img_20260317_231354_044235.jpg,0.2,0.0
20260317_231354_106069,img_20260317_231354_106069.jpg,0.2,0.0
20260317_231354_158536,img_20260317_231354_158536.jpg,0.2,0.0
20260317_231354_196690,img_20260317_231354_196690.jpg,0.2,0.0
20260317_231354_246595,img_20260317_231354_246595.jpg,0.2,0.0
20260317_231354_298209,img_20260317_231354_298209.jpg,0.2,0.0
20260317_231354_362205,img_20260317_231354_362205.jpg,0.2,0.0
20260317_231354_401716,img_20260317_231354_401716.jpg,0.2,0.0
20260317_231354_449781,img_20260317_231354_449781.jpg,0.2,0.0
20260317_231354_500647,img_20260317_231354_500647.jpg,0.2,-0.1
20260317_231354_553604,img_20260317_231354_553604.jpg,0.2,-0.1
20260317_231354_603658,img_20260317_231354_603658.jpg,0.2,-0.1
20260317_231354_655726,img_20260317_231354_655726.jpg,0.2,-0.1
20260317_231354_710559,img_20260317_231354_710559.jpg,0.2,0.0
20260317_231354_770687,img_20260317_231354_770687.jpg,0.2,0.0
20260317_231354_821491,img_20260317_231354_821491.jpg,0.2,0.0
20260317_231354_872123,img_20260317_231354_872123.jpg,0.2,0.0
20260317_231354_921196,img_20260317_231354_921196.jpg,0.2,0.0
20260317_231354_960794,img_20260317_231354_960794.jpg,0.2,0.0
20260317_231355_010409,img_20260317_231355_010409.jpg,0.2,0.0
20260317_231355_061737,img_20260317_231355_061737.jpg,0.2,0.0
20260317_231355_114358,img_20260317_231355_114358.jpg,0.2,0.0
20260317_231355_161626,img_20260317_231355_161626.jpg,0.2,0.0
20260317_231355_211444,img_20260317_231355_211444.jpg,0.2,0.0
20260317_231355_264431,img_20260317_231355_264431.jpg,0.2,0.0
20260317_231355_315621,img_20260317_231355_315621.jpg,0.2,0.0
20260317_231355_367099,img_20260317_231355_367099.jpg,0.2,-0.1
20260317_231355_414567,img_20260317_231355_414567.jpg,0.2,-0.1
20260317_231355_480339,img_20260317_231355_480339.jpg,0.2,-0.1
20260317_231355_520220,img_20260317_231355_520220.jpg,0.2,-0.1
20260317_231355_581266,img_20260317_231355_581266.jpg,0.2,-0.1
20260317_231355_620288,img_20260317_231355_620288.jpg,0.2,-0.1
20260317_231355_671230,img_20260317_231355_671230.jpg,0.2,0.0
20260317_231355_732285,img_20260317_231355_732285.jpg,0.2,0.0
20260317_231355_786306,img_20260317_231355_786306.jpg,0.2,0.0
20260317_231355_822753,img_20260317_231355_822753.jpg,0.2,0.0
20260317_231355_878804,img_20260317_231355_878804.jpg,0.2,0.0
20260317_231355_926590,img_20260317_231355_926590.jpg,0.2,0.0
20260317_231355_987969,img_20260317_231355_987969.jpg,0.2,0.0
20260317_231356_039801,img_20260317_231356_039801.jpg,0.2,0.0
20260317_231356_089178,img_20260317_231356_089178.jpg,0.2,0.0
20260317_231356_140298,img_20260317_231356_140298.jpg,0.2,0.0
20260317_231356_179626,img_20260317_231356_179626.jpg,0.2,0.0
20260317_231356_240288,img_20260317_231356_240288.jpg,0.2,0.0
20260317_231356_281996,img_20260317_231356_281996.jpg,0.2,0.0
20260317_231356_342380,img_20260317_231356_342380.jpg,0.2,0.0
20260317_231356_395725,img_20260317_231356_395725.jpg,0.2,0.0
20260317_231356_438283,img_20260317_231356_438283.jpg,0.2,-0.1
20260317_231356_486271,img_20260317_231356_486271.jpg,0.2,-0.1
20260317_231356_537734,img_20260317_231356_537734.jpg,0.2,-0.1
20260317_231356_587676,img_20260317_231356_587676.jpg,0.2,-0.1
20260317_231356_640057,img_20260317_231356_640057.jpg,0.2,0.0
20260317_231356_691199,img_20260317_231356_691199.jpg,0.2,0.0
20260317_231356_750784,img_20260317_231356_750784.jpg,0.2,0.0
20260317_231356_793672,img_20260317_231356_793672.jpg,0.2,0.0
20260317_231356_853713,img_20260317_231356_853713.jpg,0.2,0.0
20260317_231356_895759,img_20260317_231356_895759.jpg,0.2,0.0
20260317_231356_945473,img_20260317_231356_945473.jpg,0.2,0.0
20260317_231357_006269,img_20260317_231357_006269.jpg,0.2,0.0
20260317_231357_045086,img_20260317_231357_045086.jpg,0.2,0.0
20260317_231357_099015,img_20260317_231357_099015.jpg,0.2,-0.1
20260317_231357_149314,img_20260317_231357_149314.jpg,0.2,-0.1
20260317_231357_198271,img_20260317_231357_198271.jpg,0.2,-0.1
20260317_231357_252216,img_20260317_231357_252216.jpg,0.2,-0.1
20260317_231357_311416,img_20260317_231357_311416.jpg,0.2,-0.1
20260317_231357_352069,img_20260317_231357_352069.jpg,0.2,0.0
20260317_231357_403796,img_20260317_231357_403796.jpg,0.2,0.0
20260317_231357_453091,img_20260317_231357_453091.jpg,0.2,0.0
20260317_231357_506156,img_20260317_231357_506156.jpg,0.2,0.0
20260317_231357_565345,img_20260317_231357_565345.jpg,0.2,0.0
20260317_231357_619101,img_20260317_231357_619101.jpg,0.2,0.0
20260317_231357_668365,img_20260317_231357_668365.jpg,0.2,0.0
20260317_231357_707860,img_20260317_231357_707860.jpg,0.2,0.0
20260317_231357_758416,img_20260317_231357_758416.jpg,0.2,-0.1
20260317_231357_818979,img_20260317_231357_818979.jpg,0.2,-0.1
20260317_231357_863387,img_20260317_231357_863387.jpg,0.2,-0.1
20260317_231357_912735,img_20260317_231357_912735.jpg,0.2,-0.1
20260317_231357_971825,img_20260317_231357_971825.jpg,0.2,0.0
20260317_231358_014561,img_20260317_231358_014561.jpg,0.2,0.0
20260317_231358_064668,img_20260317_231358_064668.jpg,0.2,0.0
20260317_231358_115916,img_20260317_231358_115916.jpg,0.2,0.0
20260317_231358_167220,img_20260317_231358_167220.jpg,0.2,0.0
20260317_231358_219373,img_20260317_231358_219373.jpg,0.2,0.0
20260317_231358_271525,img_20260317_231358_271525.jpg,0.2,0.0
20260317_231358_321539,img_20260317_231358_321539.jpg,0.2,0.0
20260317_231358_370203,img_20260317_231358_370203.jpg,0.2,0.0
20260317_231358_431725,img_20260317_231358_431725.jpg,0.2,-0.1
20260317_231358_472760,img_20260317_231358_472760.jpg,0.2,-0.1
20260317_231358_524566,img_20260317_231358_524566.jpg,0.2,-0.1
20260317_231358_573865,img_20260317_231358_573865.jpg,0.2,-0.1
20260317_231358_625333,img_20260317_231358_625333.jpg,0.2,0.0
20260317_231358_688132,img_20260317_231358_688132.jpg,0.2,0.0
20260317_231358_739703,img_20260317_231358_739703.jpg,0.2,0.0
20260317_231358_778016,img_20260317_231358_778016.jpg,0.2,0.0
20260317_231358_827841,img_20260317_231358_827841.jpg,0.2,0.0
20260317_231358_880769,img_20260317_231358_880769.jpg,0.2,0.0
20260317_231358_932090,img_20260317_231358_932090.jpg,0.2,0.0
20260317_231358_993081,img_20260317_231358_993081.jpg,0.2,0.0
20260317_231359_045917,img_20260317_231359_045917.jpg,0.2,0.0
20260317_231359_097714,img_20260317_231359_097714.jpg,0.2,0.0
20260317_231359_135334,img_20260317_231359_135334.jpg,0.2,-0.1
20260317_231359_199208,img_20260317_231359_199208.jpg,0.2,-0.1
20260317_231359_252159,img_20260317_231359_252159.jpg,0.2,-0.1
20260317_231359_290023,img_20260317_231359_290023.jpg,0.2,-0.1
20260317_231359_348714,img_20260317_231359_348714.jpg,0.2,-0.1
20260317_231359_392369,img_20260317_231359_392369.jpg,0.2,-0.1
20260317_231359_455001,img_20260317_231359_455001.jpg,0.2,-0.1
20260317_231359_494758,img_20260317_231359_494758.jpg,0.2,-0.1
20260317_231359_558641,img_20260317_231359_558641.jpg,0.2,0.0
20260317_231359_609332,img_20260317_231359_609332.jpg,0.2,0.0
20260317_231359_650776,img_20260317_231359_650776.jpg,0.2,0.0
20260317_231359_709970,img_20260317_231359_709970.jpg,0.2,0.0
20260317_231359_752814,img_20260317_231359_752814.jpg,0.2,0.0
20260317_231359_799511,img_20260317_231359_799511.jpg,0.2,0.0
20260317_231359_859264,img_20260317_231359_859264.jpg,0.2,0.0
20260317_231359_903612,img_20260317_231359_903612.jpg,0.2,0.0
20260317_231359_953635,img_20260317_231359_953635.jpg,0.2,0.0
20260317_231400_012677,img_20260317_231400_012677.jpg,0.2,0.0
20260317_231400_051858,img_20260317_231400_051858.jpg,0.2,0.0
20260317_231400_105039,img_20260317_231400_105039.jpg,0.2,0.0
20260317_231400_156482,img_20260317_231400_156482.jpg,0.2,0.0
20260317_231400_208893,img_20260317_231400_208893.jpg,0.2,0.0
20260317_231400_267305,img_20260317_231400_267305.jpg,0.2,0.0
20260317_231400_309112,img_20260317_231400_309112.jpg,0.2,0.0
20260317_231400_360898,img_20260317_231400_360898.jpg,0.2,0.0
20260317_231400_421201,img_20260317_231400_421201.jpg,0.2,0.0
20260317_231400_470285,img_20260317_231400_470285.jpg,0.2,0.0
20260317_231400_520451,img_20260317_231400_520451.jpg,0.2,0.0
20260317_231400_564679,img_20260317_231400_564679.jpg,0.2,0.0
20260317_231400_623327,img_20260317_231400_623327.jpg,0.2,0.0
20260317_231400_663527,img_20260317_231400_663527.jpg,0.2,0.0
20260317_231400_716659,img_20260317_231400_716659.jpg,0.2,0.0
20260317_231400_776272,img_20260317_231400_776272.jpg,0.2,0.0
20260317_231400_816744,img_20260317_231400_816744.jpg,0.2,0.0
20260317_231400_879901,img_20260317_231400_879901.jpg,0.2,0.0
20260317_231400_928217,img_20260317_231400_928217.jpg,0.2,0.0
20260317_231400_970546,img_20260317_231400_970546.jpg,0.2,0.0
20260317_231401_030244,img_20260317_231401_030244.jpg,0.2,0.0
20260317_231401_071515,img_20260317_231401_071515.jpg,0.2,0.0
20260317_231401_122804,img_20260317_231401_122804.jpg,0.2,0.0
20260317_231401_170982,img_20260317_231401_170982.jpg,0.2,0.0
20260317_231401_223254,img_20260317_231401_223254.jpg,0.2,0.0
20260317_231401_273797,img_20260317_231401_273797.jpg,0.2,0.0
20260317_231401_334521,img_20260317_231401_334521.jpg,0.2,0.0
20260317_231401_374169,img_20260317_231401_374169.jpg,0.2,0.0
20260317_231401_425297,img_20260317_231401_425297.jpg,0.2,0.0
20260317_231401_479078,img_20260317_231401_479078.jpg,0.2,0.0
20260317_231401_525509,img_20260317_231401_525509.jpg,0.2,0.0
20260317_231401_577988,img_20260317_231401_577988.jpg,0.2,0.0
20260317_231401_639925,img_20260317_231401_639925.jpg,0.2,0.0
20260317_231401_679136,img_20260317_231401_679136.jpg,0.2,-0.1
20260317_231401_729126,img_20260317_231401_729126.jpg,0.2,-0.1
20260317_231401_791492,img_20260317_231401_791492.jpg,0.2,-0.1
20260317_231401_831073,img_20260317_231401_831073.jpg,0.2,0.0
20260317_231401_882057,img_20260317_231401_882057.jpg,0.2,0.0
20260317_231401_934782,img_20260317_231401_934782.jpg,0.2,0.0
20260317_231401_987833,img_20260317_231401_987833.jpg,0.2,0.0
20260317_231402_045667,img_20260317_231402_045667.jpg,0.2,0.0
20260317_231402_087312,img_20260317_231402_087312.jpg,0.2,0.0
20260317_231402_136189,img_20260317_231402_136189.jpg,0.2,0.0
20260317_231402_197737,img_20260317_231402_197737.jpg,0.2,0.0
20260317_231402_244527,img_20260317_231402_244527.jpg,0.2,0.0
20260317_231402_305346,img_20260317_231402_305346.jpg,0.2,0.0
20260317_231402_346212,img_20260317_231402_346212.jpg,0.2,-0.1
20260317_231402_398202,img_20260317_231402_398202.jpg,0.2,-0.1
20260317_231402_449935,img_20260317_231402_449935.jpg,0.2,-0.1
20260317_231402_501824,img_20260317_231402_501824.jpg,0.2,0.0
20260317_231402_560588,img_20260317_231402_560588.jpg,0.2,0.0
20260317_231402_614347,img_20260317_231402_614347.jpg,0.2,0.0
20260317_231402_661190,img_20260317_231402_661190.jpg,0.2,0.0
20260317_231402_702173,img_20260317_231402_702173.jpg,0.2,0.0
20260317_231402_762492,img_20260317_231402_762492.jpg,0.2,0.0
20260317_231402_813710,img_20260317_231402_813710.jpg,0.2,0.0
20260317_231402_853278,img_20260317_231402_853278.jpg,0.2,0.0
20260317_231402_916884,img_20260317_231402_916884.jpg,0.2,0.0
20260317_231402_957096,img_20260317_231402_957096.jpg,0.2,-0.1
20260317_231403_006492,img_20260317_231403_006492.jpg,0.2,-0.1
20260317_231403_060036,img_20260317_231403_060036.jpg,0.2,-0.1
20260317_231403_120860,img_20260317_231403_120860.jpg,0.2,0.0
20260317_231403_170737,img_20260317_231403_170737.jpg,0.2,0.0
20260317_231403_212124,img_20260317_231403_212124.jpg,0.2,0.0
20260317_231403_259930,img_20260317_231403_259930.jpg,0.2,0.0
20260317_231403_313189,img_20260317_231403_313189.jpg,0.2,0.0
20260317_231403_364643,img_20260317_231403_364643.jpg,0.2,0.0
20260317_231403_415929,img_20260317_231403_415929.jpg,0.2,0.0
20260317_231403_475832,img_20260317_231403_475832.jpg,0.2,0.0
20260317_231403_516913,img_20260317_231403_516913.jpg,0.2,0.0
20260317_231403_566343,img_20260317_231403_566343.jpg,0.2,0.0
20260317_231403_617467,img_20260317_231403_617467.jpg,0.2,0.0
20260317_231403_670187,img_20260317_231403_670187.jpg,0.2,-0.1
20260317_231403_720533,img_20260317_231403_720533.jpg,0.2,-0.1
20260317_231403_772758,img_20260317_231403_772758.jpg,0.2,-0.1
20260317_231403_834078,img_20260317_231403_834078.jpg,0.2,0.0
20260317_231403_874457,img_20260317_231403_874457.jpg,0.2,0.0
20260317_231403_928160,img_20260317_231403_928160.jpg,0.2,0.0
20260317_231403_986558,img_20260317_231403_986558.jpg,0.2,0.0
20260317_231404_031454,img_20260317_231404_031454.jpg,0.2,0.0
20260317_231404_090439,img_20260317_231404_090439.jpg,0.2,0.0
20260317_231404_130351,img_20260317_231404_130351.jpg,0.2,0.0
20260317_231404_181863,img_20260317_231404_181863.jpg,0.2,0.0
20260317_231404_231978,img_20260317_231404_231978.jpg,0.2,0.0
20260317_231404_285169,img_20260317_231404_285169.jpg,0.2,-0.1
20260317_231404_334341,img_20260317_231404_334341.jpg,0.2,-0.1
20260317_231404_385958,img_20260317_231404_385958.jpg,0.2,-0.1
20260317_231404_446629,img_20260317_231404_446629.jpg,0.2,0.0
20260317_231404_488049,img_20260317_231404_488049.jpg,0.2,0.0
20260317_231404_548228,img_20260317_231404_548228.jpg,0.2,0.0
20260317_231404_589345,img_20260317_231404_589345.jpg,0.2,0.0
20260317_231404_649396,img_20260317_231404_649396.jpg,0.2,0.0
20260317_231404_689765,img_20260317_231404_689765.jpg,0.2,0.0
20260317_231404_752168,img_20260317_231404_752168.jpg,0.2,0.0
20260317_231404_802505,img_20260317_231404_802505.jpg,0.2,0.0
20260317_231404_842946,img_20260317_231404_842946.jpg,0.2,0.0
20260317_231404_893769,img_20260317_231404_893769.jpg,0.2,-0.1
20260317_231404_946116,img_20260317_231404_946116.jpg,0.2,-0.1
20260317_231404_998500,img_20260317_231404_998500.jpg,0.2,-0.1
20260317_231405_048218,img_20260317_231405_048218.jpg,0.2,0.0
20260317_231405_098031,img_20260317_231405_098031.jpg,0.2,0.0
20260317_231405_160057,img_20260317_231405_160057.jpg,0.2,0.0
20260317_231405_200450,img_20260317_231405_200450.jpg,0.2,0.0
20260317_231405_261758,img_20260317_231405_261758.jpg,0.2,0.0
20260317_231405_300314,img_20260317_231405_300314.jpg,0.2,0.0
20260317_231405_362695,img_20260317_231405_362695.jpg,0.2,0.0
20260317_231405_402259,img_20260317_231405_402259.jpg,0.2,0.0
20260317_231405_465985,img_20260317_231405_465985.jpg,0.2,-0.1
20260317_231405_505888,img_20260317_231405_505888.jpg,0.2,-0.1
20260317_231405_555974,img_20260317_231405_555974.jpg,0.2,-0.1
20260317_231405_620112,img_20260317_231405_620112.jpg,0.2,0.0
20260317_231405_656011,img_20260317_231405_656011.jpg,0.2,0.0
20260317_231405_706591,img_20260317_231405_706591.jpg,0.2,0.0
20260317_231405_759573,img_20260317_231405_759573.jpg,0.2,0.0
20260317_231405_822865,img_20260317_231405_822865.jpg,0.2,0.0
20260317_231405_874994,img_20260317_231405_874994.jpg,0.2,0.0
20260317_231405_913831,img_20260317_231405_913831.jpg,0.2,0.0
20260317_231405_964013,img_20260317_231405_964013.jpg,0.2,0.0
20260317_231406_014731,img_20260317_231406_014731.jpg,0.2,0.0
20260317_231406_065497,img_20260317_231406_065497.jpg,0.2,-0.1
20260317_231406_126386,img_20260317_231406_126386.jpg,0.2,-0.1
20260317_231406_177297,img_20260317_231406_177297.jpg,0.2,0.0
20260317_231406_228679,img_20260317_231406_228679.jpg,0.2,0.0
20260317_231406_281045,img_20260317_231406_281045.jpg,0.2,0.0
20260317_231406_319000,img_20260317_231406_319000.jpg,0.2,0.0
20260317_231406_369985,img_20260317_231406_369985.jpg,0.2,0.0
20260317_231406_421550,img_20260317_231406_421550.jpg,0.2,0.0
20260317_231406_471832,img_20260317_231406_471832.jpg,0.2,0.0
20260317_231406_524601,img_20260317_231406_524601.jpg,0.2,0.0
20260317_231406_574436,img_20260317_231406_574436.jpg,0.2,-0.1
20260317_231406_634832,img_20260317_231406_634832.jpg,0.2,-0.1
20260317_231406_686467,img_20260317_231406_686467.jpg,0.2,-0.1
20260317_231406_734613,img_20260317_231406_734613.jpg,0.2,0.0
20260317_231406_786537,img_20260317_231406_786537.jpg,0.2,0.0
20260317_231406_827161,img_20260317_231406_827161.jpg,0.2,0.0
20260317_231406_876997,img_20260317_231406_876997.jpg,0.2,0.0
20260317_231406_939740,img_20260317_231406_939740.jpg,0.2,0.0
20260317_231406_981020,img_20260317_231406_981020.jpg,0.2,0.0
20260317_231407_029316,img_20260317_231407_029316.jpg,0.2,0.0
20260317_231407_091871,img_20260317_231407_091871.jpg,0.2,0.0
20260317_231407_143158,img_20260317_231407_143158.jpg,0.2,-0.1
20260317_231407_182663,img_20260317_231407_182663.jpg,0.2,-0.1
20260317_231407_243747,img_20260317_231407_243747.jpg,0.2,-0.1
20260317_231407_283091,img_20260317_231407_283091.jpg,0.2,-0.1
20260317_231407_349670,img_20260317_231407_349670.jpg,0.2,0.0
20260317_231407_388516,img_20260317_231407_388516.jpg,0.2,0.0
20260317_231407_451238,img_20260317_231407_451238.jpg,0.2,0.0
20260317_231407_493917,img_20260317_231407_493917.jpg,0.2,0.0
20260317_231407_553727,img_20260317_231407_553727.jpg,0.2,0.0
20260317_231407_597616,img_20260317_231407_597616.jpg,0.2,0.0
20260317_231407_647876,img_20260317_231407_647876.jpg,0.2,0.0
20260317_231407_696453,img_20260317_231407_696453.jpg,0.2,0.0
20260317_231407_745905,img_20260317_231407_745905.jpg,0.2,0.0
20260317_231407_796177,img_20260317_231407_796177.jpg,0.2,0.0
20260317_231407_848978,img_20260317_231407_848978.jpg,0.2,-0.1
20260317_231407_899247,img_20260317_231407_899247.jpg,0.2,-0.1
20260317_231407_947973,img_20260317_231407_947973.jpg,0.2,-0.1
20260317_231408_010044,img_20260317_231408_010044.jpg,0.2,0.0
20260317_231408_050788,img_20260317_231408_050788.jpg,0.2,0.0
20260317_231408_103385,img_20260317_231408_103385.jpg,0.2,0.0
20260317_231408_152236,img_20260317_231408_152236.jpg,0.2,0.0
20260317_231408_216194,img_20260317_231408_216194.jpg,0.2,0.0
20260317_231408_253890,img_20260317_231408_253890.jpg,0.2,0.0
20260317_231408_304664,img_20260317_231408_304664.jpg,0.2,0.0
20260317_231408_366828,img_20260317_231408_366828.jpg,0.2,-0.1
20260317_231408_407277,img_20260317_231408_407277.jpg,0.2,-0.1
20260317_231408_459932,img_20260317_231408_459932.jpg,0.2,-0.1
20260317_231408_520366,img_20260317_231408_520366.jpg,0.2,-0.1
20260317_231408_560621,img_20260317_231408_560621.jpg,0.2,0.0
20260317_231408_611141,img_20260317_231408_611141.jpg,0.2,0.0
20260317_231408_660811,img_20260317_231408_660811.jpg,0.2,0.0
20260317_231408_712764,img_20260317_231408_712764.jpg,0.2,0.0
20260317_231408_766394,img_20260317_231408_766394.jpg,0.2,0.0
20260317_231408_824604,img_20260317_231408_824604.jpg,0.2,0.0
20260317_231408_877606,img_20260317_231408_877606.jpg,0.2,0.0
20260317_231408_915082,img_20260317_231408_915082.jpg,0.2,0.0
20260317_231408_976271,img_20260317_231408_976271.jpg,0.2,-0.1
20260317_231409_027266,img_20260317_231409_027266.jpg,0.2,-0.1
20260317_231409_067294,img_20260317_231409_067294.jpg,0.2,-0.1
20260317_231409_117549,img_20260317_231409_117549.jpg,0.2,0.0
20260317_231409_167702,img_20260317_231409_167702.jpg,0.2,0.0
20260317_231409_216920,img_20260317_231409_216920.jpg,0.2,0.0
20260317_231409_279857,img_20260317_231409_279857.jpg,0.2,0.0
20260317_231409_331283,img_20260317_231409_331283.jpg,0.2,0.0
20260317_231409_371999,img_20260317_231409_371999.jpg,0.2,0.0
20260317_231409_432805,img_20260317_231409_432805.jpg,0.2,0.0
20260317_231409_484112,img_20260317_231409_484112.jpg,0.2,0.0
20260317_231409_523905,img_20260317_231409_523905.jpg,0.2,0.0
20260317_231409_585039,img_20260317_231409_585039.jpg,0.2,0.0
20260317_231409_627829,img_20260317_231409_627829.jpg,0.2,0.0
20260317_231409_675540,img_20260317_231409_675540.jpg,0.2,-0.1
20260317_231409_736941,img_20260317_231409_736941.jpg,0.2,-0.1
20260317_231409_787846,img_20260317_231409_787846.jpg,0.2,0.0
20260317_231409_828225,img_20260317_231409_828225.jpg,0.2,0.0
20260317_231409_877072,img_20260317_231409_877072.jpg,0.2,0.0
20260317_231409_928958,img_20260317_231409_928958.jpg,0.2,0.0
20260317_231409_980486,img_20260317_231409_980486.jpg,0.2,0.0
20260317_231410_043093,img_20260317_231410_043093.jpg,0.2,0.0
20260317_231410_093039,img_20260317_231410_093039.jpg,0.2,0.0
20260317_231410_134717,img_20260317_231410_134717.jpg,0.2,-0.1
20260317_231410_185678,img_20260317_231410_185678.jpg,0.2,-0.1
20260317_231410_245361,img_20260317_231410_245361.jpg,0.2,-0.1
20260317_231410_286475,img_20260317_231410_286475.jpg,0.2,-0.1
20260317_231410_334472,img_20260317_231410_334472.jpg,0.2,0.0
20260317_231410_385064,img_20260317_231410_385064.jpg,0.2,0.0
20260317_231410_435752,img_20260317_231410_435752.jpg,0.2,0.0
20260317_231410_499219,img_20260317_231410_499219.jpg,0.2,0.0
20260317_231410_537665,img_20260317_231410_537665.jpg,0.2,0.0
20260317_231410_589067,img_20260317_231410_589067.jpg,0.2,0.0
20260317_231410_648837,img_20260317_231410_648837.jpg,0.2,0.0
20260317_231410_692147,img_20260317_231410_692147.jpg,0.2,0.0
20260317_231410_741140,img_20260317_231410_741140.jpg,0.2,0.0
20260317_231410_792740,img_20260317_231410_792740.jpg,0.2,0.0
20260317_231410_842711,img_20260317_231410_842711.jpg,0.2,-0.1
20260317_231410_893964,img_20260317_231410_893964.jpg,0.2,-0.1
20260317_231410_943053,img_20260317_231410_943053.jpg,0.2,-0.1
20260317_231410_995142,img_20260317_231410_995142.jpg,0.2,0.0
20260317_231411_055367,img_20260317_231411_055367.jpg,0.2,0.0
20260317_231411_095885,img_20260317_231411_095885.jpg,0.2,0.0
20260317_231411_146237,img_20260317_231411_146237.jpg,0.2,0.0
20260317_231411_198424,img_20260317_231411_198424.jpg,0.2,0.0
20260317_231411_248474,img_20260317_231411_248474.jpg,0.2,0.0
20260317_231411_311122,img_20260317_231411_311122.jpg,0.2,0.0
20260317_231411_350124,img_20260317_231411_350124.jpg,0.2,0.0
20260317_231411_402994,img_20260317_231411_402994.jpg,0.2,0.0
20260317_231411_464160,img_20260317_231411_464160.jpg,0.2,0.0
20260317_231411_505124,img_20260317_231411_505124.jpg,0.2,0.0
20260317_231411_553336,img_20260317_231411_553336.jpg,0.2,0.0
20260317_231411_603195,img_20260317_231411_603195.jpg,0.2,0.0
20260317_231411_656294,img_20260317_231411_656294.jpg,0.2,0.0
20260317_231411_707021,img_20260317_231411_707021.jpg,0.2,0.0
20260317_231411_768320,img_20260317_231411_768320.jpg,0.2,-0.1
20260317_231411_807457,img_20260317_231411_807457.jpg,0.2,-0.1
20260317_231411_856185,img_20260317_231411_856185.jpg,0.2,-0.1
20260317_231411_922418,img_20260317_231411_922418.jpg,0.2,0.0
20260317_231411_961068,img_20260317_231411_961068.jpg,0.2,0.0
20260317_231412_010245,img_20260317_231412_010245.jpg,0.2,0.0
20260317_231412_059583,img_20260317_231412_059583.jpg,0.2,0.0
20260317_231412_123473,img_20260317_231412_123473.jpg,0.2,0.0
20260317_231412_165196,img_20260317_231412_165196.jpg,0.2,0.0
20260317_231412_212504,img_20260317_231412_212504.jpg,0.2,0.0
20260317_231412_273188,img_20260317_231412_273188.jpg,0.2,0.0
20260317_231412_325651,img_20260317_231412_325651.jpg,0.2,-0.1
20260317_231412_362320,img_20260317_231412_362320.jpg,0.2,-0.1
20260317_231412_414582,img_20260317_231412_414582.jpg,0.2,-0.1
20260317_231412_468839,img_20260317_231412_468839.jpg,0.2,-0.1
20260317_231412_530651,img_20260317_231412_530651.jpg,0.2,-0.1
20260317_231412_573894,img_20260317_231412_573894.jpg,0.2,0.0
20260317_231412_624974,img_20260317_231412_624974.jpg,0.2,0.0
20260317_231412_682570,img_20260317_231412_682570.jpg,0.2,0.0
20260317_231412_721949,img_20260317_231412_721949.jpg,0.2,0.0
20260317_231412_774419,img_20260317_231412_774419.jpg,0.2,0.0
20260317_231412_825326,img_20260317_231412_825326.jpg,0.2,0.0
20260317_231412_874977,img_20260317_231412_874977.jpg,0.2,0.0
20260317_231412_926925,img_20260317_231412_926925.jpg,0.2,0.0
20260317_231412_975479,img_20260317_231412_975479.jpg,0.2,0.0
20260317_231413_026790,img_20260317_231413_026790.jpg,0.2,0.0
20260317_231413_076537,img_20260317_231413_076537.jpg,0.2,0.0
20260317_231413_128245,img_20260317_231413_128245.jpg,0.2,0.0
20260317_231413_179149,img_20260317_231413_179149.jpg,0.2,-0.1
20260317_231413_242984,img_20260317_231413_242984.jpg,0.2,-0.1
20260317_231413_291858,img_20260317_231413_291858.jpg,0.2,0.0
20260317_231413_332533,img_20260317_231413_332533.jpg,0.2,0.0
20260317_231413_378759,img_20260317_231413_378759.jpg,0.2,0.0
20260317_231413_430400,img_20260317_231413_430400.jpg,0.2,0.0
20260317_231413_484412,img_20260317_231413_484412.jpg,0.2,0.0
20260317_231413_543981,img_20260317_231413_543981.jpg,0.2,0.0
20260317_231413_594209,img_20260317_231413_594209.jpg,0.2,0.0
20260317_231413_636481,img_20260317_231413_636481.jpg,0.2,0.0
20260317_231413_697723,img_20260317_231413_697723.jpg,0.2,-0.1
20260317_231413_738788,img_20260317_231413_738788.jpg,0.2,-0.1
20260317_231413_791205,img_20260317_231413_791205.jpg,0.2,-0.1
20260317_231413_838700,img_20260317_231413_838700.jpg,0.2,0.0
20260317_231413_900745,img_20260317_231413_900745.jpg,0.2,0.0
20260317_231413_941006,img_20260317_231413_941006.jpg,0.2,0.0
20260317_231413_992074,img_20260317_231413_992074.jpg,0.2,0.0
20260317_231414_042576,img_20260317_231414_042576.jpg,0.2,0.0
20260317_231414_094663,img_20260317_231414_094663.jpg,0.2,0.0
20260317_231414_145864,img_20260317_231414_145864.jpg,0.2,0.0
20260317_231414_209917,img_20260317_231414_209917.jpg,0.2,0.0
20260317_231414_249227,img_20260317_231414_249227.jpg,0.2,0.0
20260317_231414_297585,img_20260317_231414_297585.jpg,0.2,0.0
20260317_231414_357983,img_20260317_231414_357983.jpg,0.2,-0.1
20260317_231414_399740,img_20260317_231414_399740.jpg,0.2,-0.1
20260317_231414_450836,img_20260317_231414_450836.jpg,0.2,0.0
20260317_231414_502245,img_20260317_231414_502245.jpg,0.2,0.0
20260317_231414_552601,img_20260317_231414_552601.jpg,0.2,0.0
20260317_231414_612611,img_20260317_231414_612611.jpg,0.2,0.0
20260317_231414_654236,img_20260317_231414_654236.jpg,0.2,0.0
20260317_231414_705493,img_20260317_231414_705493.jpg,0.2,0.0
20260317_231414_762650,img_20260317_231414_762650.jpg,0.2,0.0
20260317_231414_805310,img_20260317_231414_805310.jpg,0.2,0.0
20260317_231414_857517,img_20260317_231414_857517.jpg,0.2,0.0
20260317_231414_917174,img_20260317_231414_917174.jpg,0.2,-0.1
20260317_231414_959216,img_20260317_231414_959216.jpg,0.2,-0.1
20260317_231415_007304,img_20260317_231415_007304.jpg,0.2,-0.1
20260317_231415_060944,img_20260317_231415_060944.jpg,0.2,0.0
20260317_231415_111613,img_20260317_231415_111613.jpg,0.2,0.0
20260317_231415_171715,img_20260317_231415_171715.jpg,0.2,0.0
20260317_231415_222055,img_20260317_231415_222055.jpg,0.2,0.0
20260317_231415_261892,img_20260317_231415_261892.jpg,0.2,0.0
20260317_231415_313196,img_20260317_231415_313196.jpg,0.2,0.0
20260317_231415_374861,img_20260317_231415_374861.jpg,0.2,0.0
20260317_231415_415735,img_20260317_231415_415735.jpg,0.2,0.0
20260317_231415_465168,img_20260317_231415_465168.jpg,0.2,0.0
20260317_231415_516472,img_20260317_231415_516472.jpg,0.2,0.0
20260317_231415_578574,img_20260317_231415_578574.jpg,0.2,-0.1
20260317_231415_618682,img_20260317_231415_618682.jpg,0.2,-0.1
20260317_231415_680093,img_20260317_231415_680093.jpg,0.2,-0.1
20260317_231415_719644,img_20260317_231415_719644.jpg,0.2,0.0
20260317_231415_770389,img_20260317_231415_770389.jpg,0.2,0.0
20260317_231415_823267,img_20260317_231415_823267.jpg,0.2,0.0
20260317_231415_880591,img_20260317_231415_880591.jpg,0.2,0.0
20260317_231415_923115,img_20260317_231415_923115.jpg,0.2,0.0
20260317_231415_984643,img_20260317_231415_984643.jpg,0.2,0.0
20260317_231416_026547,img_20260317_231416_026547.jpg,0.2,0.0
20260317_231416_075317,img_20260317_231416_075317.jpg,0.2,-0.1
20260317_231416_125171,img_20260317_231416_125171.jpg,0.2,-0.1
20260317_231416_187120,img_20260317_231416_187120.jpg,0.2,-0.1
20260317_231416_238225,img_20260317_231416_238225.jpg,0.2,-0.1
20260317_231416_279653,img_20260317_231416_279653.jpg,0.2,0.0
20260317_231416_330257,img_20260317_231416_330257.jpg,0.2,0.0
20260317_231416_390042,img_20260317_231416_390042.jpg,0.2,0.0
20260317_231416_441688,img_20260317_231416_441688.jpg,0.2,0.0
20260317_231416_482063,img_20260317_231416_482063.jpg,0.2,0.0
20260317_231416_533858,img_20260317_231416_533858.jpg,0.2,0.0
20260317_231416_582852,img_20260317_231416_582852.jpg,0.2,0.0
20260317_231416_644194,img_20260317_231416_644194.jpg,0.2,0.0
20260317_231416_684381,img_20260317_231416_684381.jpg,0.2,0.0
20260317_231416_736128,img_20260317_231416_736128.jpg,0.2,-0.1
20260317_231416_785942,img_20260317_231416_785942.jpg,0.2,-0.1
20260317_231416_836767,img_20260317_231416_836767.jpg,0.2,0.0
20260317_231416_891883,img_20260317_231416_891883.jpg,0.2,0.0
20260317_231416_937920,img_20260317_231416_937920.jpg,0.2,0.0
20260317_231416_989514,img_20260317_231416_989514.jpg,0.2,0.0
20260317_231417_042643,img_20260317_231417_042643.jpg,0.2,0.0
20260317_231417_102883,img_20260317_231417_102883.jpg,0.2,0.0
20260317_231417_143505,img_20260317_231417_143505.jpg,0.2,0.0
20260317_231417_194340,img_20260317_231417_194340.jpg,0.2,0.0
20260317_231417_255133,img_20260317_231417_255133.jpg,0.2,0.0
20260317_231417_296473,img_20260317_231417_296473.jpg,0.2,-0.1
20260317_231417_345844,img_20260317_231417_345844.jpg,0.2,-0.1
20260317_231417_398232,img_20260317_231417_398232.jpg,0.2,-0.1
20260317_231417_459330,img_20260317_231417_459330.jpg,0.2,0.0
20260317_231417_500674,img_20260317_231417_500674.jpg,0.2,0.0
20260317_231417_560987,img_20260317_231417_560987.jpg,0.2,0.0
20260317_231417_602441,img_20260317_231417_602441.jpg,0.2,0.0
20260317_231417_651477,img_20260317_231417_651477.jpg,0.2,0.0
20260317_231417_714618,img_20260317_231417_714618.jpg,0.2,0.0
20260317_231417_765109,img_20260317_231417_765109.jpg,0.2,0.0
20260317_231417_807259,img_20260317_231417_807259.jpg,0.2,0.0
20260317_231417_858661,img_20260317_231417_858661.jpg,0.2,-0.1
20260317_231417_907489,img_20260317_231417_907489.jpg,0.2,-0.1
20260317_231417_955345,img_20260317_231417_955345.jpg,0.2,-0.1
20260317_231418_007144,img_20260317_231418_007144.jpg,0.2,0.0
20260317_231418_056743,img_20260317_231418_056743.jpg,0.2,0.0
20260317_231418_106843,img_20260317_231418_106843.jpg,0.2,0.0
20260317_231418_159111,img_20260317_231418_159111.jpg,0.2,0.0
20260317_231418_210382,img_20260317_231418_210382.jpg,0.2,0.0
20260317_231418_271088,img_20260317_231418_271088.jpg,0.2,0.0
20260317_231418_310893,img_20260317_231418_310893.jpg,0.2,0.0
20260317_231418_370797,img_20260317_231418_370797.jpg,0.2,0.0
20260317_231418_421136,img_20260317_231418_421136.jpg,0.2,0.0
20260317_231418_473809,img_20260317_231418_473809.jpg,0.2,-0.1
20260317_231418_513940,img_20260317_231418_513940.jpg,0.2,-0.1
20260317_231418_564001,img_20260317_231418_564001.jpg,0.2,-0.1
20260317_231418_614934,img_20260317_231418_614934.jpg,0.2,0.0
20260317_231418_676282,img_20260317_231418_676282.jpg,0.2,0.0
20260317_231418_719839,img_20260317_231418_719839.jpg,0.2,0.0
20260317_231418_769052,img_20260317_231418_769052.jpg,0.2,0.0
20260317_231418_829295,img_20260317_231418_829295.jpg,0.2,0.0
20260317_231418_870498,img_20260317_231418_870498.jpg,0.2,0.0
20260317_231418_923222,img_20260317_231418_923222.jpg,0.2,0.0
20260317_231418_971766,img_20260317_231418_971766.jpg,0.2,-0.1
20260317_231419_025108,img_20260317_231419_025108.jpg,0.2,-0.1
20260317_231419_074988,img_20260317_231419_074988.jpg,0.2,-0.1
20260317_231419_125200,img_20260317_231419_125200.jpg,0.2,0.0
20260317_231419_188853,img_20260317_231419_188853.jpg,0.2,0.0
20260317_231419_224020,img_20260317_231419_224020.jpg,0.2,0.0
20260317_231419_290094,img_20260317_231419_290094.jpg,0.2,0.0
20260317_231419_328699,img_20260317_231419_328699.jpg,0.2,0.0
20260317_231419_378366,img_20260317_231419_378366.jpg,0.2,0.0
20260317_231419_429471,img_20260317_231419_429471.jpg,0.2,0.0
20260317_231419_490433,img_20260317_231419_490433.jpg,0.2,-0.1
20260317_231419_543121,img_20260317_231419_543121.jpg,0.2,-0.1
20260317_231419_583150,img_20260317_231419_583150.jpg,0.2,-0.1
20260317_231419_632664,img_20260317_231419_632664.jpg,0.2,0.0
20260317_231419_684104,img_20260317_231419_684104.jpg,0.2,0.0
20260317_231419_746142,img_20260317_231419_746142.jpg,0.2,0.0
20260317_231419_786105,img_20260317_231419_786105.jpg,0.2,0.0
20260317_231419_844850,img_20260317_231419_844850.jpg,0.2,0.0
20260317_231419_886944,img_20260317_231419_886944.jpg,0.2,0.0
20260317_231419_937384,img_20260317_231419_937384.jpg,0.2,0.0
20260317_231419_994650,img_20260317_231419_994650.jpg,0.2,0.0
20260317_231420_048509,img_20260317_231420_048509.jpg,0.2,0.0
20260317_231420_099206,img_20260317_231420_099206.jpg,0.2,-0.1
20260317_231420_139082,img_20260317_231420_139082.jpg,0.2,-0.1
20260317_231420_191179,img_20260317_231420_191179.jpg,0.2,-0.1
20260317_231420_240059,img_20260317_231420_240059.jpg,0.2,0.0
20260317_231420_301218,img_20260317_231420_301218.jpg,0.2,0.0
20260317_231420_353472,img_20260317_231420_353472.jpg,0.2,0.0
20260317_231420_393580,img_20260317_231420_393580.jpg,0.2,0.0
20260317_231420_443598,img_20260317_231420_443598.jpg,0.2,0.0
20260317_231420_497816,img_20260317_231420_497816.jpg,0.2,0.0
20260317_231420_546130,img_20260317_231420_546130.jpg,0.2,0.0
20260317_231420_607403,img_20260317_231420_607403.jpg,0.2,0.0
20260317_231420_646907,img_20260317_231420_646907.jpg,0.2,0.0
20260317_231420_709840,img_20260317_231420_709840.jpg,0.2,0.0
20260317_231420_751410,img_20260317_231420_751410.jpg,0.2,-0.1
20260317_231420_800506,img_20260317_231420_800506.jpg,0.2,-0.1
20260317_231420_852583,img_20260317_231420_852583.jpg,0.2,-0.1
20260317_231420_911362,img_20260317_231420_911362.jpg,0.2,0.0
20260317_231420_951929,img_20260317_231420_951929.jpg,0.2,0.0
20260317_231421_013520,img_20260317_231421_013520.jpg,0.2,0.0
20260317_231421_056016,img_20260317_231421_056016.jpg,0.2,0.0
20260317_231421_107918,img_20260317_231421_107918.jpg,0.2,0.0
20260317_231421_158734,img_20260317_231421_158734.jpg,0.2,0.0
20260317_231421_207919,img_20260317_231421_207919.jpg,0.2,0.0
20260317_231421_260642,img_20260317_231421_260642.jpg,0.2,0.0
20260317_231421_310334,img_20260317_231421_310334.jpg,0.2,0.0
20260317_231421_361955,img_20260317_231421_361955.jpg,0.2,-0.1
20260317_231421_421863,img_20260317_231421_421863.jpg,0.2,-0.1
20260317_231421_463215,img_20260317_231421_463215.jpg,0.2,-0.1
20260317_231421_525950,img_20260317_231421_525950.jpg,0.2,0.0
20260317_231421_566474,img_20260317_231421_566474.jpg,0.2,0.0
20260317_231421_616502,img_20260317_231421_616502.jpg,0.2,0.0
20260317_231421_677248,img_20260317_231421_677248.jpg,0.2,0.0
20260317_231421_729261,img_20260317_231421_729261.jpg,0.2,0.0
20260317_231421_768491,img_20260317_231421_768491.jpg,0.2,0.0
20260317_231421_820447,img_20260317_231421_820447.jpg,0.2,0.0
20260317_231421_871779,img_20260317_231421_871779.jpg,0.2,0.0
20260317_231421_920978,img_20260317_231421_920978.jpg,0.2,0.0
20260317_231421_973333,img_20260317_231421_973333.jpg,0.2,0.0
20260317_231422_031976,img_20260317_231422_031976.jpg,0.2,0.0
20260317_231422_074338,img_20260317_231422_074338.jpg,0.2,0.0
20260317_231422_136178,img_20260317_231422_136178.jpg,0.2,-0.1
20260317_231422_185687,img_20260317_231422_185687.jpg,0.2,-0.1
20260317_231422_227233,img_20260317_231422_227233.jpg,0.2,-0.1
20260317_231422_288077,img_20260317_231422_288077.jpg,0.2,-0.1
20260317_231422_329534,img_20260317_231422_329534.jpg,0.2,-0.1
20260317_231422_378886,img_20260317_231422_378886.jpg,0.2,0.0
20260317_231422_427120,img_20260317_231422_427120.jpg,0.2,0.0
20260317_231422_489014,img_20260317_231422_489014.jpg,0.2,0.0
20260317_231422_529043,img_20260317_231422_529043.jpg,0.2,0.0
20260317_231422_591293,img_20260317_231422_591293.jpg,0.2,0.0
20260317_231422_640939,img_20260317_231422_640939.jpg,0.2,0.0
20260317_231422_682718,img_20260317_231422_682718.jpg,0.2,0.0
20260317_231422_732674,img_20260317_231422_732674.jpg,0.2,0.0
20260317_231422_782535,img_20260317_231422_782535.jpg,0.2,-0.1
20260317_231422_834283,img_20260317_231422_834283.jpg,0.2,-0.1
20260317_231422_887796,img_20260317_231422_887796.jpg,0.2,-0.1
20260317_231422_937362,img_20260317_231422_937362.jpg,0.2,0.0
20260317_231422_987003,img_20260317_231422_987003.jpg,0.2,0.0
20260317_231422_389066,img_20260317_231422_389066.jpg,0.2,0.0
20260317_231422_449149,img_20260317_231422_449149.jpg,0.2,0.0
20260317_231422_491722,img_20260317_231422_491722.jpg,0.2,0.0
20260317_231422_543258,img_20260317_231422_543258.jpg,0.2,0.0
20260317_231422_591903,img_20260317_231422_591903.jpg,0.2,0.0
20260317_231422_642739,img_20260317_231422_642739.jpg,0.2,0.0
20260317_231422_695360,img_20260317_231422_695360.jpg,0.2,-0.1
20260317_231422_744562,img_20260317_231422_744562.jpg,0.2,-0.1
20260317_231422_803166,img_20260317_231422_803166.jpg,0.2,-0.1
20260317_231422_845472,img_20260317_231422_845472.jpg,0.2,0.0
20260317_231422_908615,img_20260317_231422_908615.jpg,0.2,0.0
20260317_231422_945907,img_20260317_231422_945907.jpg,0.2,0.0
20260317_231422_997409,img_20260317_231422_997409.jpg,0.2,0.0
20260317_231423_049158,img_20260317_231423_049158.jpg,0.2,0.0
20260317_231423_097680,img_20260317_231423_097680.jpg,0.2,0.0
20260317_231423_148609,img_20260317_231423_148609.jpg,0.2,0.0
20260317_231423_210540,img_20260317_231423_210540.jpg,0.2,0.0
20260317_231423_249563,img_20260317_231423_249563.jpg,0.2,-0.1
20260317_231423_303195,img_20260317_231423_303195.jpg,0.2,-0.1
20260317_231423_365865,img_20260317_231423_365865.jpg,0.2,0.0
20260317_231423_414318,img_20260317_231423_414318.jpg,0.2,0.0
20260317_231423_453951,img_20260317_231423_453951.jpg,0.2,0.0
20260317_231423_503726,img_20260317_231423_503726.jpg,0.2,0.0
20260317_231423_565650,img_20260317_231423_565650.jpg,0.2,0.0
20260317_231423_607379,img_20260317_231423_607379.jpg,0.2,0.0
20260317_231423_668904,img_20260317_231423_668904.jpg,0.2,0.0
20260317_231423_709400,img_20260317_231423_709400.jpg,0.2,0.0
20260317_231423_760228,img_20260317_231423_760228.jpg,0.2,0.0
20260317_231423_825530,img_20260317_231423_825530.jpg,0.2,-0.1
20260317_231423_870231,img_20260317_231423_870231.jpg,0.2,-0.1
20260317_231423_910739,img_20260317_231423_910739.jpg,0.2,-0.1
20260317_231423_961556,img_20260317_231423_961556.jpg,0.2,0.0
20260317_231424_012068,img_20260317_231424_012068.jpg,0.2,0.0
20260317_231424_073914,img_20260317_231424_073914.jpg,0.2,0.0
20260317_231424_116739,img_20260317_231424_116739.jpg,0.2,0.0
20260317_231424_165842,img_20260317_231424_165842.jpg,0.2,0.0
20260317_231424_218315,img_20260317_231424_218315.jpg,0.2,0.0
20260317_231424_276681,img_20260317_231424_276681.jpg,0.2,0.0
20260317_231424_328121,img_20260317_231424_328121.jpg,0.2,0.0
20260317_231424_379017,img_20260317_231424_379017.jpg,0.2,0.0
20260317_231424_419956,img_20260317_231424_419956.jpg,0.2,-0.1
20260317_231424_479965,img_20260317_231424_479965.jpg,0.2,-0.1
20260317_231424_520110,img_20260317_231424_520110.jpg,0.2,-0.1
20260317_231424_569112,img_20260317_231424_569112.jpg,0.2,-0.1
20260317_231424_620397,img_20260317_231424_620397.jpg,0.2,-0.1
20260317_231424_672077,img_20260317_231424_672077.jpg,0.2,-0.1
20260317_231424_724530,img_20260317_231424_724530.jpg,0.2,0.0
20260317_231424_785022,img_20260317_231424_785022.jpg,0.2,0.0
20260317_231424_836293,img_20260317_231424_836293.jpg,0.2,0.0
20260317_231424_875881,img_20260317_231424_875881.jpg,0.2,0.0
20260317_231424_925144,img_20260317_231424_925144.jpg,0.2,0.0
20260317_231424_978210,img_20260317_231424_978210.jpg,0.2,0.0
20260317_231425_026095,img_20260317_231425_026095.jpg,0.2,0.0
20260317_231425_076930,img_20260317_231425_076930.jpg,0.2,0.0
20260317_231425_128281,img_20260317_231425_128281.jpg,0.2,0.0
20260317_231425_189520,img_20260317_231425_189520.jpg,0.2,-0.1
20260317_231425_232591,img_20260317_231425_232591.jpg,0.2,-0.1
20260317_231425_292283,img_20260317_231425_292283.jpg,0.2,-0.1
20260317_231425_333586,img_20260317_231425_333586.jpg,0.2,-0.1
20260317_231425_381494,img_20260317_231425_381494.jpg,0.2,0.0
20260317_231425_446417,img_20260317_231425_446417.jpg,0.2,0.0
20260317_231425_493462,img_20260317_231425_493462.jpg,0.2,0.0
20260317_231425_535601,img_20260317_231425_535601.jpg,0.2,0.0
20260317_231425_586068,img_20260317_231425_586068.jpg,0.2,0.0
20260317_231425_636469,img_20260317_231425_636469.jpg,0.2,0.0
20260317_231425_700903,img_20260317_231425_700903.jpg,0.2,0.0
20260317_231425_750667,img_20260317_231425_750667.jpg,0.2,0.0
20260317_231425_793623,img_20260317_231425_793623.jpg,0.2,-0.1
20260317_231425_852139,img_20260317_231425_852139.jpg,0.2,-0.1
20260317_231425_902264,img_20260317_231425_902264.jpg,0.2,-0.1
20260317_231425_953568,img_20260317_231425_953568.jpg,0.2,0.0
20260317_231426_003887,img_20260317_231426_003887.jpg,0.2,0.0
20260317_231426_043238,img_20260317_231426_043238.jpg,0.2,0.0
20260317_231426_094978,img_20260317_231426_094978.jpg,0.2,0.0
20260317_231426_145483,img_20260317_231426_145483.jpg,0.2,0.0
20260317_231426_207701,img_20260317_231426_207701.jpg,0.2,0.0
20260317_231426_250061,img_20260317_231426_250061.jpg,0.2,0.0
20260317_231426_308456,img_20260317_231426_308456.jpg,0.2,0.0
20260317_231426_347676,img_20260317_231426_347676.jpg,0.2,0.0
20260317_231426_401362,img_20260317_231426_401362.jpg,0.2,-0.1
20260317_231426_451298,img_20260317_231426_451298.jpg,0.2,-0.1
20260317_231426_504127,img_20260317_231426_504127.jpg,0.2,-0.1
20260317_231426_553263,img_20260317_231426_553263.jpg,0.2,-0.1
20260317_231426_603281,img_20260317_231426_603281.jpg,0.2,0.0
20260317_231426_655694,img_20260317_231426_655694.jpg,0.2,0.0
20260317_231426_704992,img_20260317_231426_704992.jpg,0.2,0.0
20260317_231426_757624,img_20260317_231426_757624.jpg,0.2,0.0
20260317_231426_807647,img_20260317_231426_807647.jpg,0.2,0.0
20260317_231426_858456,img_20260317_231426_858456.jpg,0.2,0.0
20260317_231426_919962,img_20260317_231426_919962.jpg,0.2,-0.1
20260317_231426_958661,img_20260317_231426_958661.jpg,0.2,-0.1
20260317_231427_011493,img_20260317_231427_011493.jpg,0.2,-0.1
20260317_231427_060444,img_20260317_231427_060444.jpg,0.2,-0.1
20260317_231427_111932,img_20260317_231427_111932.jpg,0.2,0.0
20260317_231427_163267,img_20260317_231427_163267.jpg,0.2,0.0
20260317_231427_213546,img_20260317_231427_213546.jpg,0.2,0.0
20260317_231427_264256,img_20260317_231427_264256.jpg,0.2,0.0
20260317_231427_316579,img_20260317_231427_316579.jpg,0.2,0.0
20260317_231427_378339,img_20260317_231427_378339.jpg,0.2,0.0
20260317_231427_417271,img_20260317_231427_417271.jpg,0.2,-0.1
20260317_231427_470452,img_20260317_231427_470452.jpg,0.2,-0.1
20260317_231427_516938,img_20260317_231427_516938.jpg,0.2,-0.1
20260317_231427_569536,img_20260317_231427_569536.jpg,0.2,-0.1
20260317_231427_619909,img_20260317_231427_619909.jpg,0.2,-0.1
20260317_231427_675379,img_20260317_231427_675379.jpg,0.2,-0.1
20260317_231427_720211,img_20260317_231427_720211.jpg,0.2,0.0
20260317_231427_781925,img_20260317_231427_781925.jpg,0.2,0.0
20260317_231427_821084,img_20260317_231427_821084.jpg,0.2,0.0
20260317_231427_884007,img_20260317_231427_884007.jpg,0.2,0.0
20260317_231427_924540,img_20260317_231427_924540.jpg,0.2,0.0
20260317_231427_976002,img_20260317_231427_976002.jpg,0.2,0.0
20260317_231428_024981,img_20260317_231428_024981.jpg,0.2,0.0
20260317_231428_086761,img_20260317_231428_086761.jpg,0.2,-0.1
20260317_231428_126860,img_20260317_231428_126860.jpg,0.2,-0.1
20260317_231428_179105,img_20260317_231428_179105.jpg,0.2,-0.1
20260317_231428_228543,img_20260317_231428_228543.jpg,0.2,-0.1
20260317_231428_288061,img_20260317_231428_288061.jpg,0.2,-0.1
20260317_231428_329931,img_20260317_231428_329931.jpg,0.2,-0.1
20260317_231428_380582,img_20260317_231428_380582.jpg,0.2,0.0
20260317_231428_428973,img_20260317_231428_428973.jpg,0.2,0.0
20260317_231428_482285,img_20260317_231428_482285.jpg,0.2,0.0
20260317_231428_533172,img_20260317_231428_533172.jpg,0.2,0.0
20260317_231428_592511,img_20260317_231428_592511.jpg,0.2,0.0
20260317_231428_642976,img_20260317_231428_642976.jpg,0.2,0.0
20260317_231428_695808,img_20260317_231428_695808.jpg,0.2,-0.1
20260317_231428_736767,img_20260317_231428_736767.jpg,0.2,-0.1
20260317_231428_789109,img_20260317_231428_789109.jpg,0.2,-0.1
20260317_231428_839697,img_20260317_231428_839697.jpg,0.2,-0.1
20260317_231428_900084,img_20260317_231428_900084.jpg,0.2,-0.1
20260317_231428_938723,img_20260317_231428_938723.jpg,0.2,-0.1
20260317_231429_002672,img_20260317_231429_002672.jpg,0.2,-0.1
20260317_231429_056731,img_20260317_231429_056731.jpg,0.2,-0.1
20260317_231429_092297,img_20260317_231429_092297.jpg,0.2,0.0
20260317_231429_144517,img_20260317_231429_144517.jpg,0.2,0.0
20260317_231429_208567,img_20260317_231429_208567.jpg,0.2,0.0
20260317_231429_258660,img_20260317_231429_258660.jpg,0.2,0.0
20260317_231429_300441,img_20260317_231429_300441.jpg,0.2,0.0
20260317_231429_350327,img_20260317_231429_350327.jpg,0.2,-0.1
20260317_231429_399569,img_20260317_231429_399569.jpg,0.2,-0.1
20260317_231429_450177,img_20260317_231429_450177.jpg,0.2,-0.1
20260317_231429_503131,img_20260317_231429_503131.jpg,0.2,-0.1
20260317_231429_553475,img_20260317_231429_553475.jpg,0.2,-0.1
20260317_231429_604267,img_20260317_231429_604267.jpg,0.2,-0.1
20260317_231429_663421,img_20260317_231429_663421.jpg,0.2,0.0
20260317_231429_712503,img_20260317_231429_712503.jpg,0.2,0.0
20260317_231429_753508,img_20260317_231429_753508.jpg,0.2,0.0
20260317_231429_803381,img_20260317_231429_803381.jpg,0.2,0.0
20260317_231429_856522,img_20260317_231429_856522.jpg,0.2,0.0
20260317_231429_906449,img_20260317_231429_906449.jpg,0.2,0.0
20260317_231429_955559,img_20260317_231429_955559.jpg,0.2,-0.1
20260317_231430_006675,img_20260317_231430_006675.jpg,0.2,-0.1
20260317_231430_068023,img_20260317_231430_068023.jpg,0.2,-0.1
20260317_231430_109609,img_20260317_231430_109609.jpg,0.2,-0.1
20260317_231430_160790,img_20260317_231430_160790.jpg,0.2,-0.1
20260317_231430_214418,img_20260317_231430_214418.jpg,0.2,-0.1
20260317_231430_262970,img_20260317_231430_262970.jpg,0.2,-0.1
20260317_231430_313407,img_20260317_231430_313407.jpg,0.2,-0.1
20260317_231430_363751,img_20260317_231430_363751.jpg,0.2,-0.1
20260317_231430_416840,img_20260317_231430_416840.jpg,0.2,-0.1
20260317_231430_475720,img_20260317_231430_475720.jpg,0.2,-0.1
20260317_231430_517679,img_20260317_231430_517679.jpg,0.2,-0.1
20260317_231430_578741,img_20260317_231430_578741.jpg,0.2,-0.1
20260317_231430_631057,img_20260317_231430_631057.jpg,0.2,-0.1
20260317_231430_671953,img_20260317_231430_671953.jpg,0.2,0.0
20260317_231430_732323,img_20260317_231430_732323.jpg,0.2,0.0
20260317_231430_782915,img_20260317_231430_782915.jpg,0.2,0.0
20260317_231430_824732,img_20260317_231430_824732.jpg,0.2,0.0
20260317_231430_883664,img_20260317_231430_883664.jpg,0.2,0.0
20260317_231430_925237,img_20260317_231430_925237.jpg,0.2,0.0
20260317_231430_986745,img_20260317_231430_986745.jpg,0.2,0.0
20260317_231431_026260,img_20260317_231431_026260.jpg,0.2,0.0
20260317_231431_086813,img_20260317_231431_086813.jpg,0.2,-0.1
20260317_231431_128216,img_20260317_231431_128216.jpg,0.2,-0.1
20260317_231431_178945,img_20260317_231431_178945.jpg,0.2,-0.1
20260317_231431_230215,img_20260317_231431_230215.jpg,0.2,-0.1
20260317_231431_292640,img_20260317_231431_292640.jpg,0.2,-0.1
20260317_231431_342273,img_20260317_231431_342273.jpg,0.2,-0.1
20260317_231431_393740,img_20260317_231431_393740.jpg,0.2,-0.1
20260317_231431_432769,img_20260317_231431_432769.jpg,0.2,-0.1
20260317_231431_483743,img_20260317_231431_483743.jpg,0.2,0.0
20260317_231431_535840,img_20260317_231431_535840.jpg,0.2,0.0
20260317_231431_597225,img_20260317_231431_597225.jpg,0.2,0.0
20260317_231431_637262,img_20260317_231431_637262.jpg,0.2,0.0
20260317_231431_689194,img_20260317_231431_689194.jpg,0.2,0.0
20260317_231431_750857,img_20260317_231431_750857.jpg,0.2,-0.1
20260317_231431_792047,img_20260317_231431_792047.jpg,0.2,-0.1
20260317_231431_843051,img_20260317_231431_843051.jpg,0.2,-0.1
20260317_231431_903484,img_20260317_231431_903484.jpg,0.2,-0.1
20260317_231431_943979,img_20260317_231431_943979.jpg,0.2,-0.1
20260317_231431_994874,img_20260317_231431_994874.jpg,0.2,-0.1
20260317_231432_045571,img_20260317_231432_045571.jpg,0.2,-0.1
20260317_231432_095134,img_20260317_231432_095134.jpg,0.2,-0.1
20260317_231432_157349,img_20260317_231432_157349.jpg,0.2,-0.1
20260317_231432_208723,img_20260317_231432_208723.jpg,0.2,-0.1
20260317_231432_249445,img_20260317_231432_249445.jpg,0.2,-0.1
20260317_231432_310021,img_20260317_231432_310021.jpg,0.2,-0.1
20260317_231432_351391,img_20260317_231432_351391.jpg,0.2,-0.1
20260317_231432_410211,img_20260317_231432_410211.jpg,0.2,-0.1
20260317_231432_453009,img_20260317_231432_453009.jpg,0.2,-0.1
20260317_231432_502735,img_20260317_231432_502735.jpg,0.2,-0.1
20260317_231432_554233,img_20260317_231432_554233.jpg,0.2,-0.1
20260317_231432_604819,img_20260317_231432_604819.jpg,0.2,-0.1
20260317_231432_658741,img_20260317_231432_658741.jpg,0.2,-0.1
20260317_231432_705649,img_20260317_231432_705649.jpg,0.2,-0.1
20260317_231432_765645,img_20260317_231432_765645.jpg,0.2,0.0
20260317_231432_806679,img_20260317_231432_806679.jpg,0.2,0.0
20260317_231432_856038,img_20260317_231432_856038.jpg,0.2,0.0
20260317_231432_916505,img_20260317_231432_916505.jpg,0.2,0.0
20260317_231432_971392,img_20260317_231432_971392.jpg,0.2,0.0
20260317_231433_022187,img_20260317_231433_022187.jpg,0.2,0.0
20260317_231433_072588,img_20260317_231433_072588.jpg,0.2,-0.1
20260317_231433_123776,img_20260317_231433_123776.jpg,0.2,-0.1
20260317_231433_163715,img_20260317_231433_163715.jpg,0.2,-0.1
20260317_231433_223602,img_20260317_231433_223602.jpg,0.2,-0.1
20260317_231433_263954,img_20260317_231433_263954.jpg,0.2,-0.1
20260317_231433_314699,img_20260317_231433_314699.jpg,0.2,-0.1
20260317_231433_364754,img_20260317_231433_364754.jpg,0.2,-0.1
20260317_231433_418425,img_20260317_231433_418425.jpg,0.2,-0.1
20260317_231433_466902,img_20260317_231433_466902.jpg,0.2,-0.1
20260317_231433_516854,img_20260317_231433_516854.jpg,0.2,-0.1
20260317_231433_565802,img_20260317_231433_565802.jpg,0.2,-0.1
20260317_231433_621058,img_20260317_231433_621058.jpg,0.2,-0.1
20260317_231433_667534,img_20260317_231433_667534.jpg,0.2,-0.1
20260317_231433_721164,img_20260317_231433_721164.jpg,0.2,-0.1
20260317_231433_783734,img_20260317_231433_783734.jpg,0.2,-0.1
20260317_231433_824845,img_20260317_231433_824845.jpg,0.2,-0.1
20260317_231433_888379,img_20260317_231433_888379.jpg,0.2,-0.1
20260317_231433_927926,img_20260317_231433_927926.jpg,0.2,-0.1
20260317_231433_975888,img_20260317_231433_975888.jpg,0.2,-0.1
20260317_231434_027339,img_20260317_231434_027339.jpg,0.2,-0.1
20260317_231434_077482,img_20260317_231434_077482.jpg,0.2,-0.1
20260317_231434_130162,img_20260317_231434_130162.jpg,0.2,0.0
20260317_231434_180839,img_20260317_231434_180839.jpg,0.2,0.0
20260317_231434_242957,img_20260317_231434_242957.jpg,0.2,0.0
20260317_231434_295115,img_20260317_231434_295115.jpg,0.2,0.0
20260317_231434_334908,img_20260317_231434_334908.jpg,0.2,0.0
20260317_231434_394117,img_20260317_231434_394117.jpg,0.2,0.0
20260317_231434_433471,img_20260317_231434_433471.jpg,0.2,0.0
20260317_231434_496493,img_20260317_231434_496493.jpg,0.2,-0.1
20260317_231434_536886,img_20260317_231434_536886.jpg,0.2,-0.1
20260317_231434_597134,img_20260317_231434_597134.jpg,0.2,-0.1
20260317_231434_647968,img_20260317_231434_647968.jpg,0.2,-0.1
20260317_231434_699563,img_20260317_231434_699563.jpg,0.2,-0.1
20260317_231434_751532,img_20260317_231434_751532.jpg,0.2,-0.1
20260317_231434_791138,img_20260317_231434_791138.jpg,0.2,-0.1
20260317_231434_843487,img_20260317_231434_843487.jpg,0.2,-0.1
20260317_231434_891640,img_20260317_231434_891640.jpg,0.2,-0.1
20260317_231434_944530,img_20260317_231434_944530.jpg,0.2,-0.1
20260317_231434_994827,img_20260317_231434_994827.jpg,0.2,-0.1
20260317_231435_056306,img_20260317_231435_056306.jpg,0.2,-0.1
20260317_231435_093838,img_20260317_231435_093838.jpg,0.2,-0.1
20260317_231435_147714,img_20260317_231435_147714.jpg,0.2,-0.1
20260317_231435_208922,img_20260317_231435_208922.jpg,0.2,-0.1
20260317_231435_258935,img_20260317_231435_258935.jpg,0.2,-0.1
20260317_231435_308937,img_20260317_231435_308937.jpg,0.2,-0.1
20260317_231435_349823,img_20260317_231435_349823.jpg,0.2,-0.1
20260317_231435_412696,img_20260317_231435_412696.jpg,0.2,-0.1
20260317_231435_465743,img_20260317_231435_465743.jpg,0.2,-0.1
20260317_231435_506013,img_20260317_231435_506013.jpg,0.2,-0.1
20260317_231435_564357,img_20260317_231435_564357.jpg,0.2,0.0
20260317_231435_616571,img_20260317_231435_616571.jpg,0.2,0.0
20260317_231435_670435,img_20260317_231435_670435.jpg,0.2,0.0
20260317_231435_711228,img_20260317_231435_711228.jpg,0.2,0.0
20260317_231435_768385,img_20260317_231435_768385.jpg,0.2,0.0
20260317_231435_808843,img_20260317_231435_808843.jpg,0.2,0.0
20260317_231435_869380,img_20260317_231435_869380.jpg,0.2,0.0
20260317_231435_910387,img_20260317_231435_910387.jpg,0.2,0.0
20260317_231435_960450,img_20260317_231435_960450.jpg,0.2,0.0
20260317_231436_022275,img_20260317_231436_022275.jpg,0.2,0.0
20260317_231436_063140,img_20260317_231436_063140.jpg,0.2,0.0
20260317_231436_114272,img_20260317_231436_114272.jpg,0.2,-0.1
20260317_231436_163890,img_20260317_231436_163890.jpg,0.2,-0.1
20260317_231436_227532,img_20260317_231436_227532.jpg,0.2,-0.1
20260317_231436_268387,img_20260317_231436_268387.jpg,0.2,-0.1
20260317_231436_319278,img_20260317_231436_319278.jpg,0.2,-0.1
20260317_231436_368954,img_20260317_231436_368954.jpg,0.2,-0.1
20260317_231436_432502,img_20260317_231436_432502.jpg,0.2,-0.1
20260317_231436_483920,img_20260317_231436_483920.jpg,0.2,-0.1
20260317_231436_523042,img_20260317_231436_523042.jpg,0.2,0.0
20260317_231436_573211,img_20260317_231436_573211.jpg,0.2,0.0
20260317_231436_633875,img_20260317_231436_633875.jpg,0.2,0.0
20260317_231436_675886,img_20260317_231436_675886.jpg,0.2,0.0
20260317_231436_737278,img_20260317_231436_737278.jpg,0.2,0.0
20260317_231436_776915,img_20260317_231436_776915.jpg,0.2,0.0
20260317_231436_826134,img_20260317_231436_826134.jpg,0.2,0.0
20260317_231436_877102,img_20260317_231436_877102.jpg,0.2,0.0
20260317_231436_941927,img_20260317_231436_941927.jpg,0.2,-0.1
20260317_231436_992070,img_20260317_231436_992070.jpg,0.2,-0.1
20260317_231437_040441,img_20260317_231437_040441.jpg,0.2,-0.1
20260317_231437_080477,img_20260317_231437_080477.jpg,0.2,-0.1
20260317_231437_130076,img_20260317_231437_130076.jpg,0.2,-0.1
20260317_231437_182564,img_20260317_231437_182564.jpg,0.2,-0.1
20260317_231437_233341,img_20260317_231437_233341.jpg,0.2,-0.1
20260317_231437_284431,img_20260317_231437_284431.jpg,0.2,0.0
20260317_231437_344892,img_20260317_231437_344892.jpg,0.2,0.0
20260317_231437_385500,img_20260317_231437_385500.jpg,0.2,0.0
20260317_231437_435850,img_20260317_231437_435850.jpg,0.2,0.0
20260317_231437_487716,img_20260317_231437_487716.jpg,0.2,0.0
20260317_231437_539341,img_20260317_231437_539341.jpg,0.2,0.0
20260317_231437_590384,img_20260317_231437_590384.jpg,0.2,0.0
20260317_231437_642002,img_20260317_231437_642002.jpg,0.2,0.0
20260317_231437_693436,img_20260317_231437_693436.jpg,0.2,0.0
20260317_231437_742058,img_20260317_231437_742058.jpg,0.2,0.0
20260317_231437_801680,img_20260317_231437_801680.jpg,0.2,-0.1
20260317_231437_844361,img_20260317_231437_844361.jpg,0.2,-0.1
20260317_231437_907520,img_20260317_231437_907520.jpg,0.2,-0.1
20260317_231437_947462,img_20260317_231437_947462.jpg,0.2,-0.1
20260317_231437_997710,img_20260317_231437_997710.jpg,0.2,-0.1
20260317_231438_048416,img_20260317_231438_048416.jpg,0.2,-0.1
20260317_231438_098458,img_20260317_231438_098458.jpg,0.2,-0.1
20260317_231438_148984,img_20260317_231438_148984.jpg,0.2,-0.1
20260317_231438_198870,img_20260317_231438_198870.jpg,0.2,-0.1
20260317_231438_263200,img_20260317_231438_263200.jpg,0.2,-0.1
20260317_231438_313103,img_20260317_231438_313103.jpg,0.2,-0.1
20260317_231438_353278,img_20260317_231438_353278.jpg,0.2,-0.1
20260317_231438_403410,img_20260317_231438_403410.jpg,0.2,0.0
20260317_231438_463313,img_20260317_231438_463313.jpg,0.2,0.0
20260317_231438_516114,img_20260317_231438_516114.jpg,0.2,0.0
20260317_231438_555377,img_20260317_231438_555377.jpg,0.2,0.0
20260317_231438_615447,img_20260317_231438_615447.jpg,0.2,0.0
20260317_231438_667913,img_20260317_231438_667913.jpg,0.2,0.0
20260317_231438_719950,img_20260317_231438_719950.jpg,0.2,0.0
20260317_231438_760877,img_20260317_231438_760877.jpg,0.2,0.0
20260317_231438_809629,img_20260317_231438_809629.jpg,0.2,0.0
20260317_231438_870934,img_20260317_231438_870934.jpg,0.2,0.0
20260317_231438_913037,img_20260317_231438_913037.jpg,0.2,0.0
20260317_231438_962126,img_20260317_231438_962126.jpg,0.2,0.0
20260317_231439_012340,img_20260317_231439_012340.jpg,0.2,0.0
20260317_231439_064811,img_20260317_231439_064811.jpg,0.2,0.0
20260317_231439_123442,img_20260317_231439_123442.jpg,0.2,0.0
20260317_231439_176959,img_20260317_231439_176959.jpg,0.2,0.0
20260317_231439_217101,img_20260317_231439_217101.jpg,0.2,0.0
20260317_231439_276811,img_20260317_231439_276811.jpg,0.2,0.0
20260317_231439_320753,img_20260317_231439_320753.jpg,0.2,0.0
20260317_231439_379868,img_20260317_231439_379868.jpg,0.2,0.0
20260317_231439_420277,img_20260317_231439_420277.jpg,0.2,0.0
20260317_231439_473974,img_20260317_231439_473974.jpg,0.2,0.0
20260317_231439_533862,img_20260317_231439_533862.jpg,0.2,0.0
20260317_231439_583945,img_20260317_231439_583945.jpg,0.2,0.0
20260317_231439_624689,img_20260317_231439_624689.jpg,0.2,0.0
20260317_231439_686833,img_20260317_231439_686833.jpg,0.2,0.0
20260317_231439_728527,img_20260317_231439_728527.jpg,0.2,0.0
20260317_231439_788046,img_20260317_231439_788046.jpg,0.2,0.0
20260317_231439_837668,img_20260317_231439_837668.jpg,0.2,0.0
20260317_231439_888410,img_20260317_231439_888410.jpg,0.2,0.0
20260317_231439_941454,img_20260317_231439_941454.jpg,0.2,0.0
20260317_231439_982465,img_20260317_231439_982465.jpg,0.2,0.0
20260317_231440_029982,img_20260317_231440_029982.jpg,0.2,-0.1
20260317_231440_091526,img_20260317_231440_091526.jpg,0.2,-0.1
20260317_231440_131865,img_20260317_231440_131865.jpg,0.2,-0.1
20260317_231440_195305,img_20260317_231440_195305.jpg,0.2,0.0
20260317_231440_236153,img_20260317_231440_236153.jpg,0.2,0.0
20260317_231440_288561,img_20260317_231440_288561.jpg,0.2,0.0
20260317_231440_335830,img_20260317_231440_335830.jpg,0.2,0.0
20260317_231440_387278,img_20260317_231440_387278.jpg,0.2,0.0
20260317_231440_448825,img_20260317_231440_448825.jpg,0.2,0.0
20260317_231440_501336,img_20260317_231440_501336.jpg,0.2,0.0
20260317_231440_552943,img_20260317_231440_552943.jpg,0.2,0.0
20260317_231440_593389,img_20260317_231440_593389.jpg,0.2,0.0
20260317_231440_651533,img_20260317_231440_651533.jpg,0.2,0.0
20260317_231440_692061,img_20260317_231440_692061.jpg,0.2,0.0
20260317_231440_743624,img_20260317_231440_743624.jpg,0.2,-0.1
20260317_231440_792565,img_20260317_231440_792565.jpg,0.2,-0.1
20260317_231440_845952,img_20260317_231440_845952.jpg,0.2,-0.1
20260317_231440_906354,img_20260317_231440_906354.jpg,0.2,0.0
20260317_231440_946840,img_20260317_231440_946840.jpg,0.2,0.0
20260317_231441_006731,img_20260317_231441_006731.jpg,0.2,0.0
20260317_231441_058514,img_20260317_231441_058514.jpg,0.2,0.0
20260317_231441_100332,img_20260317_231441_100332.jpg,0.2,0.0
20260317_231441_147843,img_20260317_231441_147843.jpg,0.2,0.0
20260317_231441_208948,img_20260317_231441_208948.jpg,0.2,0.0
20260317_231441_251255,img_20260317_231441_251255.jpg,0.2,0.0
20260317_231441_299993,img_20260317_231441_299993.jpg,0.2,0.0
20260317_231441_350854,img_20260317_231441_350854.jpg,0.2,0.0
20260317_231441_403191,img_20260317_231441_403191.jpg,0.2,0.0
20260317_231441_454086,img_20260317_231441_454086.jpg,0.2,-0.1
20260317_231441_504608,img_20260317_231441_504608.jpg,0.2,-0.1
20260317_231441_567683,img_20260317_231441_567683.jpg,0.2,-0.1
20260317_231441_606147,img_20260317_231441_606147.jpg,0.2,0.0
20260317_231441_667127,img_20260317_231441_667127.jpg,0.2,0.0
20260317_231441_707792,img_20260317_231441_707792.jpg,0.2,0.0
20260317_231441_758481,img_20260317_231441_758481.jpg,0.2,0.0
20260317_231441_809948,img_20260317_231441_809948.jpg,0.2,0.0
20260317_231441_869080,img_20260317_231441_869080.jpg,0.2,0.0
20260317_231441_909906,img_20260317_231441_909906.jpg,0.2,0.0
20260317_231441_960162,img_20260317_231441_960162.jpg,0.2,0.0
20260317_231442_010788,img_20260317_231442_010788.jpg,0.2,0.0
20260317_231442_064605,img_20260317_231442_064605.jpg,0.2,0.0
20260317_231442_125918,img_20260317_231442_125918.jpg,0.2,-0.1
20260317_231442_166018,img_20260317_231442_166018.jpg,0.2,-0.1
20260317_231442_215251,img_20260317_231442_215251.jpg,0.2,-0.1
20260317_231442_267914,img_20260317_231442_267914.jpg,0.2,-0.1
20260317_231442_316982,img_20260317_231442_316982.jpg,0.2,0.0
20260317_231442_368035,img_20260317_231442_368035.jpg,0.2,0.0
20260317_231442_427683,img_20260317_231442_427683.jpg,0.2,0.0
20260317_231442_479495,img_20260317_231442_479495.jpg,0.2,0.0
20260317_231442_519790,img_20260317_231442_519790.jpg,0.2,0.0
20260317_231442_579880,img_20260317_231442_579880.jpg,0.2,0.0
20260317_231442_633166,img_20260317_231442_633166.jpg,0.2,0.0
20260317_231442_672865,img_20260317_231442_672865.jpg,0.2,0.0
20260317_231442_723299,img_20260317_231442_723299.jpg,0.2,0.0
20260317_231442_774282,img_20260317_231442_774282.jpg,0.2,0.0
20260317_231442_825421,img_20260317_231442_825421.jpg,0.2,0.0
20260317_231442_876458,img_20260317_231442_876458.jpg,0.2,0.0
20260317_231442_927278,img_20260317_231442_927278.jpg,0.2,0.0
20260317_231442_979091,img_20260317_231442_979091.jpg,0.2,0.0
20260317_231443_029420,img_20260317_231443_029420.jpg,0.2,-0.1
20260317_231443_078944,img_20260317_231443_078944.jpg,0.2,-0.1
20260317_231443_128760,img_20260317_231443_128760.jpg,0.2,-0.1
20260317_231443_180531,img_20260317_231443_180531.jpg,0.2,-0.1
20260317_231443_231089,img_20260317_231443_231089.jpg,0.2,-0.1
20260317_231443_283285,img_20260317_231443_283285.jpg,0.2,0.0
20260317_231443_333045,img_20260317_231443_333045.jpg,0.2,0.0
20260317_231443_382398,img_20260317_231443_382398.jpg,0.2,0.0
20260317_231443_444394,img_20260317_231443_444394.jpg,0.2,0.0
20260317_231443_487765,img_20260317_231443_487765.jpg,0.2,0.0
20260317_231443_538472,img_20260317_231443_538472.jpg,0.2,0.0
20260317_231443_587928,img_20260317_231443_587928.jpg,0.2,0.0
20260317_231443_637740,img_20260317_231443_637740.jpg,0.2,0.0
20260317_231443_689289,img_20260317_231443_689289.jpg,0.2,0.0
20260317_231443_749996,img_20260317_231443_749996.jpg,0.2,0.0
20260317_231443_791884,img_20260317_231443_791884.jpg,0.2,0.0
20260317_231443_853746,img_20260317_231443_853746.jpg,0.2,0.0
20260317_231443_893935,img_20260317_231443_893935.jpg,0.2,0.0
20260317_231443_943271,img_20260317_231443_943271.jpg,0.2,-0.1
20260317_231443_993898,img_20260317_231443_993898.jpg,0.2,-0.1
20260317_231444_048418,img_20260317_231444_048418.jpg,0.2,-0.1
20260317_231444_098671,img_20260317_231444_098671.jpg,0.2,-0.1
20260317_231444_148863,img_20260317_231444_148863.jpg,0.2,0.0
20260317_231444_200380,img_20260317_231444_200380.jpg,0.2,0.0
20260317_231444_250982,img_20260317_231444_250982.jpg,0.2,0.0
20260317_231444_311417,img_20260317_231444_311417.jpg,0.2,0.0
20260317_231444_363584,img_20260317_231444_363584.jpg,0.2,0.0
20260317_231444_403160,img_20260317_231444_403160.jpg,0.2,0.0
20260317_231444_465057,img_20260317_231444_465057.jpg,0.2,0.0
20260317_231444_507790,img_20260317_231444_507790.jpg,0.2,0.0
20260317_231444_566695,img_20260317_231444_566695.jpg,0.2,0.0
20260317_231444_617531,img_20260317_231444_617531.jpg,0.2,-0.1
20260317_231444_667437,img_20260317_231444_667437.jpg,0.2,-0.1
20260317_231444_707554,img_20260317_231444_707554.jpg,0.2,-0.1
20260317_231444_768115,img_20260317_231444_768115.jpg,0.2,-0.1
20260317_231444_823991,img_20260317_231444_823991.jpg,0.2,0.0
20260317_231444_864246,img_20260317_231444_864246.jpg,0.2,0.0
20260317_231444_911883,img_20260317_231444_911883.jpg,0.2,0.0
20260317_231444_975507,img_20260317_231444_975507.jpg,0.2,0.0
20260317_231445_019488,img_20260317_231445_019488.jpg,0.2,0.0
20260317_231445_064213,img_20260317_231445_064213.jpg,0.2,0.0
20260317_231445_127195,img_20260317_231445_127195.jpg,0.2,0.0
20260317_231445_166595,img_20260317_231445_166595.jpg,0.2,0.0
20260317_231445_217009,img_20260317_231445_217009.jpg,0.2,0.0
20260317_231445_278145,img_20260317_231445_278145.jpg,0.2,0.0
20260317_231445_319232,img_20260317_231445_319232.jpg,0.2,0.0
20260317_231445_372874,img_20260317_231445_372874.jpg,0.2,0.0
20260317_231445_422008,img_20260317_231445_422008.jpg,0.2,0.0
20260317_231445_485325,img_20260317_231445_485325.jpg,0.2,0.0
20260317_231445_524388,img_20260317_231445_524388.jpg,0.2,0.0
20260317_231445_575889,img_20260317_231445_575889.jpg,0.2,0.0
20260317_231445_626996,img_20260317_231445_626996.jpg,0.2,-0.1
20260317_231445_675644,img_20260317_231445_675644.jpg,0.2,-0.1
20260317_231445_726029,img_20260317_231445_726029.jpg,0.2,-0.1
20260317_231445_789834,img_20260317_231445_789834.jpg,0.2,-0.1
20260317_231445_830051,img_20260317_231445_830051.jpg,0.2,-0.1
20260317_231445_882632,img_20260317_231445_882632.jpg,0.2,-0.1
20260317_231445_942394,img_20260317_231445_942394.jpg,0.2,0.0
20260317_231445_982594,img_20260317_231445_982594.jpg,0.2,0.0
20260317_231446_044110,img_20260317_231446_044110.jpg,0.2,0.0
20260317_231446_086280,img_20260317_231446_086280.jpg,0.2,0.0
20260317_231446_136785,img_20260317_231446_136785.jpg,0.2,0.0
20260317_231446_186480,img_20260317_231446_186480.jpg,0.2,0.0
20260317_231446_235930,img_20260317_231446_235930.jpg,0.2,0.0
20260317_231446_286004,img_20260317_231446_286004.jpg,0.2,0.0
20260317_231446_338221,img_20260317_231446_338221.jpg,0.2,0.0
20260317_231446_391076,img_20260317_231446_391076.jpg,0.2,0.0
20260317_231446_454572,img_20260317_231446_454572.jpg,0.2,0.0
20260317_231446_492927,img_20260317_231446_492927.jpg,0.2,0.0
20260317_231446_545661,img_20260317_231446_545661.jpg,0.2,0.0
20260317_231446_597780,img_20260317_231446_597780.jpg,0.2,0.0
20260317_231446_647900,img_20260317_231446_647900.jpg,0.2,-0.1
20260317_231446_698741,img_20260317_231446_698741.jpg,0.2,-0.1
20260317_231446_751527,img_20260317_231446_751527.jpg,0.2,-0.1
20260317_231446_812014,img_20260317_231446_812014.jpg,0.2,-0.1
20260317_231446_853005,img_20260317_231446_853005.jpg,0.2,-0.1
20260317_231446_904050,img_20260317_231446_904050.jpg,0.2,0.0
20260317_231446_953909,img_20260317_231446_953909.jpg,0.2,0.0
20260317_231447_006245,img_20260317_231447_006245.jpg,0.2,0.0
20260317_231447_064980,img_20260317_231447_064980.jpg,0.2,0.0
20260317_231447_110919,img_20260317_231447_110919.jpg,0.2,0.0
20260317_231447_170326,img_20260317_231447_170326.jpg,0.2,0.0
20260317_231447_208563,img_20260317_231447_208563.jpg,0.2,0.0
20260317_231447_259811,img_20260317_231447_259811.jpg,0.2,0.0
20260317_231447_311989,img_20260317_231447_311989.jpg,0.2,0.0
20260317_231447_373505,img_20260317_231447_373505.jpg,0.2,0.0
20260317_231447_425910,img_20260317_231447_425910.jpg,0.2,-0.1
20260317_231447_470620,img_20260317_231447_470620.jpg,0.2,-0.1
20260317_231447_515836,img_20260317_231447_515836.jpg,0.2,-0.1
20260317_231447_578782,img_20260317_231447_578782.jpg,0.2,-0.1
20260317_231447_619456,img_20260317_231447_619456.jpg,0.2,-0.1
20260317_231447_680078,img_20260317_231447_680078.jpg,0.2,0.0
20260317_231447_719400,img_20260317_231447_719400.jpg,0.2,0.0
20260317_231447_769979,img_20260317_231447_769979.jpg,0.2,0.0
20260317_231447_821421,img_20260317_231447_821421.jpg,0.2,0.0
20260317_231447_872738,img_20260317_231447_872738.jpg,0.2,0.0
20260317_231447_926280,img_20260317_231447_926280.jpg,0.2,0.0
20260317_231447_977178,img_20260317_231447_977178.jpg,0.2,0.0
20260317_231448_036222,img_20260317_231448_036222.jpg,0.2,0.0
20260317_231448_089357,img_20260317_231448_089357.jpg,0.2,0.0
20260317_231448_138928,img_20260317_231448_138928.jpg,0.2,0.0
20260317_231448_191248,img_20260317_231448_191248.jpg,0.2,0.0
20260317_231448_241160,img_20260317_231448_241160.jpg,0.2,0.0
20260317_231448_284792,img_20260317_231448_284792.jpg,0.2,0.0
20260317_231448_332696,img_20260317_231448_332696.jpg,0.2,-0.1
20260317_231448_383831,img_20260317_231448_383831.jpg,0.2,-0.1
20260317_231448_435595,img_20260317_231448_435595.jpg,0.2,-0.1
20260317_231448_486688,img_20260317_231448_486688.jpg,0.2,0.0
20260317_231448_547480,img_20260317_231448_547480.jpg,0.2,0.0
20260317_231448_584764,img_20260317_231448_584764.jpg,0.2,0.0
20260317_231448_638104,img_20260317_231448_638104.jpg,0.2,0.0
20260317_231448_689321,img_20260317_231448_689321.jpg,0.2,0.0
20260317_231448_739642,img_20260317_231448_739642.jpg,0.2,0.0
20260317_231448_799601,img_20260317_231448_799601.jpg,0.2,0.0
20260317_231448_851618,img_20260317_231448_851618.jpg,0.2,0.0
20260317_231448_892995,img_20260317_231448_892995.jpg,0.2,0.0
20260317_231448_944425,img_20260317_231448_944425.jpg,0.2,0.0
20260317_231449_012251,img_20260317_231449_012251.jpg,0.2,-0.1
20260317_231449_055607,img_20260317_231449_055607.jpg,0.2,-0.1
20260317_231449_108584,img_20260317_231449_108584.jpg,0.2,-0.1
20260317_231449_157536,img_20260317_231449_157536.jpg,0.2,0.0
20260317_231449_210755,img_20260317_231449_210755.jpg,0.2,0.0
20260317_231449_260223,img_20260317_231449_260223.jpg,0.2,0.0
20260317_231449_309750,img_20260317_231449_309750.jpg,0.2,0.0
20260317_231449_353504,img_20260317_231449_353504.jpg,0.2,0.0
20260317_231449_400073,img_20260317_231449_400073.jpg,0.2,0.0
20260317_231449_461858,img_20260317_231449_461858.jpg,0.2,0.0
20260317_231449_502589,img_20260317_231449_502589.jpg,0.2,0.0
20260317_231449_552530,img_20260317_231449_552530.jpg,0.2,0.0
20260317_231449_604238,img_20260317_231449_604238.jpg,0.2,0.0
20260317_231449_654208,img_20260317_231449_654208.jpg,0.2,-0.1
20260317_231449_705930,img_20260317_231449_705930.jpg,0.2,-0.1
20260317_231449_753494,img_20260317_231449_753494.jpg,0.2,-0.1
20260317_231449_806730,img_20260317_231449_806730.jpg,0.2,0.0
20260317_231449_868032,img_20260317_231449_868032.jpg,0.2,0.0
20260317_231449_908300,img_20260317_231449_908300.jpg,0.2,0.0
20260317_231449_957116,img_20260317_231449_957116.jpg,0.2,0.0
20260317_231450_009350,img_20260317_231450_009350.jpg,0.2,0.0
20260317_231450_059348,img_20260317_231450_059348.jpg,0.2,0.0
20260317_231450_108521,img_20260317_231450_108521.jpg,0.2,0.0
20260317_231450_162607,img_20260317_231450_162607.jpg,0.2,0.0
20260317_231450_214264,img_20260317_231450_214264.jpg,0.2,0.0
20260317_231450_262568,img_20260317_231450_262568.jpg,0.2,0.0
20260317_231450_324541,img_20260317_231450_324541.jpg,0.2,0.0
20260317_231450_373213,img_20260317_231450_373213.jpg,0.2,0.0
20260317_231450_412809,img_20260317_231450_412809.jpg,0.2,0.0
20260317_231450_475443,img_20260317_231450_475443.jpg,0.2,-0.1
20260317_231450_527035,img_20260317_231450_527035.jpg,0.2,-0.1
20260317_231450_567670,img_20260317_231450_567670.jpg,0.2,-0.1
20260317_231450_618048,img_20260317_231450_618048.jpg,0.2,-0.1
20260317_231450_669784,img_20260317_231450_669784.jpg,0.2,-0.1
20260317_231450_731061,img_20260317_231450_731061.jpg,0.2,0.0
20260317_231450_770912,img_20260317_231450_770912.jpg,0.2,0.0
20260317_231450_821934,img_20260317_231450_821934.jpg,0.2,0.0
20260317_231450_871811,img_20260317_231450_871811.jpg,0.2,0.0
20260317_231450_924658,img_20260317_231450_924658.jpg,0.2,0.0
20260317_231450_984658,img_20260317_231450_984658.jpg,0.2,0.0
20260317_231451_024846,img_20260317_231451_024846.jpg,0.2,0.0
20260317_231451_076937,img_20260317_231451_076937.jpg,0.2,0.0
20260317_231451_127684,img_20260317_231451_127684.jpg,0.2,0.0
20260317_231451_177535,img_20260317_231451_177535.jpg,0.2,0.0
20260317_231451_227811,img_20260317_231451_227811.jpg,0.2,0.0
20260317_231451_289990,img_20260317_231451_289990.jpg,0.2,0.0
20260317_231451_340608,img_20260317_231451_340608.jpg,0.2,0.0
20260317_231451_384472,img_20260317_231451_384472.jpg,0.2,-0.1
20260317_231451_432816,img_20260317_231451_432816.jpg,0.2,-0.1
20260317_231451_491429,img_20260317_231451_491429.jpg,0.2,-0.1
20260317_231451_544752,img_20260317_231451_544752.jpg,0.2,0.0
20260317_231451_594678,img_20260317_231451_594678.jpg,0.2,0.0
20260317_231451_646713,img_20260317_231451_646713.jpg,0.2,0.0
20260317_231451_691326,img_20260317_231451_691326.jpg,0.2,0.0
20260317_231451_748357,img_20260317_231451_748357.jpg,0.2,0.0
20260317_231451_800380,img_20260317_231451_800380.jpg,0.2,0.0
20260317_231451_849955,img_20260317_231451_849955.jpg,0.2,0.0
20260317_231451_889816,img_20260317_231451_889816.jpg,0.2,0.0
20260317_231451_943246,img_20260317_231451_943246.jpg,0.2,0.0
20260317_231451_993079,img_20260317_231451_993079.jpg,0.2,0.0
20260317_231452_044441,img_20260317_231452_044441.jpg,0.2,0.0
20260317_231452_096962,img_20260317_231452_096962.jpg,0.2,0.0
20260317_231452_153603,img_20260317_231452_153603.jpg,0.2,0.0
20260317_231452_197330,img_20260317_231452_197330.jpg,0.2,-0.1
20260317_231452_256429,img_20260317_231452_256429.jpg,0.2,-0.1
20260317_231452_298669,img_20260317_231452_298669.jpg,0.2,0.0
20260317_231452_347221,img_20260317_231452_347221.jpg,0.2,0.0
20260317_231452_413704,img_20260317_231452_413704.jpg,0.2,0.0
20260317_231452_451820,img_20260317_231452_451820.jpg,0.2,0.0
20260317_231452_504905,img_20260317_231452_504905.jpg,0.2,0.0
20260317_231452_563712,img_20260317_231452_563712.jpg,0.2,0.0
20260317_231452_613676,img_20260317_231452_613676.jpg,0.2,0.0
20260317_231452_656646,img_20260317_231452_656646.jpg,0.2,0.0
20260317_231452_706366,img_20260317_231452_706366.jpg,0.2,0.0
20260317_231452_755837,img_20260317_231452_755837.jpg,0.2,-0.1
20260317_231452_817479,img_20260317_231452_817479.jpg,0.2,-0.1
20260317_231452_858424,img_20260317_231452_858424.jpg,0.2,-0.1
20260317_231452_909047,img_20260317_231452_909047.jpg,0.2,0.0
20260317_231452_959879,img_20260317_231452_959879.jpg,0.2,0.0
20260317_231453_022380,img_20260317_231453_022380.jpg,0.2,0.0
20260317_231453_072745,img_20260317_231453_072745.jpg,0.2,0.0
20260317_231453_113520,img_20260317_231453_113520.jpg,0.2,0.0
20260317_231453_164844,img_20260317_231453_164844.jpg,0.2,0.0
20260317_231453_214774,img_20260317_231453_214774.jpg,0.2,0.0
20260317_231453_264853,img_20260317_231453_264853.jpg,0.2,0.0
20260317_231453_317526,img_20260317_231453_317526.jpg,0.2,0.0
20260317_231453_368709,img_20260317_231453_368709.jpg,0.2,-0.1
20260317_231453_421247,img_20260317_231453_421247.jpg,0.2,-0.1
20260317_231453_473762,img_20260317_231453_473762.jpg,0.2,-0.1
20260317_231453_525567,img_20260317_231453_525567.jpg,0.2,-0.1
20260317_231453_572794,img_20260317_231453_572794.jpg,0.2,0.0
20260317_231453_624310,img_20260317_231453_624310.jpg,0.2,0.0
20260317_231453_687374,img_20260317_231453_687374.jpg,0.2,0.0
20260317_231453_727899,img_20260317_231453_727899.jpg,0.2,0.0
20260317_231453_778824,img_20260317_231453_778824.jpg,0.2,0.0
20260317_231453_841819,img_20260317_231453_841819.jpg,0.2,-0.1
20260317_231453_881482,img_20260317_231453_881482.jpg,0.2,-0.1
20260317_231453_943380,img_20260317_231453_943380.jpg,0.2,-0.1
20260317_231453_981159,img_20260317_231453_981159.jpg,0.2,-0.1
20260317_231454_033590,img_20260317_231454_033590.jpg,0.2,0.0
20260317_231454_084377,img_20260317_231454_084377.jpg,0.2,0.0
20260317_231454_135493,img_20260317_231454_135493.jpg,0.2,0.0
20260317_231454_184284,img_20260317_231454_184284.jpg,0.2,0.0
20260317_231454_236524,img_20260317_231454_236524.jpg,0.2,0.0
20260317_231454_288761,img_20260317_231454_288761.jpg,0.2,0.0
20260317_231454_338253,img_20260317_231454_338253.jpg,0.2,0.0
20260317_231454_399295,img_20260317_231454_399295.jpg,0.2,0.0
20260317_231454_439225,img_20260317_231454_439225.jpg,0.2,0.0
20260317_231454_503103,img_20260317_231454_503103.jpg,0.2,0.0
20260317_231454_542971,img_20260317_231454_542971.jpg,0.2,0.0
20260317_231454_603089,img_20260317_231454_603089.jpg,0.2,0.0
20260317_231454_654397,img_20260317_231454_654397.jpg,0.2,0.0
20260317_231454_695776,img_20260317_231454_695776.jpg,0.2,0.0
20260317_231454_747043,img_20260317_231454_747043.jpg,0.2,0.0
20260317_231454_796044,img_20260317_231454_796044.jpg,0.2,0.0
20260317_231454_175749,img_20260317_231454_175749.jpg,0.2,-0.1
20260317_231454_214328,img_20260317_231454_214328.jpg,0.2,-0.1
20260317_231454_265226,img_20260317_231454_265226.jpg,0.2,-0.1
20260317_231454_326825,img_20260317_231454_326825.jpg,0.2,-0.1
20260317_231454_370170,img_20260317_231454_370170.jpg,0.2,-0.1
20260317_231454_418316,img_20260317_231454_418316.jpg,0.2,0.0
20260317_231454_479037,img_20260317_231454_479037.jpg,0.2,0.0
20260317_231454_529982,img_20260317_231454_529982.jpg,0.2,0.0
20260317_231454_571133,img_20260317_231454_571133.jpg,0.2,0.0
20260317_231454_632913,img_20260317_231454_632913.jpg,0.2,0.0
20260317_231454_674506,img_20260317_231454_674506.jpg,0.2,0.0
20260317_231454_725153,img_20260317_231454_725153.jpg,0.2,0.0
20260317_231454_775912,img_20260317_231454_775912.jpg,0.2,0.0
20260317_231454_824028,img_20260317_231454_824028.jpg,0.2,0.0
20260317_231454_877286,img_20260317_231454_877286.jpg,0.2,0.0
20260317_231454_929660,img_20260317_231454_929660.jpg,0.2,-0.1
20260317_231454_990274,img_20260317_231454_990274.jpg,0.2,-0.1
20260317_231455_034166,img_20260317_231455_034166.jpg,0.2,-0.1
20260317_231455_080405,img_20260317_231455_080405.jpg,0.2,-0.1
20260317_231455_129837,img_20260317_231455_129837.jpg,0.2,0.0
20260317_231455_182052,img_20260317_231455_182052.jpg,0.2,0.0
20260317_231455_233133,img_20260317_231455_233133.jpg,0.2,0.0
20260317_231455_285663,img_20260317_231455_285663.jpg,0.2,0.0
20260317_231455_333538,img_20260317_231455_333538.jpg,0.2,0.0
20260317_231455_385087,img_20260317_231455_385087.jpg,0.2,0.0
20260317_231455_438029,img_20260317_231455_438029.jpg,0.2,0.0
20260317_231455_490003,img_20260317_231455_490003.jpg,0.2,0.0
20260317_231455_548337,img_20260317_231455_548337.jpg,0.2,0.0
20260317_231455_590953,img_20260317_231455_590953.jpg,0.2,0.0
20260317_231455_642915,img_20260317_231455_642915.jpg,0.2,-0.1
20260317_231455_694451,img_20260317_231455_694451.jpg,0.2,-0.1
20260317_231455_745638,img_20260317_231455_745638.jpg,0.2,-0.1
20260317_231455_795730,img_20260317_231455_795730.jpg,0.2,-0.1
20260317_231455_844510,img_20260317_231455_844510.jpg,0.2,0.0
20260317_231455_897763,img_20260317_231455_897763.jpg,0.2,0.0
20260317_231455_948872,img_20260317_231455_948872.jpg,0.2,0.0
20260317_231456_000856,img_20260317_231456_000856.jpg,0.2,0.0
20260317_231456_049943,img_20260317_231456_049943.jpg,0.2,0.0
20260317_231456_101032,img_20260317_231456_101032.jpg,0.2,0.0
20260317_231456_160601,img_20260317_231456_160601.jpg,0.2,0.0
20260317_231456_202096,img_20260317_231456_202096.jpg,0.2,0.0
20260317_231456_263473,img_20260317_231456_263473.jpg,0.2,0.0
20260317_231456_303355,img_20260317_231456_303355.jpg,0.2,0.0
20260317_231456_356820,img_20260317_231456_356820.jpg,0.2,0.0
20260317_231456_407087,img_20260317_231456_407087.jpg,0.2,0.0
20260317_231456_457882,img_20260317_231456_457882.jpg,0.2,0.0
20260317_231456_509394,img_20260317_231456_509394.jpg,0.2,0.0
20260317_231456_562000,img_20260317_231456_562000.jpg,0.2,-0.1
20260317_231456_617003,img_20260317_231456_617003.jpg,0.2,-0.1
20260317_231456_664412,img_20260317_231456_664412.jpg,0.2,-0.1
20260317_231456_727296,img_20260317_231456_727296.jpg,0.2,0.0
20260317_231456_765432,img_20260317_231456_765432.jpg,0.2,0.0
20260317_231456_816243,img_20260317_231456_816243.jpg,0.2,0.0
20260317_231456_867769,img_20260317_231456_867769.jpg,0.2,0.0
20260317_231456_920183,img_20260317_231456_920183.jpg,0.2,0.0
20260317_231456_979149,img_20260317_231456_979149.jpg,0.2,0.0
20260317_231457_022977,img_20260317_231457_022977.jpg,0.2,0.0
20260317_231457_070025,img_20260317_231457_070025.jpg,0.2,0.0
20260317_231457_132990,img_20260317_231457_132990.jpg,0.2,-0.1
20260317_231457_178759,img_20260317_231457_178759.jpg,0.2,-0.1
20260317_231457_260942,img_20260317_231457_260942.jpg,0.2,-0.1
20260317_231457_284926,img_20260317_231457_284926.jpg,0.2,-0.1
20260317_231457_328029,img_20260317_231457_328029.jpg,0.2,0.0
20260317_231457_391910,img_20260317_231457_391910.jpg,0.2,0.0
20260317_231457_431269,img_20260317_231457_431269.jpg,0.2,0.0
20260317_231457_493419,img_20260317_231457_493419.jpg,0.2,0.0
20260317_231457_534327,img_20260317_231457_534327.jpg,0.2,0.0
20260317_231457_588865,img_20260317_231457_588865.jpg,0.2,0.0
20260317_231457_637831,img_20260317_231457_637831.jpg,0.2,0.0
20260317_231457_687860,img_20260317_231457_687860.jpg,0.2,0.0
20260317_231457_739726,img_20260317_231457_739726.jpg,0.2,0.0
20260317_231457_790984,img_20260317_231457_790984.jpg,0.2,0.0
20260317_231457_841699,img_20260317_231457_841699.jpg,0.2,-0.1
20260317_231457_892419,img_20260317_231457_892419.jpg,0.2,-0.1
20260317_231457_945908,img_20260317_231457_945908.jpg,0.2,0.0
20260317_231458_006860,img_20260317_231458_006860.jpg,0.2,0.0
20260317_231458_046315,img_20260317_231458_046315.jpg,0.2,0.0
20260317_231458_107418,img_20260317_231458_107418.jpg,0.2,0.0
20260317_231458_146164,img_20260317_231458_146164.jpg,0.2,0.0
20260317_231458_196946,img_20260317_231458_196946.jpg,0.2,0.0
20260317_231458_260324,img_20260317_231458_260324.jpg,0.2,0.0
20260317_231458_299016,img_20260317_231458_299016.jpg,0.2,0.0
20260317_231458_349912,img_20260317_231458_349912.jpg,0.2,-0.1
20260317_231458_409194,img_20260317_231458_409194.jpg,0.2,-0.1
20260317_231458_453567,img_20260317_231458_453567.jpg,0.2,-0.1
20260317_231458_501199,img_20260317_231458_501199.jpg,0.2,-0.1
20260317_231458_552552,img_20260317_231458_552552.jpg,0.2,0.0
20260317_231458_603794,img_20260317_231458_603794.jpg,0.2,0.0
20260317_231458_657952,img_20260317_231458_657952.jpg,0.2,0.0
20260317_231458_706204,img_20260317_231458_706204.jpg,0.2,0.0
20260317_231458_757151,img_20260317_231458_757151.jpg,0.2,0.0
20260317_231458_818002,img_20260317_231458_818002.jpg,0.2,0.0
20260317_231458_859559,img_20260317_231458_859559.jpg,0.2,0.0
20260317_231458_912367,img_20260317_231458_912367.jpg,0.2,-0.1
20260317_231458_976651,img_20260317_231458_976651.jpg,0.2,-0.1
20260317_231459_025420,img_20260317_231459_025420.jpg,0.2,-0.1
20260317_231459_066066,img_20260317_231459_066066.jpg,0.2,-0.1
20260317_231459_116221,img_20260317_231459_116221.jpg,0.2,-0.1
20260317_231459_180929,img_20260317_231459_180929.jpg,0.2,0.0
20260317_231459_221803,img_20260317_231459_221803.jpg,0.2,0.0
20260317_231459_274458,img_20260317_231459_274458.jpg,0.2,0.0
20260317_231459_332943,img_20260317_231459_332943.jpg,0.2,0.0
20260317_231459_370901,img_20260317_231459_370901.jpg,0.2,0.0
20260317_231459_423178,img_20260317_231459_423178.jpg,0.2,0.0
20260317_231459_472529,img_20260317_231459_472529.jpg,0.2,0.0
20260317_231459_534959,img_20260317_231459_534959.jpg,0.2,-0.1
20260317_231459_586978,img_20260317_231459_586978.jpg,0.2,-0.1
20260317_231459_638217,img_20260317_231459_638217.jpg,0.2,-0.1
20260317_231459_686251,img_20260317_231459_686251.jpg,0.2,0.0
20260317_231459_724602,img_20260317_231459_724602.jpg,0.2,0.0
20260317_231459_787855,img_20260317_231459_787855.jpg,0.2,0.0
20260317_231459_832783,img_20260317_231459_832783.jpg,0.2,0.0
20260317_231459_881558,img_20260317_231459_881558.jpg,0.2,0.0
20260317_231459_939916,img_20260317_231459_939916.jpg,0.2,0.0
20260317_231459_987223,img_20260317_231459_987223.jpg,0.2,0.0
20260317_231500_041128,img_20260317_231500_041128.jpg,0.2,-0.1
20260317_231500_082752,img_20260317_231500_082752.jpg,0.2,-0.1
20260317_231500_144053,img_20260317_231500_144053.jpg,0.2,-0.1
20260317_231500_184620,img_20260317_231500_184620.jpg,0.2,0.0
20260317_231500_247051,img_20260317_231500_247051.jpg,0.2,0.0
20260317_231500_287198,img_20260317_231500_287198.jpg,0.2,0.0
20260317_231500_337298,img_20260317_231500_337298.jpg,0.2,0.0
20260317_231500_391162,img_20260317_231500_391162.jpg,0.2,0.0
20260317_231500_450504,img_20260317_231500_450504.jpg,0.2,0.0
20260317_231500_493133,img_20260317_231500_493133.jpg,0.2,0.0
20260317_231500_550803,img_20260317_231500_550803.jpg,0.2,0.0
20260317_231500_603295,img_20260317_231500_603295.jpg,0.2,0.0
20260317_231500_643910,img_20260317_231500_643910.jpg,0.2,0.0
20260317_231500_703908,img_20260317_231500_703908.jpg,0.2,-0.1
20260317_231500_748893,img_20260317_231500_748893.jpg,0.2,-0.1
20260317_231500_797816,img_20260317_231500_797816.jpg,0.2,-0.1
20260317_231500_847166,img_20260317_231500_847166.jpg,0.2,0.0
20260317_231500_899457,img_20260317_231500_899457.jpg,0.2,0.0
20260317_231500_950072,img_20260317_231500_950072.jpg,0.2,0.0
20260317_231501_001630,img_20260317_231501_001630.jpg,0.2,0.0
20260317_231501_052791,img_20260317_231501_052791.jpg,0.2,0.0
20260317_231501_102233,img_20260317_231501_102233.jpg,0.2,0.0
20260317_231501_151457,img_20260317_231501_151457.jpg,0.2,0.0
20260317_231501_207135,img_20260317_231501_207135.jpg,0.2,0.0
20260317_231501_265940,img_20260317_231501_265940.jpg,0.2,-0.1
20260317_231501_304401,img_20260317_231501_304401.jpg,0.2,-0.1
20260317_231501_358565,img_20260317_231501_358565.jpg,0.2,-0.1
20260317_231501_419336,img_20260317_231501_419336.jpg,0.2,0.0
20260317_231501_471761,img_20260317_231501_471761.jpg,0.2,0.0
20260317_231501_514258,img_20260317_231501_514258.jpg,0.2,0.0
20260317_231501_563704,img_20260317_231501_563704.jpg,0.2,0.0
20260317_231501_626058,img_20260317_231501_626058.jpg,0.2,0.0
20260317_231501_665183,img_20260317_231501_665183.jpg,0.2,0.0
20260317_231501_723771,img_20260317_231501_723771.jpg,0.2,0.0
20260317_231501_765839,img_20260317_231501_765839.jpg,0.2,0.0
20260317_231501_819294,img_20260317_231501_819294.jpg,0.2,0.0
20260317_231501_868753,img_20260317_231501_868753.jpg,0.2,0.0
20260317_231501_931211,img_20260317_231501_931211.jpg,0.2,0.0
20260317_231501_983039,img_20260317_231501_983039.jpg,0.2,0.0
20260317_231502_031875,img_20260317_231502_031875.jpg,0.2,0.0
20260317_231502_088307,img_20260317_231502_088307.jpg,0.2,0.0
20260317_231502_127867,img_20260317_231502_127867.jpg,0.2,0.0
20260317_231502_187696,img_20260317_231502_187696.jpg,0.2,0.0
20260317_231502_228013,img_20260317_231502_228013.jpg,0.2,0.0
20260317_231502_278290,img_20260317_231502_278290.jpg,0.2,0.0
20260317_231502_332017,img_20260317_231502_332017.jpg,0.2,0.0
20260317_231502_383989,img_20260317_231502_383989.jpg,0.2,0.0
20260317_231502_434153,img_20260317_231502_434153.jpg,0.2,0.0
20260317_231502_496952,img_20260317_231502_496952.jpg,0.2,-0.1
20260317_231502_536714,img_20260317_231502_536714.jpg,0.2,-0.1
20260317_231502_595961,img_20260317_231502_595961.jpg,0.2,-0.1
20260317_231502_637364,img_20260317_231502_637364.jpg,0.2,-0.1
20260317_231502_685828,img_20260317_231502_685828.jpg,0.2,-0.1
20260317_231502_737920,img_20260317_231502_737920.jpg,0.2,0.0
20260317_231502_801729,img_20260317_231502_801729.jpg,0.2,0.0
20260317_231502_841275,img_20260317_231502_841275.jpg,0.2,0.0
20260317_231502_901607,img_20260317_231502_901607.jpg,0.2,0.0
20260317_231502_953830,img_20260317_231502_953830.jpg,0.2,0.0
20260317_231502_993800,img_20260317_231502_993800.jpg,0.2,0.0
20260317_231503_055978,img_20260317_231503_055978.jpg,0.2,0.0
20260317_231503_096314,img_20260317_231503_096314.jpg,0.2,0.0
20260317_231503_159189,img_20260317_231503_159189.jpg,0.2,0.0
20260317_231503_212577,img_20260317_231503_212577.jpg,0.2,0.0
20260317_231503_260984,img_20260317_231503_260984.jpg,0.2,-0.1
20260317_231503_309754,img_20260317_231503_309754.jpg,0.2,-0.1
20260317_231503_349339,img_20260317_231503_349339.jpg,0.2,-0.1
20260317_231503_405637,img_20260317_231503_405637.jpg,0.2,-0.1
20260317_231503_455025,img_20260317_231503_455025.jpg,0.2,0.0
20260317_231503_505842,img_20260317_231503_505842.jpg,0.2,0.0
20260317_231503_555566,img_20260317_231503_555566.jpg,0.2,0.0
20260317_231503_604740,img_20260317_231503_604740.jpg,0.2,0.0
20260317_231503_661438,img_20260317_231503_661438.jpg,0.2,0.0
20260317_231503_708041,img_20260317_231503_708041.jpg,0.2,0.0
20260317_231503_770271,img_20260317_231503_770271.jpg,0.2,0.0
20260317_231503_822545,img_20260317_231503_822545.jpg,0.2,0.0
20260317_231503_871964,img_20260317_231503_871964.jpg,0.2,0.0
20260317_231503_910028,img_20260317_231503_910028.jpg,0.2,0.0
20260317_231503_962824,img_20260317_231503_962824.jpg,0.2,0.0
20260317_231504_015261,img_20260317_231504_015261.jpg,0.2,0.0
20260317_231504_079217,img_20260317_231504_079217.jpg,0.2,-0.1
20260317_231504_117723,img_20260317_231504_117723.jpg,0.2,-0.1
20260317_231504_170405,img_20260317_231504_170405.jpg,0.2,-0.1
20260317_231504_220377,img_20260317_231504_220377.jpg,0.2,-0.1
20260317_231504_270950,img_20260317_231504_270950.jpg,0.2,0.0
20260317_231504_330204,img_20260317_231504_330204.jpg,0.2,0.0
20260317_231504_371498,img_20260317_231504_371498.jpg,0.2,0.0
20260317_231504_420728,img_20260317_231504_420728.jpg,0.2,0.0
20260317_231504_474455,img_20260317_231504_474455.jpg,0.2,0.0
20260317_231504_526510,img_20260317_231504_526510.jpg,0.2,0.0
20260317_231504_575435,img_20260317_231504_575435.jpg,0.2,0.0
20260317_231504_626311,img_20260317_231504_626311.jpg,0.2,0.0
20260317_231504_688881,img_20260317_231504_688881.jpg,0.2,-0.1
20260317_231504_732031,img_20260317_231504_732031.jpg,0.2,-0.1
20260317_231504_793272,img_20260317_231504_793272.jpg,0.2,-0.1
20260317_231504_843951,img_20260317_231504_843951.jpg,0.2,-0.1
20260317_231504_894422,img_20260317_231504_894422.jpg,0.2,0.0
20260317_231504_948342,img_20260317_231504_948342.jpg,0.2,0.0
20260317_231504_987310,img_20260317_231504_987310.jpg,0.2,0.0
20260317_231505_046942,img_20260317_231505_046942.jpg,0.2,0.0
20260317_231505_097983,img_20260317_231505_097983.jpg,0.2,0.0
20260317_231505_140368,img_20260317_231505_140368.jpg,0.2,0.0
20260317_231505_191939,img_20260317_231505_191939.jpg,0.2,0.0
20260317_231505_242671,img_20260317_231505_242671.jpg,0.2,0.0
20260317_231505_303423,img_20260317_231505_303423.jpg,0.2,0.0
20260317_231505_344529,img_20260317_231505_344529.jpg,0.2,0.0
20260317_231505_394969,img_20260317_231505_394969.jpg,0.2,0.0
20260317_231505_445802,img_20260317_231505_445802.jpg,0.2,0.0
20260317_231505_498081,img_20260317_231505_498081.jpg,0.2,0.0
20260317_231505_558798,img_20260317_231505_558798.jpg,0.2,-0.1
20260317_231505_600036,img_20260317_231505_600036.jpg,0.2,-0.1
20260317_231505_659865,img_20260317_231505_659865.jpg,0.2,-0.1
20260317_231505_712716,img_20260317_231505_712716.jpg,0.2,0.0
20260317_231505_760626,img_20260317_231505_760626.jpg,0.2,0.0
20260317_231505_800303,img_20260317_231505_800303.jpg,0.2,0.0
20260317_231505_863590,img_20260317_231505_863590.jpg,0.2,0.0
20260317_231505_907463,img_20260317_231505_907463.jpg,0.2,0.0
20260317_231505_954099,img_20260317_231505_954099.jpg,0.2,0.0
20260317_231506_006597,img_20260317_231506_006597.jpg,0.2,0.0
20260317_231506_056126,img_20260317_231506_056126.jpg,0.2,0.0
20260317_231506_116373,img_20260317_231506_116373.jpg,0.2,0.0
20260317_231506_157608,img_20260317_231506_157608.jpg,0.2,-0.1
20260317_231506_219228,img_20260317_231506_219228.jpg,0.2,-0.1
20260317_231506_260447,img_20260317_231506_260447.jpg,0.2,-0.1
20260317_231506_311469,img_20260317_231506_311469.jpg,0.2,0.0
20260317_231506_361322,img_20260317_231506_361322.jpg,0.2,0.0
20260317_231506_412057,img_20260317_231506_412057.jpg,0.2,0.0
20260317_231506_462335,img_20260317_231506_462335.jpg,0.2,0.0
20260317_231506_512498,img_20260317_231506_512498.jpg,0.2,0.0
20260317_231506_563887,img_20260317_231506_563887.jpg,0.2,0.0
20260317_231506_614992,img_20260317_231506_614992.jpg,0.2,0.0
20260317_231506_665805,img_20260317_231506_665805.jpg,0.2,0.0
20260317_231506_719902,img_20260317_231506_719902.jpg,0.2,0.0
20260317_231506_769203,img_20260317_231506_769203.jpg,0.2,-0.1
20260317_231506_822305,img_20260317_231506_822305.jpg,0.2,-0.1
20260317_231506_872177,img_20260317_231506_872177.jpg,0.2,-0.1
20260317_231506_920098,img_20260317_231506_920098.jpg,0.2,0.0
20260317_231506_971445,img_20260317_231506_971445.jpg,0.2,0.0
20260317_231507_023587,img_20260317_231507_023587.jpg,0.2,0.0
20260317_231507_072644,img_20260317_231507_072644.jpg,0.2,0.0
20260317_231507_124328,img_20260317_231507_124328.jpg,0.2,0.0
20260317_231507_179890,img_20260317_231507_179890.jpg,0.2,0.0
20260317_231507_229469,img_20260317_231507_229469.jpg,0.2,0.0
20260317_231507_281244,img_20260317_231507_281244.jpg,0.2,0.0
20260317_231507_334475,img_20260317_231507_334475.jpg,0.2,0.0
20260317_231507_393015,img_20260317_231507_393015.jpg,0.2,-0.1
20260317_231507_443673,img_20260317_231507_443673.jpg,0.2,-0.1
20260317_231507_493119,img_20260317_231507_493119.jpg,0.2,-0.1
20260317_231507_533693,img_20260317_231507_533693.jpg,0.2,-0.1
20260317_231507_583142,img_20260317_231507_583142.jpg,0.2,0.0
20260317_231507_632665,img_20260317_231507_632665.jpg,0.2,0.0
20260317_231507_684045,img_20260317_231507_684045.jpg,0.2,0.0
20260317_231507_738232,img_20260317_231507_738232.jpg,0.2,0.0
20260317_231507_791688,img_20260317_231507_791688.jpg,0.2,0.0
20260317_231507_839273,img_20260317_231507_839273.jpg,0.2,0.0
20260317_231507_888906,img_20260317_231507_888906.jpg,0.2,0.0
20260317_231507_939081,img_20260317_231507_939081.jpg,0.2,0.0
20260317_231507_991612,img_20260317_231507_991612.jpg,0.2,0.0
20260317_231508_044477,img_20260317_231508_044477.jpg,0.2,-0.1
20260317_231508_092274,img_20260317_231508_092274.jpg,0.2,-0.1
20260317_231508_143141,img_20260317_231508_143141.jpg,0.2,-0.1
20260317_231508_193557,img_20260317_231508_193557.jpg,0.2,0.0
20260317_231508_247042,img_20260317_231508_247042.jpg,0.2,0.0
20260317_231508_307863,img_20260317_231508_307863.jpg,0.2,0.0
20260317_231508_359879,img_20260317_231508_359879.jpg,0.2,0.0
20260317_231508_399424,img_20260317_231508_399424.jpg,0.2,0.0
20260317_231508_448027,img_20260317_231508_448027.jpg,0.2,0.0
20260317_231508_500697,img_20260317_231508_500697.jpg,0.2,0.0
20260317_231508_552674,img_20260317_231508_552674.jpg,0.2,0.0
20260317_231508_604446,img_20260317_231508_604446.jpg,0.2,-0.1
20260317_231508_654245,img_20260317_231508_654245.jpg,0.2,-0.1
20260317_231508_716089,img_20260317_231508_716089.jpg,0.2,-0.1
20260317_231508_757112,img_20260317_231508_757112.jpg,0.2,-0.1
20260317_231508_807663,img_20260317_231508_807663.jpg,0.2,0.0
20260317_231508_860760,img_20260317_231508_860760.jpg,0.2,0.0
20260317_231508_910203,img_20260317_231508_910203.jpg,0.2,0.0
20260317_231508_959124,img_20260317_231508_959124.jpg,0.2,0.0
20260317_231509_021934,img_20260317_231509_021934.jpg,0.2,0.0
20260317_231509_061726,img_20260317_231509_061726.jpg,0.2,0.0
20260317_231509_124287,img_20260317_231509_124287.jpg,0.2,0.0
20260317_231509_164815,img_20260317_231509_164815.jpg,0.2,0.0
20260317_231509_226150,img_20260317_231509_226150.jpg,0.2,0.0
20260317_231509_269087,img_20260317_231509_269087.jpg,0.2,0.0
20260317_231509_316084,img_20260317_231509_316084.jpg,0.2,0.0
20260317_231509_367824,img_20260317_231509_367824.jpg,0.2,0.0
20260317_231509_417308,img_20260317_231509_417308.jpg,0.2,0.0
20260317_231509_481329,img_20260317_231509_481329.jpg,0.2,-0.1
20260317_231509_521384,img_20260317_231509_521384.jpg,0.2,-0.1
20260317_231509_568689,img_20260317_231509_568689.jpg,0.2,-0.1
20260317_231509_631404,img_20260317_231509_631404.jpg,0.2,0.0
20260317_231509_670608,img_20260317_231509_670608.jpg,0.2,0.0
20260317_231509_722613,img_20260317_231509_722613.jpg,0.2,0.0
20260317_231509_784355,img_20260317_231509_784355.jpg,0.2,0.0
20260317_231509_825613,img_20260317_231509_825613.jpg,0.2,0.0
20260317_231509_871558,img_20260317_231509_871558.jpg,0.2,0.0
20260317_231509_935996,img_20260317_231509_935996.jpg,0.2,0.0
20260317_231509_986057,img_20260317_231509_986057.jpg,0.2,0.0
20260317_231510_036892,img_20260317_231510_036892.jpg,0.2,0.0
20260317_231510_076174,img_20260317_231510_076174.jpg,0.2,0.0
20260317_231510_128212,img_20260317_231510_128212.jpg,0.2,0.0
20260317_231510_188563,img_20260317_231510_188563.jpg,0.2,0.0
20260317_231510_231102,img_20260317_231510_231102.jpg,0.2,-0.1
20260317_231510_292208,img_20260317_231510_292208.jpg,0.2,-0.1
20260317_231510_330417,img_20260317_231510_330417.jpg,0.2,-0.1
20260317_231510_391403,img_20260317_231510_391403.jpg,0.2,0.0
20260317_231510_432691,img_20260317_231510_432691.jpg,0.2,0.0
20260317_231510_482910,img_20260317_231510_482910.jpg,0.2,0.0
20260317_231510_534453,img_20260317_231510_534453.jpg,0.2,0.0
20260317_231510_582855,img_20260317_231510_582855.jpg,0.2,0.0
20260317_231510_634611,img_20260317_231510_634611.jpg,0.2,0.0
20260317_231510_696189,img_20260317_231510_696189.jpg,0.2,0.0
20260317_231510_747789,img_20260317_231510_747789.jpg,0.2,0.0
20260317_231510_788172,img_20260317_231510_788172.jpg,0.2,0.0
20260317_231510_838843,img_20260317_231510_838843.jpg,0.2,-0.1
20260317_231510_899455,img_20260317_231510_899455.jpg,0.2,-0.1
20260317_231510_952501,img_20260317_231510_952501.jpg,0.2,-0.1
20260317_231510_992022,img_20260317_231510_992022.jpg,0.2,0.0
20260317_231511_052019,img_20260317_231511_052019.jpg,0.2,0.0
20260317_231511_091630,img_20260317_231511_091630.jpg,0.2,0.0
20260317_231511_154268,img_20260317_231511_154268.jpg,0.2,0.0
20260317_231511_196133,img_20260317_231511_196133.jpg,0.2,0.0
20260317_231511_246598,img_20260317_231511_246598.jpg,0.2,0.0
20260317_231511_297711,img_20260317_231511_297711.jpg,0.2,0.0
20260317_231511_348254,img_20260317_231511_348254.jpg,0.2,0.0
20260317_231511_410395,img_20260317_231511_410395.jpg,0.2,0.0
20260317_231511_460745,img_20260317_231511_460745.jpg,0.2,-0.1
20260317_231511_499702,img_20260317_231511_499702.jpg,0.2,-0.1
20260317_231511_562494,img_20260317_231511_562494.jpg,0.2,-0.1
20260317_231511_600658,img_20260317_231511_600658.jpg,0.2,0.0
20260317_231511_654404,img_20260317_231511_654404.jpg,0.2,0.0
20260317_231511_705066,img_20260317_231511_705066.jpg,0.2,0.0
20260317_231511_754606,img_20260317_231511_754606.jpg,0.2,0.0
20260317_231511_817264,img_20260317_231511_817264.jpg,0.2,0.0
20260317_231511_868413,img_20260317_231511_868413.jpg,0.2,0.0
20260317_231511_909949,img_20260317_231511_909949.jpg,0.2,0.0
20260317_231511_958082,img_20260317_231511_958082.jpg,0.2,0.0
20260317_231512_010173,img_20260317_231512_010173.jpg,0.2,0.0
20260317_231512_069392,img_20260317_231512_069392.jpg,0.2,0.0
20260317_231512_111976,img_20260317_231512_111976.jpg,0.2,0.0
20260317_231512_166963,img_20260317_231512_166963.jpg,0.2,0.0
20260317_231512_212818,img_20260317_231512_212818.jpg,0.2,-0.1
20260317_231512_283918,img_20260317_231512_283918.jpg,0.2,-0.1
20260317_231512_315457,img_20260317_231512_315457.jpg,0.2,-0.1
20260317_231512_367120,img_20260317_231512_367120.jpg,0.2,0.0
20260317_231512_417735,img_20260317_231512_417735.jpg,0.2,0.0
20260317_231512_468372,img_20260317_231512_468372.jpg,0.2,0.0
20260317_231512_529655,img_20260317_231512_529655.jpg,0.2,0.0
20260317_231512_571300,img_20260317_231512_571300.jpg,0.2,0.0
20260317_231512_621603,img_20260317_231512_621603.jpg,0.2,0.0
20260317_231512_673938,img_20260317_231512_673938.jpg,0.2,0.0
20260317_231512_733396,img_20260317_231512_733396.jpg,0.2,-0.1
20260317_231512_774119,img_20260317_231512_774119.jpg,0.2,-0.1
20260317_231512_824702,img_20260317_231512_824702.jpg,0.2,-0.1
20260317_231512_876644,img_20260317_231512_876644.jpg,0.2,0.0
20260317_231512_937114,img_20260317_231512_937114.jpg,0.2,0.0
20260317_231512_978255,img_20260317_231512_978255.jpg,0.2,0.0
20260317_231513_034358,img_20260317_231513_034358.jpg,0.2,0.0
20260317_231513_089903,img_20260317_231513_089903.jpg,0.2,0.0
20260317_231513_130598,img_20260317_231513_130598.jpg,0.2,0.0
20260317_231513_180175,img_20260317_231513_180175.jpg,0.2,0.0
20260317_231513_230636,img_20260317_231513_230636.jpg,0.2,0.0
20260317_231513_284310,img_20260317_231513_284310.jpg,0.2,-0.1
20260317_231513_333085,img_20260317_231513_333085.jpg,0.2,-0.1
20260317_231513_384948,img_20260317_231513_384948.jpg,0.2,-0.1
20260317_231513_433941,img_20260317_231513_433941.jpg,0.2,-0.1
20260317_231513_495933,img_20260317_231513_495933.jpg,0.2,0.0
20260317_231513_536820,img_20260317_231513_536820.jpg,0.2,0.0
20260317_231513_598376,img_20260317_231513_598376.jpg,0.2,0.0
20260317_231513_638022,img_20260317_231513_638022.jpg,0.2,0.0
20260317_231513_687557,img_20260317_231513_687557.jpg,0.2,0.0
20260317_231513_738562,img_20260317_231513_738562.jpg,0.2,0.0
20260317_231513_790196,img_20260317_231513_790196.jpg,0.2,0.0
20260317_231513_851760,img_20260317_231513_851760.jpg,0.2,0.0
20260317_231513_905836,img_20260317_231513_905836.jpg,0.2,0.0
20260317_231513_961572,img_20260317_231513_961572.jpg,0.2,0.0
20260317_231513_995501,img_20260317_231513_995501.jpg,0.2,0.0
20260317_231514_063987,img_20260317_231514_063987.jpg,0.2,0.0
20260317_231514_099108,img_20260317_231514_099108.jpg,0.2,0.0
20260317_231514_146357,img_20260317_231514_146357.jpg,0.2,0.0
20260317_231514_203180,img_20260317_231514_203180.jpg,0.2,0.0
20260317_231514_254857,img_20260317_231514_254857.jpg,0.2,-0.1
20260317_231514_306614,img_20260317_231514_306614.jpg,0.2,-0.1
20260317_231514_356964,img_20260317_231514_356964.jpg,0.2,-0.1
20260317_231514_417388,img_20260317_231514_417388.jpg,0.2,-0.1
20260317_231514_458777,img_20260317_231514_458777.jpg,0.2,-0.1
20260317_231514_522963,img_20260317_231514_522963.jpg,0.2,-0.1
20260317_231514_573854,img_20260317_231514_573854.jpg,0.2,-0.1
20260317_231514_623119,img_20260317_231514_623119.jpg,0.2,0.0
20260317_231514_675809,img_20260317_231514_675809.jpg,0.2,0.0
20260317_231514_716406,img_20260317_231514_716406.jpg,0.2,0.0
20260317_231514_766791,img_20260317_231514_766791.jpg,0.2,0.0
20260317_231514_826545,img_20260317_231514_826545.jpg,0.2,0.0
20260317_231514_878734,img_20260317_231514_878734.jpg,0.2,0.0
20260317_231514_919774,img_20260317_231514_919774.jpg,0.2,0.0
20260317_231514_968322,img_20260317_231514_968322.jpg,0.2,0.0
20260317_231515_020514,img_20260317_231515_020514.jpg,0.2,0.0
20260317_231515_081594,img_20260317_231515_081594.jpg,0.2,0.0
20260317_231515_120581,img_20260317_231515_120581.jpg,0.2,-0.1
20260317_231515_183881,img_20260317_231515_183881.jpg,0.2,-0.1
20260317_231515_233590,img_20260317_231515_233590.jpg,0.2,-0.1
20260317_231515_284869,img_20260317_231515_284869.jpg,0.2,-0.1
20260317_231515_323977,img_20260317_231515_323977.jpg,0.2,-0.1
20260317_231515_374465,img_20260317_231515_374465.jpg,0.2,-0.1
20260317_231515_423002,img_20260317_231515_423002.jpg,0.2,0.0
20260317_231515_477975,img_20260317_231515_477975.jpg,0.2,0.0
20260317_231515_525762,img_20260317_231515_525762.jpg,0.2,0.0
20260317_231515_577514,img_20260317_231515_577514.jpg,0.2,0.0
20260317_231515_627667,img_20260317_231515_627667.jpg,0.2,0.0
20260317_231515_687198,img_20260317_231515_687198.jpg,0.2,0.0
20260317_231515_726981,img_20260317_231515_726981.jpg,0.2,0.0
20260317_231515_779663,img_20260317_231515_779663.jpg,0.2,0.0
20260317_231515_842883,img_20260317_231515_842883.jpg,0.2,0.0
20260317_231515_882519,img_20260317_231515_882519.jpg,0.2,0.0
20260317_231515_941822,img_20260317_231515_941822.jpg,0.2,0.0
20260317_231515_995050,img_20260317_231515_995050.jpg,0.2,0.0
20260317_231516_037539,img_20260317_231516_037539.jpg,0.2,0.0
20260317_231516_083972,img_20260317_231516_083972.jpg,0.2,0.0
20260317_231516_148254,img_20260317_231516_148254.jpg,0.2,0.0
20260317_231516_189431,img_20260317_231516_189431.jpg,0.2,0.0
20260317_231516_248683,img_20260317_231516_248683.jpg,0.2,-0.1
20260317_231516_303796,img_20260317_231516_303796.jpg,0.2,-0.1
20260317_231516_341864,img_20260317_231516_341864.jpg,0.2,-0.1
20260317_231516_389863,img_20260317_231516_389863.jpg,0.2,0.0
20260317_231516_441290,img_20260317_231516_441290.jpg,0.2,0.0
20260317_231516_496249,img_20260317_231516_496249.jpg,0.2,0.0
20260317_231516_556489,img_20260317_231516_556489.jpg,0.2,0.0
20260317_231516_596890,img_20260317_231516_596890.jpg,0.2,0.0
20260317_231516_647378,img_20260317_231516_647378.jpg,0.2,0.0
20260317_231516_709642,img_20260317_231516_709642.jpg,0.2,0.0
20260317_231516_751998,img_20260317_231516_751998.jpg,0.2,0.0
20260317_231516_809279,img_20260317_231516_809279.jpg,0.2,0.0
20260317_231516_853105,img_20260317_231516_853105.jpg,0.2,0.0
20260317_231516_901938,img_20260317_231516_901938.jpg,0.2,-0.1
20260317_231516_952171,img_20260317_231516_952171.jpg,0.2,-0.1
20260317_231517_017928,img_20260317_231517_017928.jpg,0.2,-0.1
20260317_231517_055341,img_20260317_231517_055341.jpg,0.2,0.0
20260317_231517_107921,img_20260317_231517_107921.jpg,0.2,0.0
20260317_231517_165914,img_20260317_231517_165914.jpg,0.2,0.0
20260317_231517_209702,img_20260317_231517_209702.jpg,0.2,0.0
20260317_231517_259438,img_20260317_231517_259438.jpg,0.2,0.0
20260317_231517_310453,img_20260317_231517_310453.jpg,0.2,0.0
20260317_231517_361132,img_20260317_231517_361132.jpg,0.2,0.0
20260317_231517_415819,img_20260317_231517_415819.jpg,0.2,0.0
20260317_231517_462696,img_20260317_231517_462696.jpg,0.2,0.0
20260317_231517_526143,img_20260317_231517_526143.jpg,0.2,0.0
20260317_231517_565778,img_20260317_231517_565778.jpg,0.2,0.0
20260317_231517_627951,img_20260317_231517_627951.jpg,0.2,0.0
20260317_231517_678830,img_20260317_231517_678830.jpg,0.2,-0.1
20260317_231517_721544,img_20260317_231517_721544.jpg,0.2,-0.1
20260317_231517_773333,img_20260317_231517_773333.jpg,0.2,-0.1
20260317_231517_824153,img_20260317_231517_824153.jpg,0.2,0.0
20260317_231517_883360,img_20260317_231517_883360.jpg,0.2,0.0
20260317_231517_923672,img_20260317_231517_923672.jpg,0.2,0.0
20260317_231517_978394,img_20260317_231517_978394.jpg,0.2,0.0
20260317_231518_028290,img_20260317_231518_028290.jpg,0.2,0.0
20260317_231518_088424,img_20260317_231518_088424.jpg,0.2,0.0
20260317_231518_126878,img_20260317_231518_126878.jpg,0.2,0.0
20260317_231518_176752,img_20260317_231518_176752.jpg,0.2,0.0
20260317_231518_236030,img_20260317_231518_236030.jpg,0.2,0.0
20260317_231518_289315,img_20260317_231518_289315.jpg,0.2,0.0
20260317_231518_341110,img_20260317_231518_341110.jpg,0.2,-0.1
20260317_231518_383377,img_20260317_231518_383377.jpg,0.2,-0.1
20260317_231518_430571,img_20260317_231518_430571.jpg,0.2,-0.1
20260317_231518_483670,img_20260317_231518_483670.jpg,0.2,0.0
20260317_231518_543357,img_20260317_231518_543357.jpg,0.2,0.0
20260317_231518_586295,img_20260317_231518_586295.jpg,0.2,0.0
20260317_231518_636478,img_20260317_231518_636478.jpg,0.2,0.0
20260317_231518_686440,img_20260317_231518_686440.jpg,0.2,0.0
20260317_231518_737797,img_20260317_231518_737797.jpg,0.2,0.0
20260317_231518_788295,img_20260317_231518_788295.jpg,0.2,0.0
20260317_231518_838264,img_20260317_231518_838264.jpg,0.2,0.0
20260317_231518_888829,img_20260317_231518_888829.jpg,0.2,0.0
20260317_231518_939064,img_20260317_231518_939064.jpg,0.2,0.0
20260317_231518_989616,img_20260317_231518_989616.jpg,0.2,0.0
20260317_231519_042317,img_20260317_231519_042317.jpg,0.2,0.0
20260317_231519_092738,img_20260317_231519_092738.jpg,0.2,-0.1
20260317_231519_154025,img_20260317_231519_154025.jpg,0.2,-0.1
20260317_231519_194094,img_20260317_231519_194094.jpg,0.2,-0.1
20260317_231519_244777,img_20260317_231519_244777.jpg,0.2,0.0
20260317_231519_295192,img_20260317_231519_295192.jpg,0.2,0.0
20260317_231519_347299,img_20260317_231519_347299.jpg,0.2,0.0
20260317_231519_398695,img_20260317_231519_398695.jpg,0.2,0.0
20260317_231519_448065,img_20260317_231519_448065.jpg,0.2,0.0
20260317_231519_496531,img_20260317_231519_496531.jpg,0.2,0.0
20260317_231519_550758,img_20260317_231519_550758.jpg,0.2,0.0
20260317_231519_601858,img_20260317_231519_601858.jpg,0.2,-0.1
20260317_231519_652998,img_20260317_231519_652998.jpg,0.2,-0.1
20260317_231519_712462,img_20260317_231519_712462.jpg,0.2,-0.1
20260317_231519_762896,img_20260317_231519_762896.jpg,0.2,0.0
20260317_231519_805759,img_20260317_231519_805759.jpg,0.2,0.0
20260317_231519_865786,img_20260317_231519_865786.jpg,0.2,0.0
20260317_231519_905292,img_20260317_231519_905292.jpg,0.2,0.0
20260317_231519_956239,img_20260317_231519_956239.jpg,0.2,0.0
20260317_231520_007833,img_20260317_231520_007833.jpg,0.2,0.0
20260317_231520_057425,img_20260317_231520_057425.jpg,0.2,0.0
20260317_231520_120399,img_20260317_231520_120399.jpg,0.2,0.0
20260317_231520_159074,img_20260317_231520_159074.jpg,0.2,0.0
20260317_231520_210787,img_20260317_231520_210787.jpg,0.2,0.0
20260317_231520_273440,img_20260317_231520_273440.jpg,0.2,0.0
20260317_231520_324701,img_20260317_231520_324701.jpg,0.2,0.0
20260317_231520_363446,img_20260317_231520_363446.jpg,0.2,0.0
20260317_231520_415589,img_20260317_231520_415589.jpg,0.2,0.0
20260317_231520_467200,img_20260317_231520_467200.jpg,0.2,0.0
20260317_231520_519320,img_20260317_231520_519320.jpg,0.2,0.0
20260317_231520_579894,img_20260317_231520_579894.jpg,0.2,0.0
20260317_231520_631144,img_20260317_231520_631144.jpg,0.2,-0.1
20260317_231520_669643,img_20260317_231520_669643.jpg,0.2,-0.1
20260317_231520_722175,img_20260317_231520_722175.jpg,0.2,-0.1
20260317_231520_782518,img_20260317_231520_782518.jpg,0.2,-0.1
20260317_231520_834427,img_20260317_231520_834427.jpg,0.2,-0.1
20260317_231520_883075,img_20260317_231520_883075.jpg,0.2,0.0
20260317_231520_931570,img_20260317_231520_931570.jpg,0.2,0.0
20260317_231520_984809,img_20260317_231520_984809.jpg,0.2,0.0
20260317_231521_022744,img_20260317_231521_022744.jpg,0.2,0.0
20260317_231521_073823,img_20260317_231521_073823.jpg,0.2,0.0
20260317_231521_137525,img_20260317_231521_137525.jpg,0.2,0.0
20260317_231521_184996,img_20260317_231521_184996.jpg,0.2,0.0
20260317_231521_237432,img_20260317_231521_237432.jpg,0.2,0.0
20260317_231521_287392,img_20260317_231521_287392.jpg,0.2,0.0
20260317_231521_329521,img_20260317_231521_329521.jpg,0.2,0.0
20260317_231521_377582,img_20260317_231521_377582.jpg,0.2,0.0
20260317_231521_438584,img_20260317_231521_438584.jpg,0.2,0.0
20260317_231521_480278,img_20260317_231521_480278.jpg,0.2,-0.1
20260317_231521_542311,img_20260317_231521_542311.jpg,0.2,-0.1
20260317_231521_582989,img_20260317_231521_582989.jpg,0.2,-0.1
20260317_231521_644522,img_20260317_231521_644522.jpg,0.2,-0.1
20260317_231521_682514,img_20260317_231521_682514.jpg,0.2,-0.1
20260317_231521_732990,img_20260317_231521_732990.jpg,0.2,-0.1
20260317_231521_784040,img_20260317_231521_784040.jpg,0.2,-0.1
20260317_231521_837461,img_20260317_231521_837461.jpg,0.2,-0.1
20260317_231521_899648,img_20260317_231521_899648.jpg,0.2,-0.1
20260317_231521_937593,img_20260317_231521_937593.jpg,0.2,-0.1
20260317_231521_996953,img_20260317_231521_996953.jpg,0.2,-0.1
20260317_231522_038858,img_20260317_231522_038858.jpg,0.2,-0.1
20260317_231522_089175,img_20260317_231522_089175.jpg,0.2,0.0
20260317_231522_143416,img_20260317_231522_143416.jpg,0.2,0.0
20260317_231522_202672,img_20260317_231522_202672.jpg,0.2,0.0
20260317_231522_241236,img_20260317_231522_241236.jpg,0.2,0.0
20260317_231522_303584,img_20260317_231522_303584.jpg,0.2,0.0
20260317_231522_343392,img_20260317_231522_343392.jpg,0.2,0.0
20260317_231522_405061,img_20260317_231522_405061.jpg,0.2,0.0
20260317_231522_454788,img_20260317_231522_454788.jpg,0.2,0.0
20260317_231522_495304,img_20260317_231522_495304.jpg,0.2,0.0
20260317_231522_546382,img_20260317_231522_546382.jpg,0.2,0.0
20260317_231522_608480,img_20260317_231522_608480.jpg,0.2,0.0
20260317_231522_648235,img_20260317_231522_648235.jpg,0.2,0.0
20260317_231522_697086,img_20260317_231522_697086.jpg,0.2,0.0
20260317_231522_750540,img_20260317_231522_750540.jpg,0.2,0.0
20260317_231522_811651,img_20260317_231522_811651.jpg,0.2,0.0
20260317_231522_852729,img_20260317_231522_852729.jpg,0.2,0.0
20260317_231522_902664,img_20260317_231522_902664.jpg,0.2,0.0
20260317_231522_952702,img_20260317_231522_952702.jpg,0.2,-0.1
20260317_231523_004901,img_20260317_231523_004901.jpg,0.2,-0.1
20260317_231523_057345,img_20260317_231523_057345.jpg,0.2,-0.1
20260317_231523_111125,img_20260317_231523_111125.jpg,0.2,0.0
20260317_231523_159964,img_20260317_231523_159964.jpg,0.2,0.0
20260317_231523_211129,img_20260317_231523_211129.jpg,0.2,0.0
20260317_231523_260031,img_20260317_231523_260031.jpg,0.2,0.0
20260317_231523_321893,img_20260317_231523_321893.jpg,0.2,0.0
20260317_231523_363542,img_20260317_231523_363542.jpg,0.2,0.0
20260317_231523_415698,img_20260317_231523_415698.jpg,0.2,0.0
20260317_231523_474251,img_20260317_231523_474251.jpg,0.2,0.0
20260317_231523_524832,img_20260317_231523_524832.jpg,0.2,0.0
20260317_231523_576943,img_20260317_231523_576943.jpg,0.2,0.0
20260317_231523_629831,img_20260317_231523_629831.jpg,0.2,0.0
20260317_231523_670425,img_20260317_231523_670425.jpg,0.2,-0.1
20260317_231523_730652,img_20260317_231523_730652.jpg,0.2,-0.1
20260317_231523_771971,img_20260317_231523_771971.jpg,0.2,-0.1
20260317_231523_820796,img_20260317_231523_820796.jpg,0.2,0.0
20260317_231523_885828,img_20260317_231523_885828.jpg,0.2,0.0
20260317_231523_924321,img_20260317_231523_924321.jpg,0.2,0.0
20260317_231523_975398,img_20260317_231523_975398.jpg,0.2,0.0
20260317_231524_037552,img_20260317_231524_037552.jpg,0.2,0.0
20260317_231524_090552,img_20260317_231524_090552.jpg,0.2,0.0
20260317_231524_129786,img_20260317_231524_129786.jpg,0.2,0.0
20260317_231524_192903,img_20260317_231524_192903.jpg,0.2,0.0
20260317_231524_231744,img_20260317_231524_231744.jpg,0.2,0.0
20260317_231524_293941,img_20260317_231524_293941.jpg,0.2,0.0
20260317_231524_333866,img_20260317_231524_333866.jpg,0.2,0.0
20260317_231524_384190,img_20260317_231524_384190.jpg,0.2,-0.1
20260317_231524_445522,img_20260317_231524_445522.jpg,0.2,-0.1
20260317_231524_495949,img_20260317_231524_495949.jpg,0.2,-0.1
20260317_231524_548427,img_20260317_231524_548427.jpg,0.2,0.0
20260317_231524_605198,img_20260317_231524_605198.jpg,0.2,0.0
20260317_231524_652412,img_20260317_231524_652412.jpg,0.2,0.0
20260317_231524_693776,img_20260317_231524_693776.jpg,0.2,0.0
20260317_231524_751881,img_20260317_231524_751881.jpg,0.2,0.0
20260317_231524_802227,img_20260317_231524_802227.jpg,0.2,0.0
20260317_231524_855604,img_20260317_231524_855604.jpg,0.2,0.0
20260317_231524_897119,img_20260317_231524_897119.jpg,0.2,0.0
20260317_231524_947043,img_20260317_231524_947043.jpg,0.2,-0.1
20260317_231524_999826,img_20260317_231524_999826.jpg,0.2,-0.1
20260317_231525_049439,img_20260317_231525_049439.jpg,0.2,-0.1
20260317_231525_100748,img_20260317_231525_100748.jpg,0.2,-0.1
20260317_231525_148287,img_20260317_231525_148287.jpg,0.2,0.0
20260317_231525_214519,img_20260317_231525_214519.jpg,0.2,0.0
20260317_231525_254326,img_20260317_231525_254326.jpg,0.2,0.0
20260317_231525_310013,img_20260317_231525_310013.jpg,0.2,0.0
20260317_231525_361760,img_20260317_231525_361760.jpg,0.2,0.0
20260317_231525_412707,img_20260317_231525_412707.jpg,0.2,0.0
20260317_231525_452793,img_20260317_231525_452793.jpg,0.2,0.0
20260317_231525_515348,img_20260317_231525_515348.jpg,0.2,0.0
20260317_231525_566665,img_20260317_231525_566665.jpg,0.2,0.0
20260317_231525_618843,img_20260317_231525_618843.jpg,0.2,0.0
20260317_231525_669095,img_20260317_231525_669095.jpg,0.2,0.0
20260317_231525_709011,img_20260317_231525_709011.jpg,0.2,0.0
20260317_231525_770040,img_20260317_231525_770040.jpg,0.2,-0.1
20260317_231525_810704,img_20260317_231525_810704.jpg,0.2,-0.1
20260317_231525_869881,img_20260317_231525_869881.jpg,0.2,-0.1
20260317_231525_912533,img_20260317_231525_912533.jpg,0.2,0.0
20260317_231525_969502,img_20260317_231525_969502.jpg,0.2,0.0
20260317_231526_022038,img_20260317_231526_022038.jpg,0.2,0.0
20260317_231526_059997,img_20260317_231526_059997.jpg,0.2,0.0
20260317_231526_119745,img_20260317_231526_119745.jpg,0.2,0.0
20260317_231526_162180,img_20260317_231526_162180.jpg,0.2,0.0
20260317_231526_214684,img_20260317_231526_214684.jpg,0.2,0.0
20260317_231526_264206,img_20260317_231526_264206.jpg,0.2,0.0
20260317_231526_314092,img_20260317_231526_314092.jpg,0.2,0.0
20260317_231526_363887,img_20260317_231526_363887.jpg,0.2,0.0
20260317_231526_415310,img_20260317_231526_415310.jpg,0.2,-0.1
20260317_231526_478374,img_20260317_231526_478374.jpg,0.2,-0.1
20260317_231526_528096,img_20260317_231526_528096.jpg,0.2,-0.1
20260317_231526_570659,img_20260317_231526_570659.jpg,0.2,0.0
20260317_231526_617673,img_20260317_231526_617673.jpg,0.2,0.0
20260317_231525_988918,img_20260317_231525_988918.jpg,0.2,0.0
20260317_231526_038847,img_20260317_231526_038847.jpg,0.2,0.0
20260317_231526_100159,img_20260317_231526_100159.jpg,0.2,0.0
20260317_231526_142128,img_20260317_231526_142128.jpg,0.2,0.0
20260317_231526_192934,img_20260317_231526_192934.jpg,0.2,0.0
20260317_231526_244380,img_20260317_231526_244380.jpg,0.2,-0.1
20260317_231526_296628,img_20260317_231526_296628.jpg,0.2,-0.1
20260317_231526_347917,img_20260317_231526_347917.jpg,0.2,-0.1
20260317_231526_397424,img_20260317_231526_397424.jpg,0.2,-0.1
20260317_231526_448084,img_20260317_231526_448084.jpg,0.2,0.0
20260317_231526_511683,img_20260317_231526_511683.jpg,0.2,0.0
20260317_231526_550878,img_20260317_231526_550878.jpg,0.2,0.0
20260317_231526_613371,img_20260317_231526_613371.jpg,0.2,0.0
20260317_231526_653357,img_20260317_231526_653357.jpg,0.2,0.0
20260317_231526_705043,img_20260317_231526_705043.jpg,0.2,0.0
20260317_231526_754004,img_20260317_231526_754004.jpg,0.2,0.0
20260317_231526_804368,img_20260317_231526_804368.jpg,0.2,0.0
20260317_231526_857362,img_20260317_231526_857362.jpg,0.2,0.0
20260317_231526_908961,img_20260317_231526_908961.jpg,0.2,0.0
20260317_231526_957551,img_20260317_231526_957551.jpg,0.2,0.0
20260317_231527_008273,img_20260317_231527_008273.jpg,0.2,0.0
20260317_231527_059658,img_20260317_231527_059658.jpg,0.2,0.0
20260317_231527_119285,img_20260317_231527_119285.jpg,0.2,0.0
20260317_231527_172735,img_20260317_231527_172735.jpg,0.2,0.0
20260317_231527_209092,img_20260317_231527_209092.jpg,0.2,0.0
20260317_231527_270520,img_20260317_231527_270520.jpg,0.2,0.0
20260317_231527_313827,img_20260317_231527_313827.jpg,0.2,0.0
20260317_231527_364887,img_20260317_231527_364887.jpg,0.2,0.0
20260317_231527_413896,img_20260317_231527_413896.jpg,0.2,0.0
20260317_231527_465594,img_20260317_231527_465594.jpg,0.2,0.0
20260317_231527_513031,img_20260317_231527_513031.jpg,0.2,0.0
20260317_231527_576380,img_20260317_231527_576380.jpg,0.2,0.0
20260317_231527_617455,img_20260317_231527_617455.jpg,0.2,0.0
20260317_231527_664716,img_20260317_231527_664716.jpg,0.2,0.0
20260317_231527_727252,img_20260317_231527_727252.jpg,0.2,0.0
20260317_231527_780343,img_20260317_231527_780343.jpg,0.2,0.0
20260317_231527_821175,img_20260317_231527_821175.jpg,0.2,0.0
20260317_231527_869936,img_20260317_231527_869936.jpg,0.2,-0.1
20260317_231527_921520,img_20260317_231527_921520.jpg,0.2,-0.1
20260317_231527_984805,img_20260317_231527_984805.jpg,0.2,-0.1
20260317_231528_024473,img_20260317_231528_024473.jpg,0.2,-0.1
20260317_231528_085278,img_20260317_231528_085278.jpg,0.2,0.0
20260317_231528_126839,img_20260317_231528_126839.jpg,0.2,0.0
20260317_231528_178079,img_20260317_231528_178079.jpg,0.2,0.0
20260317_231528_227275,img_20260317_231528_227275.jpg,0.2,0.0
20260317_231528_279607,img_20260317_231528_279607.jpg,0.2,0.0
20260317_231528_328461,img_20260317_231528_328461.jpg,0.2,0.0
20260317_231528_381370,img_20260317_231528_381370.jpg,0.2,0.0
20260317_231528_430021,img_20260317_231528_430021.jpg,0.2,0.0
20260317_231528_491387,img_20260317_231528_491387.jpg,0.2,0.0
20260317_231528_536120,img_20260317_231528_536120.jpg,0.2,0.0
20260317_231528_584274,img_20260317_231528_584274.jpg,0.2,0.0
20260317_231528_635025,img_20260317_231528_635025.jpg,0.2,0.0
20260317_231528_695571,img_20260317_231528_695571.jpg,0.2,0.0
20260317_231528_736412,img_20260317_231528_736412.jpg,0.2,0.0
20260317_231528_788473,img_20260317_231528_788473.jpg,0.2,0.0
20260317_231528_838216,img_20260317_231528_838216.jpg,0.2,0.0
20260317_231528_900032,img_20260317_231528_900032.jpg,0.2,0.0
20260317_231528_935954,img_20260317_231528_935954.jpg,0.2,0.0
20260317_231528_986903,img_20260317_231528_986903.jpg,0.2,0.0
20260317_231529_041429,img_20260317_231529_041429.jpg,0.2,0.0
20260317_231529_091567,img_20260317_231529_091567.jpg,0.2,0.0
20260317_231529_154102,img_20260317_231529_154102.jpg,0.2,0.0
20260317_231529_204443,img_20260317_231529_204443.jpg,0.2,0.0
20260317_231529_243560,img_20260317_231529_243560.jpg,0.2,0.0
20260317_231529_297467,img_20260317_231529_297467.jpg,0.2,0.0
20260317_231529_355553,img_20260317_231529_355553.jpg,0.2,0.0
20260317_231529_409106,img_20260317_231529_409106.jpg,0.2,0.0
20260317_231529_450003,img_20260317_231529_450003.jpg,0.2,0.0
20260317_231529_515632,img_20260317_231529_515632.jpg,0.2,0.0
20260317_231529_562941,img_20260317_231529_562941.jpg,0.2,0.0
20260317_231529_614930,img_20260317_231529_614930.jpg,0.2,0.0
20260317_231529_656414,img_20260317_231529_656414.jpg,0.2,0.0
20260317_231529_716583,img_20260317_231529_716583.jpg,0.2,-0.1
20260317_231529_755315,img_20260317_231529_755315.jpg,0.2,-0.1
20260317_231529_808749,img_20260317_231529_808749.jpg,0.2,-0.1
20260317_231529_855779,img_20260317_231529_855779.jpg,0.2,0.0
20260317_231529_907406,img_20260317_231529_907406.jpg,0.2,0.0
20260317_231529_957328,img_20260317_231529_957328.jpg,0.2,0.0
20260317_231530_009880,img_20260317_231530_009880.jpg,0.2,0.0
20260317_231530_060879,img_20260317_231530_060879.jpg,0.2,0.0
20260317_231530_109056,img_20260317_231530_109056.jpg,0.2,0.0
20260317_231530_169646,img_20260317_231530_169646.jpg,0.2,0.0
20260317_231530_210472,img_20260317_231530_210472.jpg,0.2,0.0
20260317_231530_266170,img_20260317_231530_266170.jpg,0.2,0.0
20260317_231530_323420,img_20260317_231530_323420.jpg,0.2,0.0
20260317_231530_373752,img_20260317_231530_373752.jpg,0.2,0.0
20260317_231530_424362,img_20260317_231530_424362.jpg,0.2,0.0
20260317_231530_468031,img_20260317_231530_468031.jpg,0.2,0.0
20260317_231530_517476,img_20260317_231530_517476.jpg,0.2,0.0
20260317_231530_568493,img_20260317_231530_568493.jpg,0.2,0.0
20260317_231530_630838,img_20260317_231530_630838.jpg,0.2,0.0
20260317_231530_672554,img_20260317_231530_672554.jpg,0.2,0.0
20260317_231530_731209,img_20260317_231530_731209.jpg,0.2,0.0
20260317_231530_772686,img_20260317_231530_772686.jpg,0.2,0.0
20260317_231530_833772,img_20260317_231530_833772.jpg,0.2,0.0
20260317_231530_872997,img_20260317_231530_872997.jpg,0.2,0.0
20260317_231530_921707,img_20260317_231530_921707.jpg,0.2,0.0
20260317_231530_984845,img_20260317_231530_984845.jpg,0.2,0.0
20260317_231531_024075,img_20260317_231531_024075.jpg,0.2,0.0
20260317_231531_075387,img_20260317_231531_075387.jpg,0.2,0.0
20260317_231531_125012,img_20260317_231531_125012.jpg,0.2,0.0
20260317_231531_175729,img_20260317_231531_175729.jpg,0.2,0.0
20260317_231531_227302,img_20260317_231531_227302.jpg,0.2,0.0
20260317_231531_278028,img_20260317_231531_278028.jpg,0.2,0.0
20260317_231531_328249,img_20260317_231531_328249.jpg,0.2,0.0
20260317_231531_389139,img_20260317_231531_389139.jpg,0.2,0.0
20260317_231531_429880,img_20260317_231531_429880.jpg,0.2,0.0
20260317_231531_493010,img_20260317_231531_493010.jpg,0.2,0.0
20260317_231531_532831,img_20260317_231531_532831.jpg,0.2,0.0
20260317_231531_584009,img_20260317_231531_584009.jpg,0.2,0.0
20260317_231531_633132,img_20260317_231531_633132.jpg,0.2,0.0
20260317_231531_685200,img_20260317_231531_685200.jpg,0.2,0.0
20260317_231531_733307,img_20260317_231531_733307.jpg,0.2,0.0
20260317_231531_784787,img_20260317_231531_784787.jpg,0.2,0.0
20260317_231531_835406,img_20260317_231531_835406.jpg,0.2,0.0
20260317_231531_886605,img_20260317_231531_886605.jpg,0.2,0.0
20260317_231531_936953,img_20260317_231531_936953.jpg,0.2,0.0
20260317_231531_988749,img_20260317_231531_988749.jpg,0.2,0.0
20260317_231532_037834,img_20260317_231532_037834.jpg,0.2,0.0
20260317_231532_100096,img_20260317_231532_100096.jpg,0.2,0.0
20260317_231532_138777,img_20260317_231532_138777.jpg,0.2,0.0
20260317_231532_198755,img_20260317_231532_198755.jpg,0.2,0.0
20260317_231532_240195,img_20260317_231532_240195.jpg,0.2,0.0
20260317_231532_302677,img_20260317_231532_302677.jpg,0.2,0.0
20260317_231532_342878,img_20260317_231532_342878.jpg,0.2,0.0
20260317_231532_391874,img_20260317_231532_391874.jpg,0.2,0.0
20260317_231532_443821,img_20260317_231532_443821.jpg,0.2,0.0
20260317_231532_496262,img_20260317_231532_496262.jpg,0.2,0.0
20260317_231532_556642,img_20260317_231532_556642.jpg,0.2,0.0
20260317_231532_607811,img_20260317_231532_607811.jpg,0.2,0.0
20260317_231532_657426,img_20260317_231532_657426.jpg,0.2,0.0
20260317_231532_698757,img_20260317_231532_698757.jpg,0.2,0.0
20260317_231532_759908,img_20260317_231532_759908.jpg,0.2,0.0
20260317_231532_811046,img_20260317_231532_811046.jpg,0.2,0.0
20260317_231532_861450,img_20260317_231532_861450.jpg,0.2,0.0
20260317_231532_901093,img_20260317_231532_901093.jpg,0.2,0.0
20260317_231532_962301,img_20260317_231532_962301.jpg,0.2,0.0
20260317_231533_002102,img_20260317_231533_002102.jpg,0.2,0.0
20260317_231533_061672,img_20260317_231533_061672.jpg,0.2,0.0
20260317_231533_103194,img_20260317_231533_103194.jpg,0.2,0.0
20260317_231533_164145,img_20260317_231533_164145.jpg,0.2,0.0
20260317_231533_203855,img_20260317_231533_203855.jpg,0.2,0.0
20260317_231533_266785,img_20260317_231533_266785.jpg,0.2,0.0
20260317_231533_307558,img_20260317_231533_307558.jpg,0.2,0.0
20260317_231533_358673,img_20260317_231533_358673.jpg,0.2,0.0
20260317_231533_408961,img_20260317_231533_408961.jpg,0.2,0.0
20260317_231533_459304,img_20260317_231533_459304.jpg,0.2,0.0
20260317_231533_523966,img_20260317_231533_523966.jpg,0.2,0.0
20260317_231533_561675,img_20260317_231533_561675.jpg,0.2,0.0
20260317_231533_613158,img_20260317_231533_613158.jpg,0.2,0.0
20260317_231533_663562,img_20260317_231533_663562.jpg,0.2,0.0
20260317_231533_713214,img_20260317_231533_713214.jpg,0.2,0.0
20260317_231533_774852,img_20260317_231533_774852.jpg,0.2,0.0
20260317_231533_812124,img_20260317_231533_812124.jpg,0.2,0.0
20260317_231533_865876,img_20260317_231533_865876.jpg,0.2,0.0
20260317_231533_918510,img_20260317_231533_918510.jpg,0.2,0.0
20260317_231533_981056,img_20260317_231533_981056.jpg,0.2,0.0
20260317_231534_019194,img_20260317_231534_019194.jpg,0.2,0.0
20260317_231534_073001,img_20260317_231534_073001.jpg,0.2,0.0
20260317_231534_123811,img_20260317_231534_123811.jpg,0.2,0.0
20260317_231534_183369,img_20260317_231534_183369.jpg,0.2,0.0
20260317_231534_224546,img_20260317_231534_224546.jpg,0.2,0.0
20260317_231534_273879,img_20260317_231534_273879.jpg,0.2,0.0
20260317_231534_326179,img_20260317_231534_326179.jpg,0.2,0.0
20260317_231534_389013,img_20260317_231534_389013.jpg,0.2,0.0
20260317_231534_429302,img_20260317_231534_429302.jpg,0.2,0.0
20260317_231534_479347,img_20260317_231534_479347.jpg,0.2,0.0
20260317_231534_528623,img_20260317_231534_528623.jpg,0.2,0.0
20260317_231534_581032,img_20260317_231534_581032.jpg,0.2,0.0
20260317_231534_630247,img_20260317_231534_630247.jpg,0.2,0.0
20260317_231534_684245,img_20260317_231534_684245.jpg,0.2,0.0
20260317_231534_743701,img_20260317_231534_743701.jpg,0.2,0.0
20260317_231534_796913,img_20260317_231534_796913.jpg,0.2,0.0
20260317_231534_846713,img_20260317_231534_846713.jpg,0.2,0.0
20260317_231534_899424,img_20260317_231534_899424.jpg,0.2,0.0
20260317_231534_948925,img_20260317_231534_948925.jpg,0.2,0.0
20260317_231535_000596,img_20260317_231535_000596.jpg,0.2,0.0
20260317_231535_042710,img_20260317_231535_042710.jpg,0.2,0.0
20260317_231535_093508,img_20260317_231535_093508.jpg,0.2,0.0
20260317_231535_144345,img_20260317_231535_144345.jpg,0.2,0.0
20260317_231535_197392,img_20260317_231535_197392.jpg,0.2,0.0
20260317_231535_248464,img_20260317_231535_248464.jpg,0.2,0.0
20260317_231535_308901,img_20260317_231535_308901.jpg,0.2,0.0
20260317_231535_348865,img_20260317_231535_348865.jpg,0.2,0.0
20260317_231535_398761,img_20260317_231535_398761.jpg,0.2,0.0
20260317_231535_451881,img_20260317_231535_451881.jpg,0.2,0.0
20260317_231535_511520,img_20260317_231535_511520.jpg,0.2,0.0
20260317_231535_565095,img_20260317_231535_565095.jpg,0.2,0.0
20260317_231535_613403,img_20260317_231535_613403.jpg,0.2,0.0
20260317_231535_667066,img_20260317_231535_667066.jpg,0.2,0.0
20260317_231535_716410,img_20260317_231535_716410.jpg,0.2,0.0
20260317_231535_754519,img_20260317_231535_754519.jpg,0.2,0.0
20260317_231535_811001,img_20260317_231535_811001.jpg,0.2,0.0
20260317_231535_855928,img_20260317_231535_855928.jpg,0.2,0.0
20260317_231535_920890,img_20260317_231535_920890.jpg,0.2,0.0
20260317_231535_958027,img_20260317_231535_958027.jpg,0.2,0.0
20260317_231536_021404,img_20260317_231536_021404.jpg,0.2,0.0
20260317_231536_061363,img_20260317_231536_061363.jpg,0.2,0.0
20260317_231536_123417,img_20260317_231536_123417.jpg,0.2,0.0
20260317_231536_163694,img_20260317_231536_163694.jpg,0.2,0.0
20260317_231536_213421,img_20260317_231536_213421.jpg,0.2,0.0
20260317_231536_275123,img_20260317_231536_275123.jpg,0.2,0.0
20260317_231536_326008,img_20260317_231536_326008.jpg,0.2,0.0
20260317_231536_376336,img_20260317_231536_376336.jpg,0.2,0.0
20260317_231536_415287,img_20260317_231536_415287.jpg,0.2,0.0
20260317_231536_469700,img_20260317_231536_469700.jpg,0.2,0.0
20260317_231536_528349,img_20260317_231536_528349.jpg,0.2,0.0
20260317_231536_571666,img_20260317_231536_571666.jpg,0.2,0.0
20260317_231536_621426,img_20260317_231536_621426.jpg,0.2,0.0
20260317_231536_671255,img_20260317_231536_671255.jpg,0.2,0.0
20260317_231536_738297,img_20260317_231536_738297.jpg,0.2,0.0
20260317_231536_772589,img_20260317_231536_772589.jpg,0.2,0.0
20260317_231536_836460,img_20260317_231536_836460.jpg,0.2,0.0
20260317_231536_889164,img_20260317_231536_889164.jpg,0.2,0.0
20260317_231536_938403,img_20260317_231536_938403.jpg,0.2,0.0
20260317_231536_989949,img_20260317_231536_989949.jpg,0.2,0.0
20260317_231537_041036,img_20260317_231537_041036.jpg,0.2,0.0
20260317_231537_084281,img_20260317_231537_084281.jpg,0.2,0.0
20260317_231537_131712,img_20260317_231537_131712.jpg,0.2,0.0
20260317_231537_191872,img_20260317_231537_191872.jpg,0.2,0.0
20260317_231537_232204,img_20260317_231537_232204.jpg,0.2,0.0
20260317_231537_296511,img_20260317_231537_296511.jpg,0.2,0.0
20260317_231537_346287,img_20260317_231537_346287.jpg,0.2,0.0
20260317_231537_387400,img_20260317_231537_387400.jpg,0.2,0.0
20260317_231537_438118,img_20260317_231537_438118.jpg,0.2,0.0
20260317_231537_486865,img_20260317_231537_486865.jpg,0.2,0.0
20260317_231537_548142,img_20260317_231537_548142.jpg,0.2,0.0
20260317_231537_600367,img_20260317_231537_600367.jpg,0.2,0.0
20260317_231537_650413,img_20260317_231537_650413.jpg,0.2,-0.1
20260317_231537_691151,img_20260317_231537_691151.jpg,0.2,-0.1
20260317_231537_741110,img_20260317_231537_741110.jpg,0.2,-0.1
20260317_231537_792827,img_20260317_231537_792827.jpg,0.2,-0.1
20260317_231537_843655,img_20260317_231537_843655.jpg,0.2,0.0
20260317_231537_904635,img_20260317_231537_904635.jpg,0.2,0.0
20260317_231537_956949,img_20260317_231537_956949.jpg,0.2,0.0
20260317_231537_997008,img_20260317_231537_997008.jpg,0.2,0.0
20260317_231538_046763,img_20260317_231538_046763.jpg,0.2,0.0
20260317_231538_108372,img_20260317_231538_108372.jpg,0.2,0.0
20260317_231538_159604,img_20260317_231538_159604.jpg,0.2,0.0
20260317_231538_203019,img_20260317_231538_203019.jpg,0.2,0.0
20260317_231538_249569,img_20260317_231538_249569.jpg,0.2,0.0
20260317_231538_310651,img_20260317_231538_310651.jpg,0.2,-0.1
20260317_231538_350665,img_20260317_231538_350665.jpg,0.2,-0.1
20260317_231538_404462,img_20260317_231538_404462.jpg,0.2,-0.1
20260317_231538_463252,img_20260317_231538_463252.jpg,0.2,0.0
20260317_231538_513882,img_20260317_231538_513882.jpg,0.2,0.0
20260317_231538_562732,img_20260317_231538_562732.jpg,0.2,0.0
20260317_231538_613898,img_20260317_231538_613898.jpg,0.2,0.0
20260317_231538_656502,img_20260317_231538_656502.jpg,0.2,0.0
20260317_231538_706780,img_20260317_231538_706780.jpg,0.2,0.0
20260317_231538_768222,img_20260317_231538_768222.jpg,0.2,0.0
20260317_231538_808598,img_20260317_231538_808598.jpg,0.2,0.0
20260317_231538_869576,img_20260317_231538_869576.jpg,0.2,0.0
20260317_231538_909465,img_20260317_231538_909465.jpg,0.2,0.0
20260317_231538_962501,img_20260317_231538_962501.jpg,0.2,0.0
20260317_231539_022782,img_20260317_231539_022782.jpg,0.2,0.0
20260317_231539_061918,img_20260317_231539_061918.jpg,0.2,0.0
20260317_231539_110653,img_20260317_231539_110653.jpg,0.2,0.0
20260317_231539_162234,img_20260317_231539_162234.jpg,0.2,0.0
20260317_231539_214235,img_20260317_231539_214235.jpg,0.2,0.0
20260317_231539_264375,img_20260317_231539_264375.jpg,0.2,0.0
20260317_231539_315343,img_20260317_231539_315343.jpg,0.2,0.0
20260317_231539_366008,img_20260317_231539_366008.jpg,0.2,0.0
20260317_231539_416966,img_20260317_231539_416966.jpg,0.2,0.0
20260317_231539_468355,img_20260317_231539_468355.jpg,0.2,0.0
20260317_231539_521882,img_20260317_231539_521882.jpg,0.2,0.0
20260317_231539_572832,img_20260317_231539_572832.jpg,0.2,0.0
20260317_231539_625994,img_20260317_231539_625994.jpg,0.2,0.0
20260317_231539_687777,img_20260317_231539_687777.jpg,0.2,0.0
20260317_231539_726722,img_20260317_231539_726722.jpg,0.2,0.0
20260317_231539_786632,img_20260317_231539_786632.jpg,0.2,0.0
20260317_231539_825884,img_20260317_231539_825884.jpg,0.2,0.0
20260317_231539_878206,img_20260317_231539_878206.jpg,0.2,0.0
20260317_231539_929618,img_20260317_231539_929618.jpg,0.2,-0.1
20260317_231539_979856,img_20260317_231539_979856.jpg,0.2,-0.1
20260317_231540_030197,img_20260317_231540_030197.jpg,0.2,-0.1
20260317_231540_092451,img_20260317_231540_092451.jpg,0.2,0.0
20260317_231540_143527,img_20260317_231540_143527.jpg,0.2,0.0
20260317_231540_195895,img_20260317_231540_195895.jpg,0.2,0.0
20260317_231540_245307,img_20260317_231540_245307.jpg,0.2,0.0
20260317_231540_296333,img_20260317_231540_296333.jpg,0.2,0.0
20260317_231540_339241,img_20260317_231540_339241.jpg,0.2,0.0
20260317_231540_389639,img_20260317_231540_389639.jpg,0.2,0.0
20260317_231540_438134,img_20260317_231540_438134.jpg,0.2,0.0
20260317_231540_491176,img_20260317_231540_491176.jpg,0.2,0.0
20260317_231540_540868,img_20260317_231540_540868.jpg,0.2,0.0
20260317_231540_591920,img_20260317_231540_591920.jpg,0.2,0.0
20260317_231540_645042,img_20260317_231540_645042.jpg,0.2,0.0
20260317_231540_706063,img_20260317_231540_706063.jpg,0.2,0.0
20260317_231540_760274,img_20260317_231540_760274.jpg,0.2,0.0
20260317_231540_799858,img_20260317_231540_799858.jpg,0.2,0.0
20260317_231540_859001,img_20260317_231540_859001.jpg,0.2,0.0
20260317_231540_900839,img_20260317_231540_900839.jpg,0.2,0.0
20260317_231540_961714,img_20260317_231540_961714.jpg,0.2,0.0
20260317_231541_013842,img_20260317_231541_013842.jpg,0.2,0.0
20260317_231541_054349,img_20260317_231541_054349.jpg,0.2,0.0
20260317_231541_113369,img_20260317_231541_113369.jpg,0.2,0.0
20260317_231541_165101,img_20260317_231541_165101.jpg,0.2,0.0
20260317_231541_219209,img_20260317_231541_219209.jpg,0.2,0.0
20260317_231541_258771,img_20260317_231541_258771.jpg,0.2,0.0
20260317_231541_318706,img_20260317_231541_318706.jpg,0.2,0.0
20260317_231541_358573,img_20260317_231541_358573.jpg,0.2,0.0
20260317_231541_419143,img_20260317_231541_419143.jpg,0.2,0.0
20260317_231541_461365,img_20260317_231541_461365.jpg,0.2,0.0
20260317_231541_522228,img_20260317_231541_522228.jpg,0.2,0.0
20260317_231541_563157,img_20260317_231541_563157.jpg,0.2,0.0
20260317_231541_616651,img_20260317_231541_616651.jpg,0.2,0.0
20260317_231541_663868,img_20260317_231541_663868.jpg,0.2,0.0
20260317_231541_725838,img_20260317_231541_725838.jpg,0.2,0.0
20260317_231541_766791,img_20260317_231541_766791.jpg,0.2,0.0
20260317_231541_828316,img_20260317_231541_828316.jpg,0.2,0.0
20260317_231541_865658,img_20260317_231541_865658.jpg,0.2,0.0
20260317_231541_917977,img_20260317_231541_917977.jpg,0.2,0.0
20260317_231541_980288,img_20260317_231541_980288.jpg,0.2,0.0
20260317_231542_029645,img_20260317_231542_029645.jpg,0.2,0.0
20260317_231542_080866,img_20260317_231542_080866.jpg,0.2,0.0
20260317_231542_122014,img_20260317_231542_122014.jpg,0.2,0.0
20260317_231542_174697,img_20260317_231542_174697.jpg,0.2,0.0
20260317_231542_234866,img_20260317_231542_234866.jpg,0.2,0.0
20260317_231542_276296,img_20260317_231542_276296.jpg,0.2,0.0
20260317_231542_327150,img_20260317_231542_327150.jpg,0.2,0.0
20260317_231542_379243,img_20260317_231542_379243.jpg,0.2,0.0
20260317_231542_428960,img_20260317_231542_428960.jpg,0.2,0.0
20260317_231542_479735,img_20260317_231542_479735.jpg,0.2,0.0
20260317_231542_540362,img_20260317_231542_540362.jpg,0.2,0.0
20260317_231542_590609,img_20260317_231542_590609.jpg,0.2,0.0
20260317_231542_632409,img_20260317_231542_632409.jpg,0.2,0.0
20260317_231542_693524,img_20260317_231542_693524.jpg,0.2,0.0
20260317_231542_736673,img_20260317_231542_736673.jpg,0.2,0.0
20260317_231542_785524,img_20260317_231542_785524.jpg,0.2,0.0
20260317_231542_845684,img_20260317_231542_845684.jpg,0.2,0.0
20260317_231542_888106,img_20260317_231542_888106.jpg,0.2,0.0
20260317_231542_938399,img_20260317_231542_938399.jpg,0.2,0.0
20260317_231542_999872,img_20260317_231542_999872.jpg,0.2,0.0
20260317_231543_041676,img_20260317_231543_041676.jpg,0.2,0.0
20260317_231543_102456,img_20260317_231543_102456.jpg,0.2,0.0
20260317_231543_155062,img_20260317_231543_155062.jpg,0.2,0.0
20260317_231543_198010,img_20260317_231543_198010.jpg,0.2,0.0
20260317_231543_245094,img_20260317_231543_245094.jpg,0.2,0.0
20260317_231543_296148,img_20260317_231543_296148.jpg,0.2,0.0
20260317_231543_348324,img_20260317_231543_348324.jpg,0.2,0.0
20260317_231543_400743,img_20260317_231543_400743.jpg,0.2,0.0
20260317_231543_449061,img_20260317_231543_449061.jpg,0.2,0.0
20260317_231543_510563,img_20260317_231543_510563.jpg,0.2,0.0
20260317_231543_551737,img_20260317_231543_551737.jpg,0.2,0.0
20260317_231543_601689,img_20260317_231543_601689.jpg,0.2,0.0
20260317_231543_651087,img_20260317_231543_651087.jpg,0.2,0.0
20260317_231543_701804,img_20260317_231543_701804.jpg,0.2,0.0
20260317_231543_764961,img_20260317_231543_764961.jpg,0.2,0.0
20260317_231543_808356,img_20260317_231543_808356.jpg,0.2,0.0
20260317_231543_856615,img_20260317_231543_856615.jpg,0.2,0.0
20260317_231543_919228,img_20260317_231543_919228.jpg,0.2,0.0
20260317_231543_968212,img_20260317_231543_968212.jpg,0.2,0.0
20260317_231544_010649,img_20260317_231544_010649.jpg,0.2,0.0
20260317_231544_058953,img_20260317_231544_058953.jpg,0.2,0.0
20260317_231544_109191,img_20260317_231544_109191.jpg,0.2,0.0
20260317_231544_163611,img_20260317_231544_163611.jpg,0.2,0.0
20260317_231544_225937,img_20260317_231544_225937.jpg,0.2,0.0
20260317_231544_264793,img_20260317_231544_264793.jpg,0.2,0.0
20260317_231544_317757,img_20260317_231544_317757.jpg,0.2,0.0
20260317_231544_379469,img_20260317_231544_379469.jpg,0.2,0.0
20260317_231544_420222,img_20260317_231544_420222.jpg,0.2,0.0
20260317_231544_471656,img_20260317_231544_471656.jpg,0.2,0.0
20260317_231544_522402,img_20260317_231544_522402.jpg,0.2,0.0
20260317_231544_582456,img_20260317_231544_582456.jpg,0.2,0.0
20260317_231544_622505,img_20260317_231544_622505.jpg,0.2,0.0
20260317_231544_675954,img_20260317_231544_675954.jpg,0.2,0.0
20260317_231544_725489,img_20260317_231544_725489.jpg,0.2,0.0
20260317_231544_775381,img_20260317_231544_775381.jpg,0.2,0.0
20260317_231544_836650,img_20260317_231544_836650.jpg,0.2,0.0
20260317_231544_875947,img_20260317_231544_875947.jpg,0.2,0.0
20260317_231544_927051,img_20260317_231544_927051.jpg,0.2,0.0
20260317_231544_987730,img_20260317_231544_987730.jpg,0.2,0.0
20260317_231545_030801,img_20260317_231545_030801.jpg,0.2,0.0
20260317_231545_083171,img_20260317_231545_083171.jpg,0.2,0.0
20260317_231545_141665,img_20260317_231545_141665.jpg,0.2,0.0
20260317_231545_183628,img_20260317_231545_183628.jpg,0.2,0.0
20260317_231545_233453,img_20260317_231545_233453.jpg,0.2,0.0
20260317_231545_285083,img_20260317_231545_285083.jpg,0.2,0.0
20260317_231545_336951,img_20260317_231545_336951.jpg,0.2,0.0
20260317_231545_397253,img_20260317_231545_397253.jpg,0.2,0.0
20260317_231545_448538,img_20260317_231545_448538.jpg,0.2,0.0
20260317_231545_490037,img_20260317_231545_490037.jpg,0.2,0.0
20260317_231545_540539,img_20260317_231545_540539.jpg,0.2,0.0
20260317_231545_592399,img_20260317_231545_592399.jpg,0.2,0.0
20260317_231545_646407,img_20260317_231545_646407.jpg,0.2,0.0
20260317_231545_694202,img_20260317_231545_694202.jpg,0.2,0.0
20260317_231545_747425,img_20260317_231545_747425.jpg,0.2,0.0
20260317_231545_798480,img_20260317_231545_798480.jpg,0.2,0.0
20260317_231545_860538,img_20260317_231545_860538.jpg,0.2,0.0
20260317_231545_911940,img_20260317_231545_911940.jpg,0.2,0.0
20260317_231545_962102,img_20260317_231545_962102.jpg,0.2,0.0
20260317_231546_012824,img_20260317_231546_012824.jpg,0.2,0.0
20260317_231546_054662,img_20260317_231546_054662.jpg,0.2,0.0
20260317_231546_102449,img_20260317_231546_102449.jpg,0.2,0.0
20260317_231546_152189,img_20260317_231546_152189.jpg,0.2,0.0
20260317_231546_205076,img_20260317_231546_205076.jpg,0.2,0.0
20260317_231546_254517,img_20260317_231546_254517.jpg,0.2,0.0
20260317_231546_307022,img_20260317_231546_307022.jpg,0.2,0.0
20260317_231546_358403,img_20260317_231546_358403.jpg,0.2,0.0
20260317_231546_411842,img_20260317_231546_411842.jpg,0.2,0.0
20260317_231546_459269,img_20260317_231546_459269.jpg,0.2,0.0
20260317_231546_520244,img_20260317_231546_520244.jpg,0.2,0.0
20260317_231546_572528,img_20260317_231546_572528.jpg,0.2,0.0
20260317_231546_622417,img_20260317_231546_622417.jpg,0.2,0.0
20260317_231546_674519,img_20260317_231546_674519.jpg,0.2,0.0
20260317_231546_717454,img_20260317_231546_717454.jpg,0.2,0.0
20260317_231546_776508,img_20260317_231546_776508.jpg,0.2,0.0
20260317_231546_826003,img_20260317_231546_826003.jpg,0.2,0.0
20260317_231546_879252,img_20260317_231546_879252.jpg,0.2,0.0
20260317_231546_917260,img_20260317_231546_917260.jpg,0.2,0.0
20260317_231546_969894,img_20260317_231546_969894.jpg,0.2,0.0
20260317_231547_021259,img_20260317_231547_021259.jpg,0.2,0.0
20260317_231547_074477,img_20260317_231547_074477.jpg,0.2,0.0
20260317_231547_125195,img_20260317_231547_125195.jpg,0.2,0.0
20260317_231547_189447,img_20260317_231547_189447.jpg,0.2,0.0
20260317_231547_237045,img_20260317_231547_237045.jpg,0.2,0.0
20260317_231547_282135,img_20260317_231547_282135.jpg,0.2,0.0
20260317_231547_327382,img_20260317_231547_327382.jpg,0.2,0.0
20260317_231547_378139,img_20260317_231547_378139.jpg,0.2,0.0
20260317_231547_429111,img_20260317_231547_429111.jpg,0.2,0.0
20260317_231547_479542,img_20260317_231547_479542.jpg,0.2,0.0
20260317_231547_529829,img_20260317_231547_529829.jpg,0.2,0.0
20260317_231547_583901,img_20260317_231547_583901.jpg,0.2,0.0
20260317_231547_632741,img_20260317_231547_632741.jpg,0.2,0.0
20260317_231547_681841,img_20260317_231547_681841.jpg,0.2,0.0
20260317_231547_733336,img_20260317_231547_733336.jpg,0.2,0.0
20260317_231547_794156,img_20260317_231547_794156.jpg,0.2,0.0
20260317_231547_847107,img_20260317_231547_847107.jpg,0.2,0.0
20260317_231547_897999,img_20260317_231547_897999.jpg,0.2,0.0
20260317_231547_939422,img_20260317_231547_939422.jpg,0.2,0.0
20260317_231547_988755,img_20260317_231547_988755.jpg,0.2,0.0
20260317_231548_040049,img_20260317_231548_040049.jpg,0.2,0.0
20260317_231548_091399,img_20260317_231548_091399.jpg,0.2,0.0
20260317_231548_139151,img_20260317_231548_139151.jpg,0.2,0.0
20260317_231548_192701,img_20260317_231548_192701.jpg,0.2,0.0
20260317_231548_242232,img_20260317_231548_242232.jpg,0.2,0.0
20260317_231548_294718,img_20260317_231548_294718.jpg,0.2,0.0
20260317_231548_344875,img_20260317_231548_344875.jpg,0.2,0.0
20260317_231548_395914,img_20260317_231548_395914.jpg,0.2,0.0
20260317_231548_457665,img_20260317_231548_457665.jpg,0.2,0.0
20260317_231548_499772,img_20260317_231548_499772.jpg,0.2,0.0
20260317_231548_550841,img_20260317_231548_550841.jpg,0.2,0.0
20260317_231548_600843,img_20260317_231548_600843.jpg,0.2,0.0
20260317_231548_661896,img_20260317_231548_661896.jpg,0.2,0.0
20260317_231548_701848,img_20260317_231548_701848.jpg,0.2,0.0
20260317_231548_755930,img_20260317_231548_755930.jpg,0.2,0.0
20260317_231548_805037,img_20260317_231548_805037.jpg,0.2,0.0
20260317_231548_857821,img_20260317_231548_857821.jpg,0.2,0.0
20260317_231548_909806,img_20260317_231548_909806.jpg,0.2,0.0
20260317_231548_960569,img_20260317_231548_960569.jpg,0.2,0.0
20260317_231549_010065,img_20260317_231549_010065.jpg,0.2,0.0
20260317_231549_059334,img_20260317_231549_059334.jpg,0.2,0.0
20260317_231549_110677,img_20260317_231549_110677.jpg,0.2,0.0
20260317_231549_160318,img_20260317_231549_160318.jpg,0.2,0.0
20260317_231549_223360,img_20260317_231549_223360.jpg,0.2,0.0
20260317_231549_264471,img_20260317_231549_264471.jpg,0.2,0.0
20260317_231549_312466,img_20260317_231549_312466.jpg,0.2,0.0
20260317_231549_364649,img_20260317_231549_364649.jpg,0.2,0.0
20260317_231549_415316,img_20260317_231549_415316.jpg,0.2,0.0
20260317_231549_474955,img_20260317_231549_474955.jpg,0.2,0.0
20260317_231549_525761,img_20260317_231549_525761.jpg,0.2,0.0
20260317_231549_577771,img_20260317_231549_577771.jpg,0.2,0.0
20260317_231549_628276,img_20260317_231549_628276.jpg,0.2,0.0
20260317_231549_670130,img_20260317_231549_670130.jpg,0.2,0.0
20260317_231549_729659,img_20260317_231549_729659.jpg,0.2,0.0
20260317_231549_781638,img_20260317_231549_781638.jpg,0.2,0.0
20260317_231549_832688,img_20260317_231549_832688.jpg,0.2,0.0
20260317_231549_873128,img_20260317_231549_873128.jpg,0.2,0.0
20260317_231549_932932,img_20260317_231549_932932.jpg,0.2,0.0
20260317_231549_974309,img_20260317_231549_974309.jpg,0.2,0.0
20260317_231550_034842,img_20260317_231550_034842.jpg,0.2,0.0
20260317_231550_076178,img_20260317_231550_076178.jpg,0.2,0.0
20260317_231550_127481,img_20260317_231550_127481.jpg,0.2,0.0
20260317_231550_177961,img_20260317_231550_177961.jpg,0.2,0.0
20260317_231550_226371,img_20260317_231550_226371.jpg,0.2,0.0
20260317_231550_279954,img_20260317_231550_279954.jpg,0.2,0.0
20260317_231550_331220,img_20260317_231550_331220.jpg,0.2,0.0
20260317_231550_390960,img_20260317_231550_390960.jpg,0.2,0.0
20260317_231550_431015,img_20260317_231550_431015.jpg,0.2,0.0
20260317_231550_484049,img_20260317_231550_484049.jpg,0.2,0.0
20260317_231550_537280,img_20260317_231550_537280.jpg,0.2,0.0
20260317_231550_584756,img_20260317_231550_584756.jpg,0.2,0.0
20260317_231550_636339,img_20260317_231550_636339.jpg,0.2,0.0
20260317_231550_688109,img_20260317_231550_688109.jpg,0.2,0.0
20260317_231550_739266,img_20260317_231550_739266.jpg,0.2,0.0
20260317_231550_789903,img_20260317_231550_789903.jpg,0.2,0.0
20260317_231550_859420,img_20260317_231550_859420.jpg,0.2,0.0
20260317_231550_891711,img_20260317_231550_891711.jpg,0.2,0.0
20260317_231550_942027,img_20260317_231550_942027.jpg,0.2,0.0
20260317_231550_993600,img_20260317_231550_993600.jpg,0.2,0.0
20260317_231551_055015,img_20260317_231551_055015.jpg,0.2,0.0
20260317_231551_107860,img_20260317_231551_107860.jpg,0.2,0.0
20260317_231551_147053,img_20260317_231551_147053.jpg,0.2,0.0
20260317_231551_208565,img_20260317_231551_208565.jpg,0.2,0.0
20260317_231551_259045,img_20260317_231551_259045.jpg,0.2,0.0
20260317_231551_309589,img_20260317_231551_309589.jpg,0.2,0.0
20260317_231551_348457,img_20260317_231551_348457.jpg,0.2,0.0
20260317_231551_411200,img_20260317_231551_411200.jpg,0.2,0.0
20260317_231551_452077,img_20260317_231551_452077.jpg,0.2,0.0
20260317_231551_503339,img_20260317_231551_503339.jpg,0.2,0.0
20260317_231551_552291,img_20260317_231551_552291.jpg,0.2,0.0
20260317_231551_603471,img_20260317_231551_603471.jpg,0.2,0.0
20260317_231551_665705,img_20260317_231551_665705.jpg,0.2,0.0
20260317_231551_715197,img_20260317_231551_715197.jpg,0.2,0.0
20260317_231551_756019,img_20260317_231551_756019.jpg,0.2,0.0
20260317_231551_816393,img_20260317_231551_816393.jpg,0.2,0.0
20260317_231551_856810,img_20260317_231551_856810.jpg,0.2,0.0
20260317_231551_908880,img_20260317_231551_908880.jpg,0.2,0.0
20260317_231551_959679,img_20260317_231551_959679.jpg,0.2,0.0
20260317_231552_011790,img_20260317_231552_011790.jpg,0.2,0.0
20260317_231552_070885,img_20260317_231552_070885.jpg,0.2,0.0
20260317_231552_113283,img_20260317_231552_113283.jpg,0.2,0.0
20260317_231552_164801,img_20260317_231552_164801.jpg,0.2,0.0
20260317_231552_212696,img_20260317_231552_212696.jpg,0.2,0.0
20260317_231552_263573,img_20260317_231552_263573.jpg,0.2,0.0
20260317_231552_313933,img_20260317_231552_313933.jpg,0.2,0.0
20260317_231552_376527,img_20260317_231552_376527.jpg,0.2,0.0
20260317_231552_416385,img_20260317_231552_416385.jpg,0.2,0.0
20260317_231552_468907,img_20260317_231552_468907.jpg,0.2,0.0
20260317_231552_520545,img_20260317_231552_520545.jpg,0.2,0.0
20260317_231552_581696,img_20260317_231552_581696.jpg,0.2,0.0
20260317_231552_623814,img_20260317_231552_623814.jpg,0.2,0.0
20260317_231552_673873,img_20260317_231552_673873.jpg,0.2,0.0
20260317_231552_733969,img_20260317_231552_733969.jpg,0.2,0.0
20260317_231552_774463,img_20260317_231552_774463.jpg,0.2,0.0
20260317_231552_824049,img_20260317_231552_824049.jpg,0.2,0.0
20260317_231552_876284,img_20260317_231552_876284.jpg,0.2,0.0
20260317_231552_928010,img_20260317_231552_928010.jpg,0.2,0.0
20260317_231552_990101,img_20260317_231552_990101.jpg,0.2,0.0
20260317_231553_028695,img_20260317_231553_028695.jpg,0.2,0.0
20260317_231553_089313,img_20260317_231553_089313.jpg,0.2,0.0
20260317_231553_131294,img_20260317_231553_131294.jpg,0.2,0.0
20260317_231553_182155,img_20260317_231553_182155.jpg,0.2,0.0
20260317_231553_230235,img_20260317_231553_230235.jpg,0.2,0.0
20260317_231553_283528,img_20260317_231553_283528.jpg,0.2,0.0
20260317_231553_334279,img_20260317_231553_334279.jpg,0.2,0.0
20260317_231553_385681,img_20260317_231553_385681.jpg,0.2,0.0
20260317_231553_436663,img_20260317_231553_436663.jpg,0.2,0.0
20260317_231553_488310,img_20260317_231553_488310.jpg,0.2,0.0
20260317_231553_539707,img_20260317_231553_539707.jpg,0.2,0.0
20260317_231553_592665,img_20260317_231553_592665.jpg,0.2,0.0
20260317_231553_649728,img_20260317_231553_649728.jpg,0.2,0.0
20260317_231553_692558,img_20260317_231553_692558.jpg,0.2,0.0
20260317_231553_742393,img_20260317_231553_742393.jpg,0.2,0.0
20260317_231553_790979,img_20260317_231553_790979.jpg,0.2,0.0
20260317_231553_843465,img_20260317_231553_843465.jpg,0.2,0.0
20260317_231553_894037,img_20260317_231553_894037.jpg,0.2,0.0
20260317_231553_959256,img_20260317_231553_959256.jpg,0.2,0.0
20260317_231554_007859,img_20260317_231554_007859.jpg,0.2,0.0
20260317_231554_048550,img_20260317_231554_048550.jpg,0.2,0.0
20260317_231554_097532,img_20260317_231554_097532.jpg,0.2,0.0
20260317_231554_150179,img_20260317_231554_150179.jpg,0.2,0.0
20260317_231554_202913,img_20260317_231554_202913.jpg,0.2,0.0
20260317_231554_254692,img_20260317_231554_254692.jpg,0.2,0.0
20260317_231554_304226,img_20260317_231554_304226.jpg,0.2,0.0
20260317_231554_357253,img_20260317_231554_357253.jpg,0.2,0.0
20260317_231554_406678,img_20260317_231554_406678.jpg,0.2,0.0
20260317_231554_467671,img_20260317_231554_467671.jpg,0.2,0.0
20260317_231554_509811,img_20260317_231554_509811.jpg,0.2,0.0
20260317_231554_558716,img_20260317_231554_558716.jpg,0.2,0.0
20260317_231554_620381,img_20260317_231554_620381.jpg,0.2,0.0
20260317_231554_661841,img_20260317_231554_661841.jpg,0.2,0.0
20260317_231554_711628,img_20260317_231554_711628.jpg,0.2,0.0
20260317_231554_774509,img_20260317_231554_774509.jpg,0.2,0.0
20260317_231554_814212,img_20260317_231554_814212.jpg,0.2,0.0
20260317_231554_865049,img_20260317_231554_865049.jpg,0.2,0.0
20260317_231554_916626,img_20260317_231554_916626.jpg,0.2,0.0
20260317_231554_969568,img_20260317_231554_969568.jpg,0.2,0.0
20260317_231555_020099,img_20260317_231555_020099.jpg,0.2,0.0
20260317_231555_073292,img_20260317_231555_073292.jpg,0.2,0.0
20260317_231555_120880,img_20260317_231555_120880.jpg,0.2,0.0
20260317_231555_172295,img_20260317_231555_172295.jpg,0.2,0.0
20260317_231555_220311,img_20260317_231555_220311.jpg,0.2,0.0
20260317_231555_274562,img_20260317_231555_274562.jpg,0.2,0.0
20260317_231555_333880,img_20260317_231555_333880.jpg,0.2,0.0
20260317_231555_373161,img_20260317_231555_373161.jpg,0.2,0.0
20260317_231555_424429,img_20260317_231555_424429.jpg,0.2,0.0
20260317_231555_473827,img_20260317_231555_473827.jpg,0.2,0.0
20260317_231555_524808,img_20260317_231555_524808.jpg,0.2,0.0
20260317_231555_577619,img_20260317_231555_577619.jpg,0.2,0.0
20260317_231555_629227,img_20260317_231555_629227.jpg,0.2,0.0
20260317_231555_680426,img_20260317_231555_680426.jpg,0.2,0.0
20260317_231555_732021,img_20260317_231555_732021.jpg,0.2,0.0
20260317_231555_781609,img_20260317_231555_781609.jpg,0.2,0.0
20260317_231555_843476,img_20260317_231555_843476.jpg,0.2,0.0
20260317_231555_883513,img_20260317_231555_883513.jpg,0.2,0.0
20260317_231555_945327,img_20260317_231555_945327.jpg,0.2,0.0
20260317_231555_986817,img_20260317_231555_986817.jpg,0.2,0.0
20260317_231556_047992,img_20260317_231556_047992.jpg,0.2,0.0
20260317_231556_099039,img_20260317_231556_099039.jpg,0.2,0.0
20260317_231556_150251,img_20260317_231556_150251.jpg,0.2,0.0
20260317_231556_188292,img_20260317_231556_188292.jpg,0.2,0.0
20260317_231556_239368,img_20260317_231556_239368.jpg,0.2,0.0
20260317_231556_303233,img_20260317_231556_303233.jpg,0.2,0.0
20260317_231556_341286,img_20260317_231556_341286.jpg,0.2,0.0
20260317_231556_389080,img_20260317_231556_389080.jpg,0.2,0.0
20260317_231556_451325,img_20260317_231556_451325.jpg,0.2,0.0
20260317_231556_492038,img_20260317_231556_492038.jpg,0.2,0.0
20260317_231556_546341,img_20260317_231556_546341.jpg,0.2,0.0
20260317_231556_606281,img_20260317_231556_606281.jpg,0.2,0.0
20260317_231556_646713,img_20260317_231556_646713.jpg,0.2,0.0
20260317_231556_696211,img_20260317_231556_696211.jpg,0.2,0.0
20260317_231556_757545,img_20260317_231556_757545.jpg,0.2,0.0
20260317_231556_800064,img_20260317_231556_800064.jpg,0.2,0.0
20260317_231556_860797,img_20260317_231556_860797.jpg,0.2,0.0
20260317_231556_909881,img_20260317_231556_909881.jpg,0.2,0.0
20260317_231556_950014,img_20260317_231556_950014.jpg,0.2,0.0
20260317_231557_001957,img_20260317_231557_001957.jpg,0.2,0.0
20260317_231557_063904,img_20260317_231557_063904.jpg,0.2,0.0
20260317_231557_104555,img_20260317_231557_104555.jpg,0.2,0.0
20260317_231557_153222,img_20260317_231557_153222.jpg,0.2,0.0
20260317_231557_203526,img_20260317_231557_203526.jpg,0.2,0.0
20260317_231557_267114,img_20260317_231557_267114.jpg,0.2,0.0
20260317_231557_315546,img_20260317_231557_315546.jpg,0.2,0.0
20260317_231557_368795,img_20260317_231557_368795.jpg,0.2,0.0
20260317_231557_407576,img_20260317_231557_407576.jpg,0.2,0.0
20260317_231557_470802,img_20260317_231557_470802.jpg,0.2,0.0
20260317_231557_511526,img_20260317_231557_511526.jpg,0.2,0.0
20260317_231557_571944,img_20260317_231557_571944.jpg,0.2,0.0
20260317_231557_623119,img_20260317_231557_623119.jpg,0.2,0.0
20260317_231557_663880,img_20260317_231557_663880.jpg,0.2,0.0
20260317_231557_713804,img_20260317_231557_713804.jpg,0.2,0.0
20260317_231557_764008,img_20260317_231557_764008.jpg,0.2,0.0
20260317_231557_816540,img_20260317_231557_816540.jpg,0.2,0.0
20260317_231557_864396,img_20260317_231557_864396.jpg,0.2,0.0
20260317_231557_917688,img_20260317_231557_917688.jpg,0.2,0.0
20260317_231557_966528,img_20260317_231557_966528.jpg,0.2,0.0
20260317_231558_029563,img_20260317_231558_029563.jpg,0.2,0.0
20260317_231558_070476,img_20260317_231558_070476.jpg,0.2,0.0
20260317_231558_131344,img_20260317_231558_131344.jpg,0.2,0.0
20260317_231558_174489,img_20260317_231558_174489.jpg,0.2,0.0
20260317_231558_222379,img_20260317_231558_222379.jpg,0.2,0.0
20260317_231558_272445,img_20260317_231558_272445.jpg,0.2,0.0
20260317_231558_325695,img_20260317_231558_325695.jpg,0.2,0.0
20260317_231558_378815,img_20260317_231558_378815.jpg,0.2,0.0
20260317_231558_425238,img_20260317_231558_425238.jpg,0.2,0.0
20260317_231557_796243,img_20260317_231557_796243.jpg,0.2,0.0
20260317_231557_835553,img_20260317_231557_835553.jpg,0.2,0.0
20260317_231557_897363,img_20260317_231557_897363.jpg,0.2,0.0
20260317_231557_938090,img_20260317_231557_938090.jpg,0.2,0.0
20260317_231557_989000,img_20260317_231557_989000.jpg,0.2,0.0
20260317_231558_050707,img_20260317_231558_050707.jpg,0.2,0.0
20260317_231558_091596,img_20260317_231558_091596.jpg,0.2,0.0
20260317_231558_142073,img_20260317_231558_142073.jpg,0.2,0.0
20260317_231558_194054,img_20260317_231558_194054.jpg,0.2,0.0
20260317_231558_245577,img_20260317_231558_245577.jpg,0.2,0.0
20260317_231558_307200,img_20260317_231558_307200.jpg,0.2,0.0
20260317_231558_349013,img_20260317_231558_349013.jpg,0.2,0.0
20260317_231558_398864,img_20260317_231558_398864.jpg,0.2,0.0
20260317_231558_460133,img_20260317_231558_460133.jpg,0.2,0.0
20260317_231558_500078,img_20260317_231558_500078.jpg,0.2,0.0
20260317_231558_551396,img_20260317_231558_551396.jpg,0.2,0.0
20260317_231558_602313,img_20260317_231558_602313.jpg,0.2,0.0
20260317_231558_662577,img_20260317_231558_662577.jpg,0.2,0.0
20260317_231558_703353,img_20260317_231558_703353.jpg,0.2,0.0
20260317_231558_755248,img_20260317_231558_755248.jpg,0.2,0.0
20260317_231558_804163,img_20260317_231558_804163.jpg,0.2,0.0
20260317_231558_867142,img_20260317_231558_867142.jpg,0.2,0.0
20260317_231558_910903,img_20260317_231558_910903.jpg,0.2,0.0
20260317_231558_971484,img_20260317_231558_971484.jpg,0.2,0.0
20260317_231559_024326,img_20260317_231559_024326.jpg,0.2,0.0
20260317_231559_064237,img_20260317_231559_064237.jpg,0.2,0.0
20260317_231559_116408,img_20260317_231559_116408.jpg,0.2,0.0
20260317_231559_179911,img_20260317_231559_179911.jpg,0.2,0.0
20260317_231559_229368,img_20260317_231559_229368.jpg,0.2,0.0
20260317_231559_268178,img_20260317_231559_268178.jpg,0.2,0.0
20260317_231559_318758,img_20260317_231559_318758.jpg,0.2,0.0
20260317_231559_379864,img_20260317_231559_379864.jpg,0.2,0.0
20260317_231559_432957,img_20260317_231559_432957.jpg,0.2,0.0
20260317_231559_481917,img_20260317_231559_481917.jpg,0.2,0.0
20260317_231559_531779,img_20260317_231559_531779.jpg,0.2,0.0
20260317_231559_573813,img_20260317_231559_573813.jpg,0.2,0.0
20260317_231559_624224,img_20260317_231559_624224.jpg,0.2,0.0
20260317_231559_675339,img_20260317_231559_675339.jpg,0.2,0.0
20260317_231559_737590,img_20260317_231559_737590.jpg,0.2,0.0
20260317_231559_785199,img_20260317_231559_785199.jpg,0.2,0.0
20260317_231559_826828,img_20260317_231559_826828.jpg,0.2,0.0
20260317_231559_878007,img_20260317_231559_878007.jpg,0.2,0.0
20260317_231559_941149,img_20260317_231559_941149.jpg,0.2,0.0
20260317_231559_979818,img_20260317_231559_979818.jpg,0.2,0.0
20260317_231600_039938,img_20260317_231600_039938.jpg,0.2,0.0
20260317_231600_081380,img_20260317_231600_081380.jpg,0.2,0.0
20260317_231600_134219,img_20260317_231600_134219.jpg,0.2,0.0
20260317_231600_185745,img_20260317_231600_185745.jpg,0.2,0.0
20260317_231600_235117,img_20260317_231600_235117.jpg,0.2,0.0
20260317_231600_298179,img_20260317_231600_298179.jpg,0.2,0.0
20260317_231600_348109,img_20260317_231600_348109.jpg,0.2,0.0
20260317_231600_389256,img_20260317_231600_389256.jpg,0.2,0.0
20260317_231600_448062,img_20260317_231600_448062.jpg,0.2,0.0
20260317_231600_489854,img_20260317_231600_489854.jpg,0.2,0.0
20260317_231600_539635,img_20260317_231600_539635.jpg,0.2,0.0
20260317_231600_591456,img_20260317_231600_591456.jpg,0.2,0.0
20260317_231600_643306,img_20260317_231600_643306.jpg,0.2,0.0
20260317_231600_693418,img_20260317_231600_693418.jpg,0.2,0.0
20260317_231600_743591,img_20260317_231600_743591.jpg,0.2,0.0
20260317_231600_795194,img_20260317_231600_795194.jpg,0.2,0.0
20260317_231600_847701,img_20260317_231600_847701.jpg,0.2,0.0
20260317_231600_899229,img_20260317_231600_899229.jpg,0.2,0.0
20260317_231600_959846,img_20260317_231600_959846.jpg,0.2,0.0
20260317_231601_000430,img_20260317_231601_000430.jpg,0.2,0.0
20260317_231601_061047,img_20260317_231601_061047.jpg,0.2,0.0
20260317_231601_102013,img_20260317_231601_102013.jpg,0.2,0.0
20260317_231601_162997,img_20260317_231601_162997.jpg,0.2,0.0
20260317_231601_214520,img_20260317_231601_214520.jpg,0.2,0.0
20260317_231601_253997,img_20260317_231601_253997.jpg,0.2,0.0
20260317_231601_307052,img_20260317_231601_307052.jpg,0.2,0.0
20260317_231601_366399,img_20260317_231601_366399.jpg,0.2,0.0
20260317_231601_419292,img_20260317_231601_419292.jpg,0.2,0.0
20260317_231601_460142,img_20260317_231601_460142.jpg,0.2,0.0
20260317_231601_506817,img_20260317_231601_506817.jpg,0.2,0.0
20260317_231601_556638,img_20260317_231601_556638.jpg,0.2,0.0
20260317_231601_611070,img_20260317_231601_611070.jpg,0.2,0.0
20260317_231601_661200,img_20260317_231601_661200.jpg,0.2,0.0
20260317_231601_711277,img_20260317_231601_711277.jpg,0.2,0.0
20260317_231601_764337,img_20260317_231601_764337.jpg,0.2,0.0
20260317_231601_823360,img_20260317_231601_823360.jpg,0.2,0.0
20260317_231601_862535,img_20260317_231601_862535.jpg,0.2,0.0
20260317_231601_914637,img_20260317_231601_914637.jpg,0.2,0.0
20260317_231601_964338,img_20260317_231601_964338.jpg,0.2,0.0
20260317_231602_018000,img_20260317_231602_018000.jpg,0.2,0.0
20260317_231602_068425,img_20260317_231602_068425.jpg,0.2,0.0
20260317_231602_120352,img_20260317_231602_120352.jpg,0.2,0.0
20260317_231602_170563,img_20260317_231602_170563.jpg,0.2,0.0
20260317_231602_233123,img_20260317_231602_233123.jpg,0.2,0.0
20260317_231602_274898,img_20260317_231602_274898.jpg,0.2,0.0
20260317_231602_333777,img_20260317_231602_333777.jpg,0.2,0.0
20260317_231602_374541,img_20260317_231602_374541.jpg,0.2,0.0
20260317_231602_427939,img_20260317_231602_427939.jpg,0.2,0.0
20260317_231602_478077,img_20260317_231602_478077.jpg,0.2,0.0
20260317_231602_537899,img_20260317_231602_537899.jpg,0.2,0.0
20260317_231602_590262,img_20260317_231602_590262.jpg,0.2,0.0
20260317_231602_640393,img_20260317_231602_640393.jpg,0.2,0.0
20260317_231602_692195,img_20260317_231602_692195.jpg,0.2,0.0
20260317_231602_732347,img_20260317_231602_732347.jpg,0.2,0.0
20260317_231602_781202,img_20260317_231602_781202.jpg,0.2,0.0
20260317_231602_830245,img_20260317_231602_830245.jpg,0.2,0.0
20260317_231602_883830,img_20260317_231602_883830.jpg,0.2,0.0
20260317_231602_935423,img_20260317_231602_935423.jpg,0.2,0.0
20260317_231602_986611,img_20260317_231602_986611.jpg,0.2,0.0
20260317_231603_036423,img_20260317_231603_036423.jpg,0.2,0.0
20260317_231603_099458,img_20260317_231603_099458.jpg,0.2,0.0
20260317_231603_138682,img_20260317_231603_138682.jpg,0.2,0.0
20260317_231603_199313,img_20260317_231603_199313.jpg,0.2,0.0
20260317_231603_239508,img_20260317_231603_239508.jpg,0.2,0.0
20260317_231603_301003,img_20260317_231603_301003.jpg,0.2,0.0
20260317_231603_351564,img_20260317_231603_351564.jpg,0.2,0.0
20260317_231603_394592,img_20260317_231603_394592.jpg,0.2,0.0
20260317_231603_454757,img_20260317_231603_454757.jpg,0.2,0.0
20260317_231603_506539,img_20260317_231603_506539.jpg,0.2,0.0
20260317_231603_542878,img_20260317_231603_542878.jpg,0.2,0.0
20260317_231603_596103,img_20260317_231603_596103.jpg,0.2,0.0
20260317_231603_654265,img_20260317_231603_654265.jpg,0.2,0.0
20260317_231603_698615,img_20260317_231603_698615.jpg,0.2,0.0
20260317_231603_746925,img_20260317_231603_746925.jpg,0.2,0.0
20260317_231603_797980,img_20260317_231603_797980.jpg,0.2,0.0
20260317_231603_847215,img_20260317_231603_847215.jpg,0.2,0.0
20260317_231603_898637,img_20260317_231603_898637.jpg,0.2,0.0
20260317_231603_950249,img_20260317_231603_950249.jpg,0.2,0.0
20260317_231604_006129,img_20260317_231604_006129.jpg,0.2,0.0
20260317_231604_062476,img_20260317_231604_062476.jpg,0.2,0.0
20260317_231604_114442,img_20260317_231604_114442.jpg,0.2,0.0
20260317_231604_164288,img_20260317_231604_164288.jpg,0.2,0.0
20260317_231604_206568,img_20260317_231604_206568.jpg,0.2,0.0
20260317_231604_253947,img_20260317_231604_253947.jpg,0.2,0.0
20260317_231604_316046,img_20260317_231604_316046.jpg,0.2,0.0
20260317_231604_357068,img_20260317_231604_357068.jpg,0.2,0.0
20260317_231604_407112,img_20260317_231604_407112.jpg,0.2,0.0
20260317_231604_457461,img_20260317_231604_457461.jpg,0.2,0.0
20260317_231604_510414,img_20260317_231604_510414.jpg,0.2,0.0
20260317_231604_560818,img_20260317_231604_560818.jpg,0.2,0.0
20260317_231604_610024,img_20260317_231604_610024.jpg,0.2,0.0
20260317_231604_661918,img_20260317_231604_661918.jpg,0.2,0.0
20260317_231604_713510,img_20260317_231604_713510.jpg,0.2,0.0
20260317_231604_765043,img_20260317_231604_765043.jpg,0.2,0.0
20260317_231604_813567,img_20260317_231604_813567.jpg,0.2,0.0
20260317_231604_866572,img_20260317_231604_866572.jpg,0.2,0.0
20260317_231604_927261,img_20260317_231604_927261.jpg,0.2,0.0
20260317_231604_968769,img_20260317_231604_968769.jpg,0.2,0.0
20260317_231605_027733,img_20260317_231605_027733.jpg,0.2,0.0
20260317_231605_079409,img_20260317_231605_079409.jpg,0.2,0.0
20260317_231605_121957,img_20260317_231605_121957.jpg,0.2,0.0
20260317_231605_184029,img_20260317_231605_184029.jpg,0.2,0.0
20260317_231605_222022,img_20260317_231605_222022.jpg,0.2,0.0
20260317_231605_275266,img_20260317_231605_275266.jpg,0.2,0.0
20260317_231605_325840,img_20260317_231605_325840.jpg,0.2,0.0
20260317_231605_388723,img_20260317_231605_388723.jpg,0.2,0.0
20260317_231605_437291,img_20260317_231605_437291.jpg,0.2,0.0
20260317_231605_479377,img_20260317_231605_479377.jpg,0.2,0.0
20260317_231605_528324,img_20260317_231605_528324.jpg,0.2,0.0
20260317_231605_581961,img_20260317_231605_581961.jpg,0.2,0.0
20260317_231605_631856,img_20260317_231605_631856.jpg,0.2,0.0
20260317_231605_694524,img_20260317_231605_694524.jpg,0.2,0.0
20260317_231605_735888,img_20260317_231605_735888.jpg,0.2,0.0
20260317_231605_785563,img_20260317_231605_785563.jpg,0.2,0.0
20260317_231605_836994,img_20260317_231605_836994.jpg,0.2,0.0
20260317_231605_897442,img_20260317_231605_897442.jpg,0.2,0.0
20260317_231605_937117,img_20260317_231605_937117.jpg,0.2,0.0
20260317_231605_989592,img_20260317_231605_989592.jpg,0.2,0.0
20260317_231606_041433,img_20260317_231606_041433.jpg,0.2,0.0
20260317_231606_101418,img_20260317_231606_101418.jpg,0.2,0.0
20260317_231606_140322,img_20260317_231606_140322.jpg,0.2,0.0
20260317_231606_193543,img_20260317_231606_193543.jpg,0.2,0.0
20260317_231606_255291,img_20260317_231606_255291.jpg,0.2,0.0
20260317_231606_305601,img_20260317_231606_305601.jpg,0.2,0.0
20260317_231606_347165,img_20260317_231606_347165.jpg,0.2,0.0
20260317_231606_396814,img_20260317_231606_396814.jpg,0.2,0.0
20260317_231606_460202,img_20260317_231606_460202.jpg,0.2,0.0
20260317_231606_501564,img_20260317_231606_501564.jpg,0.2,0.0
20260317_231606_552182,img_20260317_231606_552182.jpg,0.2,0.0
20260317_231606_600473,img_20260317_231606_600473.jpg,0.2,0.0
20260317_231606_662972,img_20260317_231606_662972.jpg,0.2,0.0
20260317_231606_714463,img_20260317_231606_714463.jpg,0.2,0.0
20260317_231606_752784,img_20260317_231606_752784.jpg,0.2,0.0
20260317_231606_817968,img_20260317_231606_817968.jpg,0.2,0.0
20260317_231606_868532,img_20260317_231606_868532.jpg,0.2,0.0
20260317_231606_906975,img_20260317_231606_906975.jpg,0.2,0.0
20260317_231606_969159,img_20260317_231606_969159.jpg,0.2,0.0
20260317_231607_008439,img_20260317_231607_008439.jpg,0.2,0.0
20260317_231607_070216,img_20260317_231607_070216.jpg,0.2,0.0
20260317_231607_112141,img_20260317_231607_112141.jpg,0.2,0.0
20260317_231607_161284,img_20260317_231607_161284.jpg,0.2,0.0
20260317_231607_213284,img_20260317_231607_213284.jpg,0.2,0.0
20260317_231607_261820,img_20260317_231607_261820.jpg,0.2,0.0
20260317_231607_315372,img_20260317_231607_315372.jpg,0.2,0.0
20260317_231607_365361,img_20260317_231607_365361.jpg,0.2,0.0
20260317_231607_427894,img_20260317_231607_427894.jpg,0.2,0.0
20260317_231607_467255,img_20260317_231607_467255.jpg,0.2,0.0
20260317_231607_518840,img_20260317_231607_518840.jpg,0.2,0.0
20260317_231607_568528,img_20260317_231607_568528.jpg,0.2,0.0
20260317_231607_619723,img_20260317_231607_619723.jpg,0.2,0.0
20260317_231607_680794,img_20260317_231607_680794.jpg,0.2,0.0
20260317_231607_731499,img_20260317_231607_731499.jpg,0.2,0.0
20260317_231607_784500,img_20260317_231607_784500.jpg,0.2,0.0
20260317_231607_834971,img_20260317_231607_834971.jpg,0.2,0.0
20260317_231607_873200,img_20260317_231607_873200.jpg,0.2,0.0
20260317_231607_927378,img_20260317_231607_927378.jpg,0.2,0.0
20260317_231607_973918,img_20260317_231607_973918.jpg,0.2,0.0
20260317_231608_026616,img_20260317_231608_026616.jpg,0.2,0.0
20260317_231608_077721,img_20260317_231608_077721.jpg,0.2,0.0
20260317_231608_131440,img_20260317_231608_131440.jpg,0.2,0.0
20260317_231608_190709,img_20260317_231608_190709.jpg,0.2,0.0
20260317_231608_231182,img_20260317_231608_231182.jpg,0.2,0.0
20260317_231608_291707,img_20260317_231608_291707.jpg,0.2,0.0
20260317_231608_330940,img_20260317_231608_330940.jpg,0.2,0.0
20260317_231608_394113,img_20260317_231608_394113.jpg,0.2,0.0
20260317_231608_434478,img_20260317_231608_434478.jpg,0.2,0.0
20260317_231608_482930,img_20260317_231608_482930.jpg,0.2,0.0
20260317_231608_534318,img_20260317_231608_534318.jpg,0.2,0.0
20260317_231608_588015,img_20260317_231608_588015.jpg,0.2,0.0
20260317_231608_647524,img_20260317_231608_647524.jpg,0.2,0.0
20260317_231608_688241,img_20260317_231608_688241.jpg,0.2,0.0
20260317_231608_738922,img_20260317_231608_738922.jpg,0.2,0.0
20260317_231608_799633,img_20260317_231608_799633.jpg,0.2,0.0
20260317_231608_850666,img_20260317_231608_850666.jpg,0.2,0.0
20260317_231608_890602,img_20260317_231608_890602.jpg,0.2,0.0
20260317_231608_941303,img_20260317_231608_941303.jpg,0.2,0.0
20260317_231608_991822,img_20260317_231608_991822.jpg,0.2,0.0
20260317_231609_053644,img_20260317_231609_053644.jpg,0.2,0.0
20260317_231609_094071,img_20260317_231609_094071.jpg,0.2,0.0
20260317_231609_144107,img_20260317_231609_144107.jpg,0.2,0.0
20260317_231609_207367,img_20260317_231609_207367.jpg,0.2,0.0
20260317_231609_258780,img_20260317_231609_258780.jpg,0.2,0.0
20260317_231609_297909,img_20260317_231609_297909.jpg,0.2,0.0
20260317_231609_349818,img_20260317_231609_349818.jpg,0.2,0.0
20260317_231609_412383,img_20260317_231609_412383.jpg,0.2,0.0
20260317_231609_451852,img_20260317_231609_451852.jpg,0.2,0.0
20260317_231609_501951,img_20260317_231609_501951.jpg,0.2,0.0
20260317_231609_562947,img_20260317_231609_562947.jpg,0.2,0.0
20260317_231609_604040,img_20260317_231609_604040.jpg,0.2,0.0
20260317_231609_652811,img_20260317_231609_652811.jpg,0.2,0.0
20260317_231609_716289,img_20260317_231609_716289.jpg,0.2,0.0
20260317_231609_754896,img_20260317_231609_754896.jpg,0.2,0.0
20260317_231609_809277,img_20260317_231609_809277.jpg,0.2,0.0
20260317_231609_867786,img_20260317_231609_867786.jpg,0.2,0.0
20260317_231609_918459,img_20260317_231609_918459.jpg,0.2,0.0
20260317_231609_961418,img_20260317_231609_961418.jpg,0.2,0.0
20260317_231610_008681,img_20260317_231610_008681.jpg,0.2,0.0
20260317_231610_071962,img_20260317_231610_071962.jpg,0.2,0.0
20260317_231610_124314,img_20260317_231610_124314.jpg,0.2,0.0
20260317_231610_174882,img_20260317_231610_174882.jpg,0.2,0.0
20260317_231610_214236,img_20260317_231610_214236.jpg,0.2,0.0
20260317_231610_265567,img_20260317_231610_265567.jpg,0.2,0.0
20260317_231610_327326,img_20260317_231610_327326.jpg,0.2,0.0
20260317_231610_379731,img_20260317_231610_379731.jpg,0.2,0.0
20260317_231610_416605,img_20260317_231610_416605.jpg,0.2,0.0
20260317_231610_472073,img_20260317_231610_472073.jpg,0.2,0.0
20260317_231610_530787,img_20260317_231610_530787.jpg,0.2,0.0
20260317_231610_583494,img_20260317_231610_583494.jpg,0.2,0.0
20260317_231610_622739,img_20260317_231610_622739.jpg,0.2,0.0
20260317_231610_672949,img_20260317_231610_672949.jpg,0.2,0.0
20260317_231610_723503,img_20260317_231610_723503.jpg,0.2,0.0
20260317_231610_775022,img_20260317_231610_775022.jpg,0.2,0.0
20260317_231610_826078,img_20260317_231610_826078.jpg,0.2,0.0
20260317_231610_889107,img_20260317_231610_889107.jpg,0.2,0.0
20260317_231610_937330,img_20260317_231610_937330.jpg,0.2,0.0
20260317_231610_980211,img_20260317_231610_980211.jpg,0.2,0.0
20260317_231611_038647,img_20260317_231611_038647.jpg,0.2,0.0
20260317_231611_080062,img_20260317_231611_080062.jpg,0.2,0.0
20260317_231611_130866,img_20260317_231611_130866.jpg,0.2,0.0
20260317_231611_183561,img_20260317_231611_183561.jpg,0.2,0.0
20260317_231611_230291,img_20260317_231611_230291.jpg,0.2,0.0
20260317_231611_282104,img_20260317_231611_282104.jpg,0.2,0.0
20260317_231611_344693,img_20260317_231611_344693.jpg,0.2,0.0
20260317_231611_386726,img_20260317_231611_386726.jpg,0.2,0.0
20260317_231611_436300,img_20260317_231611_436300.jpg,0.2,0.0
20260317_231611_486466,img_20260317_231611_486466.jpg,0.2,0.0
20260317_231611_546566,img_20260317_231611_546566.jpg,0.2,0.0
20260317_231611_587618,img_20260317_231611_587618.jpg,0.2,0.0
20260317_231611_639087,img_20260317_231611_639087.jpg,0.2,0.0
20260317_231611_692104,img_20260317_231611_692104.jpg,0.2,0.0
20260317_231611_742661,img_20260317_231611_742661.jpg,0.2,0.0
20260317_231611_792389,img_20260317_231611_792389.jpg,0.2,0.0
20260317_231611_855158,img_20260317_231611_855158.jpg,0.2,0.0
20260317_231611_894078,img_20260317_231611_894078.jpg,0.2,0.0
20260317_231611_945337,img_20260317_231611_945337.jpg,0.2,0.0
20260317_231611_998684,img_20260317_231611_998684.jpg,0.2,0.0
20260317_231612_057167,img_20260317_231612_057167.jpg,0.2,0.0
20260317_231612_097313,img_20260317_231612_097313.jpg,0.2,0.0
20260317_231612_158144,img_20260317_231612_158144.jpg,0.2,0.0
20260317_231612_198874,img_20260317_231612_198874.jpg,0.2,0.0
20260317_231612_250049,img_20260317_231612_250049.jpg,0.2,0.0
20260317_231612_301670,img_20260317_231612_301670.jpg,0.2,0.0
20260317_231612_351217,img_20260317_231612_351217.jpg,0.2,0.0
20260317_231612_412836,img_20260317_231612_412836.jpg,0.2,0.0
20260317_231612_452505,img_20260317_231612_452505.jpg,0.2,0.0
20260317_231612_515629,img_20260317_231612_515629.jpg,0.2,0.0
20260317_231612_555868,img_20260317_231612_555868.jpg,0.2,0.0
20260317_231612_615666,img_20260317_231612_615666.jpg,0.2,0.0
20260317_231612_669129,img_20260317_231612_669129.jpg,0.2,0.0
20260317_231612_707909,img_20260317_231612_707909.jpg,0.2,0.0
20260317_231612_770706,img_20260317_231612_770706.jpg,0.2,0.0
20260317_231612_823223,img_20260317_231612_823223.jpg,0.2,0.0
20260317_231612_861454,img_20260317_231612_861454.jpg,0.2,0.0
20260317_231612_922344,img_20260317_231612_922344.jpg,0.2,0.0
20260317_231612_973386,img_20260317_231612_973386.jpg,0.2,0.0
20260317_231613_012922,img_20260317_231613_012922.jpg,0.2,-0.1
20260317_231613_074888,img_20260317_231613_074888.jpg,0.2,-0.1
20260317_231613_115565,img_20260317_231613_115565.jpg,0.2,-0.1
20260317_231613_178666,img_20260317_231613_178666.jpg,0.2,0.0
20260317_231613_219326,img_20260317_231613_219326.jpg,0.2,0.0
20260317_231613_267492,img_20260317_231613_267492.jpg,0.2,0.0
20260317_231613_318036,img_20260317_231613_318036.jpg,0.2,0.0
20260317_231613_369327,img_20260317_231613_369327.jpg,0.2,0.0
20260317_231613_431888,img_20260317_231613_431888.jpg,0.2,0.0
20260317_231613_472673,img_20260317_231613_472673.jpg,0.2,0.0
20260317_231613_525884,img_20260317_231613_525884.jpg,0.2,-0.1
20260317_231613_586011,img_20260317_231613_586011.jpg,0.2,-0.1
20260317_231613_628105,img_20260317_231613_628105.jpg,0.2,-0.1
20260317_231613_675183,img_20260317_231613_675183.jpg,0.2,-0.1
20260317_231613_724987,img_20260317_231613_724987.jpg,0.2,-0.1
20260317_231613_786936,img_20260317_231613_786936.jpg,0.2,-0.1
20260317_231613_827972,img_20260317_231613_827972.jpg,0.2,0.0
20260317_231613_893274,img_20260317_231613_893274.jpg,0.2,0.0
20260317_231613_927498,img_20260317_231613_927498.jpg,0.2,0.0
20260317_231613_991715,img_20260317_231613_991715.jpg,0.2,0.0
20260317_231614_043326,img_20260317_231614_043326.jpg,0.2,0.0
20260317_231614_082781,img_20260317_231614_082781.jpg,0.2,0.0
20260317_231614_145469,img_20260317_231614_145469.jpg,0.2,0.0
20260317_231614_197978,img_20260317_231614_197978.jpg,0.2,0.0
20260317_231614_237318,img_20260317_231614_237318.jpg,0.2,0.0
20260317_231614_298513,img_20260317_231614_298513.jpg,0.2,0.0
20260317_231614_350939,img_20260317_231614_350939.jpg,0.2,0.0
20260317_231614_401106,img_20260317_231614_401106.jpg,0.2,0.0
20260317_231614_438993,img_20260317_231614_438993.jpg,0.2,0.0
20260317_231614_503050,img_20260317_231614_503050.jpg,0.2,0.0
20260317_231614_540662,img_20260317_231614_540662.jpg,0.2,0.0
20260317_231614_592822,img_20260317_231614_592822.jpg,0.2,0.0
20260317_231614_642804,img_20260317_231614_642804.jpg,0.2,0.0
20260317_231614_693590,img_20260317_231614_693590.jpg,0.2,0.0
20260317_231614_744571,img_20260317_231614_744571.jpg,0.2,0.0
20260317_231614_807535,img_20260317_231614_807535.jpg,0.2,0.0
20260317_231614_847915,img_20260317_231614_847915.jpg,0.2,0.0
20260317_231614_896781,img_20260317_231614_896781.jpg,0.2,0.0
20260317_231614_956601,img_20260317_231614_956601.jpg,0.2,0.0
20260317_231615_011157,img_20260317_231615_011157.jpg,0.2,0.0
20260317_231615_049237,img_20260317_231615_049237.jpg,0.2,0.0
20260317_231615_101659,img_20260317_231615_101659.jpg,0.2,0.0
20260317_231615_162030,img_20260317_231615_162030.jpg,0.2,0.0
20260317_231615_204309,img_20260317_231615_204309.jpg,0.2,0.0
20260317_231615_255968,img_20260317_231615_255968.jpg,0.2,0.0
20260317_231615_314968,img_20260317_231615_314968.jpg,0.2,0.0
20260317_231615_368446,img_20260317_231615_368446.jpg,0.2,0.0
20260317_231615_420443,img_20260317_231615_420443.jpg,0.2,0.0
20260317_231615_471135,img_20260317_231615_471135.jpg,0.2,0.0
20260317_231615_520960,img_20260317_231615_520960.jpg,0.2,0.0
20260317_231615_560742,img_20260317_231615_560742.jpg,0.2,0.0
20260317_231615_611545,img_20260317_231615_611545.jpg,0.2,0.0
20260317_231615_663189,img_20260317_231615_663189.jpg,0.2,0.0
20260317_231615_726983,img_20260317_231615_726983.jpg,0.2,0.0
20260317_231615_775816,img_20260317_231615_775816.jpg,0.2,0.0
20260317_231615_816847,img_20260317_231615_816847.jpg,0.2,0.0
20260317_231615_867690,img_20260317_231615_867690.jpg,0.2,0.0
20260317_231615_918007,img_20260317_231615_918007.jpg,0.2,0.0
20260317_231615_972826,img_20260317_231615_972826.jpg,0.2,0.0
20260317_231616_021742,img_20260317_231616_021742.jpg,0.2,0.0
20260317_231616_071255,img_20260317_231616_071255.jpg,0.2,0.0
20260317_231616_123089,img_20260317_231616_123089.jpg,0.2,0.0
20260317_231616_173387,img_20260317_231616_173387.jpg,0.2,0.0
20260317_231616_237555,img_20260317_231616_237555.jpg,0.2,0.0
20260317_231616_278359,img_20260317_231616_278359.jpg,0.2,0.0
20260317_231616_338311,img_20260317_231616_338311.jpg,0.2,0.0
20260317_231616_389607,img_20260317_231616_389607.jpg,0.2,0.0
20260317_231616_431241,img_20260317_231616_431241.jpg,0.2,0.0
20260317_231616_491752,img_20260317_231616_491752.jpg,0.2,0.0
20260317_231616_531344,img_20260317_231616_531344.jpg,0.2,0.0
20260317_231616_592914,img_20260317_231616_592914.jpg,0.2,0.0
20260317_231616_636061,img_20260317_231616_636061.jpg,0.2,0.0
20260317_231616_688241,img_20260317_231616_688241.jpg,0.2,0.0
20260317_231616_739034,img_20260317_231616_739034.jpg,0.2,0.0
20260317_231616_797414,img_20260317_231616_797414.jpg,0.2,0.0
20260317_231616_838453,img_20260317_231616_838453.jpg,0.2,0.0
20260317_231616_901673,img_20260317_231616_901673.jpg,0.2,0.0
20260317_231616_952531,img_20260317_231616_952531.jpg,0.2,0.0
20260317_231616_992617,img_20260317_231616_992617.jpg,0.2,0.0
20260317_231617_040250,img_20260317_231617_040250.jpg,0.2,0.0
20260317_231617_093539,img_20260317_231617_093539.jpg,0.2,0.0
20260317_231617_143419,img_20260317_231617_143419.jpg,0.2,0.0
20260317_231617_207704,img_20260317_231617_207704.jpg,0.2,0.0
20260317_231617_246292,img_20260317_231617_246292.jpg,0.2,0.0
20260317_231617_298172,img_20260317_231617_298172.jpg,0.2,0.0
20260317_231617_346625,img_20260317_231617_346625.jpg,0.2,0.0
20260317_231617_398135,img_20260317_231617_398135.jpg,0.2,0.0
20260317_231617_461215,img_20260317_231617_461215.jpg,0.2,0.0
20260317_231617_502651,img_20260317_231617_502651.jpg,0.2,0.0
20260317_231617_552214,img_20260317_231617_552214.jpg,0.2,0.0
20260317_231617_602132,img_20260317_231617_602132.jpg,0.2,0.0
20260317_231617_652914,img_20260317_231617_652914.jpg,0.2,0.0
20260317_231617_704181,img_20260317_231617_704181.jpg,0.2,0.0
20260317_231617_766603,img_20260317_231617_766603.jpg,0.2,0.0
20260317_231617_806565,img_20260317_231617_806565.jpg,0.2,0.0
20260317_231617_858162,img_20260317_231617_858162.jpg,0.2,0.0
20260317_231617_907073,img_20260317_231617_907073.jpg,0.2,0.0
20260317_231617_970446,img_20260317_231617_970446.jpg,0.2,0.0
20260317_231618_008399,img_20260317_231618_008399.jpg,0.2,0.0
20260317_231618_062269,img_20260317_231618_062269.jpg,0.2,0.0
20260317_231618_109936,img_20260317_231618_109936.jpg,0.2,0.0
20260317_231618_173540,img_20260317_231618_173540.jpg,0.2,0.0
20260317_231618_211628,img_20260317_231618_211628.jpg,0.2,0.0
20260317_231618_264310,img_20260317_231618_264310.jpg,0.2,0.0
20260317_231618_320434,img_20260317_231618_320434.jpg,0.2,0.0
20260317_231618_364529,img_20260317_231618_364529.jpg,0.2,0.0
20260317_231618_414135,img_20260317_231618_414135.jpg,0.2,0.0
20260317_231618_476894,img_20260317_231618_476894.jpg,0.2,0.0
20260317_231618_520463,img_20260317_231618_520463.jpg,0.2,0.0
20260317_231618_570652,img_20260317_231618_570652.jpg,0.2,0.0
20260317_231618_629488,img_20260317_231618_629488.jpg,0.2,0.0
20260317_231618_680526,img_20260317_231618_680526.jpg,0.2,0.0
20260317_231618_724635,img_20260317_231618_724635.jpg,0.2,0.0
20260317_231618_775588,img_20260317_231618_775588.jpg,0.2,0.0
20260317_231618_823335,img_20260317_231618_823335.jpg,0.2,0.0
20260317_231618_884383,img_20260317_231618_884383.jpg,0.2,0.0
20260317_231618_936981,img_20260317_231618_936981.jpg,0.2,0.0
20260317_231618_977921,img_20260317_231618_977921.jpg,0.2,0.0
20260317_231619_027832,img_20260317_231619_027832.jpg,0.2,0.0
20260317_231619_078268,img_20260317_231619_078268.jpg,0.2,0.0
20260317_231619_129103,img_20260317_231619_129103.jpg,0.2,0.0
20260317_231619_181708,img_20260317_231619_181708.jpg,0.2,0.0
20260317_231619_230843,img_20260317_231619_230843.jpg,0.2,0.0
20260317_231619_284625,img_20260317_231619_284625.jpg,0.2,0.0
20260317_231619_332727,img_20260317_231619_332727.jpg,0.2,0.0
20260317_231619_385338,img_20260317_231619_385338.jpg,0.2,0.0
20260317_231619_434676,img_20260317_231619_434676.jpg,0.2,0.0
20260317_231619_485421,img_20260317_231619_485421.jpg,0.2,0.0
20260317_231619_537348,img_20260317_231619_537348.jpg,0.2,0.0
20260317_231619_587615,img_20260317_231619_587615.jpg,0.2,0.0
20260317_231619_639797,img_20260317_231619_639797.jpg,0.2,0.0
20260317_231619_689511,img_20260317_231619_689511.jpg,0.2,0.0
20260317_231619_752072,img_20260317_231619_752072.jpg,0.2,0.0
20260317_231619_791441,img_20260317_231619_791441.jpg,0.2,0.0
20260317_231619_842866,img_20260317_231619_842866.jpg,0.2,0.0
20260317_231619_895497,img_20260317_231619_895497.jpg,0.2,0.0
20260317_231619_956786,img_20260317_231619_956786.jpg,0.2,0.0
20260317_231620_006162,img_20260317_231620_006162.jpg,0.2,0.0
20260317_231620_047628,img_20260317_231620_047628.jpg,0.2,0.0
20260317_231620_096799,img_20260317_231620_096799.jpg,0.2,0.0
20260317_231620_147519,img_20260317_231620_147519.jpg,0.2,0.0
20260317_231620_201193,img_20260317_231620_201193.jpg,0.2,0.0
20260317_231620_248623,img_20260317_231620_248623.jpg,0.2,0.0
20260317_231620_302112,img_20260317_231620_302112.jpg,0.2,0.0
20260317_231620_350751,img_20260317_231620_350751.jpg,0.2,0.0
20260317_231620_402140,img_20260317_231620_402140.jpg,0.2,0.0
20260317_231620_466114,img_20260317_231620_466114.jpg,0.2,0.0
20260317_231620_516287,img_20260317_231620_516287.jpg,0.2,0.0
20260317_231620_568990,img_20260317_231620_568990.jpg,0.2,0.0
20260317_231620_606504,img_20260317_231620_606504.jpg,0.2,0.0
20260317_231620_658892,img_20260317_231620_658892.jpg,0.2,0.0
20260317_231620_707832,img_20260317_231620_707832.jpg,0.2,0.0
20260317_231620_770413,img_20260317_231620_770413.jpg,0.2,0.0
20260317_231620_811349,img_20260317_231620_811349.jpg,0.2,0.0
20260317_231620_872850,img_20260317_231620_872850.jpg,0.2,0.0
20260317_231620_912525,img_20260317_231620_912525.jpg,0.2,0.0
20260317_231620_962640,img_20260317_231620_962640.jpg,0.2,0.0
20260317_231621_012650,img_20260317_231621_012650.jpg,0.2,0.0
20260317_231621_073273,img_20260317_231621_073273.jpg,0.2,0.0
20260317_231621_124357,img_20260317_231621_124357.jpg,0.2,0.0
20260317_231621_163726,img_20260317_231621_163726.jpg,0.2,0.0
20260317_231621_214369,img_20260317_231621_214369.jpg,0.2,0.0
20260317_231621_279696,img_20260317_231621_279696.jpg,0.2,0.0
20260317_231621_319406,img_20260317_231621_319406.jpg,0.2,0.0
20260317_231621_368328,img_20260317_231621_368328.jpg,0.2,0.0
20260317_231621_417319,img_20260317_231621_417319.jpg,0.2,0.0
20260317_231621_470758,img_20260317_231621_470758.jpg,0.2,0.0
20260317_231621_519234,img_20260317_231621_519234.jpg,0.2,0.0
20260317_231621_573246,img_20260317_231621_573246.jpg,0.2,0.0
20260317_231621_621316,img_20260317_231621_621316.jpg,0.2,0.0
20260317_231621_672313,img_20260317_231621_672313.jpg,0.2,0.0
20260317_231621_722692,img_20260317_231621_722692.jpg,0.2,0.0
20260317_231621_775085,img_20260317_231621_775085.jpg,0.2,0.0
20260317_231621_827247,img_20260317_231621_827247.jpg,0.2,0.0
20260317_231621_876501,img_20260317_231621_876501.jpg,0.2,0.0
20260317_231621_939039,img_20260317_231621_939039.jpg,0.2,0.0
20260317_231621_978856,img_20260317_231621_978856.jpg,0.2,0.0
20260317_231622_041395,img_20260317_231622_041395.jpg,0.2,0.0
20260317_231622_081486,img_20260317_231622_081486.jpg,0.2,0.0
20260317_231622_144243,img_20260317_231622_144243.jpg,0.2,0.0
20260317_231622_183205,img_20260317_231622_183205.jpg,0.2,0.0
20260317_231622_235279,img_20260317_231622_235279.jpg,0.2,0.0
20260317_231622_294595,img_20260317_231622_294595.jpg,0.2,0.0
20260317_231622_336482,img_20260317_231622_336482.jpg,0.2,0.0
20260317_231622_386988,img_20260317_231622_386988.jpg,0.2,0.0
20260317_231622_437433,img_20260317_231622_437433.jpg,0.2,0.0
20260317_231622_490254,img_20260317_231622_490254.jpg,0.2,0.0
20260317_231622_539189,img_20260317_231622_539189.jpg,0.2,0.0
20260317_231622_589297,img_20260317_231622_589297.jpg,0.2,0.0
20260317_231622_641174,img_20260317_231622_641174.jpg,0.2,0.0
20260317_231622_701344,img_20260317_231622_701344.jpg,0.2,0.0
20260317_231622_742028,img_20260317_231622_742028.jpg,0.2,0.0
20260317_231622_804051,img_20260317_231622_804051.jpg,0.2,0.0
20260317_231622_843302,img_20260317_231622_843302.jpg,0.2,0.0
20260317_231622_908685,img_20260317_231622_908685.jpg,0.2,0.0
20260317_231622_946477,img_20260317_231622_946477.jpg,0.2,0.0
20260317_231622_999064,img_20260317_231622_999064.jpg,0.2,0.0
20260317_231623_058359,img_20260317_231623_058359.jpg,0.2,0.0
20260317_231623_100326,img_20260317_231623_100326.jpg,0.2,0.0
20260317_231623_160563,img_20260317_231623_160563.jpg,0.2,0.0
20260317_231623_211435,img_20260317_231623_211435.jpg,0.2,0.0
20260317_231623_252033,img_20260317_231623_252033.jpg,0.2,0.0
20260317_231623_314469,img_20260317_231623_314469.jpg,0.2,0.0
20260317_231623_350976,img_20260317_231623_350976.jpg,0.2,0.0
20260317_231623_403399,img_20260317_231623_403399.jpg,0.2,0.0
20260317_231623_454073,img_20260317_231623_454073.jpg,0.2,0.0
20260317_231623_505326,img_20260317_231623_505326.jpg,0.2,0.0
20260317_231623_554966,img_20260317_231623_554966.jpg,0.2,0.0
20260317_231623_607074,img_20260317_231623_607074.jpg,0.2,0.0
20260317_231623_669046,img_20260317_231623_669046.jpg,0.2,0.0
20260317_231623_720273,img_20260317_231623_720273.jpg,0.2,0.0
20260317_231623_760359,img_20260317_231623_760359.jpg,0.2,0.0
20260317_231623_812754,img_20260317_231623_812754.jpg,0.2,0.0
20260317_231623_875178,img_20260317_231623_875178.jpg,0.2,0.0
20260317_231623_913670,img_20260317_231623_913670.jpg,0.2,0.0
20260317_231623_962782,img_20260317_231623_962782.jpg,0.2,0.0
20260317_231624_015205,img_20260317_231624_015205.jpg,0.2,0.0
20260317_231624_065089,img_20260317_231624_065089.jpg,0.2,0.0
20260317_231624_118581,img_20260317_231624_118581.jpg,0.2,0.0
20260317_231624_177492,img_20260317_231624_177492.jpg,0.2,0.0
20260317_231624_219274,img_20260317_231624_219274.jpg,0.2,0.0
20260317_231624_279003,img_20260317_231624_279003.jpg,0.2,0.0
20260317_231624_321031,img_20260317_231624_321031.jpg,0.2,0.0
20260317_231624_384662,img_20260317_231624_384662.jpg,0.2,0.0
20260317_231624_422684,img_20260317_231624_422684.jpg,0.2,0.0
20260317_231624_473738,img_20260317_231624_473738.jpg,0.2,0.0
20260317_231624_534562,img_20260317_231624_534562.jpg,0.2,0.0
20260317_231624_577114,img_20260317_231624_577114.jpg,0.2,0.0
20260317_231624_626974,img_20260317_231624_626974.jpg,0.2,0.0
20260317_231624_677119,img_20260317_231624_677119.jpg,0.2,0.0
20260317_231624_729141,img_20260317_231624_729141.jpg,0.2,0.0
20260317_231624_777406,img_20260317_231624_777406.jpg,0.2,0.0
20260317_231624_839971,img_20260317_231624_839971.jpg,0.2,0.0
20260317_231624_890624,img_20260317_231624_890624.jpg,0.2,0.0
20260317_231624_942031,img_20260317_231624_942031.jpg,0.2,0.0
20260317_231624_980146,img_20260317_231624_980146.jpg,0.2,0.0
20260317_231625_042129,img_20260317_231625_042129.jpg,0.2,0.0
20260317_231625_081950,img_20260317_231625_081950.jpg,0.2,0.0
20260317_231625_134784,img_20260317_231625_134784.jpg,0.2,0.0
20260317_231625_196115,img_20260317_231625_196115.jpg,0.2,0.0
20260317_231625_246009,img_20260317_231625_246009.jpg,0.2,0.0
20260317_231625_297743,img_20260317_231625_297743.jpg,0.2,0.0
20260317_231625_337553,img_20260317_231625_337553.jpg,0.2,0.0
20260317_231625_389253,img_20260317_231625_389253.jpg,0.2,0.0
20260317_231625_441040,img_20260317_231625_441040.jpg,0.2,0.0
20260317_231625_492838,img_20260317_231625_492838.jpg,0.2,0.0
20260317_231625_540498,img_20260317_231625_540498.jpg,0.2,0.0
20260317_231625_590502,img_20260317_231625_590502.jpg,0.2,0.0
20260317_231625_641626,img_20260317_231625_641626.jpg,0.2,0.0
20260317_231625_702140,img_20260317_231625_702140.jpg,0.2,0.0
20260317_231625_745082,img_20260317_231625_745082.jpg,0.2,0.0
20260317_231625_804979,img_20260317_231625_804979.jpg,0.2,0.0
20260317_231625_857289,img_20260317_231625_857289.jpg,0.2,0.0
20260317_231625_898348,img_20260317_231625_898348.jpg,0.2,0.0
20260317_231625_947356,img_20260317_231625_947356.jpg,0.2,0.0
20260317_231626_001167,img_20260317_231626_001167.jpg,0.2,0.0
20260317_231626_061981,img_20260317_231626_061981.jpg,0.2,0.0
20260317_231626_111207,img_20260317_231626_111207.jpg,0.2,0.0
20260317_231626_152598,img_20260317_231626_152598.jpg,0.2,0.0
20260317_231626_202926,img_20260317_231626_202926.jpg,0.2,0.0
20260317_231626_253030,img_20260317_231626_253030.jpg,0.2,0.0
20260317_231626_304759,img_20260317_231626_304759.jpg,0.2,0.0
20260317_231626_355195,img_20260317_231626_355195.jpg,0.2,0.0
20260317_231626_404193,img_20260317_231626_404193.jpg,0.2,0.0
20260317_231626_457119,img_20260317_231626_457119.jpg,0.2,0.0
20260317_231626_506650,img_20260317_231626_506650.jpg,0.2,0.0
20260317_231626_560345,img_20260317_231626_560345.jpg,0.2,0.0
20260317_231626_619737,img_20260317_231626_619737.jpg,0.2,0.0
20260317_231626_659283,img_20260317_231626_659283.jpg,0.2,0.0
20260317_231626_710419,img_20260317_231626_710419.jpg,0.2,0.0
20260317_231626_760490,img_20260317_231626_760490.jpg,0.2,0.0
20260317_231626_813613,img_20260317_231626_813613.jpg,0.2,0.0
20260317_231626_873463,img_20260317_231626_873463.jpg,0.2,0.0
20260317_231626_927060,img_20260317_231626_927060.jpg,0.2,0.0
20260317_231626_964646,img_20260317_231626_964646.jpg,0.2,0.0
20260317_231627_014339,img_20260317_231627_014339.jpg,0.2,0.0
20260317_231627_065251,img_20260317_231627_065251.jpg,0.2,0.0
20260317_231627_126935,img_20260317_231627_126935.jpg,0.2,0.0
20260317_231627_168225,img_20260317_231627_168225.jpg,0.2,0.0
20260317_231627_230783,img_20260317_231627_230783.jpg,0.2,0.0
20260317_231627_280744,img_20260317_231627_280744.jpg,0.2,0.0
20260317_231627_320556,img_20260317_231627_320556.jpg,0.2,0.0
20260317_231627_382014,img_20260317_231627_382014.jpg,0.2,0.0
20260317_231627_423328,img_20260317_231627_423328.jpg,0.2,0.0
20260317_231627_473630,img_20260317_231627_473630.jpg,0.2,0.0
20260317_231627_524350,img_20260317_231627_524350.jpg,0.2,0.0
20260317_231627_575025,img_20260317_231627_575025.jpg,0.2,0.0
20260317_231627_625128,img_20260317_231627_625128.jpg,0.2,0.0
20260317_231627_677340,img_20260317_231627_677340.jpg,0.2,0.0
20260317_231627_737905,img_20260317_231627_737905.jpg,0.2,0.0
20260317_231627_788223,img_20260317_231627_788223.jpg,0.2,0.0
20260317_231627_838104,img_20260317_231627_838104.jpg,0.2,0.0
20260317_231627_880274,img_20260317_231627_880274.jpg,0.2,0.0
20260317_231627_941224,img_20260317_231627_941224.jpg,0.2,0.0
20260317_231627_983947,img_20260317_231627_983947.jpg,0.2,0.0
20260317_231628_032840,img_20260317_231628_032840.jpg,0.2,0.0
20260317_231628_085271,img_20260317_231628_085271.jpg,0.2,0.0
20260317_231628_133842,img_20260317_231628_133842.jpg,0.2,0.0
20260317_231628_185070,img_20260317_231628_185070.jpg,0.2,0.0
20260317_231628_235922,img_20260317_231628_235922.jpg,0.2,0.0
20260317_231628_288523,img_20260317_231628_288523.jpg,0.2,0.0
20260317_231628_338540,img_20260317_231628_338540.jpg,0.2,0.0
20260317_231628_389877,img_20260317_231628_389877.jpg,0.2,0.0
20260317_231628_438086,img_20260317_231628_438086.jpg,0.2,0.0
20260317_231628_494104,img_20260317_231628_494104.jpg,0.2,0.0
20260317_231628_542394,img_20260317_231628_542394.jpg,0.2,0.0
20260317_231628_594149,img_20260317_231628_594149.jpg,0.2,0.0
20260317_231628_644689,img_20260317_231628_644689.jpg,0.2,0.0
20260317_231628_707393,img_20260317_231628_707393.jpg,0.2,0.0
20260317_231628_747783,img_20260317_231628_747783.jpg,0.2,0.0
20260317_231628_799932,img_20260317_231628_799932.jpg,0.2,0.0
20260317_231628_850836,img_20260317_231628_850836.jpg,0.2,0.0
20260317_231628_912356,img_20260317_231628_912356.jpg,0.2,0.0
20260317_231628_964811,img_20260317_231628_964811.jpg,0.2,0.0
20260317_231629_004133,img_20260317_231629_004133.jpg,0.2,0.0
20260317_231629_051937,img_20260317_231629_051937.jpg,0.2,0.0
20260317_231629_104661,img_20260317_231629_104661.jpg,0.2,0.0
20260317_231629_165206,img_20260317_231629_165206.jpg,0.2,0.0
20260317_231629_207456,img_20260317_231629_207456.jpg,0.2,0.0
20260317_231629_269897,img_20260317_231629_269897.jpg,0.2,0.0
20260317_231629_308564,img_20260317_231629_308564.jpg,0.2,0.0
20260317_231629_362518,img_20260317_231629_362518.jpg,0.2,0.0
20260317_231629_413434,img_20260317_231629_413434.jpg,0.2,0.0
20260317_231629_472454,img_20260317_231629_472454.jpg,0.2,0.0
20260317_231629_524523,img_20260317_231629_524523.jpg,0.2,0.0
20260317_231629_565122,img_20260317_231629_565122.jpg,0.2,0.0
20260317_231629_618153,img_20260317_231629_618153.jpg,0.2,0.0
20260317_231629_667412,img_20260317_231629_667412.jpg,0.2,0.0
20260317_231629_716258,img_20260317_231629_716258.jpg,0.2,0.0
20260317_231629_767478,img_20260317_231629_767478.jpg,0.2,0.0
20260317_231629_833290,img_20260317_231629_833290.jpg,0.2,0.0
20260317_231629_881188,img_20260317_231629_881188.jpg,0.2,0.0
20260317_231629_933110,img_20260317_231629_933110.jpg,0.2,0.0
20260317_231629_982140,img_20260317_231629_982140.jpg,0.2,0.0
20260317_231630_025396,img_20260317_231630_025396.jpg,0.2,0.0
20260317_231630_075402,img_20260317_231630_075402.jpg,0.2,0.0
20260317_231630_126369,img_20260317_231630_126369.jpg,0.2,0.0
20260317_231630_177025,img_20260317_231630_177025.jpg,0.2,0.0
20260317_231630_229148,img_20260317_231630_229148.jpg,0.2,0.0
20260317_231629_619613,img_20260317_231629_619613.jpg,0.2,0.0
20260317_231629_667250,img_20260317_231629_667250.jpg,0.2,0.0
20260317_231629_720341,img_20260317_231629_720341.jpg,0.2,0.0
20260317_231629_771940,img_20260317_231629_771940.jpg,0.2,0.0
20260317_231629_821816,img_20260317_231629_821816.jpg,0.2,0.0
20260317_231629_871321,img_20260317_231629_871321.jpg,0.2,0.0
20260317_231629_923830,img_20260317_231629_923830.jpg,0.2,0.0
20260317_231629_984729,img_20260317_231629_984729.jpg,0.2,0.0
20260317_231630_034929,img_20260317_231630_034929.jpg,0.2,0.0
20260317_231630_086078,img_20260317_231630_086078.jpg,0.2,0.0
20260317_231630_125806,img_20260317_231630_125806.jpg,0.2,0.0
20260317_231630_179703,img_20260317_231630_179703.jpg,0.2,0.0
20260317_231630_229308,img_20260317_231630_229308.jpg,0.2,0.0
20260317_231630_280662,img_20260317_231630_280662.jpg,0.2,0.0
20260317_231630_332649,img_20260317_231630_332649.jpg,0.2,0.0
20260317_231630_396276,img_20260317_231630_396276.jpg,0.2,0.0
20260317_231630_433742,img_20260317_231630_433742.jpg,0.2,0.0
20260317_231630_494232,img_20260317_231630_494232.jpg,0.2,0.0
20260317_231630_534854,img_20260317_231630_534854.jpg,0.2,0.0
20260317_231630_585534,img_20260317_231630_585534.jpg,0.2,0.0
20260317_231630_648736,img_20260317_231630_648736.jpg,0.2,0.0
20260317_231630_691459,img_20260317_231630_691459.jpg,0.2,0.0
20260317_231630_749175,img_20260317_231630_749175.jpg,0.2,0.0
20260317_231630_800401,img_20260317_231630_800401.jpg,0.2,0.0
20260317_231630_841759,img_20260317_231630_841759.jpg,0.2,0.0
20260317_231630_891600,img_20260317_231630_891600.jpg,0.2,0.0
20260317_231630_945864,img_20260317_231630_945864.jpg,0.2,0.0
20260317_231630_993730,img_20260317_231630_993730.jpg,0.2,0.0
20260317_231631_046131,img_20260317_231631_046131.jpg,0.2,0.0
20260317_231631_095740,img_20260317_231631_095740.jpg,0.2,0.0
20260317_231631_159853,img_20260317_231631_159853.jpg,0.2,0.0
20260317_231631_198272,img_20260317_231631_198272.jpg,0.2,0.0
20260317_231631_259699,img_20260317_231631_259699.jpg,0.2,0.0
20260317_231631_301663,img_20260317_231631_301663.jpg,0.2,0.0
20260317_231631_352257,img_20260317_231631_352257.jpg,0.2,0.0
20260317_231631_415261,img_20260317_231631_415261.jpg,0.2,0.0
20260317_231631_452621,img_20260317_231631_452621.jpg,0.2,0.0
20260317_231631_503957,img_20260317_231631_503957.jpg,0.2,0.0
20260317_231631_553585,img_20260317_231631_553585.jpg,0.2,0.0
20260317_231631_607750,img_20260317_231631_607750.jpg,0.2,0.0
20260317_231631_666285,img_20260317_231631_666285.jpg,0.2,0.0
20260317_231631_718146,img_20260317_231631_718146.jpg,0.2,0.0
20260317_231631_758710,img_20260317_231631_758710.jpg,0.2,0.0
20260317_231631_811849,img_20260317_231631_811849.jpg,0.2,0.0
20260317_231631_860186,img_20260317_231631_860186.jpg,0.2,0.0
20260317_231631_910321,img_20260317_231631_910321.jpg,0.2,0.0
20260317_231631_961161,img_20260317_231631_961161.jpg,0.2,0.0
20260317_231632_022607,img_20260317_231632_022607.jpg,0.2,0.0
20260317_231632_062566,img_20260317_231632_062566.jpg,0.2,0.0
20260317_231632_126094,img_20260317_231632_126094.jpg,0.2,0.0
20260317_231632_164227,img_20260317_231632_164227.jpg,0.2,0.0
20260317_231632_226063,img_20260317_231632_226063.jpg,0.2,0.0
20260317_231632_266846,img_20260317_231632_266846.jpg,0.2,0.0
20260317_231632_318062,img_20260317_231632_318062.jpg,0.2,0.0
20260317_231632_370985,img_20260317_231632_370985.jpg,0.2,0.0
20260317_231632_432047,img_20260317_231632_432047.jpg,0.2,0.0
20260317_231632_473236,img_20260317_231632_473236.jpg,0.2,0.0
20260317_231632_531690,img_20260317_231632_531690.jpg,0.2,0.0
20260317_231632_573579,img_20260317_231632_573579.jpg,0.2,0.0
20260317_231632_625452,img_20260317_231632_625452.jpg,0.2,0.0
20260317_231632_674003,img_20260317_231632_674003.jpg,0.2,0.0
20260317_231632_734296,img_20260317_231632_734296.jpg,0.2,0.0
20260317_231632_776532,img_20260317_231632_776532.jpg,0.2,0.0
20260317_231632_828772,img_20260317_231632_828772.jpg,0.2,0.0
20260317_231632_880132,img_20260317_231632_880132.jpg,0.2,0.0
20260317_231632_931704,img_20260317_231632_931704.jpg,0.2,0.0
20260317_231632_988552,img_20260317_231632_988552.jpg,0.2,0.0
20260317_231633_040752,img_20260317_231633_040752.jpg,0.2,0.0
20260317_231633_079542,img_20260317_231633_079542.jpg,0.2,0.0
20260317_231633_132595,img_20260317_231633_132595.jpg,0.2,0.0
20260317_231633_192380,img_20260317_231633_192380.jpg,0.2,0.0
20260317_231633_232336,img_20260317_231633_232336.jpg,0.2,0.0
20260317_231633_284090,img_20260317_231633_284090.jpg,0.2,0.0
20260317_231633_332660,img_20260317_231633_332660.jpg,0.2,0.0
20260317_231633_386085,img_20260317_231633_386085.jpg,0.2,0.0
20260317_231633_436105,img_20260317_231633_436105.jpg,0.2,0.0
20260317_231633_486067,img_20260317_231633_486067.jpg,0.2,0.0
20260317_231633_547862,img_20260317_231633_547862.jpg,0.2,0.0
20260317_231633_588998,img_20260317_231633_588998.jpg,0.2,0.0
20260317_231633_649034,img_20260317_231633_649034.jpg,0.2,0.0
20260317_231633_691866,img_20260317_231633_691866.jpg,0.2,0.0
20260317_231633_741565,img_20260317_231633_741565.jpg,0.2,0.0
20260317_231633_791530,img_20260317_231633_791530.jpg,0.2,0.0
20260317_231633_842284,img_20260317_231633_842284.jpg,0.2,0.0
20260317_231633_895202,img_20260317_231633_895202.jpg,0.2,0.0
20260317_231633_954712,img_20260317_231633_954712.jpg,0.2,0.0
20260317_231634_004286,img_20260317_231634_004286.jpg,0.2,0.0
20260317_231634_046004,img_20260317_231634_046004.jpg,0.2,0.0
20260317_231634_105434,img_20260317_231634_105434.jpg,0.2,0.0
20260317_231634_156990,img_20260317_231634_156990.jpg,0.2,0.0
20260317_231634_198739,img_20260317_231634_198739.jpg,0.2,0.0
20260317_231634_249672,img_20260317_231634_249672.jpg,0.2,0.0
20260317_231634_300863,img_20260317_231634_300863.jpg,0.2,0.0
20260317_231634_361953,img_20260317_231634_361953.jpg,0.2,0.0
20260317_231634_404201,img_20260317_231634_404201.jpg,0.2,0.0
20260317_231634_454902,img_20260317_231634_454902.jpg,0.2,0.0
20260317_231634_504591,img_20260317_231634_504591.jpg,0.2,-0.1
20260317_231634_557812,img_20260317_231634_557812.jpg,0.2,-0.1
20260317_231634_608161,img_20260317_231634_608161.jpg,0.2,0.0
20260317_231634_658381,img_20260317_231634_658381.jpg,0.2,0.0
20260317_231634_720340,img_20260317_231634_720340.jpg,0.2,0.0
20260317_231634_770385,img_20260317_231634_770385.jpg,0.2,0.0
20260317_231634_822007,img_20260317_231634_822007.jpg,0.2,0.0
20260317_231634_862490,img_20260317_231634_862490.jpg,0.2,0.0
20260317_231634_913360,img_20260317_231634_913360.jpg,0.2,0.0
20260317_231634_974202,img_20260317_231634_974202.jpg,0.2,0.0
20260317_231635_015515,img_20260317_231635_015515.jpg,0.2,0.0
20260317_231635_065491,img_20260317_231635_065491.jpg,0.2,0.0
20260317_231635_128062,img_20260317_231635_128062.jpg,0.2,-0.1
20260317_231635_178700,img_20260317_231635_178700.jpg,0.2,-0.1
20260317_231635_230827,img_20260317_231635_230827.jpg,0.2,-0.1
20260317_231635_268647,img_20260317_231635_268647.jpg,0.2,-0.1
20260317_231635_332114,img_20260317_231635_332114.jpg,0.2,0.0
20260317_231635_371379,img_20260317_231635_371379.jpg,0.2,0.0
20260317_231635_432418,img_20260317_231635_432418.jpg,0.2,0.0
20260317_231635_483726,img_20260317_231635_483726.jpg,0.2,0.0
20260317_231635_533693,img_20260317_231635_533693.jpg,0.2,0.0
20260317_231635_574291,img_20260317_231635_574291.jpg,0.2,0.0
20260317_231635_624895,img_20260317_231635_624895.jpg,0.2,0.0
20260317_231635_675589,img_20260317_231635_675589.jpg,0.2,0.0
20260317_231635_738721,img_20260317_231635_738721.jpg,0.2,0.0
20260317_231635_776952,img_20260317_231635_776952.jpg,0.2,0.0
20260317_231635_829378,img_20260317_231635_829378.jpg,0.2,0.0
20260317_231635_877151,img_20260317_231635_877151.jpg,0.2,-0.1
20260317_231635_930126,img_20260317_231635_930126.jpg,0.2,-0.1
20260317_231635_978939,img_20260317_231635_978939.jpg,0.2,-0.1
20260317_231636_030292,img_20260317_231636_030292.jpg,0.2,0.0
20260317_231636_080255,img_20260317_231636_080255.jpg,0.2,0.0
20260317_231636_133044,img_20260317_231636_133044.jpg,0.2,0.0
20260317_231636_193971,img_20260317_231636_193971.jpg,0.2,0.0
20260317_231636_235194,img_20260317_231636_235194.jpg,0.2,0.0
20260317_231636_286348,img_20260317_231636_286348.jpg,0.2,0.0
20260317_231636_346884,img_20260317_231636_346884.jpg,0.2,0.0
20260317_231636_389716,img_20260317_231636_389716.jpg,0.2,0.0
20260317_231636_450253,img_20260317_231636_450253.jpg,0.2,0.0
20260317_231636_488768,img_20260317_231636_488768.jpg,0.2,0.0
20260317_231636_550237,img_20260317_231636_550237.jpg,0.2,0.0
20260317_231636_590031,img_20260317_231636_590031.jpg,0.2,0.0
20260317_231636_641807,img_20260317_231636_641807.jpg,0.2,0.0
20260317_231636_702680,img_20260317_231636_702680.jpg,0.2,0.0
20260317_231636_744492,img_20260317_231636_744492.jpg,0.2,0.0
20260317_231636_798012,img_20260317_231636_798012.jpg,0.2,0.0
20260317_231636_857095,img_20260317_231636_857095.jpg,0.2,0.0
20260317_231636_913572,img_20260317_231636_913572.jpg,0.2,0.0
20260317_231636_951946,img_20260317_231636_951946.jpg,0.2,0.0
20260317_231637_015066,img_20260317_231637_015066.jpg,0.2,0.0
20260317_231637_054014,img_20260317_231637_054014.jpg,0.2,0.0
20260317_231637_102756,img_20260317_231637_102756.jpg,0.2,0.0
20260317_231637_166795,img_20260317_231637_166795.jpg,0.2,0.0
20260317_231637_217542,img_20260317_231637_217542.jpg,0.2,0.0
20260317_231637_266539,img_20260317_231637_266539.jpg,0.2,0.0
20260317_231637_318039,img_20260317_231637_318039.jpg,0.2,0.0
20260317_231637_357887,img_20260317_231637_357887.jpg,0.2,0.0
20260317_231637_409208,img_20260317_231637_409208.jpg,0.2,0.0
20260317_231637_470515,img_20260317_231637_470515.jpg,0.2,0.0
20260317_231637_524340,img_20260317_231637_524340.jpg,0.2,0.0
20260317_231637_572302,img_20260317_231637_572302.jpg,0.2,0.0
20260317_231637_625420,img_20260317_231637_625420.jpg,0.2,0.0
20260317_231637_663116,img_20260317_231637_663116.jpg,0.2,0.0
20260317_231637_715368,img_20260317_231637_715368.jpg,0.2,0.0
20260317_231637_763817,img_20260317_231637_763817.jpg,0.2,0.0
20260317_231637_816022,img_20260317_231637_816022.jpg,0.2,0.0
20260317_231637_876106,img_20260317_231637_876106.jpg,0.2,0.0
20260317_231637_928066,img_20260317_231637_928066.jpg,0.2,0.0
20260317_231637_979712,img_20260317_231637_979712.jpg,0.2,0.0
20260317_231638_017528,img_20260317_231638_017528.jpg,0.2,0.0
20260317_231638_079706,img_20260317_231638_079706.jpg,0.2,0.0
20260317_231638_120217,img_20260317_231638_120217.jpg,0.2,0.0
20260317_231638_173979,img_20260317_231638_173979.jpg,0.2,0.0
20260317_231638_233363,img_20260317_231638_233363.jpg,0.2,0.0
20260317_231638_273252,img_20260317_231638_273252.jpg,0.2,0.0
20260317_231638_325340,img_20260317_231638_325340.jpg,0.2,0.0
20260317_231638_372251,img_20260317_231638_372251.jpg,0.2,0.0
20260317_231638_425895,img_20260317_231638_425895.jpg,0.2,0.0
20260317_231638_477837,img_20260317_231638_477837.jpg,0.2,0.0
20260317_231638_525798,img_20260317_231638_525798.jpg,0.2,0.0
20260317_231638_576963,img_20260317_231638_576963.jpg,0.2,0.0
20260317_231638_628692,img_20260317_231638_628692.jpg,0.2,0.0
20260317_231638_690587,img_20260317_231638_690587.jpg,0.2,0.0
20260317_231638_731346,img_20260317_231638_731346.jpg,0.2,0.0
20260317_231638_779046,img_20260317_231638_779046.jpg,0.2,0.0
20260317_231638_842312,img_20260317_231638_842312.jpg,0.2,0.0
20260317_231638_893024,img_20260317_231638_893024.jpg,0.2,0.0
20260317_231638_943740,img_20260317_231638_943740.jpg,0.2,0.0
20260317_231638_995914,img_20260317_231638_995914.jpg,0.2,0.0
20260317_231639_045780,img_20260317_231639_045780.jpg,0.2,0.0
20260317_231639_085985,img_20260317_231639_085985.jpg,0.2,0.0
20260317_231639_138501,img_20260317_231639_138501.jpg,0.2,0.0
20260317_231639_190244,img_20260317_231639_190244.jpg,0.2,0.0
20260317_231639_251680,img_20260317_231639_251680.jpg,0.2,0.0
20260317_231639_291224,img_20260317_231639_291224.jpg,0.2,0.0
20260317_231639_342394,img_20260317_231639_342394.jpg,0.2,0.0
20260317_231639_395199,img_20260317_231639_395199.jpg,0.2,0.0
20260317_231639_445404,img_20260317_231639_445404.jpg,0.2,0.0
20260317_231639_497261,img_20260317_231639_497261.jpg,0.2,0.0
20260317_231639_557551,img_20260317_231639_557551.jpg,0.2,0.0
20260317_231639_607904,img_20260317_231639_607904.jpg,0.2,0.0
20260317_231639_649039,img_20260317_231639_649039.jpg,0.2,0.0
20260317_231639_711799,img_20260317_231639_711799.jpg,0.2,0.0
20260317_231639_762967,img_20260317_231639_762967.jpg,0.2,0.0
20260317_231639_800736,img_20260317_231639_800736.jpg,0.2,0.0
20260317_231639_852051,img_20260317_231639_852051.jpg,0.2,0.0
20260317_231639_903082,img_20260317_231639_903082.jpg,0.2,0.0
20260317_231639_955959,img_20260317_231639_955959.jpg,0.2,0.0
20260317_231640_005583,img_20260317_231640_005583.jpg,0.2,0.0
20260317_231640_057582,img_20260317_231640_057582.jpg,0.2,0.0
20260317_231640_106892,img_20260317_231640_106892.jpg,0.2,0.0
20260317_231640_168329,img_20260317_231640_168329.jpg,0.2,0.0
20260317_231640_219183,img_20260317_231640_219183.jpg,0.2,0.0
20260317_231640_262688,img_20260317_231640_262688.jpg,0.2,0.0
20260317_231640_312128,img_20260317_231640_312128.jpg,0.2,0.0
20260317_231640_364216,img_20260317_231640_364216.jpg,0.2,0.0
20260317_231640_426033,img_20260317_231640_426033.jpg,0.2,0.0
20260317_231640_466839,img_20260317_231640_466839.jpg,0.2,0.0
20260317_231640_529075,img_20260317_231640_529075.jpg,0.2,0.0
20260317_231640_567767,img_20260317_231640_567767.jpg,0.2,0.0
20260317_231640_618973,img_20260317_231640_618973.jpg,0.2,0.0
20260317_231640_680515,img_20260317_231640_680515.jpg,0.2,0.0
20260317_231640_729630,img_20260317_231640_729630.jpg,0.2,0.0
20260317_231640_772547,img_20260317_231640_772547.jpg,0.2,0.0
20260317_231640_824101,img_20260317_231640_824101.jpg,0.2,0.0
20260317_231640_883527,img_20260317_231640_883527.jpg,0.2,0.0
20260317_231640_924207,img_20260317_231640_924207.jpg,0.2,0.0
20260317_231640_976300,img_20260317_231640_976300.jpg,0.2,0.0
20260317_231641_038033,img_20260317_231641_038033.jpg,0.2,0.0
20260317_231641_078962,img_20260317_231641_078962.jpg,0.2,0.0
20260317_231641_139177,img_20260317_231641_139177.jpg,0.2,0.0
20260317_231641_178403,img_20260317_231641_178403.jpg,0.2,0.0
20260317_231641_241194,img_20260317_231641_241194.jpg,0.2,0.0
20260317_231641_281120,img_20260317_231641_281120.jpg,0.2,0.0
20260317_231641_333751,img_20260317_231641_333751.jpg,0.2,0.0
20260317_231641_384795,img_20260317_231641_384795.jpg,0.2,0.0
20260317_231641_434493,img_20260317_231641_434493.jpg,0.2,0.0
20260317_231641_495556,img_20260317_231641_495556.jpg,0.2,0.0
20260317_231641_546493,img_20260317_231641_546493.jpg,0.2,0.0
20260317_231641_597828,img_20260317_231641_597828.jpg,0.2,0.0
20260317_231641_638391,img_20260317_231641_638391.jpg,0.2,0.0
20260317_231641_688235,img_20260317_231641_688235.jpg,0.2,0.0
20260317_231641_739273,img_20260317_231641_739273.jpg,0.2,0.0
20260317_231641_799364,img_20260317_231641_799364.jpg,0.2,0.0
20260317_231641_850962,img_20260317_231641_850962.jpg,0.2,0.0
20260317_231641_889711,img_20260317_231641_889711.jpg,0.2,0.0
20260317_231641_950784,img_20260317_231641_950784.jpg,0.2,0.0
20260317_231641_989291,img_20260317_231641_989291.jpg,0.2,0.0
20260317_231642_053972,img_20260317_231642_053972.jpg,0.2,0.0
20260317_231642_092492,img_20260317_231642_092492.jpg,0.2,0.0
20260317_231642_142185,img_20260317_231642_142185.jpg,0.2,0.0
20260317_231642_194136,img_20260317_231642_194136.jpg,0.2,-0.1
20260317_231642_245097,img_20260317_231642_245097.jpg,0.2,-0.1
20260317_231642_295810,img_20260317_231642_295810.jpg,0.2,-0.1
20260317_231642_346551,img_20260317_231642_346551.jpg,0.2,0.0
20260317_231642_395811,img_20260317_231642_395811.jpg,0.2,0.0
20260317_231642_447267,img_20260317_231642_447267.jpg,0.2,0.0
20260317_231642_496878,img_20260317_231642_496878.jpg,0.2,0.0
20260317_231642_560246,img_20260317_231642_560246.jpg,0.2,0.0
20260317_231642_599939,img_20260317_231642_599939.jpg,0.2,0.0
20260317_231642_662151,img_20260317_231642_662151.jpg,0.2,0.0
20260317_231642_712813,img_20260317_231642_712813.jpg,0.2,0.0
20260317_231642_762438,img_20260317_231642_762438.jpg,0.2,0.0
20260317_231642_814334,img_20260317_231642_814334.jpg,0.2,0.0
20260317_231642_861973,img_20260317_231642_861973.jpg,0.2,0.0
20260317_231642_905599,img_20260317_231642_905599.jpg,0.2,0.0
20260317_231642_954382,img_20260317_231642_954382.jpg,0.2,0.0
20260317_231643_016743,img_20260317_231643_016743.jpg,0.2,0.0
20260317_231643_067331,img_20260317_231643_067331.jpg,0.2,0.0
20260317_231643_110767,img_20260317_231643_110767.jpg,0.2,0.0
20260317_231643_161800,img_20260317_231643_161800.jpg,0.2,0.0
20260317_231643_211289,img_20260317_231643_211289.jpg,0.2,0.0
20260317_231643_262762,img_20260317_231643_262762.jpg,0.2,0.0
20260317_231643_313383,img_20260317_231643_313383.jpg,0.2,0.0
20260317_231643_365894,img_20260317_231643_365894.jpg,0.2,0.0
20260317_231643_424089,img_20260317_231643_424089.jpg,0.2,0.0
20260317_231643_465381,img_20260317_231643_465381.jpg,0.2,0.0
20260317_231643_516448,img_20260317_231643_516448.jpg,0.2,0.0
20260317_231643_578243,img_20260317_231643_578243.jpg,0.2,0.0
20260317_231643_630526,img_20260317_231643_630526.jpg,0.2,0.0
20260317_231643_668622,img_20260317_231643_668622.jpg,0.2,0.0
20260317_231643_730996,img_20260317_231643_730996.jpg,0.2,0.0
20260317_231643_771290,img_20260317_231643_771290.jpg,0.2,0.0
20260317_231643_822805,img_20260317_231643_822805.jpg,0.2,0.0
20260317_231643_886080,img_20260317_231643_886080.jpg,0.2,0.0
20260317_231643_936564,img_20260317_231643_936564.jpg,0.2,0.0
20260317_231643_975999,img_20260317_231643_975999.jpg,0.2,0.0
20260317_231644_024042,img_20260317_231644_024042.jpg,0.2,0.0
20260317_231644_086978,img_20260317_231644_086978.jpg,0.2,0.0
20260317_231644_138691,img_20260317_231644_138691.jpg,0.2,0.0
20260317_231644_175792,img_20260317_231644_175792.jpg,0.2,0.0
20260317_231644_227559,img_20260317_231644_227559.jpg,0.2,0.0
20260317_231644_278862,img_20260317_231644_278862.jpg,0.2,0.0
20260317_231644_329418,img_20260317_231644_329418.jpg,0.2,0.0
20260317_231644_385359,img_20260317_231644_385359.jpg,0.2,0.0
20260317_231644_441465,img_20260317_231644_441465.jpg,0.2,0.0
20260317_231644_493530,img_20260317_231644_493530.jpg,0.2,0.0
20260317_231644_535207,img_20260317_231644_535207.jpg,0.2,0.0
20260317_231644_587464,img_20260317_231644_587464.jpg,0.2,0.0
20260317_231644_636065,img_20260317_231644_636065.jpg,0.2,0.0
20260317_231644_687256,img_20260317_231644_687256.jpg,0.2,0.0
20260317_231644_738037,img_20260317_231644_738037.jpg,0.2,0.0
20260317_231644_789365,img_20260317_231644_789365.jpg,0.2,0.0
20260317_231644_849873,img_20260317_231644_849873.jpg,0.2,0.0
20260317_231644_900645,img_20260317_231644_900645.jpg,0.2,0.0
20260317_231644_940658,img_20260317_231644_940658.jpg,0.2,0.0
20260317_231645_003679,img_20260317_231645_003679.jpg,0.2,0.0
20260317_231645_053082,img_20260317_231645_053082.jpg,0.2,0.0
20260317_231645_104633,img_20260317_231645_104633.jpg,0.2,0.0
20260317_231645_143198,img_20260317_231645_143198.jpg,0.2,0.0
20260317_231645_194534,img_20260317_231645_194534.jpg,0.2,0.0
20260317_231645_257215,img_20260317_231645_257215.jpg,0.2,0.0
20260317_231645_298642,img_20260317_231645_298642.jpg,0.2,0.0
20260317_231645_358859,img_20260317_231645_358859.jpg,0.2,0.0
20260317_231645_400974,img_20260317_231645_400974.jpg,0.2,0.0
20260317_231645_452469,img_20260317_231645_452469.jpg,0.2,0.0
20260317_231645_502427,img_20260317_231645_502427.jpg,0.2,0.0
20260317_231645_552739,img_20260317_231645_552739.jpg,0.2,0.0
20260317_231645_614194,img_20260317_231645_614194.jpg,0.2,0.0
20260317_231645_655418,img_20260317_231645_655418.jpg,0.2,0.0
20260317_231645_705574,img_20260317_231645_705574.jpg,0.2,0.0
20260317_231645_757982,img_20260317_231645_757982.jpg,0.2,0.0
20260317_231645_808292,img_20260317_231645_808292.jpg,0.2,0.0
20260317_231645_858201,img_20260317_231645_858201.jpg,0.2,0.0
20260317_231645_920570,img_20260317_231645_920570.jpg,0.2,0.0
20260317_231645_970370,img_20260317_231645_970370.jpg,0.2,0.0
20260317_231646_012743,img_20260317_231646_012743.jpg,0.2,0.0
20260317_231646_075363,img_20260317_231646_075363.jpg,0.2,0.0
20260317_231646_114972,img_20260317_231646_114972.jpg,0.2,0.0
20260317_231646_167869,img_20260317_231646_167869.jpg,0.2,0.0
20260317_231646_216302,img_20260317_231646_216302.jpg,0.2,0.0
20260317_231646_277797,img_20260317_231646_277797.jpg,0.2,0.0
20260317_231646_330360,img_20260317_231646_330360.jpg,0.2,0.0
20260317_231646_371840,img_20260317_231646_371840.jpg,0.2,-0.1
20260317_231646_421618,img_20260317_231646_421618.jpg,0.2,-0.1
20260317_231646_474324,img_20260317_231646_474324.jpg,0.2,-0.1
20260317_231646_535116,img_20260317_231646_535116.jpg,0.2,0.0
20260317_231646_578168,img_20260317_231646_578168.jpg,0.2,0.0
20260317_231646_628097,img_20260317_231646_628097.jpg,0.2,0.0
20260317_231646_690001,img_20260317_231646_690001.jpg,0.2,0.0
20260317_231646_729340,img_20260317_231646_729340.jpg,0.2,0.0
20260317_231646_781877,img_20260317_231646_781877.jpg,0.2,0.0
20260317_231646_832850,img_20260317_231646_832850.jpg,0.2,0.0
20260317_231646_891891,img_20260317_231646_891891.jpg,0.2,0.0
20260317_231646_953781,img_20260317_231646_953781.jpg,0.2,0.0
20260317_231647_004430,img_20260317_231647_004430.jpg,0.2,0.0
20260317_231647_055722,img_20260317_231647_055722.jpg,0.2,0.0
20260317_231647_100766,img_20260317_231647_100766.jpg,0.2,0.0
20260317_231647_154416,img_20260317_231647_154416.jpg,0.2,0.0
20260317_231647_193525,img_20260317_231647_193525.jpg,0.2,0.0
20260317_231647_245157,img_20260317_231647_245157.jpg,0.2,0.0
20260317_231647_307665,img_20260317_231647_307665.jpg,0.2,0.0
20260317_231647_359894,img_20260317_231647_359894.jpg,0.2,0.0
20260317_231647_401282,img_20260317_231647_401282.jpg,0.2,0.0
20260317_231647_450164,img_20260317_231647_450164.jpg,0.2,0.0
20260317_231647_510177,img_20260317_231647_510177.jpg,0.2,0.0
20260317_231647_553948,img_20260317_231647_553948.jpg,0.2,0.0
20260317_231647_611501,img_20260317_231647_611501.jpg,0.2,0.0
20260317_231647_665336,img_20260317_231647_665336.jpg,0.2,0.0
20260317_231647_705616,img_20260317_231647_705616.jpg,0.2,0.0
20260317_231647_767065,img_20260317_231647_767065.jpg,0.2,0.0
20260317_231647_818385,img_20260317_231647_818385.jpg,0.2,0.0
20260317_231647_869068,img_20260317_231647_869068.jpg,0.2,0.0
20260317_231647_908520,img_20260317_231647_908520.jpg,0.2,0.0
20260317_231647_960413,img_20260317_231647_960413.jpg,0.2,0.0
20260317_231648_012175,img_20260317_231648_012175.jpg,0.2,0.0
20260317_231648_063451,img_20260317_231648_063451.jpg,0.2,0.0
20260317_231648_113317,img_20260317_231648_113317.jpg,0.2,0.0
20260317_231648_176444,img_20260317_231648_176444.jpg,0.2,0.0
20260317_231648_227440,img_20260317_231648_227440.jpg,0.2,0.0
20260317_231648_266545,img_20260317_231648_266545.jpg,0.2,0.0
20260317_231648_329055,img_20260317_231648_329055.jpg,0.2,0.0
20260317_231648_369875,img_20260317_231648_369875.jpg,0.2,0.0
20260317_231648_431141,img_20260317_231648_431141.jpg,0.2,0.0
20260317_231648_482839,img_20260317_231648_482839.jpg,0.2,0.0
20260317_231648_522164,img_20260317_231648_522164.jpg,0.2,0.0
20260317_231648_584120,img_20260317_231648_584120.jpg,0.2,0.0
20260317_231648_631724,img_20260317_231648_631724.jpg,0.2,0.0
20260317_231648_677397,img_20260317_231648_677397.jpg,0.2,0.0
20260317_231648_737287,img_20260317_231648_737287.jpg,0.2,0.0
20260317_231648_776648,img_20260317_231648_776648.jpg,0.2,0.0
20260317_231648_840054,img_20260317_231648_840054.jpg,0.2,0.0
20260317_231648_892729,img_20260317_231648_892729.jpg,0.2,0.0
20260317_231648_933378,img_20260317_231648_933378.jpg,0.2,0.0
20260317_231648_982820,img_20260317_231648_982820.jpg,0.2,0.0
20260317_231649_033912,img_20260317_231649_033912.jpg,0.2,0.0
20260317_231649_084371,img_20260317_231649_084371.jpg,0.2,0.0
20260317_231649_148368,img_20260317_231649_148368.jpg,0.2,0.0
20260317_231649_187520,img_20260317_231649_187520.jpg,0.2,0.0
20260317_231649_251416,img_20260317_231649_251416.jpg,0.2,0.0
20260317_231649_290247,img_20260317_231649_290247.jpg,0.2,0.0
20260317_231649_349021,img_20260317_231649_349021.jpg,0.2,0.0
20260317_231649_389950,img_20260317_231649_389950.jpg,0.2,0.0
20260317_231649_443733,img_20260317_231649_443733.jpg,0.2,0.0
20260317_231649_495748,img_20260317_231649_495748.jpg,0.2,0.1
20260317_231649_558563,img_20260317_231649_558563.jpg,0.2,0.1
20260317_231649_597635,img_20260317_231649_597635.jpg,0.2,0.1
20260317_231649_650557,img_20260317_231649_650557.jpg,0.2,0.1
20260317_231649_704242,img_20260317_231649_704242.jpg,0.2,0.1
20260317_231649_752371,img_20260317_231649_752371.jpg,0.2,0.1
20260317_231649_800397,img_20260317_231649_800397.jpg,0.2,0.0
20260317_231649_862615,img_20260317_231649_862615.jpg,0.2,0.0
20260317_231649_901029,img_20260317_231649_901029.jpg,0.2,0.0
20260317_231649_964399,img_20260317_231649_964399.jpg,0.2,0.0
20260317_231650_005302,img_20260317_231650_005302.jpg,0.2,0.0
20260317_231650_065443,img_20260317_231650_065443.jpg,0.2,0.0
20260317_231650_114978,img_20260317_231650_114978.jpg,0.2,0.1
20260317_231650_157850,img_20260317_231650_157850.jpg,0.2,0.1
20260317_231650_217909,img_20260317_231650_217909.jpg,0.2,0.1
20260317_231650_262801,img_20260317_231650_262801.jpg,0.2,0.1
20260317_231650_308962,img_20260317_231650_308962.jpg,0.2,0.1
20260317_231650_361134,img_20260317_231650_361134.jpg,0.2,0.0
20260317_231650_411700,img_20260317_231650_411700.jpg,0.2,0.0
20260317_231650_474583,img_20260317_231650_474583.jpg,0.2,0.0
20260317_231650_513636,img_20260317_231650_513636.jpg,0.2,0.0
20260317_231650_574734,img_20260317_231650_574734.jpg,0.2,0.0
20260317_231650_625286,img_20260317_231650_625286.jpg,0.2,0.1
20260317_231650_676277,img_20260317_231650_676277.jpg,0.2,0.1
20260317_231650_717431,img_20260317_231650_717431.jpg,0.2,0.1
20260317_231650_767665,img_20260317_231650_767665.jpg,0.2,0.1
20260317_231650_820480,img_20260317_231650_820480.jpg,0.2,0.1
20260317_231650_880007,img_20260317_231650_880007.jpg,0.2,0.0
20260317_231650_920609,img_20260317_231650_920609.jpg,0.2,0.0
20260317_231650_972801,img_20260317_231650_972801.jpg,0.2,0.0
20260317_231651_033361,img_20260317_231651_033361.jpg,0.2,0.0
20260317_231651_074607,img_20260317_231651_074607.jpg,0.2,0.0
20260317_231651_135457,img_20260317_231651_135457.jpg,0.2,0.1
20260317_231651_176120,img_20260317_231651_176120.jpg,0.2,0.1
20260317_231651_240313,img_20260317_231651_240313.jpg,0.2,0.1
20260317_231651_277564,img_20260317_231651_277564.jpg,0.2,0.1
20260317_231651_328161,img_20260317_231651_328161.jpg,0.2,0.1
20260317_231651_379114,img_20260317_231651_379114.jpg,0.2,0.1
20260317_231651_431014,img_20260317_231651_431014.jpg,0.2,0.1
20260317_231651_491139,img_20260317_231651_491139.jpg,0.2,0.0
20260317_231651_543889,img_20260317_231651_543889.jpg,0.2,0.0
20260317_231651_595934,img_20260317_231651_595934.jpg,0.2,0.0
20260317_231651_634873,img_20260317_231651_634873.jpg,0.2,0.0
20260317_231651_685761,img_20260317_231651_685761.jpg,0.2,0.1
20260317_231651_737270,img_20260317_231651_737270.jpg,0.2,0.1
20260317_231651_788835,img_20260317_231651_788835.jpg,0.2,0.1
20260317_231651_840426,img_20260317_231651_840426.jpg,0.2,0.1
20260317_231651_898849,img_20260317_231651_898849.jpg,0.2,0.1
20260317_231651_937994,img_20260317_231651_937994.jpg,0.2,0.1
20260317_231652_003935,img_20260317_231652_003935.jpg,0.2,0.1
20260317_231652_056931,img_20260317_231652_056931.jpg,0.2,0.1
20260317_231652_108541,img_20260317_231652_108541.jpg,0.2,0.0
20260317_231652_158649,img_20260317_231652_158649.jpg,0.2,0.0
20260317_231652_200077,img_20260317_231652_200077.jpg,0.2,0.0
20260317_231652_249515,img_20260317_231652_249515.jpg,0.2,0.0
20260317_231652_297890,img_20260317_231652_297890.jpg,0.2,0.0
20260317_231652_347217,img_20260317_231652_347217.jpg,0.2,0.1
20260317_231652_398489,img_20260317_231652_398489.jpg,0.2,0.1
20260317_231652_450095,img_20260317_231652_450095.jpg,0.2,0.1
20260317_231652_498642,img_20260317_231652_498642.jpg,0.2,0.1
20260317_231652_551535,img_20260317_231652_551535.jpg,0.2,0.1
20260317_231652_601346,img_20260317_231652_601346.jpg,0.2,0.1
20260317_231652_654853,img_20260317_231652_654853.jpg,0.2,0.1
20260317_231652_704756,img_20260317_231652_704756.jpg,0.2,0.1
20260317_231652_758604,img_20260317_231652_758604.jpg,0.2,0.1
20260317_231652_805338,img_20260317_231652_805338.jpg,0.2,0.1
20260317_231652_858780,img_20260317_231652_858780.jpg,0.2,0.1
20260317_231652_919535,img_20260317_231652_919535.jpg,0.2,0.0
20260317_231652_960032,img_20260317_231652_960032.jpg,0.2,0.0
20260317_231653_009209,img_20260317_231653_009209.jpg,0.2,0.0
20260317_231653_075229,img_20260317_231653_075229.jpg,0.2,0.0
20260317_231653_123216,img_20260317_231653_123216.jpg,0.2,0.0
20260317_231653_175255,img_20260317_231653_175255.jpg,0.2,0.1
20260317_231653_223718,img_20260317_231653_223718.jpg,0.2,0.1
20260317_231653_277828,img_20260317_231653_277828.jpg,0.2,0.1
20260317_231653_315790,img_20260317_231653_315790.jpg,0.2,0.1
20260317_231653_376744,img_20260317_231653_376744.jpg,0.2,0.1
20260317_231653_427576,img_20260317_231653_427576.jpg,0.2,0.1
20260317_231653_467421,img_20260317_231653_467421.jpg,0.2,0.1
20260317_231653_529209,img_20260317_231653_529209.jpg,0.2,0.1
20260317_231653_569657,img_20260317_231653_569657.jpg,0.2,0.1
20260317_231653_621162,img_20260317_231653_621162.jpg,0.2,0.1
20260317_231653_673699,img_20260317_231653_673699.jpg,0.2,0.1
20260317_231653_724602,img_20260317_231653_724602.jpg,0.2,0.1
20260317_231653_775106,img_20260317_231653_775106.jpg,0.2,0.0
20260317_231653_826868,img_20260317_231653_826868.jpg,0.2,0.0
20260317_231653_888251,img_20260317_231653_888251.jpg,0.2,0.0
20260317_231653_929508,img_20260317_231653_929508.jpg,0.2,0.0
20260317_231653_980337,img_20260317_231653_980337.jpg,0.2,0.0
20260317_231654_041119,img_20260317_231654_041119.jpg,0.2,0.1
20260317_231654_081007,img_20260317_231654_081007.jpg,0.2,0.1
20260317_231654_135473,img_20260317_231654_135473.jpg,0.2,0.1
20260317_231654_183936,img_20260317_231654_183936.jpg,0.2,0.1
20260317_231654_234638,img_20260317_231654_234638.jpg,0.2,0.1
20260317_231654_286964,img_20260317_231654_286964.jpg,0.2,0.1
20260317_231654_348253,img_20260317_231654_348253.jpg,0.2,0.1
20260317_231654_387983,img_20260317_231654_387983.jpg,0.2,0.1
20260317_231654_440355,img_20260317_231654_440355.jpg,0.2,0.1
20260317_231654_489531,img_20260317_231654_489531.jpg,0.2,0.1
20260317_231654_540066,img_20260317_231654_540066.jpg,0.2,0.0
20260317_231654_591763,img_20260317_231654_591763.jpg,0.2,0.0
20260317_231654_653137,img_20260317_231654_653137.jpg,0.2,0.0
20260317_231654_694513,img_20260317_231654_694513.jpg,0.2,0.0
20260317_231654_754722,img_20260317_231654_754722.jpg,0.2,0.0
20260317_231654_806358,img_20260317_231654_806358.jpg,0.2,0.1
20260317_231654_859142,img_20260317_231654_859142.jpg,0.2,0.1
20260317_231654_909471,img_20260317_231654_909471.jpg,0.2,0.1
20260317_231654_962881,img_20260317_231654_962881.jpg,0.2,0.1
20260317_231655_011394,img_20260317_231655_011394.jpg,0.2,0.1
20260317_231655_063586,img_20260317_231655_063586.jpg,0.2,0.1
20260317_231655_103959,img_20260317_231655_103959.jpg,0.2,0.1
20260317_231655_154375,img_20260317_231655_154375.jpg,0.2,0.1
20260317_231655_205522,img_20260317_231655_205522.jpg,0.2,0.1
20260317_231655_268934,img_20260317_231655_268934.jpg,0.2,0.0
20260317_231655_305811,img_20260317_231655_305811.jpg,0.2,0.0
20260317_231655_358871,img_20260317_231655_358871.jpg,0.2,0.0
20260317_231655_416392,img_20260317_231655_416392.jpg,0.2,0.0
20260317_231655_458855,img_20260317_231655_458855.jpg,0.2,0.0
20260317_231655_518816,img_20260317_231655_518816.jpg,0.2,0.0
20260317_231655_573718,img_20260317_231655_573718.jpg,0.2,0.0
20260317_231655_611538,img_20260317_231655_611538.jpg,0.2,0.1
20260317_231655_661061,img_20260317_231655_661061.jpg,0.2,0.1
20260317_231655_712371,img_20260317_231655_712371.jpg,0.2,0.1
20260317_231655_772980,img_20260317_231655_772980.jpg,0.2,0.1
20260317_231655_814537,img_20260317_231655_814537.jpg,0.2,0.1
20260317_231655_877471,img_20260317_231655_877471.jpg,0.2,0.1
20260317_231655_919040,img_20260317_231655_919040.jpg,0.2,0.1
20260317_231655_980084,img_20260317_231655_980084.jpg,0.2,0.1
20260317_231656_020561,img_20260317_231656_020561.jpg,0.2,0.0
20260317_231656_068650,img_20260317_231656_068650.jpg,0.2,0.0
20260317_231656_118119,img_20260317_231656_118119.jpg,0.2,0.0
20260317_231656_182705,img_20260317_231656_182705.jpg,0.2,0.0
20260317_231656_224417,img_20260317_231656_224417.jpg,0.2,0.0
20260317_231656_275284,img_20260317_231656_275284.jpg,0.2,0.1
20260317_231656_328441,img_20260317_231656_328441.jpg,0.2,0.1
20260317_231656_378734,img_20260317_231656_378734.jpg,0.2,0.1
20260317_231656_427349,img_20260317_231656_427349.jpg,0.2,0.1
20260317_231656_486757,img_20260317_231656_486757.jpg,0.2,0.1
20260317_231656_528492,img_20260317_231656_528492.jpg,0.2,0.1
20260317_231656_591713,img_20260317_231656_591713.jpg,0.2,0.1
20260317_231656_643407,img_20260317_231656_643407.jpg,0.2,0.1
20260317_231656_694605,img_20260317_231656_694605.jpg,0.2,0.0
20260317_231656_735427,img_20260317_231656_735427.jpg,0.2,0.0
20260317_231656_786026,img_20260317_231656_786026.jpg,0.2,0.0
20260317_231656_840266,img_20260317_231656_840266.jpg,0.2,0.0
20260317_231656_889844,img_20260317_231656_889844.jpg,0.2,0.0
20260317_231656_940993,img_20260317_231656_940993.jpg,0.2,0.0
20260317_231656_991594,img_20260317_231656_991594.jpg,0.2,0.0
20260317_231657_053077,img_20260317_231657_053077.jpg,0.2,0.1
20260317_231657_093653,img_20260317_231657_093653.jpg,0.2,0.1
20260317_231657_142488,img_20260317_231657_142488.jpg,0.2,0.1
20260317_231657_204563,img_20260317_231657_204563.jpg,0.2,0.1
20260317_231657_255636,img_20260317_231657_255636.jpg,0.2,0.1
20260317_231657_306844,img_20260317_231657_306844.jpg,0.2,0.1
20260317_231657_357529,img_20260317_231657_357529.jpg,0.2,0.1
20260317_231657_399062,img_20260317_231657_399062.jpg,0.2,0.0
20260317_231657_447373,img_20260317_231657_447373.jpg,0.2,0.0
20260317_231657_499377,img_20260317_231657_499377.jpg,0.2,0.0
20260317_231657_547377,img_20260317_231657_547377.jpg,0.2,0.0
20260317_231657_598761,img_20260317_231657_598761.jpg,0.2,0.0
20260317_231657_651609,img_20260317_231657_651609.jpg,0.2,0.0
20260317_231657_711692,img_20260317_231657_711692.jpg,0.2,0.0
20260317_231657_750971,img_20260317_231657_750971.jpg,0.2,0.0
20260317_231657_813125,img_20260317_231657_813125.jpg,0.2,0.0
20260317_231657_853393,img_20260317_231657_853393.jpg,0.2,0.0
20260317_231657_905336,img_20260317_231657_905336.jpg,0.2,0.0
20260317_231657_956177,img_20260317_231657_956177.jpg,0.2,0.1
20260317_231658_006615,img_20260317_231658_006615.jpg,0.2,0.1
20260317_231658_067898,img_20260317_231658_067898.jpg,0.2,0.1
20260317_231658_111169,img_20260317_231658_111169.jpg,0.2,0.1
20260317_231658_161256,img_20260317_231658_161256.jpg,0.2,0.1
20260317_231658_210094,img_20260317_231658_210094.jpg,0.2,0.1
20260317_231658_273812,img_20260317_231658_273812.jpg,0.2,0.0
20260317_231658_323711,img_20260317_231658_323711.jpg,0.2,0.0
20260317_231658_365963,img_20260317_231658_365963.jpg,0.2,0.0
20260317_231658_415487,img_20260317_231658_415487.jpg,0.2,0.0
20260317_231658_467305,img_20260317_231658_467305.jpg,0.2,0.0
20260317_231658_526441,img_20260317_231658_526441.jpg,0.2,0.0
20260317_231658_580678,img_20260317_231658_580678.jpg,0.2,0.0
20260317_231658_620457,img_20260317_231658_620457.jpg,0.2,0.0
20260317_231658_671607,img_20260317_231658_671607.jpg,0.2,0.0
20260317_231658_721628,img_20260317_231658_721628.jpg,0.2,0.0
20260317_231658_771819,img_20260317_231658_771819.jpg,0.2,0.0
20260317_231658_822260,img_20260317_231658_822260.jpg,0.2,0.0
20260317_231658_887309,img_20260317_231658_887309.jpg,0.2,0.0
20260317_231658_927208,img_20260317_231658_927208.jpg,0.2,0.1
20260317_231658_975825,img_20260317_231658_975825.jpg,0.2,0.1
20260317_231659_024148,img_20260317_231659_024148.jpg,0.2,0.1
20260317_231659_077699,img_20260317_231659_077699.jpg,0.2,0.1
20260317_231659_137583,img_20260317_231659_137583.jpg,0.2,0.1
20260317_231659_178105,img_20260317_231659_178105.jpg,0.2,0.0
20260317_231659_240554,img_20260317_231659_240554.jpg,0.2,0.0
20260317_231659_290617,img_20260317_231659_290617.jpg,0.2,0.0
20260317_231659_331444,img_20260317_231659_331444.jpg,0.2,0.0
20260317_231659_382691,img_20260317_231659_382691.jpg,0.2,0.0
20260317_231659_432786,img_20260317_231659_432786.jpg,0.2,0.0
20260317_231659_484291,img_20260317_231659_484291.jpg,0.2,0.0
20260317_231659_550407,img_20260317_231659_550407.jpg,0.2,0.1
20260317_231659_599213,img_20260317_231659_599213.jpg,0.2,0.1
20260317_231659_638153,img_20260317_231659_638153.jpg,0.2,0.1
20260317_231659_700609,img_20260317_231659_700609.jpg,0.2,0.1
20260317_231659_742231,img_20260317_231659_742231.jpg,0.2,0.1
20260317_231659_791876,img_20260317_231659_791876.jpg,0.2,0.1
20260317_231659_851880,img_20260317_231659_851880.jpg,0.2,0.0
20260317_231659_903133,img_20260317_231659_903133.jpg,0.2,0.0
20260317_231659_953055,img_20260317_231659_953055.jpg,0.2,0.0
20260317_231700_003949,img_20260317_231700_003949.jpg,0.2,0.0
20260317_231700_056217,img_20260317_231700_056217.jpg,0.2,0.0
20260317_231700_096799,img_20260317_231700_096799.jpg,0.2,0.0
20260317_231700_159453,img_20260317_231700_159453.jpg,0.2,0.0
20260317_231700_210849,img_20260317_231700_210849.jpg,0.2,0.0
20260317_231700_260210,img_20260317_231700_260210.jpg,0.2,0.0
20260317_231700_301160,img_20260317_231700_301160.jpg,0.2,0.0
20260317_231700_352925,img_20260317_231700_352925.jpg,0.2,0.0
20260317_231700_412591,img_20260317_231700_412591.jpg,0.2,0.0
20260317_231700_456176,img_20260317_231700_456176.jpg,0.2,0.0
20260317_231700_508175,img_20260317_231700_508175.jpg,0.2,0.0
20260317_231700_567940,img_20260317_231700_567940.jpg,0.2,0.0
20260317_231700_618654,img_20260317_231700_618654.jpg,0.2,0.0
20260317_231700_658731,img_20260317_231700_658731.jpg,0.2,0.0
20260317_231700_719944,img_20260317_231700_719944.jpg,0.2,0.0
20260317_231700_762012,img_20260317_231700_762012.jpg,0.2,0.1
20260317_231700_811810,img_20260317_231700_811810.jpg,0.2,0.1
20260317_231700_872286,img_20260317_231700_872286.jpg,0.2,0.1
20260317_231700_915828,img_20260317_231700_915828.jpg,0.2,0.0
20260317_231700_963953,img_20260317_231700_963953.jpg,0.2,0.0
20260317_231701_014700,img_20260317_231701_014700.jpg,0.2,0.0
20260317_231701_075994,img_20260317_231701_075994.jpg,0.2,0.0
20260317_231701_116929,img_20260317_231701_116929.jpg,0.2,0.0
20260317_231701_178862,img_20260317_231701_178862.jpg,0.2,0.0
20260317_231701_229175,img_20260317_231701_229175.jpg,0.2,0.0
20260317_231701_281491,img_20260317_231701_281491.jpg,0.2,0.0
20260317_231701_319179,img_20260317_231701_319179.jpg,0.2,0.0
20260317_231701_370193,img_20260317_231701_370193.jpg,0.2,0.0
20260317_231701_422631,img_20260317_231701_422631.jpg,0.2,0.1
20260317_231701_475950,img_20260317_231701_475950.jpg,0.2,0.1
20260317_231701_533992,img_20260317_231701_533992.jpg,0.2,0.1
20260317_231701_587806,img_20260317_231701_587806.jpg,0.2,0.1
20260317_231701_629119,img_20260317_231701_629119.jpg,0.2,0.1
20260317_231701_678130,img_20260317_231701_678130.jpg,0.2,0.0
20260317_231701_737042,img_20260317_231701_737042.jpg,0.2,0.0
20260317_231701_781002,img_20260317_231701_781002.jpg,0.2,0.0
20260317_231701_830667,img_20260317_231701_830667.jpg,0.2,0.0
20260317_231701_890983,img_20260317_231701_890983.jpg,0.2,0.0
20260317_231701_933754,img_20260317_231701_933754.jpg,0.2,0.0
20260317_231701_983817,img_20260317_231701_983817.jpg,0.2,0.0
20260317_231702_034379,img_20260317_231702_034379.jpg,0.2,0.0
20260317_231702_083949,img_20260317_231702_083949.jpg,0.2,0.0
20260317_231701_478861,img_20260317_231701_478861.jpg,0.2,0.0
20260317_231701_542028,img_20260317_231701_542028.jpg,0.2,0.0
20260317_231701_583330,img_20260317_231701_583330.jpg,0.2,0.0
20260317_231701_635339,img_20260317_231701_635339.jpg,0.2,0.0
20260317_231701_695978,img_20260317_231701_695978.jpg,0.2,0.0
20260317_231701_737928,img_20260317_231701_737928.jpg,0.2,0.0
20260317_231701_789408,img_20260317_231701_789408.jpg,0.2,0.0
20260317_231701_845035,img_20260317_231701_845035.jpg,0.2,0.0
20260317_231701_888235,img_20260317_231701_888235.jpg,0.2,0.0
20260317_231701_938518,img_20260317_231701_938518.jpg,0.2,0.0
20260317_231701_998122,img_20260317_231701_998122.jpg,0.2,0.0
20260317_231702_043589,img_20260317_231702_043589.jpg,0.2,0.0
20260317_231702_087966,img_20260317_231702_087966.jpg,0.2,0.0
20260317_231702_139747,img_20260317_231702_139747.jpg,0.2,0.0
20260317_231702_190534,img_20260317_231702_190534.jpg,0.2,0.0
20260317_231702_245022,img_20260317_231702_245022.jpg,0.2,0.0
20260317_231702_304745,img_20260317_231702_304745.jpg,0.2,0.0
20260317_231702_346603,img_20260317_231702_346603.jpg,0.2,0.0
20260317_231702_407352,img_20260317_231702_407352.jpg,0.2,0.0
20260317_231702_446769,img_20260317_231702_446769.jpg,0.2,0.0
20260317_231702_500017,img_20260317_231702_500017.jpg,0.2,0.0
20260317_231702_550415,img_20260317_231702_550415.jpg,0.2,0.1
20260317_231702_612930,img_20260317_231702_612930.jpg,0.2,0.1
20260317_231702_661900,img_20260317_231702_661900.jpg,0.2,0.1
20260317_231702_712501,img_20260317_231702_712501.jpg,0.2,0.1
20260317_231702_751601,img_20260317_231702_751601.jpg,0.2,0.1
20260317_231702_812633,img_20260317_231702_812633.jpg,0.2,0.1
20260317_231702_854752,img_20260317_231702_854752.jpg,0.2,0.1
20260317_231702_905106,img_20260317_231702_905106.jpg,0.2,0.1
20260317_231702_956714,img_20260317_231702_956714.jpg,0.2,0.1
20260317_231703_019723,img_20260317_231703_019723.jpg,0.2,0.1
20260317_231703_069058,img_20260317_231703_069058.jpg,0.2,0.1
20260317_231703_108935,img_20260317_231703_108935.jpg,0.2,0.1
20260317_231703_171525,img_20260317_231703_171525.jpg,0.2,0.1
20260317_231703_211380,img_20260317_231703_211380.jpg,0.2,0.1
20260317_231703_274342,img_20260317_231703_274342.jpg,0.2,0.1
20260317_231703_316803,img_20260317_231703_316803.jpg,0.2,0.1
20260317_231703_363007,img_20260317_231703_363007.jpg,0.2,0.1
20260317_231703_424134,img_20260317_231703_424134.jpg,0.2,0.1
20260317_231703_474499,img_20260317_231703_474499.jpg,0.2,0.0
20260317_231703_515755,img_20260317_231703_515755.jpg,0.2,0.0
20260317_231703_566263,img_20260317_231703_566263.jpg,0.2,0.0
20260317_231703_617573,img_20260317_231703_617573.jpg,0.2,0.0
20260317_231703_678365,img_20260317_231703_678365.jpg,0.2,0.0
20260317_231703_718759,img_20260317_231703_718759.jpg,0.2,0.0
20260317_231703_768616,img_20260317_231703_768616.jpg,0.2,0.0
20260317_231703_821136,img_20260317_231703_821136.jpg,0.2,0.0
20260317_231703_870766,img_20260317_231703_870766.jpg,0.2,0.0
20260317_231703_921376,img_20260317_231703_921376.jpg,0.2,0.0
20260317_231703_983449,img_20260317_231703_983449.jpg,0.2,0.0
20260317_231704_023013,img_20260317_231704_023013.jpg,0.2,0.0
20260317_231704_086067,img_20260317_231704_086067.jpg,0.2,0.0
20260317_231704_127224,img_20260317_231704_127224.jpg,0.2,0.0
20260317_231704_178066,img_20260317_231704_178066.jpg,0.2,0.0
20260317_231704_225444,img_20260317_231704_225444.jpg,0.2,0.0
20260317_231704_276866,img_20260317_231704_276866.jpg,0.2,0.0
20260317_231704_328439,img_20260317_231704_328439.jpg,0.2,0.0
20260317_231704_377887,img_20260317_231704_377887.jpg,0.2,0.0
20260317_231704_430040,img_20260317_231704_430040.jpg,0.2,0.0
20260317_231704_481440,img_20260317_231704_481440.jpg,0.2,0.0
20260317_231704_542375,img_20260317_231704_542375.jpg,0.2,0.0
20260317_231704_582899,img_20260317_231704_582899.jpg,0.2,0.0
20260317_231704_633706,img_20260317_231704_633706.jpg,0.2,0.0
20260317_231704_689503,img_20260317_231704_689503.jpg,0.2,0.0
20260317_231704_748891,img_20260317_231704_748891.jpg,0.2,0.0
20260317_231704_801304,img_20260317_231704_801304.jpg,0.2,0.0
20260317_231704_840613,img_20260317_231704_840613.jpg,0.2,0.0
20260317_231704_892027,img_20260317_231704_892027.jpg,0.2,0.0
20260317_231704_954507,img_20260317_231704_954507.jpg,0.2,0.0
20260317_231704_997215,img_20260317_231704_997215.jpg,0.2,0.0
20260317_231705_044822,img_20260317_231705_044822.jpg,0.2,0.0
20260317_231705_106107,img_20260317_231705_106107.jpg,0.2,0.0
20260317_231705_149613,img_20260317_231705_149613.jpg,0.2,0.0
20260317_231705_209320,img_20260317_231705_209320.jpg,0.2,0.0
20260317_231705_260175,img_20260317_231705_260175.jpg,0.2,0.0
20260317_231705_313733,img_20260317_231705_313733.jpg,0.2,0.0
20260317_231705_363215,img_20260317_231705_363215.jpg,0.2,0.0
20260317_231705_415822,img_20260317_231705_415822.jpg,0.2,0.0
20260317_231705_456221,img_20260317_231705_456221.jpg,0.2,0.0
20260317_231705_504687,img_20260317_231705_504687.jpg,0.2,0.0
20260317_231705_566721,img_20260317_231705_566721.jpg,0.2,0.0
20260317_231705_620210,img_20260317_231705_620210.jpg,0.2,0.0
20260317_231705_660843,img_20260317_231705_660843.jpg,0.2,0.0
20260317_231705_721272,img_20260317_231705_721272.jpg,0.2,0.0
20260317_231705_761446,img_20260317_231705_761446.jpg,0.2,0.0
20260317_231705_821316,img_20260317_231705_821316.jpg,0.2,0.0
20260317_231705_864299,img_20260317_231705_864299.jpg,0.2,0.0
20260317_231705_914492,img_20260317_231705_914492.jpg,0.2,0.0
20260317_231705_966687,img_20260317_231705_966687.jpg,0.2,0.0
20260317_231706_018104,img_20260317_231706_018104.jpg,0.2,0.0
20260317_231706_067417,img_20260317_231706_067417.jpg,0.2,0.0
20260317_231706_118731,img_20260317_231706_118731.jpg,0.2,0.0
20260317_231706_179591,img_20260317_231706_179591.jpg,0.2,0.0
20260317_231706_231452,img_20260317_231706_231452.jpg,0.2,0.0
20260317_231706_281822,img_20260317_231706_281822.jpg,0.2,0.0
20260317_231706_331773,img_20260317_231706_331773.jpg,0.2,0.0
20260317_231706_374697,img_20260317_231706_374697.jpg,0.2,0.0
20260317_231706_435312,img_20260317_231706_435312.jpg,0.2,0.0
20260317_231706_475157,img_20260317_231706_475157.jpg,0.2,0.0
20260317_231706_526983,img_20260317_231706_526983.jpg,0.2,0.0
20260317_231706_583511,img_20260317_231706_583511.jpg,0.2,0.0
20260317_231706_633357,img_20260317_231706_633357.jpg,0.2,0.0
20260317_231706_695084,img_20260317_231706_695084.jpg,0.2,0.0
20260317_231706_745499,img_20260317_231706_745499.jpg,0.2,0.0
20260317_231706_784832,img_20260317_231706_784832.jpg,0.2,0.1
20260317_231706_835035,img_20260317_231706_835035.jpg,0.2,0.1
20260317_231706_896516,img_20260317_231706_896516.jpg,0.2,0.1
20260317_231706_938032,img_20260317_231706_938032.jpg,0.2,0.1
20260317_231706_988722,img_20260317_231706_988722.jpg,0.2,0.1
20260317_231707_040257,img_20260317_231707_040257.jpg,0.2,0.1
20260317_231707_092151,img_20260317_231707_092151.jpg,0.2,0.1
20260317_231707_153137,img_20260317_231707_153137.jpg,0.2,0.1
20260317_231707_192851,img_20260317_231707_192851.jpg,0.2,0.1
20260317_231707_245907,img_20260317_231707_245907.jpg,0.2,0.1
20260317_231707_296871,img_20260317_231707_296871.jpg,0.2,0.1
20260317_231707_346017,img_20260317_231707_346017.jpg,0.2,0.1
20260317_231707_398133,img_20260317_231707_398133.jpg,0.2,0.1
20260317_231707_459396,img_20260317_231707_459396.jpg,0.2,0.1
20260317_231707_501193,img_20260317_231707_501193.jpg,0.2,0.1
20260317_231707_560267,img_20260317_231707_560267.jpg,0.2,0.1
20260317_231707_602198,img_20260317_231707_602198.jpg,0.2,0.0
20260317_231707_652608,img_20260317_231707_652608.jpg,0.2,0.0
20260317_231707_715698,img_20260317_231707_715698.jpg,0.2,0.0
20260317_231707_755558,img_20260317_231707_755558.jpg,0.2,0.0
20260317_231707_814996,img_20260317_231707_814996.jpg,0.2,0.0
20260317_231707_867755,img_20260317_231707_867755.jpg,0.2,0.0
20260317_231707_909454,img_20260317_231707_909454.jpg,0.2,0.0
20260317_231707_957744,img_20260317_231707_957744.jpg,0.2,0.0
20260317_231708_019125,img_20260317_231708_019125.jpg,0.2,0.0
20260317_231708_070259,img_20260317_231708_070259.jpg,0.2,0.0
20260317_231708_121764,img_20260317_231708_121764.jpg,0.2,0.0
20260317_231708_162721,img_20260317_231708_162721.jpg,0.2,0.0
20260317_231708_218803,img_20260317_231708_218803.jpg,0.2,0.0
20260317_231708_264783,img_20260317_231708_264783.jpg,0.2,0.0
20260317_231708_315329,img_20260317_231708_315329.jpg,0.2,0.0
20260317_231708_364844,img_20260317_231708_364844.jpg,0.2,0.0
20260317_231708_419303,img_20260317_231708_419303.jpg,0.2,0.0
20260317_231708_466784,img_20260317_231708_466784.jpg,0.2,0.0
20260317_231708_527306,img_20260317_231708_527306.jpg,0.2,0.0
20260317_231708_569935,img_20260317_231708_569935.jpg,0.2,0.0
20260317_231708_621070,img_20260317_231708_621070.jpg,0.2,0.1
20260317_231708_670181,img_20260317_231708_670181.jpg,0.2,0.1
20260317_231708_724220,img_20260317_231708_724220.jpg,0.2,0.1
20260317_231708_783421,img_20260317_231708_783421.jpg,0.2,0.1
20260317_231708_826845,img_20260317_231708_826845.jpg,0.2,0.1
20260317_231708_876975,img_20260317_231708_876975.jpg,0.2,0.1
20260317_231708_931521,img_20260317_231708_931521.jpg,0.2,0.0
20260317_231708_978255,img_20260317_231708_978255.jpg,0.2,0.0
20260317_231709_030549,img_20260317_231709_030549.jpg,0.2,0.0
20260317_231709_093428,img_20260317_231709_093428.jpg,0.2,0.0
20260317_231709_134495,img_20260317_231709_134495.jpg,0.2,0.0
20260317_231709_185108,img_20260317_231709_185108.jpg,0.2,0.0
20260317_231709_247224,img_20260317_231709_247224.jpg,0.2,0.0
20260317_231709_299133,img_20260317_231709_299133.jpg,0.2,0.1
20260317_231709_339697,img_20260317_231709_339697.jpg,0.2,0.1
20260317_231709_389578,img_20260317_231709_389578.jpg,0.2,0.1
20260317_231709_450833,img_20260317_231709_450833.jpg,0.2,0.1
20260317_231709_489865,img_20260317_231709_489865.jpg,0.2,0.1
20260317_231709_542266,img_20260317_231709_542266.jpg,0.2,0.1
20260317_231709_605207,img_20260317_231709_605207.jpg,0.2,0.1
20260317_231709_646223,img_20260317_231709_646223.jpg,0.2,0.1
20260317_231709_695740,img_20260317_231709_695740.jpg,0.2,0.1
20260317_231709_755860,img_20260317_231709_755860.jpg,0.2,0.1
20260317_231709_796307,img_20260317_231709_796307.jpg,0.2,0.0
20260317_231709_848840,img_20260317_231709_848840.jpg,0.2,0.0
20260317_231709_899637,img_20260317_231709_899637.jpg,0.2,0.0
20260317_231709_952041,img_20260317_231709_952041.jpg,0.2,0.0
20260317_231709_999616,img_20260317_231709_999616.jpg,0.2,0.0
20260317_231710_051389,img_20260317_231710_051389.jpg,0.2,0.0
20260317_231710_103712,img_20260317_231710_103712.jpg,0.2,0.0
20260317_231710_155474,img_20260317_231710_155474.jpg,0.2,0.0
20260317_231710_204598,img_20260317_231710_204598.jpg,0.2,0.0
20260317_231710_256555,img_20260317_231710_256555.jpg,0.2,0.0
20260317_231710_306540,img_20260317_231710_306540.jpg,0.2,0.0
20260317_231710_367805,img_20260317_231710_367805.jpg,0.2,0.0
20260317_231710_410682,img_20260317_231710_410682.jpg,0.2,0.0
20260317_231710_460994,img_20260317_231710_460994.jpg,0.2,0.0
20260317_231710_512618,img_20260317_231710_512618.jpg,0.2,0.0
20260317_231710_562075,img_20260317_231710_562075.jpg,0.2,0.0
20260317_231710_623893,img_20260317_231710_623893.jpg,0.2,0.0
20260317_231710_666754,img_20260317_231710_666754.jpg,0.2,0.0
20260317_231710_715269,img_20260317_231710_715269.jpg,0.2,0.0
20260317_231710_768159,img_20260317_231710_768159.jpg,0.2,0.0
20260317_231710_826789,img_20260317_231710_826789.jpg,0.2,0.0
20260317_231710_877517,img_20260317_231710_877517.jpg,0.2,0.1
20260317_231710_927410,img_20260317_231710_927410.jpg,0.2,0.1
20260317_231710_969928,img_20260317_231710_969928.jpg,0.2,0.1
20260317_231711_030713,img_20260317_231711_030713.jpg,0.2,0.1
20260317_231711_070589,img_20260317_231711_070589.jpg,0.2,0.1
20260317_231711_132453,img_20260317_231711_132453.jpg,0.2,0.1
20260317_231711_183633,img_20260317_231711_183633.jpg,0.2,0.1
20260317_231711_233507,img_20260317_231711_233507.jpg,0.2,0.0
20260317_231711_284437,img_20260317_231711_284437.jpg,0.2,0.0
20260317_231711_322750,img_20260317_231711_322750.jpg,0.2,0.0
20260317_231711_386005,img_20260317_231711_386005.jpg,0.2,0.0
20260317_231711_427248,img_20260317_231711_427248.jpg,0.2,0.0
20260317_231711_478300,img_20260317_231711_478300.jpg,0.2,0.0
20260317_231711_537744,img_20260317_231711_537744.jpg,0.2,0.0
20260317_231711_579698,img_20260317_231711_579698.jpg,0.2,0.0
20260317_231711_631885,img_20260317_231711_631885.jpg,0.2,0.0
20260317_231711_681540,img_20260317_231711_681540.jpg,0.2,0.0
20260317_231711_732624,img_20260317_231711_732624.jpg,0.2,0.0
20260317_231711_786691,img_20260317_231711_786691.jpg,0.2,0.1
20260317_231711_836125,img_20260317_231711_836125.jpg,0.2,0.1
20260317_231711_887207,img_20260317_231711_887207.jpg,0.2,0.1
20260317_231711_938178,img_20260317_231711_938178.jpg,0.2,0.1
20260317_231711_988234,img_20260317_231711_988234.jpg,0.2,0.0
20260317_231712_038730,img_20260317_231712_038730.jpg,0.2,0.0
20260317_231712_092100,img_20260317_231712_092100.jpg,0.2,0.0
20260317_231712_140917,img_20260317_231712_140917.jpg,0.2,0.0
20260317_231712_191133,img_20260317_231712_191133.jpg,0.2,0.0
20260317_231712_252934,img_20260317_231712_252934.jpg,0.2,0.0
20260317_231712_305432,img_20260317_231712_305432.jpg,0.2,0.0
20260317_231712_355284,img_20260317_231712_355284.jpg,0.2,0.0
20260317_231712_400548,img_20260317_231712_400548.jpg,0.2,0.1
20260317_231712_459213,img_20260317_231712_459213.jpg,0.2,0.1
20260317_231712_498979,img_20260317_231712_498979.jpg,0.2,0.1
20260317_231712_551187,img_20260317_231712_551187.jpg,0.2,0.1
20260317_231712_602069,img_20260317_231712_602069.jpg,0.2,0.0
20260317_231712_663468,img_20260317_231712_663468.jpg,0.2,0.0
20260317_231712_715870,img_20260317_231712_715870.jpg,0.2,0.0
20260317_231712_764954,img_20260317_231712_764954.jpg,0.2,0.0
20260317_231712_816683,img_20260317_231712_816683.jpg,0.2,0.0
20260317_231712_856289,img_20260317_231712_856289.jpg,0.2,0.0
20260317_231712_909575,img_20260317_231712_909575.jpg,0.2,0.0
20260317_231712_969918,img_20260317_231712_969918.jpg,0.2,0.0
20260317_231713_010376,img_20260317_231713_010376.jpg,0.2,0.0
20260317_231713_071341,img_20260317_231713_071341.jpg,0.2,0.1
20260317_231713_113255,img_20260317_231713_113255.jpg,0.2,0.1
20260317_231713_165834,img_20260317_231713_165834.jpg,0.2,0.0
20260317_231713_228711,img_20260317_231713_228711.jpg,0.2,0.0
20260317_231713_279239,img_20260317_231713_279239.jpg,0.2,0.0
20260317_231713_327498,img_20260317_231713_327498.jpg,0.2,0.0
20260317_231713_369420,img_20260317_231713_369420.jpg,0.2,0.0
20260317_231713_421448,img_20260317_231713_421448.jpg,0.2,0.0
20260317_231713_472188,img_20260317_231713_472188.jpg,0.2,0.0
20260317_231713_523292,img_20260317_231713_523292.jpg,0.2,0.0
20260317_231713_573094,img_20260317_231713_573094.jpg,0.2,0.0
20260317_231713_623623,img_20260317_231713_623623.jpg,0.2,0.0
20260317_231713_676099,img_20260317_231713_676099.jpg,0.2,0.1
20260317_231713_736771,img_20260317_231713_736771.jpg,0.2,0.1
20260317_231713_777487,img_20260317_231713_777487.jpg,0.2,0.1
20260317_231713_827754,img_20260317_231713_827754.jpg,0.2,0.0
20260317_231713_878760,img_20260317_231713_878760.jpg,0.2,0.0
20260317_231713_942387,img_20260317_231713_942387.jpg,0.2,0.0
20260317_231713_979953,img_20260317_231713_979953.jpg,0.2,0.0
20260317_231714_046240,img_20260317_231714_046240.jpg,0.2,0.0
20260317_231714_084039,img_20260317_231714_084039.jpg,0.2,0.0
20260317_231714_134800,img_20260317_231714_134800.jpg,0.2,0.0
20260317_231714_186139,img_20260317_231714_186139.jpg,0.2,0.0
20260317_231714_240293,img_20260317_231714_240293.jpg,0.2,0.0
20260317_231714_300974,img_20260317_231714_300974.jpg,0.2,0.1
20260317_231714_349355,img_20260317_231714_349355.jpg,0.2,0.1
20260317_231714_388642,img_20260317_231714_388642.jpg,0.2,0.1
20260317_231714_440248,img_20260317_231714_440248.jpg,0.2,0.1
20260317_231714_503081,img_20260317_231714_503081.jpg,0.2,0.0
20260317_231714_541965,img_20260317_231714_541965.jpg,0.2,0.0
20260317_231714_592770,img_20260317_231714_592770.jpg,0.2,0.0
20260317_231714_652911,img_20260317_231714_652911.jpg,0.2,0.0
20260317_231714_694725,img_20260317_231714_694725.jpg,0.2,0.0
20260317_231714_746130,img_20260317_231714_746130.jpg,0.2,0.0
20260317_231714_796576,img_20260317_231714_796576.jpg,0.2,0.0
20260317_231714_858538,img_20260317_231714_858538.jpg,0.2,0.1
20260317_231714_901690,img_20260317_231714_901690.jpg,0.2,0.1
20260317_231714_959557,img_20260317_231714_959557.jpg,0.2,0.1
20260317_231715_003890,img_20260317_231715_003890.jpg,0.2,0.1
20260317_231715_054621,img_20260317_231715_054621.jpg,0.2,0.1
20260317_231715_113087,img_20260317_231715_113087.jpg,0.2,0.0
20260317_231715_153247,img_20260317_231715_153247.jpg,0.2,0.0
20260317_231715_204568,img_20260317_231715_204568.jpg,0.2,0.0
20260317_231715_255149,img_20260317_231715_255149.jpg,0.2,0.0
20260317_231715_308618,img_20260317_231715_308618.jpg,0.2,0.0
20260317_231715_356078,img_20260317_231715_356078.jpg,0.2,0.0
20260317_231715_409286,img_20260317_231715_409286.jpg,0.2,0.0
20260317_231715_459439,img_20260317_231715_459439.jpg,0.2,0.0
20260317_231715_511315,img_20260317_231715_511315.jpg,0.2,0.0
20260317_231715_559116,img_20260317_231715_559116.jpg,0.2,0.0
20260317_231715_622537,img_20260317_231715_622537.jpg,0.2,0.0
20260317_231715_666026,img_20260317_231715_666026.jpg,0.2,0.1
20260317_231715_715021,img_20260317_231715_715021.jpg,0.2,0.1
20260317_231715_775008,img_20260317_231715_775008.jpg,0.2,0.1
20260317_231715_815106,img_20260317_231715_815106.jpg,0.2,0.1
20260317_231715_867898,img_20260317_231715_867898.jpg,0.2,0.1
20260317_231715_921506,img_20260317_231715_921506.jpg,0.2,0.1
20260317_231715_982415,img_20260317_231715_982415.jpg,0.2,0.0
20260317_231716_021355,img_20260317_231716_021355.jpg,0.2,0.0
20260317_231716_086228,img_20260317_231716_086228.jpg,0.2,0.0
20260317_231716_136626,img_20260317_231716_136626.jpg,0.2,0.0
20260317_231716_173972,img_20260317_231716_173972.jpg,0.2,0.0
20260317_231716_225403,img_20260317_231716_225403.jpg,0.2,0.0
20260317_231716_274151,img_20260317_231716_274151.jpg,0.2,0.0
20260317_231716_326928,img_20260317_231716_326928.jpg,0.2,0.0
20260317_231716_391195,img_20260317_231716_391195.jpg,0.2,0.0
20260317_231716_429297,img_20260317_231716_429297.jpg,0.2,0.0
20260317_231716_493185,img_20260317_231716_493185.jpg,0.2,0.1
20260317_231716_533948,img_20260317_231716_533948.jpg,0.2,0.1
20260317_231716_583984,img_20260317_231716_583984.jpg,0.2,0.1
20260317_231716_643416,img_20260317_231716_643416.jpg,0.2,0.1
20260317_231716_681900,img_20260317_231716_681900.jpg,0.2,0.1
20260317_231716_736357,img_20260317_231716_736357.jpg,0.2,0.1
20260317_231716_796281,img_20260317_231716_796281.jpg,0.2,0.0
20260317_231716_838595,img_20260317_231716_838595.jpg,0.2,0.0
20260317_231716_887803,img_20260317_231716_887803.jpg,0.2,0.0
20260317_231716_940477,img_20260317_231716_940477.jpg,0.2,0.0
20260317_231716_992336,img_20260317_231716_992336.jpg,0.2,0.0
20260317_231717_053525,img_20260317_231717_053525.jpg,0.2,0.0
20260317_231717_094441,img_20260317_231717_094441.jpg,0.2,0.0
20260317_231717_146216,img_20260317_231717_146216.jpg,0.2,0.0
20260317_231717_198412,img_20260317_231717_198412.jpg,0.2,0.0
20260317_231717_248002,img_20260317_231717_248002.jpg,0.2,0.0
20260317_231717_299061,img_20260317_231717_299061.jpg,0.2,0.0
20260317_231717_349920,img_20260317_231717_349920.jpg,0.2,0.0
20260317_231717_400308,img_20260317_231717_400308.jpg,0.2,0.0
20260317_231717_450816,img_20260317_231717_450816.jpg,0.2,0.0
20260317_231717_514004,img_20260317_231717_514004.jpg,0.2,0.0
20260317_231717_564053,img_20260317_231717_564053.jpg,0.2,0.0
20260317_231717_612792,img_20260317_231717_612792.jpg,0.2,0.0
20260317_231717_654332,img_20260317_231717_654332.jpg,0.2,0.0
20260317_231717_705046,img_20260317_231717_705046.jpg,0.2,0.0
20260317_231717_758484,img_20260317_231717_758484.jpg,0.2,0.0
20260317_231717_807036,img_20260317_231717_807036.jpg,0.2,0.0
20260317_231717_870224,img_20260317_231717_870224.jpg,0.2,0.0
20260317_231717_910798,img_20260317_231717_910798.jpg,0.2,0.1
20260317_231717_969763,img_20260317_231717_969763.jpg,0.2,0.1
20260317_231718_012691,img_20260317_231718_012691.jpg,0.2,0.1
20260317_231718_063707,img_20260317_231718_063707.jpg,0.2,0.1
20260317_231718_115617,img_20260317_231718_115617.jpg,0.2,0.1
20260317_231718_177664,img_20260317_231718_177664.jpg,0.2,0.0
20260317_231718_227865,img_20260317_231718_227865.jpg,0.2,0.0
20260317_231718_281192,img_20260317_231718_281192.jpg,0.2,0.0
20260317_231718_319617,img_20260317_231718_319617.jpg,0.2,0.0
20260317_231718_380465,img_20260317_231718_380465.jpg,0.2,0.0
20260317_231718_433843,img_20260317_231718_433843.jpg,0.2,0.0
20260317_231718_485339,img_20260317_231718_485339.jpg,0.2,0.0
20260317_231718_528339,img_20260317_231718_528339.jpg,0.2,0.0
20260317_231718_588587,img_20260317_231718_588587.jpg,0.2,0.0
20260317_231718_631198,img_20260317_231718_631198.jpg,0.2,0.0
20260317_231718_691746,img_20260317_231718_691746.jpg,0.2,0.0
20260317_231718_732349,img_20260317_231718_732349.jpg,0.2,0.0
20260317_231718_784157,img_20260317_231718_784157.jpg,0.2,0.1
20260317_231718_834105,img_20260317_231718_834105.jpg,0.2,0.1
20260317_231718_895316,img_20260317_231718_895316.jpg,0.2,0.1
20260317_231718_948818,img_20260317_231718_948818.jpg,0.2,0.1
20260317_231718_987400,img_20260317_231718_987400.jpg,0.2,0.0
20260317_231719_037560,img_20260317_231719_037560.jpg,0.2,0.0
20260317_231719_088775,img_20260317_231719_088775.jpg,0.2,0.0
20260317_231719_153256,img_20260317_231719_153256.jpg,0.2,0.0
20260317_231719_192588,img_20260317_231719_192588.jpg,0.2,0.0
20260317_231719_254585,img_20260317_231719_254585.jpg,0.2,0.0
20260317_231719_293614,img_20260317_231719_293614.jpg,0.2,0.0
20260317_231719_348167,img_20260317_231719_348167.jpg,0.2,0.0
20260317_231719_397480,img_20260317_231719_397480.jpg,0.2,0.0
20260317_231719_459454,img_20260317_231719_459454.jpg,0.2,0.0
20260317_231719_502322,img_20260317_231719_502322.jpg,0.2,0.0
20260317_231719_562711,img_20260317_231719_562711.jpg,0.2,0.0
20260317_231719_612704,img_20260317_231719_612704.jpg,0.2,0.0
20260317_231719_666690,img_20260317_231719_666690.jpg,0.2,0.0
20260317_231719_705298,img_20260317_231719_705298.jpg,0.2,0.0
20260317_231719_765600,img_20260317_231719_765600.jpg,0.2,0.1
20260317_231719_807140,img_20260317_231719_807140.jpg,0.2,0.1
20260317_231719_868023,img_20260317_231719_868023.jpg,0.2,0.1
20260317_231719_908372,img_20260317_231719_908372.jpg,0.2,0.1
20260317_231719_958508,img_20260317_231719_958508.jpg,0.2,0.1
20260317_231720_019348,img_20260317_231720_019348.jpg,0.2,0.0
20260317_231720_061702,img_20260317_231720_061702.jpg,0.2,0.0
20260317_231720_113188,img_20260317_231720_113188.jpg,0.2,0.0
20260317_231720_175862,img_20260317_231720_175862.jpg,0.2,0.0
20260317_231720_215120,img_20260317_231720_215120.jpg,0.2,0.0
20260317_231720_275838,img_20260317_231720_275838.jpg,0.2,0.0
20260317_231720_317332,img_20260317_231720_317332.jpg,0.2,0.0
20260317_231720_366494,img_20260317_231720_366494.jpg,0.2,0.0
20260317_231720_428194,img_20260317_231720_428194.jpg,0.2,0.1
20260317_231720_470775,img_20260317_231720_470775.jpg,0.2,0.1
20260317_231720_529265,img_20260317_231720_529265.jpg,0.2,0.1
20260317_231720_572020,img_20260317_231720_572020.jpg,0.2,0.1
20260317_231720_632274,img_20260317_231720_632274.jpg,0.2,0.0
20260317_231720_677523,img_20260317_231720_677523.jpg,0.2,0.0
20260317_231720_735935,img_20260317_231720_735935.jpg,0.2,0.0
20260317_231720_775597,img_20260317_231720_775597.jpg,0.2,0.0
20260317_231720_836476,img_20260317_231720_836476.jpg,0.2,0.0
20260317_231720_887900,img_20260317_231720_887900.jpg,0.2,0.0
20260317_231720_929247,img_20260317_231720_929247.jpg,0.2,0.0
20260317_231720_981352,img_20260317_231720_981352.jpg,0.2,0.0
20260317_231721_041218,img_20260317_231721_041218.jpg,0.2,0.0
20260317_231721_092488,img_20260317_231721_092488.jpg,0.2,0.0
20260317_231721_129777,img_20260317_231721_129777.jpg,0.2,0.0
20260317_231721_185365,img_20260317_231721_185365.jpg,0.2,0.0
20260317_231721_233403,img_20260317_231721_233403.jpg,0.2,0.0
20260317_231721_293886,img_20260317_231721_293886.jpg,0.2,0.0
20260317_231721_336624,img_20260317_231721_336624.jpg,0.2,0.0
20260317_231721_385872,img_20260317_231721_385872.jpg,0.2,0.1
20260317_231721_436565,img_20260317_231721_436565.jpg,0.2,0.1
20260317_231721_498283,img_20260317_231721_498283.jpg,0.2,0.1
20260317_231721_553082,img_20260317_231721_553082.jpg,0.2,0.1
20260317_231721_591581,img_20260317_231721_591581.jpg,0.2,0.1
20260317_231721_640911,img_20260317_231721_640911.jpg,0.2,0.0
20260317_231721_706857,img_20260317_231721_706857.jpg,0.2,0.0
20260317_231721_746027,img_20260317_231721_746027.jpg,0.2,0.0
20260317_231721_797114,img_20260317_231721_797114.jpg,0.2,0.0
20260317_231721_857171,img_20260317_231721_857171.jpg,0.2,0.0
20260317_231721_898349,img_20260317_231721_898349.jpg,0.2,0.0
20260317_231721_947612,img_20260317_231721_947612.jpg,0.2,0.0
20260317_231722_010663,img_20260317_231722_010663.jpg,0.2,0.0
20260317_231722_050400,img_20260317_231722_050400.jpg,0.2,0.0
20260317_231722_101721,img_20260317_231722_101721.jpg,0.2,0.0
20260317_231722_165892,img_20260317_231722_165892.jpg,0.2,0.0
20260317_231722_204265,img_20260317_231722_204265.jpg,0.2,0.0
20260317_231722_267162,img_20260317_231722_267162.jpg,0.2,0.0
20260317_231722_318030,img_20260317_231722_318030.jpg,0.2,0.0
20260317_231722_358293,img_20260317_231722_358293.jpg,0.2,0.0
20260317_231722_408930,img_20260317_231722_408930.jpg,0.2,0.1
20260317_231722_467176,img_20260317_231722_467176.jpg,0.2,0.1
20260317_231722_520345,img_20260317_231722_520345.jpg,0.2,0.1
20260317_231722_568178,img_20260317_231722_568178.jpg,0.2,0.1
20260317_231722_620567,img_20260317_231722_620567.jpg,0.2,0.0
20260317_231722_660041,img_20260317_231722_660041.jpg,0.2,0.0
20260317_231722_709434,img_20260317_231722_709434.jpg,0.2,0.0
20260317_231722_761885,img_20260317_231722_761885.jpg,0.2,0.0
20260317_231722_813148,img_20260317_231722_813148.jpg,0.2,0.0
20260317_231722_864903,img_20260317_231722_864903.jpg,0.2,0.0
20260317_231722_923971,img_20260317_231722_923971.jpg,0.2,0.0
20260317_231722_964206,img_20260317_231722_964206.jpg,0.2,0.0
20260317_231723_027241,img_20260317_231723_027241.jpg,0.2,0.0
20260317_231723_067784,img_20260317_231723_067784.jpg,0.2,0.0
20260317_231723_120784,img_20260317_231723_120784.jpg,0.2,0.1
20260317_231723_169270,img_20260317_231723_169270.jpg,0.2,0.1
20260317_231723_229878,img_20260317_231723_229878.jpg,0.2,0.1
20260317_231723_280978,img_20260317_231723_280978.jpg,0.2,0.1
20260317_231723_323040,img_20260317_231723_323040.jpg,0.2,0.0
20260317_231723_381645,img_20260317_231723_381645.jpg,0.2,0.0
20260317_231723_423820,img_20260317_231723_423820.jpg,0.2,0.0
20260317_231723_473815,img_20260317_231723_473815.jpg,0.2,0.0
20260317_231723_536144,img_20260317_231723_536144.jpg,0.2,0.0
20260317_231723_574866,img_20260317_231723_574866.jpg,0.2,0.0
20260317_231723_627562,img_20260317_231723_627562.jpg,0.2,0.0
20260317_231723_677666,img_20260317_231723_677666.jpg,0.2,0.0
20260317_231723_730721,img_20260317_231723_730721.jpg,0.2,0.0
20260317_231723_779921,img_20260317_231723_779921.jpg,0.2,0.0
20260317_231723_830314,img_20260317_231723_830314.jpg,0.2,0.1
20260317_231723_880825,img_20260317_231723_880825.jpg,0.2,0.1
20260317_231723_943174,img_20260317_231723_943174.jpg,0.2,0.1
20260317_231723_993857,img_20260317_231723_993857.jpg,0.2,0.0
20260317_231724_033872,img_20260317_231724_033872.jpg,0.2,0.0
20260317_231724_085021,img_20260317_231724_085021.jpg,0.2,0.0
20260317_231724_136191,img_20260317_231724_136191.jpg,0.2,0.0
20260317_231724_199436,img_20260317_231724_199436.jpg,0.2,0.0
20260317_231724_251670,img_20260317_231724_251670.jpg,0.2,0.0
20260317_231724_291636,img_20260317_231724_291636.jpg,0.2,0.0
20260317_231724_342233,img_20260317_231724_342233.jpg,0.2,0.0
20260317_231724_404697,img_20260317_231724_404697.jpg,0.2,0.0
20260317_231724_453877,img_20260317_231724_453877.jpg,0.2,0.1
20260317_231724_492324,img_20260317_231724_492324.jpg,0.2,0.1
20260317_231724_553476,img_20260317_231724_553476.jpg,0.2,0.1
20260317_231724_597663,img_20260317_231724_597663.jpg,0.2,0.1
20260317_231724_656291,img_20260317_231724_656291.jpg,0.2,0.0
20260317_231724_697540,img_20260317_231724_697540.jpg,0.2,0.0
20260317_231724_748678,img_20260317_231724_748678.jpg,0.2,0.0
20260317_231724_800964,img_20260317_231724_800964.jpg,0.2,0.0
20260317_231724_852412,img_20260317_231724_852412.jpg,0.2,0.0
20260317_231724_900144,img_20260317_231724_900144.jpg,0.2,0.0
20260317_231724_951780,img_20260317_231724_951780.jpg,0.2,0.0
20260317_231725_001490,img_20260317_231725_001490.jpg,0.2,0.0
20260317_231725_053546,img_20260317_231725_053546.jpg,0.2,0.0
20260317_231725_105263,img_20260317_231725_105263.jpg,0.2,0.1
20260317_231725_155830,img_20260317_231725_155830.jpg,0.2,0.1
20260317_231725_216878,img_20260317_231725_216878.jpg,0.2,0.1
20260317_231725_268567,img_20260317_231725_268567.jpg,0.2,0.1
20260317_231725_309479,img_20260317_231725_309479.jpg,0.2,0.1
20260317_231725_361384,img_20260317_231725_361384.jpg,0.2,0.1
20260317_231725_413526,img_20260317_231725_413526.jpg,0.2,0.0
20260317_231725_473041,img_20260317_231725_473041.jpg,0.2,0.0
20260317_231725_523231,img_20260317_231725_523231.jpg,0.2,0.0
20260317_231725_566397,img_20260317_231725_566397.jpg,0.2,0.0
20260317_231725_616780,img_20260317_231725_616780.jpg,0.2,0.0
20260317_231725_667714,img_20260317_231725_667714.jpg,0.2,0.0
20260317_231725_716932,img_20260317_231725_716932.jpg,0.2,0.0
20260317_231725_778960,img_20260317_231725_778960.jpg,0.2,0.0
20260317_231725_817786,img_20260317_231725_817786.jpg,0.2,0.0
20260317_231725_868317,img_20260317_231725_868317.jpg,0.2,0.1
20260317_231725_930777,img_20260317_231725_930777.jpg,0.2,0.1
20260317_231725_972432,img_20260317_231725_972432.jpg,0.2,0.1
20260317_231726_021940,img_20260317_231726_021940.jpg,0.2,0.1
20260317_231726_084605,img_20260317_231726_084605.jpg,0.2,0.1
20260317_231726_127643,img_20260317_231726_127643.jpg,0.2,0.1
20260317_231726_175203,img_20260317_231726_175203.jpg,0.2,0.0
20260317_231726_226662,img_20260317_231726_226662.jpg,0.2,0.0
20260317_231726_287528,img_20260317_231726_287528.jpg,0.2,0.0
20260317_231726_328926,img_20260317_231726_328926.jpg,0.2,0.0
20260317_231726_381843,img_20260317_231726_381843.jpg,0.2,0.0
20260317_231726_430826,img_20260317_231726_430826.jpg,0.2,0.0
20260317_231726_483367,img_20260317_231726_483367.jpg,0.2,0.0
20260317_231726_540212,img_20260317_231726_540212.jpg,0.2,0.0
20260317_231726_594234,img_20260317_231726_594234.jpg,0.2,0.0
20260317_231726_636324,img_20260317_231726_636324.jpg,0.2,0.0
20260317_231726_695865,img_20260317_231726_695865.jpg,0.2,0.0
20260317_231726_738028,img_20260317_231726_738028.jpg,0.2,0.0
20260317_231726_802213,img_20260317_231726_802213.jpg,0.2,0.0
20260317_231726_838976,img_20260317_231726_838976.jpg,0.2,0.1
20260317_231726_902154,img_20260317_231726_902154.jpg,0.2,0.1
20260317_231726_949904,img_20260317_231726_949904.jpg,0.2,0.1
20260317_231726_992819,img_20260317_231726_992819.jpg,0.2,0.1
20260317_231727_044547,img_20260317_231727_044547.jpg,0.2,0.0
20260317_231727_105493,img_20260317_231727_105493.jpg,0.2,0.0
20260317_231727_145322,img_20260317_231727_145322.jpg,0.2,0.0
20260317_231727_207126,img_20260317_231727_207126.jpg,0.2,0.0
20260317_231727_246492,img_20260317_231727_246492.jpg,0.2,0.0
20260317_231727_297899,img_20260317_231727_297899.jpg,0.2,0.0
20260317_231727_349896,img_20260317_231727_349896.jpg,0.2,0.0
20260317_231727_399957,img_20260317_231727_399957.jpg,0.2,0.0
20260317_231727_462539,img_20260317_231727_462539.jpg,0.2,0.0
20260317_231727_514846,img_20260317_231727_514846.jpg,0.2,0.0
20260317_231727_555075,img_20260317_231727_555075.jpg,0.2,0.1
20260317_231727_614047,img_20260317_231727_614047.jpg,0.2,0.1
20260317_231727_661791,img_20260317_231727_661791.jpg,0.2,0.1
20260317_231727_706933,img_20260317_231727_706933.jpg,0.2,0.1
20260317_231727_755457,img_20260317_231727_755457.jpg,0.2,0.0
20260317_231727_807661,img_20260317_231727_807661.jpg,0.2,0.0
20260317_231727_860621,img_20260317_231727_860621.jpg,0.2,0.0
20260317_231727_909301,img_20260317_231727_909301.jpg,0.2,0.0
20260317_231727_959270,img_20260317_231727_959270.jpg,0.2,0.0
20260317_231728_010990,img_20260317_231728_010990.jpg,0.2,0.0
20260317_231728_064042,img_20260317_231728_064042.jpg,0.2,0.0
20260317_231728_124643,img_20260317_231728_124643.jpg,0.2,0.0
20260317_231728_165412,img_20260317_231728_165412.jpg,0.2,0.0
20260317_231728_214761,img_20260317_231728_214761.jpg,0.2,0.0
20260317_231728_279546,img_20260317_231728_279546.jpg,0.2,0.0
20260317_231728_321244,img_20260317_231728_321244.jpg,0.2,0.1
20260317_231728_367519,img_20260317_231728_367519.jpg,0.2,0.1
20260317_231728_430363,img_20260317_231728_430363.jpg,0.2,0.1
20260317_231728_470968,img_20260317_231728_470968.jpg,0.2,0.1
20260317_231728_524784,img_20260317_231728_524784.jpg,0.2,0.0
20260317_231728_573069,img_20260317_231728_573069.jpg,0.2,0.0
20260317_231728_625182,img_20260317_231728_625182.jpg,0.2,0.0
20260317_231728_688420,img_20260317_231728_688420.jpg,0.2,0.0
20260317_231728_740610,img_20260317_231728_740610.jpg,0.2,0.0
20260317_231728_779752,img_20260317_231728_779752.jpg,0.2,0.0
20260317_231728_838740,img_20260317_231728_838740.jpg,0.2,0.0
20260317_231728_889022,img_20260317_231728_889022.jpg,0.2,0.0
20260317_231728_939064,img_20260317_231728_939064.jpg,0.2,0.0
20260317_231728_980209,img_20260317_231728_980209.jpg,0.2,0.0
20260317_231729_031633,img_20260317_231729_031633.jpg,0.2,0.1
20260317_231729_092267,img_20260317_231729_092267.jpg,0.2,0.1
20260317_231729_134661,img_20260317_231729_134661.jpg,0.2,0.1
20260317_231729_193621,img_20260317_231729_193621.jpg,0.2,0.1
20260317_231729_236779,img_20260317_231729_236779.jpg,0.2,0.0
20260317_231729_285887,img_20260317_231729_285887.jpg,0.2,0.0
20260317_231729_340293,img_20260317_231729_340293.jpg,0.2,0.0
20260317_231729_397207,img_20260317_231729_397207.jpg,0.2,0.0
20260317_231729_449187,img_20260317_231729_449187.jpg,0.2,0.0
20260317_231729_503887,img_20260317_231729_503887.jpg,0.2,0.0
20260317_231729_543662,img_20260317_231729_543662.jpg,0.2,0.0
20260317_231729_608733,img_20260317_231729_608733.jpg,0.2,0.0
20260317_231729_658056,img_20260317_231729_658056.jpg,0.2,0.0
20260317_231729_697265,img_20260317_231729_697265.jpg,0.2,0.0
20260317_231729_749486,img_20260317_231729_749486.jpg,0.2,0.0
20260317_231729_814251,img_20260317_231729_814251.jpg,0.2,0.0
20260317_231729_865512,img_20260317_231729_865512.jpg,0.2,0.1
20260317_231729_907084,img_20260317_231729_907084.jpg,0.2,0.1
20260317_231729_953631,img_20260317_231729_953631.jpg,0.2,0.1
20260317_231730_014816,img_20260317_231730_014816.jpg,0.2,0.1
20260317_231730_054170,img_20260317_231730_054170.jpg,0.2,0.0
20260317_231730_104045,img_20260317_231730_104045.jpg,0.2,0.0
20260317_231730_156492,img_20260317_231730_156492.jpg,0.2,0.0
20260317_231730_206679,img_20260317_231730_206679.jpg,0.2,0.0
20260317_231730_256226,img_20260317_231730_256226.jpg,0.2,0.0
20260317_231730_318801,img_20260317_231730_318801.jpg,0.2,0.0
20260317_231730_360673,img_20260317_231730_360673.jpg,0.2,0.0
20260317_231730_411769,img_20260317_231730_411769.jpg,0.2,0.0
20260317_231730_462888,img_20260317_231730_462888.jpg,0.2,0.0
20260317_231730_510986,img_20260317_231730_510986.jpg,0.2,0.0
20260317_231730_572242,img_20260317_231730_572242.jpg,0.2,0.0
20260317_231730_624897,img_20260317_231730_624897.jpg,0.2,0.0
20260317_231730_665002,img_20260317_231730_665002.jpg,0.2,0.1
20260317_231730_713540,img_20260317_231730_713540.jpg,0.2,0.1
20260317_231730_774744,img_20260317_231730_774744.jpg,0.2,0.1
20260317_231730_828655,img_20260317_231730_828655.jpg,0.2,0.0
20260317_231730_868476,img_20260317_231730_868476.jpg,0.2,0.0
20260317_231730_920415,img_20260317_231730_920415.jpg,0.2,0.0
20260317_231730_979483,img_20260317_231730_979483.jpg,0.2,0.0
20260317_231731_032810,img_20260317_231731_032810.jpg,0.2,0.0
20260317_231731_072342,img_20260317_231731_072342.jpg,0.2,0.0
20260317_231731_135020,img_20260317_231731_135020.jpg,0.2,0.0
20260317_231731_175096,img_20260317_231731_175096.jpg,0.2,0.0
20260317_231731_226817,img_20260317_231731_226817.jpg,0.2,0.0
20260317_231731_275732,img_20260317_231731_275732.jpg,0.2,0.1
20260317_231731_339107,img_20260317_231731_339107.jpg,0.2,0.1
20260317_231731_378795,img_20260317_231731_378795.jpg,0.2,0.1
20260317_231731_439777,img_20260317_231731_439777.jpg,0.2,0.1
20260317_231731_491157,img_20260317_231731_491157.jpg,0.2,0.0
20260317_231731_546297,img_20260317_231731_546297.jpg,0.2,0.0
20260317_231731_584168,img_20260317_231731_584168.jpg,0.2,0.0
20260317_231731_632186,img_20260317_231731_632186.jpg,0.2,0.0
20260317_231731_686058,img_20260317_231731_686058.jpg,0.2,0.0
20260317_231731_746603,img_20260317_231731_746603.jpg,0.2,0.0
20260317_231731_800017,img_20260317_231731_800017.jpg,0.2,0.0
20260317_231731_848253,img_20260317_231731_848253.jpg,0.2,0.0
20260317_231731_900423,img_20260317_231731_900423.jpg,0.2,0.0
20260317_231731_951382,img_20260317_231731_951382.jpg,0.2,0.1
20260317_231732_002118,img_20260317_231732_002118.jpg,0.2,0.1
20260317_231732_044138,img_20260317_231732_044138.jpg,0.2,0.1
20260317_231732_092566,img_20260317_231732_092566.jpg,0.2,0.1
20260317_231732_155817,img_20260317_231732_155817.jpg,0.2,0.0
20260317_231732_207173,img_20260317_231732_207173.jpg,0.2,0.0
20260317_231732_260715,img_20260317_231732_260715.jpg,0.2,0.0
20260317_231732_297532,img_20260317_231732_297532.jpg,0.2,0.0
20260317_231732_347925,img_20260317_231732_347925.jpg,0.2,0.0
20260317_231732_400668,img_20260317_231732_400668.jpg,0.2,0.0
20260317_231732_453304,img_20260317_231732_453304.jpg,0.2,0.0
20260317_231732_503568,img_20260317_231732_503568.jpg,0.2,0.0
20260317_231732_553835,img_20260317_231732_553835.jpg,0.2,0.0
20260317_231732_606897,img_20260317_231732_606897.jpg,0.2,0.0
20260317_231732_654593,img_20260317_231732_654593.jpg,0.2,0.0
20260317_231732_705265,img_20260317_231732_705265.jpg,0.2,0.1
20260317_231732_755979,img_20260317_231732_755979.jpg,0.2,0.1
20260317_231732_807856,img_20260317_231732_807856.jpg,0.2,0.1
20260317_231732_858428,img_20260317_231732_858428.jpg,0.2,0.1
20260317_231732_926637,img_20260317_231732_926637.jpg,0.2,0.0
20260317_231732_962436,img_20260317_231732_962436.jpg,0.2,0.0
20260317_231733_012070,img_20260317_231733_012070.jpg,0.2,0.0
20260317_231733_062150,img_20260317_231733_062150.jpg,0.2,0.0
20260317_231733_116375,img_20260317_231733_116375.jpg,0.2,0.0
20260317_231733_165881,img_20260317_231733_165881.jpg,0.2,0.0
20260317_231733_216903,img_20260317_231733_216903.jpg,0.2,0.0
20260317_231733_266260,img_20260317_231733_266260.jpg,0.2,0.0
20260317_231733_329951,img_20260317_231733_329951.jpg,0.2,0.1
20260317_231733_368147,img_20260317_231733_368147.jpg,0.2,0.1
20260317_231733_421156,img_20260317_231733_421156.jpg,0.2,0.1
20260317_231733_472944,img_20260317_231733_472944.jpg,0.2,0.1
20260317_231733_521619,img_20260317_231733_521619.jpg,0.2,0.0
20260317_231733_584868,img_20260317_231733_584868.jpg,0.2,0.0
20260317_231733_636921,img_20260317_231733_636921.jpg,0.2,0.0
20260317_231733_676326,img_20260317_231733_676326.jpg,0.2,0.0
20260317_231733_728833,img_20260317_231733_728833.jpg,0.2,0.0
20260317_231733_776104,img_20260317_231733_776104.jpg,0.2,0.0
20260317_231733_837221,img_20260317_231733_837221.jpg,0.2,0.0
20260317_231733_888572,img_20260317_231733_888572.jpg,0.2,0.0
20260317_231733_932714,img_20260317_231733_932714.jpg,0.2,0.0
20260317_231733_240013,img_20260317_231733_240013.jpg,0.2,0.0
20260317_231733_281024,img_20260317_231733_281024.jpg,0.2,0.0
20260317_231733_332912,img_20260317_231733_332912.jpg,0.2,0.1
20260317_231733_383163,img_20260317_231733_383163.jpg,0.2,0.1
20260317_231733_439272,img_20260317_231733_439272.jpg,0.2,0.1
20260317_231733_496533,img_20260317_231733_496533.jpg,0.2,0.1
20260317_231733_537301,img_20260317_231733_537301.jpg,0.2,0.0
20260317_231733_586472,img_20260317_231733_586472.jpg,0.2,0.0
20260317_231733_647984,img_20260317_231733_647984.jpg,0.2,0.0
20260317_231733_691192,img_20260317_231733_691192.jpg,0.2,0.0
20260317_231733_740575,img_20260317_231733_740575.jpg,0.2,0.0
20260317_231733_792445,img_20260317_231733_792445.jpg,0.2,0.0
20260317_231733_843972,img_20260317_231733_843972.jpg,0.2,0.0
20260317_231733_892507,img_20260317_231733_892507.jpg,0.2,0.0
20260317_231733_944738,img_20260317_231733_944738.jpg,0.2,0.0
20260317_231733_995533,img_20260317_231733_995533.jpg,0.2,0.1
20260317_231734_046685,img_20260317_231734_046685.jpg,0.2,0.1
20260317_231734_097973,img_20260317_231734_097973.jpg,0.2,0.0
20260317_231734_148283,img_20260317_231734_148283.jpg,0.2,0.0
20260317_231734_199312,img_20260317_231734_199312.jpg,0.2,0.0
20260317_231734_250422,img_20260317_231734_250422.jpg,0.2,0.0
20260317_231734_299152,img_20260317_231734_299152.jpg,0.2,0.0
20260317_231734_350419,img_20260317_231734_350419.jpg,0.2,0.0
20260317_231734_402816,img_20260317_231734_402816.jpg,0.2,0.0
20260317_231734_460249,img_20260317_231734_460249.jpg,0.2,0.0
20260317_231734_511686,img_20260317_231734_511686.jpg,0.2,0.1
20260317_231734_550706,img_20260317_231734_550706.jpg,0.2,0.1
20260317_231734_614735,img_20260317_231734_614735.jpg,0.2,0.1
20260317_231734_657859,img_20260317_231734_657859.jpg,0.2,0.0
20260317_231734_710003,img_20260317_231734_710003.jpg,0.2,0.0
20260317_231734_769717,img_20260317_231734_769717.jpg,0.2,0.0
20260317_231734_809939,img_20260317_231734_809939.jpg,0.2,0.0
20260317_231734_859808,img_20260317_231734_859808.jpg,0.2,0.0
20260317_231734_908924,img_20260317_231734_908924.jpg,0.2,0.0
20260317_231734_959913,img_20260317_231734_959913.jpg,0.2,0.0
20260317_231735_009116,img_20260317_231735_009116.jpg,0.2,0.0
20260317_231735_062536,img_20260317_231735_062536.jpg,0.2,0.1
20260317_231735_123188,img_20260317_231735_123188.jpg,0.2,0.1
20260317_231735_164113,img_20260317_231735_164113.jpg,0.2,0.1
20260317_231735_226357,img_20260317_231735_226357.jpg,0.2,0.0
20260317_231735_267236,img_20260317_231735_267236.jpg,0.2,0.0
20260317_231735_316360,img_20260317_231735_316360.jpg,0.2,0.0
20260317_231735_377460,img_20260317_231735_377460.jpg,0.2,0.0
20260317_231735_429838,img_20260317_231735_429838.jpg,0.2,0.0
20260317_231735_467681,img_20260317_231735_467681.jpg,0.2,0.0
20260317_231735_519779,img_20260317_231735_519779.jpg,0.2,0.0
20260317_231735_570452,img_20260317_231735_570452.jpg,0.2,0.0
20260317_231735_630286,img_20260317_231735_630286.jpg,0.2,0.1
20260317_231735_670885,img_20260317_231735_670885.jpg,0.2,0.1
20260317_231735_724684,img_20260317_231735_724684.jpg,0.2,0.0
20260317_231735_770801,img_20260317_231735_770801.jpg,0.2,0.0
20260317_231735_823484,img_20260317_231735_823484.jpg,0.2,0.0
20260317_231735_883549,img_20260317_231735_883549.jpg,0.2,0.0
20260317_231735_927373,img_20260317_231735_927373.jpg,0.2,0.0
20260317_231735_976619,img_20260317_231735_976619.jpg,0.2,0.0
20260317_231736_028116,img_20260317_231736_028116.jpg,0.2,0.1
20260317_231736_088293,img_20260317_231736_088293.jpg,0.2,0.1
20260317_231736_129352,img_20260317_231736_129352.jpg,0.2,0.1
20260317_231736_181004,img_20260317_231736_181004.jpg,0.2,0.0
20260317_231736_243446,img_20260317_231736_243446.jpg,0.2,0.0
20260317_231736_284162,img_20260317_231736_284162.jpg,0.2,0.0
20260317_231736_332882,img_20260317_231736_332882.jpg,0.2,0.0
20260317_231736_382409,img_20260317_231736_382409.jpg,0.2,0.0
20260317_231736_436352,img_20260317_231736_436352.jpg,0.2,0.0
20260317_231736_486073,img_20260317_231736_486073.jpg,0.2,0.0
20260317_231736_538168,img_20260317_231736_538168.jpg,0.2,0.1
20260317_231736_599625,img_20260317_231736_599625.jpg,0.2,0.1
20260317_231736_653164,img_20260317_231736_653164.jpg,0.2,0.1
20260317_231736_688070,img_20260317_231736_688070.jpg,0.2,0.0
20260317_231736_740895,img_20260317_231736_740895.jpg,0.2,0.0
20260317_231736_806656,img_20260317_231736_806656.jpg,0.2,0.0
20260317_231736_856863,img_20260317_231736_856863.jpg,0.2,0.0
20260317_231736_898091,img_20260317_231736_898091.jpg,0.2,0.0
20260317_231736_967222,img_20260317_231736_967222.jpg,0.2,0.1
20260317_231737_004186,img_20260317_231737_004186.jpg,0.2,0.1
20260317_231737_054264,img_20260317_231737_054264.jpg,0.2,0.1
20260317_231737_115060,img_20260317_231737_115060.jpg,0.2,0.0
20260317_231737_155791,img_20260317_231737_155791.jpg,0.2,0.0
20260317_231737_206384,img_20260317_231737_206384.jpg,0.2,0.0
20260317_231737_266121,img_20260317_231737_266121.jpg,0.2,0.0
20260317_231737_307980,img_20260317_231737_307980.jpg,0.2,0.0
20260317_231737_358043,img_20260317_231737_358043.jpg,0.2,0.0
20260317_231737_422599,img_20260317_231737_422599.jpg,0.2,0.1
20260317_231737_471726,img_20260317_231737_471726.jpg,0.2,0.1
20260317_231737_513903,img_20260317_231737_513903.jpg,0.2,0.1
20260317_231737_562928,img_20260317_231737_562928.jpg,0.2,0.0
20260317_231737_624321,img_20260317_231737_624321.jpg,0.2,0.0
20260317_231737_665204,img_20260317_231737_665204.jpg,0.2,0.0
20260317_231737_727365,img_20260317_231737_727365.jpg,0.2,0.0
20260317_231737_780435,img_20260317_231737_780435.jpg,0.2,0.0
20260317_231737_820341,img_20260317_231737_820341.jpg,0.2,0.0
20260317_231737_869190,img_20260317_231737_869190.jpg,0.2,0.1
20260317_231737_932459,img_20260317_231737_932459.jpg,0.2,0.1
20260317_231737_971553,img_20260317_231737_971553.jpg,0.2,0.0
20260317_231738_021045,img_20260317_231738_021045.jpg,0.2,0.0
20260317_231738_083604,img_20260317_231738_083604.jpg,0.2,0.0
20260317_231738_135425,img_20260317_231738_135425.jpg,0.2,0.0
20260317_231738_176036,img_20260317_231738_176036.jpg,0.2,0.0
20260317_231738_236575,img_20260317_231738_236575.jpg,0.2,0.0
20260317_231738_277873,img_20260317_231738_277873.jpg,0.2,0.1
20260317_231738_328861,img_20260317_231738_328861.jpg,0.2,0.1
20260317_231738_379898,img_20260317_231738_379898.jpg,0.2,0.0
20260317_231738_430557,img_20260317_231738_430557.jpg,0.2,0.0
20260317_231738_478788,img_20260317_231738_478788.jpg,0.2,0.0
20260317_231738_530685,img_20260317_231738_530685.jpg,0.2,0.0
20260317_231738_583643,img_20260317_231738_583643.jpg,0.2,0.0
20260317_231738_641530,img_20260317_231738_641530.jpg,0.2,0.0
20260317_231738_693774,img_20260317_231738_693774.jpg,0.2,0.1
20260317_231738_744474,img_20260317_231738_744474.jpg,0.2,0.1
20260317_231738_795703,img_20260317_231738_795703.jpg,0.2,0.1
20260317_231738_833513,img_20260317_231738_833513.jpg,0.2,0.0
20260317_231738_896674,img_20260317_231738_896674.jpg,0.2,0.0
20260317_231738_945621,img_20260317_231738_945621.jpg,0.2,0.0
20260317_231738_987615,img_20260317_231738_987615.jpg,0.2,0.0
20260317_231739_038336,img_20260317_231739_038336.jpg,0.2,0.0
20260317_231739_088226,img_20260317_231739_088226.jpg,0.2,0.1
20260317_231739_137730,img_20260317_231739_137730.jpg,0.2,0.1
20260317_231739_200757,img_20260317_231739_200757.jpg,0.2,0.0
20260317_231739_238980,img_20260317_231739_238980.jpg,0.2,0.0
20260317_231739_289989,img_20260317_231739_289989.jpg,0.2,0.0
20260317_231739_340443,img_20260317_231739_340443.jpg,0.2,0.0
20260317_231739_392387,img_20260317_231739_392387.jpg,0.2,0.0
20260317_231739_440883,img_20260317_231739_440883.jpg,0.2,0.1
20260317_231739_502222,img_20260317_231739_502222.jpg,0.2,0.1
20260317_231739_546173,img_20260317_231739_546173.jpg,0.2,0.1
20260317_231739_592205,img_20260317_231739_592205.jpg,0.2,0.0
20260317_231739_644391,img_20260317_231739_644391.jpg,0.2,0.0
20260317_231739_695951,img_20260317_231739_695951.jpg,0.2,0.0
20260317_231739_747479,img_20260317_231739_747479.jpg,0.2,0.0
20260317_231739_808061,img_20260317_231739_808061.jpg,0.2,0.1
20260317_231739_849534,img_20260317_231739_849534.jpg,0.2,0.1
20260317_231739_909660,img_20260317_231739_909660.jpg,0.2,0.1
20260317_231739_971996,img_20260317_231739_971996.jpg,0.2,0.0
20260317_231740_004344,img_20260317_231740_004344.jpg,0.2,0.0
20260317_231740_066594,img_20260317_231740_066594.jpg,0.2,0.0
20260317_231740_114187,img_20260317_231740_114187.jpg,0.2,0.0
20260317_231740_167011,img_20260317_231740_167011.jpg,0.2,0.0
20260317_231740_207422,img_20260317_231740_207422.jpg,0.2,0.1
20260317_231740_256823,img_20260317_231740_256823.jpg,0.2,0.1
20260317_231740_308257,img_20260317_231740_308257.jpg,0.2,0.0
20260317_231740_358171,img_20260317_231740_358171.jpg,0.2,0.0
20260317_231740_411087,img_20260317_231740_411087.jpg,0.2,0.0
20260317_231740_460015,img_20260317_231740_460015.jpg,0.2,0.0
20260317_231740_511530,img_20260317_231740_511530.jpg,0.2,0.0
20260317_231740_563428,img_20260317_231740_563428.jpg,0.2,0.0
20260317_231740_615656,img_20260317_231740_615656.jpg,0.2,0.1
20260317_231740_667061,img_20260317_231740_667061.jpg,0.2,0.1
20260317_231740_716142,img_20260317_231740_716142.jpg,0.2,0.0
20260317_231740_767256,img_20260317_231740_767256.jpg,0.2,0.0
20260317_231740_820828,img_20260317_231740_820828.jpg,0.2,0.0
20260317_231740_869254,img_20260317_231740_869254.jpg,0.2,0.0
20260317_231740_930466,img_20260317_231740_930466.jpg,0.2,0.1
20260317_231740_971044,img_20260317_231740_971044.jpg,0.2,0.1
20260317_231741_033234,img_20260317_231741_033234.jpg,0.2,0.1
20260317_231741_071736,img_20260317_231741_071736.jpg,0.2,0.1
20260317_231741_132237,img_20260317_231741_132237.jpg,0.2,0.0
20260317_231741_174830,img_20260317_231741_174830.jpg,0.2,0.0
20260317_231741_237021,img_20260317_231741_237021.jpg,0.2,0.0
20260317_231741_289752,img_20260317_231741_289752.jpg,0.2,0.1
20260317_231741_328796,img_20260317_231741_328796.jpg,0.2,0.1
20260317_231741_387000,img_20260317_231741_387000.jpg,0.2,0.1
20260317_231741_428142,img_20260317_231741_428142.jpg,0.2,0.1
20260317_231741_478129,img_20260317_231741_478129.jpg,0.2,0.1
20260317_231741_530930,img_20260317_231741_530930.jpg,0.2,0.1
20260317_231741_580191,img_20260317_231741_580191.jpg,0.2,0.1
20260317_231741_639497,img_20260317_231741_639497.jpg,0.2,0.1
20260317_231741_689998,img_20260317_231741_689998.jpg,0.2,0.1
20260317_231741_733494,img_20260317_231741_733494.jpg,0.2,0.1
20260317_231741_781978,img_20260317_231741_781978.jpg,0.2,0.0
20260317_231741_844395,img_20260317_231741_844395.jpg,0.2,0.0
20260317_231741_882953,img_20260317_231741_882953.jpg,0.2,0.0
20260317_231741_935307,img_20260317_231741_935307.jpg,0.2,0.0
20260317_231741_995025,img_20260317_231741_995025.jpg,0.2,0.0
20260317_231742_051523,img_20260317_231742_051523.jpg,0.2,0.0
20260317_231742_089279,img_20260317_231742_089279.jpg,0.2,0.0
20260317_231742_147229,img_20260317_231742_147229.jpg,0.2,0.0
20260317_231742_187018,img_20260317_231742_187018.jpg,0.2,0.0
20260317_231742_249857,img_20260317_231742_249857.jpg,0.2,0.0
20260317_231742_291284,img_20260317_231742_291284.jpg,0.2,0.0
20260317_231742_344804,img_20260317_231742_344804.jpg,0.2,0.0
20260317_231742_403706,img_20260317_231742_403706.jpg,0.2,0.0
20260317_231742_445352,img_20260317_231742_445352.jpg,0.2,0.0
20260317_231742_494497,img_20260317_231742_494497.jpg,0.2,0.0
20260317_231742_555671,img_20260317_231742_555671.jpg,0.2,0.0
20260317_231742_597891,img_20260317_231742_597891.jpg,0.2,0.0
20260317_231742_659294,img_20260317_231742_659294.jpg,0.2,0.0
20260317_231742_708032,img_20260317_231742_708032.jpg,0.2,0.0
20260317_231742_760791,img_20260317_231742_760791.jpg,0.2,0.0
20260317_231742_798153,img_20260317_231742_798153.jpg,0.2,0.0
20260317_231742_859583,img_20260317_231742_859583.jpg,0.2,0.0
20260317_231742_913178,img_20260317_231742_913178.jpg,0.2,0.0
20260317_231742_953811,img_20260317_231742_953811.jpg,0.2,0.0
20260317_231743_003497,img_20260317_231743_003497.jpg,0.2,0.0
20260317_231743_064203,img_20260317_231743_064203.jpg,0.2,0.0
20260317_231743_103810,img_20260317_231743_103810.jpg,0.2,0.0
20260317_231743_156406,img_20260317_231743_156406.jpg,0.2,0.0
20260317_231743_216647,img_20260317_231743_216647.jpg,0.2,0.0
20260317_231743_258564,img_20260317_231743_258564.jpg,0.2,-0.1
20260317_231743_308415,img_20260317_231743_308415.jpg,0.2,-0.1
20260317_231743_358251,img_20260317_231743_358251.jpg,0.2,-0.1
20260317_231743_421054,img_20260317_231743_421054.jpg,0.2,0.0
20260317_231743_459612,img_20260317_231743_459612.jpg,0.2,0.0
20260317_231743_509424,img_20260317_231743_509424.jpg,0.2,0.0
20260317_231743_562847,img_20260317_231743_562847.jpg,0.2,0.0
20260317_231743_612671,img_20260317_231743_612671.jpg,0.2,0.0
20260317_231743_664303,img_20260317_231743_664303.jpg,0.2,0.0
20260317_231743_715941,img_20260317_231743_715941.jpg,0.2,0.0
20260317_231743_776749,img_20260317_231743_776749.jpg,0.2,0.0
20260317_231743_828231,img_20260317_231743_828231.jpg,0.2,0.0
20260317_231743_879695,img_20260317_231743_879695.jpg,0.2,0.0
20260317_231743_928543,img_20260317_231743_928543.jpg,0.2,0.1
20260317_231743_969903,img_20260317_231743_969903.jpg,0.2,0.1
20260317_231744_030239,img_20260317_231744_030239.jpg,0.2,0.1
20260317_231744_071256,img_20260317_231744_071256.jpg,0.2,0.0
20260317_231744_122693,img_20260317_231744_122693.jpg,0.2,0.0
20260317_231744_173122,img_20260317_231744_173122.jpg,0.2,0.0
20260317_231744_234219,img_20260317_231744_234219.jpg,0.2,0.0
20260317_231744_284660,img_20260317_231744_284660.jpg,0.2,0.0
20260317_231744_337797,img_20260317_231744_337797.jpg,0.2,0.0
20260317_231744_376979,img_20260317_231744_376979.jpg,0.2,0.0
20260317_231744_436005,img_20260317_231744_436005.jpg,0.2,0.0
20260317_231744_485890,img_20260317_231744_485890.jpg,0.2,0.0
20260317_231744_528301,img_20260317_231744_528301.jpg,0.2,0.0
20260317_231744_579365,img_20260317_231744_579365.jpg,0.2,0.0
20260317_231744_628457,img_20260317_231744_628457.jpg,0.2,0.1
20260317_231744_679417,img_20260317_231744_679417.jpg,0.2,0.1
20260317_231744_730263,img_20260317_231744_730263.jpg,0.2,0.0
20260317_231744_784300,img_20260317_231744_784300.jpg,0.2,0.0
20260317_231744_831575,img_20260317_231744_831575.jpg,0.2,0.0
20260317_231744_893328,img_20260317_231744_893328.jpg,0.2,0.0
20260317_231744_933135,img_20260317_231744_933135.jpg,0.2,0.0
20260317_231744_996415,img_20260317_231744_996415.jpg,0.2,0.0
20260317_231745_037352,img_20260317_231745_037352.jpg,0.2,0.0
20260317_231745_096658,img_20260317_231745_096658.jpg,0.2,0.0
20260317_231745_148037,img_20260317_231745_148037.jpg,0.2,0.0
20260317_231745_186962,img_20260317_231745_186962.jpg,0.2,0.0
20260317_231745_239625,img_20260317_231745_239625.jpg,0.2,0.0
20260317_231745_288972,img_20260317_231745_288972.jpg,0.2,0.1
20260317_231745_340378,img_20260317_231745_340378.jpg,0.2,0.1
20260317_231745_399797,img_20260317_231745_399797.jpg,0.2,0.0
20260317_231745_442778,img_20260317_231745_442778.jpg,0.2,0.0
20260317_231745_490824,img_20260317_231745_490824.jpg,0.2,0.0
20260317_231745_541510,img_20260317_231745_541510.jpg,0.2,0.0
20260317_231745_593432,img_20260317_231745_593432.jpg,0.2,0.0
20260317_231745_655357,img_20260317_231745_655357.jpg,0.2,0.0
20260317_231745_704913,img_20260317_231745_704913.jpg,0.2,0.0
20260317_231745_755794,img_20260317_231745_755794.jpg,0.2,0.0
20260317_231745_796344,img_20260317_231745_796344.jpg,0.2,0.0
20260317_231745_858273,img_20260317_231745_858273.jpg,0.2,0.0
20260317_231745_898990,img_20260317_231745_898990.jpg,0.2,0.0
20260317_231745_950488,img_20260317_231745_950488.jpg,0.2,0.0
20260317_231746_001040,img_20260317_231746_001040.jpg,0.2,0.0
20260317_231746_050182,img_20260317_231746_050182.jpg,0.2,0.0
20260317_231746_112855,img_20260317_231746_112855.jpg,0.2,0.0
20260317_231746_164993,img_20260317_231746_164993.jpg,0.2,0.0
20260317_231746_204474,img_20260317_231746_204474.jpg,0.2,0.0
20260317_231746_252206,img_20260317_231746_252206.jpg,0.2,0.0
20260317_231746_303452,img_20260317_231746_303452.jpg,0.2,0.0
20260317_231746_354028,img_20260317_231746_354028.jpg,0.2,0.0
20260317_231746_418982,img_20260317_231746_418982.jpg,0.2,0.0
20260317_231746_465786,img_20260317_231746_465786.jpg,0.2,0.0
20260317_231746_505396,img_20260317_231746_505396.jpg,0.2,0.0
20260317_231746_557392,img_20260317_231746_557392.jpg,0.2,0.0
20260317_231746_607395,img_20260317_231746_607395.jpg,0.2,0.0
20260317_231746_659669,img_20260317_231746_659669.jpg,0.2,0.0
20260317_231746_710377,img_20260317_231746_710377.jpg,0.2,0.0
20260317_231746_759610,img_20260317_231746_759610.jpg,0.2,0.0
20260317_231746_809040,img_20260317_231746_809040.jpg,0.2,0.0
20260317_231746_861960,img_20260317_231746_861960.jpg,0.2,0.0
20260317_231746_922027,img_20260317_231746_922027.jpg,0.2,0.0
20260317_231746_962058,img_20260317_231746_962058.jpg,0.2,0.0
20260317_231747_024898,img_20260317_231747_024898.jpg,0.2,0.0
20260317_231747_065986,img_20260317_231747_065986.jpg,0.2,0.0
20260317_231747_114994,img_20260317_231747_114994.jpg,0.2,0.0
20260317_231747_168099,img_20260317_231747_168099.jpg,0.2,0.0
20260317_231747_218930,img_20260317_231747_218930.jpg,0.2,0.0
20260317_231747_279117,img_20260317_231747_279117.jpg,0.2,0.0
20260317_231747_329278,img_20260317_231747_329278.jpg,0.2,0.0
20260317_231747_383697,img_20260317_231747_383697.jpg,0.2,0.0
20260317_231747_431089,img_20260317_231747_431089.jpg,0.2,0.0
20260317_231747_481601,img_20260317_231747_481601.jpg,0.2,0.0
20260317_231747_523852,img_20260317_231747_523852.jpg,0.2,0.0
20260317_231747_586210,img_20260317_231747_586210.jpg,0.2,0.0
20260317_231747_634582,img_20260317_231747_634582.jpg,0.2,0.0
20260317_231747_676044,img_20260317_231747_676044.jpg,0.2,0.0
20260317_231747_738201,img_20260317_231747_738201.jpg,0.2,0.0
20260317_231747_790253,img_20260317_231747_790253.jpg,0.2,0.0
20260317_231747_829333,img_20260317_231747_829333.jpg,0.2,0.0
20260317_231747_891637,img_20260317_231747_891637.jpg,0.2,0.0
20260317_231747_941373,img_20260317_231747_941373.jpg,0.2,0.0
20260317_231747_993782,img_20260317_231747_993782.jpg,0.2,0.0
20260317_231748_042720,img_20260317_231748_042720.jpg,0.2,0.0
20260317_231748_093104,img_20260317_231748_093104.jpg,0.2,0.0
20260317_231748_134933,img_20260317_231748_134933.jpg,0.2,0.0
20260317_231748_196049,img_20260317_231748_196049.jpg,0.2,0.0
20260317_231748_248290,img_20260317_231748_248290.jpg,0.2,0.0
20260317_231748_286377,img_20260317_231748_286377.jpg,0.2,0.0
20260317_231748_336045,img_20260317_231748_336045.jpg,0.2,0.0
20260317_231748_387502,img_20260317_231748_387502.jpg,0.2,0.0
20260317_231748_448272,img_20260317_231748_448272.jpg,0.2,0.0
20260317_231748_488990,img_20260317_231748_488990.jpg,0.2,0.0
20260317_231748_540266,img_20260317_231748_540266.jpg,0.2,0.0
20260317_231748_589132,img_20260317_231748_589132.jpg,0.2,0.0
20260317_231748_639216,img_20260317_231748_639216.jpg,0.2,0.0
20260317_231748_691136,img_20260317_231748_691136.jpg,0.2,0.0
20260317_231748_745330,img_20260317_231748_745330.jpg,0.2,0.0
20260317_231748_803883,img_20260317_231748_803883.jpg,0.2,0.0
20260317_231748_853844,img_20260317_231748_853844.jpg,0.2,0.0
20260317_231748_906743,img_20260317_231748_906743.jpg,0.2,0.0
20260317_231748_956389,img_20260317_231748_956389.jpg,0.2,0.0
20260317_231748_998811,img_20260317_231748_998811.jpg,0.2,0.0
20260317_231749_049038,img_20260317_231749_049038.jpg,0.2,0.0
20260317_231749_099519,img_20260317_231749_099519.jpg,0.2,0.0
20260317_231749_150848,img_20260317_231749_150848.jpg,0.2,0.0
20260317_231749_213729,img_20260317_231749_213729.jpg,0.2,0.0
20260317_231749_255157,img_20260317_231749_255157.jpg,0.2,0.1
20260317_231749_307732,img_20260317_231749_307732.jpg,0.2,0.1
20260317_231749_368521,img_20260317_231749_368521.jpg,0.2,0.0
20260317_231749_410298,img_20260317_231749_410298.jpg,0.2,0.0
20260317_231749_454874,img_20260317_231749_454874.jpg,0.2,0.0
20260317_231749_505071,img_20260317_231749_505071.jpg,0.2,0.0
20260317_231749_557233,img_20260317_231749_557233.jpg,0.2,0.0
20260317_231749_607573,img_20260317_231749_607573.jpg,0.2,0.0
20260317_231749_669989,img_20260317_231749_669989.jpg,0.2,0.0
20260317_231749_720478,img_20260317_231749_720478.jpg,0.2,0.0
20260317_231749_759236,img_20260317_231749_759236.jpg,0.2,0.0
20260317_231749_810039,img_20260317_231749_810039.jpg,0.2,0.0
20260317_231749_860208,img_20260317_231749_860208.jpg,0.2,0.0
20260317_231749_912575,img_20260317_231749_912575.jpg,0.2,0.1
20260317_231749_960575,img_20260317_231749_960575.jpg,0.2,0.1
20260317_231750_013713,img_20260317_231750_013713.jpg,0.2,0.1
20260317_231750_063549,img_20260317_231750_063549.jpg,0.2,0.0
20260317_231750_114311,img_20260317_231750_114311.jpg,0.2,0.0
20260317_231750_167557,img_20260317_231750_167557.jpg,0.2,0.0
20260317_231750_218379,img_20260317_231750_218379.jpg,0.2,0.0
20260317_231750_283122,img_20260317_231750_283122.jpg,0.2,0.0
20260317_231750_332118,img_20260317_231750_332118.jpg,0.2,0.0
20260317_231750_370210,img_20260317_231750_370210.jpg,0.2,0.0
20260317_231750_422506,img_20260317_231750_422506.jpg,0.2,0.0
20260317_231750_474125,img_20260317_231750_474125.jpg,0.2,0.0
20260317_231750_526712,img_20260317_231750_526712.jpg,0.2,0.1
20260317_231750_576642,img_20260317_231750_576642.jpg,0.2,0.1
20260317_231750_629144,img_20260317_231750_629144.jpg,0.2,0.1
20260317_231750_678631,img_20260317_231750_678631.jpg,0.2,0.0
20260317_231750_731300,img_20260317_231750_731300.jpg,0.2,0.0
20260317_231750_790830,img_20260317_231750_790830.jpg,0.2,0.0
20260317_231750_832702,img_20260317_231750_832702.jpg,0.2,0.0
20260317_231750_882099,img_20260317_231750_882099.jpg,0.2,0.0
20260317_231750_943050,img_20260317_231750_943050.jpg,0.2,0.0
20260317_231750_994608,img_20260317_231750_994608.jpg,0.2,0.0
20260317_231751_037527,img_20260317_231751_037527.jpg,0.2,0.0
20260317_231751_096012,img_20260317_231751_096012.jpg,0.2,0.0
20260317_231751_145770,img_20260317_231751_145770.jpg,0.2,0.0
20260317_231751_186539,img_20260317_231751_186539.jpg,0.2,0.0
20260317_231751_239593,img_20260317_231751_239593.jpg,0.2,0.0
20260317_231751_299581,img_20260317_231751_299581.jpg,0.2,0.0
20260317_231751_341564,img_20260317_231751_341564.jpg,0.2,0.0
20260317_231751_390543,img_20260317_231751_390543.jpg,0.2,0.0
20260317_231751_441918,img_20260317_231751_441918.jpg,0.2,0.0
20260317_231751_492963,img_20260317_231751_492963.jpg,0.2,0.0
20260317_231751_557406,img_20260317_231751_557406.jpg,0.2,0.0
20260317_231751_595107,img_20260317_231751_595107.jpg,0.2,0.0
20260317_231751_647514,img_20260317_231751_647514.jpg,0.2,0.0
20260317_231751_705988,img_20260317_231751_705988.jpg,0.2,0.0
20260317_231751_746506,img_20260317_231751_746506.jpg,0.2,0.0
20260317_231751_797968,img_20260317_231751_797968.jpg,0.2,0.0
20260317_231751_850316,img_20260317_231751_850316.jpg,0.2,0.0
20260317_231751_910229,img_20260317_231751_910229.jpg,0.2,0.0
20260317_231751_949376,img_20260317_231751_949376.jpg,0.2,0.0
20260317_231752_002624,img_20260317_231752_002624.jpg,0.2,0.0
20260317_231752_064178,img_20260317_231752_064178.jpg,0.2,0.0
20260317_231752_103520,img_20260317_231752_103520.jpg,0.2,0.0
20260317_231752_152481,img_20260317_231752_152481.jpg,0.2,0.0
20260317_231752_205296,img_20260317_231752_205296.jpg,0.2,0.0
20260317_231752_255672,img_20260317_231752_255672.jpg,0.2,0.0
20260317_231752_316042,img_20260317_231752_316042.jpg,0.2,0.0
20260317_231752_367518,img_20260317_231752_367518.jpg,0.2,0.0
20260317_231752_406046,img_20260317_231752_406046.jpg,0.2,0.0
20260317_231752_458148,img_20260317_231752_458148.jpg,0.2,0.0
20260317_231752_507450,img_20260317_231752_507450.jpg,0.2,0.0
20260317_231752_571669,img_20260317_231752_571669.jpg,0.2,0.0
20260317_231752_610214,img_20260317_231752_610214.jpg,0.2,0.0
20260317_231752_673597,img_20260317_231752_673597.jpg,0.2,0.0
20260317_231752_712565,img_20260317_231752_712565.jpg,0.2,0.0
20260317_231752_774398,img_20260317_231752_774398.jpg,0.2,0.0
20260317_231752_813906,img_20260317_231752_813906.jpg,0.2,0.0
20260317_231752_865411,img_20260317_231752_865411.jpg,0.2,0.0
20260317_231752_915125,img_20260317_231752_915125.jpg,0.2,0.0
20260317_231752_977171,img_20260317_231752_977171.jpg,0.2,0.0
20260317_231753_017781,img_20260317_231753_017781.jpg,0.2,0.0
20260317_231753_070120,img_20260317_231753_070120.jpg,0.2,0.0
20260317_231753_119777,img_20260317_231753_119777.jpg,0.2,0.0
20260317_231753_181079,img_20260317_231753_181079.jpg,0.2,0.0
20260317_231753_221667,img_20260317_231753_221667.jpg,0.2,0.0
20260317_231753_273630,img_20260317_231753_273630.jpg,0.2,0.0
20260317_231753_334294,img_20260317_231753_334294.jpg,0.2,0.0
20260317_231753_376040,img_20260317_231753_376040.jpg,0.2,0.0
20260317_231753_426868,img_20260317_231753_426868.jpg,0.2,0.0
20260317_231753_476886,img_20260317_231753_476886.jpg,0.2,0.0
20260317_231753_539594,img_20260317_231753_539594.jpg,0.2,0.0
20260317_231753_580489,img_20260317_231753_580489.jpg,0.2,0.0
20260317_231753_628474,img_20260317_231753_628474.jpg,0.2,0.0
20260317_231753_680639,img_20260317_231753_680639.jpg,0.2,0.0
20260317_231753_741598,img_20260317_231753_741598.jpg,0.2,0.0
20260317_231753_783535,img_20260317_231753_783535.jpg,0.2,0.0
20260317_231753_832348,img_20260317_231753_832348.jpg,0.2,0.0
20260317_231753_893541,img_20260317_231753_893541.jpg,0.2,0.0
20260317_231753_935465,img_20260317_231753_935465.jpg,0.2,0.0
20260317_231753_987409,img_20260317_231753_987409.jpg,0.2,0.0
20260317_231754_048316,img_20260317_231754_048316.jpg,0.2,0.0
20260317_231754_100136,img_20260317_231754_100136.jpg,0.2,0.0
20260317_231754_151245,img_20260317_231754_151245.jpg,0.2,0.0
20260317_231754_191548,img_20260317_231754_191548.jpg,0.2,0.0
20260317_231754_241101,img_20260317_231754_241101.jpg,0.2,0.0
20260317_231754_302676,img_20260317_231754_302676.jpg,0.2,0.0
20260317_231754_354004,img_20260317_231754_354004.jpg,0.2,0.0
20260317_231754_406760,img_20260317_231754_406760.jpg,0.2,0.0
20260317_231754_453626,img_20260317_231754_453626.jpg,0.2,0.0
20260317_231754_504973,img_20260317_231754_504973.jpg,0.2,0.0
20260317_231754_546117,img_20260317_231754_546117.jpg,0.2,0.0
20260317_231754_608872,img_20260317_231754_608872.jpg,0.2,0.0
20260317_231754_648291,img_20260317_231754_648291.jpg,0.2,0.0
20260317_231754_701005,img_20260317_231754_701005.jpg,0.2,0.0
20260317_231754_763226,img_20260317_231754_763226.jpg,0.2,0.0
20260317_231754_802573,img_20260317_231754_802573.jpg,0.2,0.0
20260317_231754_854167,img_20260317_231754_854167.jpg,0.2,0.0
20260317_231754_913685,img_20260317_231754_913685.jpg,0.2,0.0
20260317_231754_965230,img_20260317_231754_965230.jpg,0.2,0.0
20260317_231755_003421,img_20260317_231755_003421.jpg,0.2,0.0
20260317_231755_056968,img_20260317_231755_056968.jpg,0.2,0.0
20260317_231755_108010,img_20260317_231755_108010.jpg,0.2,0.0
20260317_231755_160243,img_20260317_231755_160243.jpg,0.2,0.0
20260317_231755_208898,img_20260317_231755_208898.jpg,0.2,0.0
20260317_231755_261832,img_20260317_231755_261832.jpg,0.2,0.0
20260317_231755_311202,img_20260317_231755_311202.jpg,0.2,0.0
20260317_231755_364782,img_20260317_231755_364782.jpg,0.2,0.0
20260317_231755_413320,img_20260317_231755_413320.jpg,0.2,0.0
20260317_231755_474484,img_20260317_231755_474484.jpg,0.2,0.0
20260317_231755_514146,img_20260317_231755_514146.jpg,0.2,0.0
20260317_231755_567405,img_20260317_231755_567405.jpg,0.2,0.0
20260317_231755_626664,img_20260317_231755_626664.jpg,0.2,0.0
20260317_231755_678664,img_20260317_231755_678664.jpg,0.2,0.0
20260317_231755_728025,img_20260317_231755_728025.jpg,0.2,0.0
20260317_231755_769412,img_20260317_231755_769412.jpg,0.2,0.0
20260317_231755_819615,img_20260317_231755_819615.jpg,0.2,0.0
20260317_231755_870665,img_20260317_231755_870665.jpg,0.2,0.0
20260317_231755_931621,img_20260317_231755_931621.jpg,0.2,0.0
20260317_231755_971630,img_20260317_231755_971630.jpg,0.2,0.0
20260317_231756_023281,img_20260317_231756_023281.jpg,0.2,0.0
20260317_231756_074477,img_20260317_231756_074477.jpg,0.2,0.0
20260317_231756_126156,img_20260317_231756_126156.jpg,0.2,0.0
20260317_231756_176645,img_20260317_231756_176645.jpg,0.2,0.0
20260317_231756_227394,img_20260317_231756_227394.jpg,0.2,0.0
20260317_231756_278837,img_20260317_231756_278837.jpg,0.2,0.0
20260317_231756_341221,img_20260317_231756_341221.jpg,0.2,0.0
20260317_231756_380425,img_20260317_231756_380425.jpg,0.2,0.0
20260317_231756_433790,img_20260317_231756_433790.jpg,0.2,0.0
20260317_231756_483560,img_20260317_231756_483560.jpg,0.2,0.0
20260317_231756_533492,img_20260317_231756_533492.jpg,0.2,0.0
20260317_231756_596992,img_20260317_231756_596992.jpg,0.2,0.0
20260317_231756_649971,img_20260317_231756_649971.jpg,0.2,0.0
20260317_231756_688481,img_20260317_231756_688481.jpg,0.2,0.0
20260317_231756_737947,img_20260317_231756_737947.jpg,0.2,0.0
20260317_231756_791865,img_20260317_231756_791865.jpg,0.2,0.0
20260317_231756_849818,img_20260317_231756_849818.jpg,0.2,0.0
20260317_231756_892015,img_20260317_231756_892015.jpg,0.2,0.0
20260317_231756_956278,img_20260317_231756_956278.jpg,0.2,0.0
20260317_231756_999122,img_20260317_231756_999122.jpg,0.2,0.0
20260317_231757_039893,img_20260317_231757_039893.jpg,0.2,0.0
20260317_231757_093120,img_20260317_231757_093120.jpg,0.2,0.0
20260317_231757_143372,img_20260317_231757_143372.jpg,0.2,0.0
20260317_231757_194905,img_20260317_231757_194905.jpg,0.2,0.0
20260317_231757_248222,img_20260317_231757_248222.jpg,0.2,0.0
20260317_231757_306652,img_20260317_231757_306652.jpg,0.2,0.0
20260317_231757_356931,img_20260317_231757_356931.jpg,0.2,0.0
20260317_231757_408867,img_20260317_231757_408867.jpg,0.2,0.0
20260317_231757_446960,img_20260317_231757_446960.jpg,0.2,0.0
20260317_231757_509320,img_20260317_231757_509320.jpg,0.2,0.0
20260317_231757_561196,img_20260317_231757_561196.jpg,0.2,0.0
20260317_231757_599510,img_20260317_231757_599510.jpg,0.2,0.0
20260317_231757_651201,img_20260317_231757_651201.jpg,0.2,0.0
20260317_231757_702722,img_20260317_231757_702722.jpg,0.2,0.0
20260317_231757_754616,img_20260317_231757_754616.jpg,0.2,0.0
20260317_231757_803326,img_20260317_231757_803326.jpg,0.2,0.0
20260317_231757_866385,img_20260317_231757_866385.jpg,0.2,0.0
20260317_231757_906885,img_20260317_231757_906885.jpg,0.2,0.0
20260317_231757_957473,img_20260317_231757_957473.jpg,0.2,0.0
20260317_231758_007514,img_20260317_231758_007514.jpg,0.2,0.0
20260317_231758_058959,img_20260317_231758_058959.jpg,0.2,0.0
20260317_231758_110196,img_20260317_231758_110196.jpg,0.2,0.0
20260317_231758_162557,img_20260317_231758_162557.jpg,0.2,0.0
20260317_231758_211296,img_20260317_231758_211296.jpg,0.2,0.0
20260317_231758_272146,img_20260317_231758_272146.jpg,0.2,0.0
20260317_231758_317768,img_20260317_231758_317768.jpg,0.2,0.0
20260317_231758_364340,img_20260317_231758_364340.jpg,0.2,0.0
20260317_231758_416657,img_20260317_231758_416657.jpg,0.2,0.0
20260317_231758_467671,img_20260317_231758_467671.jpg,0.2,0.0
20260317_231758_519746,img_20260317_231758_519746.jpg,0.2,0.0
20260317_231758_569911,img_20260317_231758_569911.jpg,0.2,0.0
20260317_231758_619938,img_20260317_231758_619938.jpg,0.2,0.0
20260317_231758_683585,img_20260317_231758_683585.jpg,0.2,0.0
20260317_231758_731868,img_20260317_231758_731868.jpg,0.2,0.0
20260317_231758_785479,img_20260317_231758_785479.jpg,0.2,0.0
20260317_231758_826176,img_20260317_231758_826176.jpg,0.2,0.0
20260317_231758_875578,img_20260317_231758_875578.jpg,0.2,0.0
20260317_231758_936135,img_20260317_231758_936135.jpg,0.2,0.0
20260317_231758_989442,img_20260317_231758_989442.jpg,0.2,0.0
20260317_231759_027747,img_20260317_231759_027747.jpg,0.2,0.0
20260317_231759_077937,img_20260317_231759_077937.jpg,0.2,0.0
20260317_231759_128829,img_20260317_231759_128829.jpg,0.2,0.0
20260317_231759_190068,img_20260317_231759_190068.jpg,0.2,0.0
20260317_231759_229736,img_20260317_231759_229736.jpg,0.2,0.0
20260317_231759_282533,img_20260317_231759_282533.jpg,0.2,0.0
20260317_231759_342558,img_20260317_231759_342558.jpg,0.2,0.0
20260317_231759_381180,img_20260317_231759_381180.jpg,0.2,0.0
20260317_231759_433215,img_20260317_231759_433215.jpg,0.2,0.0
20260317_231759_494477,img_20260317_231759_494477.jpg,0.2,0.0
20260317_231759_533896,img_20260317_231759_533896.jpg,0.2,0.0
20260317_231759_595261,img_20260317_231759_595261.jpg,0.2,0.0
20260317_231759_647015,img_20260317_231759_647015.jpg,0.2,0.0
20260317_231759_688462,img_20260317_231759_688462.jpg,0.2,0.0
20260317_231759_739474,img_20260317_231759_739474.jpg,0.2,0.0
20260317_231759_790109,img_20260317_231759_790109.jpg,0.2,0.0
20260317_231759_849010,img_20260317_231759_849010.jpg,0.2,0.0
20260317_231759_901911,img_20260317_231759_901911.jpg,0.2,0.0
20260317_231759_940347,img_20260317_231759_940347.jpg,0.2,0.0
20260317_231759_992353,img_20260317_231759_992353.jpg,0.2,0.0
20260317_231800_045524,img_20260317_231800_045524.jpg,0.2,0.0
20260317_231800_108381,img_20260317_231800_108381.jpg,0.2,0.0
20260317_231800_158556,img_20260317_231800_158556.jpg,0.2,0.0
20260317_231800_196403,img_20260317_231800_196403.jpg,0.2,0.0
20260317_231800_257982,img_20260317_231800_257982.jpg,0.2,0.0
20260317_231800_297782,img_20260317_231800_297782.jpg,0.2,0.0
20260317_231800_350645,img_20260317_231800_350645.jpg,0.2,0.0
20260317_231800_400127,img_20260317_231800_400127.jpg,0.2,0.0
20260317_231800_460181,img_20260317_231800_460181.jpg,0.2,0.0
20260317_231800_501839,img_20260317_231800_501839.jpg,0.2,0.0
20260317_231800_565036,img_20260317_231800_565036.jpg,0.2,0.0
20260317_231800_603175,img_20260317_231800_603175.jpg,0.2,0.0
20260317_231800_662522,img_20260317_231800_662522.jpg,0.2,0.0
20260317_231800_713515,img_20260317_231800_713515.jpg,0.2,0.0
20260317_231800_764101,img_20260317_231800_764101.jpg,0.2,0.0
20260317_231800_805760,img_20260317_231800_805760.jpg,0.2,0.0
20260317_231800_859416,img_20260317_231800_859416.jpg,0.2,0.0
20260317_231800_906331,img_20260317_231800_906331.jpg,0.2,0.0
20260317_231800_957578,img_20260317_231800_957578.jpg,0.2,0.0
20260317_231801_019274,img_20260317_231801_019274.jpg,0.2,0.0
20260317_231801_071670,img_20260317_231801_071670.jpg,0.2,0.0
20260317_231801_111919,img_20260317_231801_111919.jpg,0.2,0.0
20260317_231801_162359,img_20260317_231801_162359.jpg,0.2,0.0
20260317_231801_224846,img_20260317_231801_224846.jpg,0.2,0.0
20260317_231801_274695,img_20260317_231801_274695.jpg,0.2,0.0
20260317_231801_315042,img_20260317_231801_315042.jpg,0.2,0.0
20260317_231801_365257,img_20260317_231801_365257.jpg,0.2,0.0
20260317_231801_416375,img_20260317_231801_416375.jpg,0.2,0.0
20260317_231801_466963,img_20260317_231801_466963.jpg,0.2,0.0
20260317_231801_516426,img_20260317_231801_516426.jpg,0.2,0.0
20260317_231801_578755,img_20260317_231801_578755.jpg,0.2,0.0
20260317_231801_630220,img_20260317_231801_630220.jpg,0.2,0.0
20260317_231801_671568,img_20260317_231801_671568.jpg,0.2,0.0
20260317_231801_730172,img_20260317_231801_730172.jpg,0.2,0.0
20260317_231801_770988,img_20260317_231801_770988.jpg,0.2,0.0
20260317_231801_824839,img_20260317_231801_824839.jpg,0.2,0.0
20260317_231801_872744,img_20260317_231801_872744.jpg,0.2,0.0
20260317_231801_922758,img_20260317_231801_922758.jpg,0.2,0.0
20260317_231801_985618,img_20260317_231801_985618.jpg,0.2,0.0
20260317_231802_035967,img_20260317_231802_035967.jpg,0.2,0.0
20260317_231802_075207,img_20260317_231802_075207.jpg,0.2,0.0
20260317_231802_125885,img_20260317_231802_125885.jpg,0.2,0.0
20260317_231802_179000,img_20260317_231802_179000.jpg,0.2,0.0
20260317_231802_240583,img_20260317_231802_240583.jpg,0.2,0.0
20260317_231802_279756,img_20260317_231802_279756.jpg,0.2,0.0
20260317_231802_332038,img_20260317_231802_332038.jpg,0.2,0.0
20260317_231802_391736,img_20260317_231802_391736.jpg,0.2,0.0
20260317_231802_443302,img_20260317_231802_443302.jpg,0.2,0.0
20260317_231802_481363,img_20260317_231802_481363.jpg,0.2,0.0
20260317_231802_535040,img_20260317_231802_535040.jpg,0.2,0.0
20260317_231802_583585,img_20260317_231802_583585.jpg,0.2,0.0
20260317_231802_633695,img_20260317_231802_633695.jpg,0.2,0.0
20260317_231802_695794,img_20260317_231802_695794.jpg,0.2,0.0
20260317_231802_739708,img_20260317_231802_739708.jpg,0.2,0.0
20260317_231802_788230,img_20260317_231802_788230.jpg,0.2,0.0
20260317_231802_839652,img_20260317_231802_839652.jpg,0.2,0.1
20260317_231802_899601,img_20260317_231802_899601.jpg,0.2,0.1
20260317_231802_950327,img_20260317_231802_950327.jpg,0.2,0.0
20260317_231803_002079,img_20260317_231803_002079.jpg,0.2,0.0
20260317_231803_053063,img_20260317_231803_053063.jpg,0.2,0.0
20260317_231803_092952,img_20260317_231803_092952.jpg,0.2,0.0
20260317_231803_143626,img_20260317_231803_143626.jpg,0.2,0.0
20260317_231803_195092,img_20260317_231803_195092.jpg,0.2,0.0
20260317_231803_246434,img_20260317_231803_246434.jpg,0.2,0.0
20260317_231803_296686,img_20260317_231803_296686.jpg,0.2,0.0
20260317_231803_349060,img_20260317_231803_349060.jpg,0.2,0.1
20260317_231803_398892,img_20260317_231803_398892.jpg,0.2,0.1
20260317_231803_460591,img_20260317_231803_460591.jpg,0.2,0.1
20260317_231803_502983,img_20260317_231803_502983.jpg,0.2,0.0
20260317_231803_553011,img_20260317_231803_553011.jpg,0.2,0.0
20260317_231803_612703,img_20260317_231803_612703.jpg,0.2,0.0
20260317_231803_655479,img_20260317_231803_655479.jpg,0.2,0.0
20260317_231803_718510,img_20260317_231803_718510.jpg,0.2,0.0
20260317_231803_755796,img_20260317_231803_755796.jpg,0.2,0.0
20260317_231803_806380,img_20260317_231803_806380.jpg,0.2,0.0
20260317_231803_857221,img_20260317_231803_857221.jpg,0.2,0.0
20260317_231803_919396,img_20260317_231803_919396.jpg,0.2,0.0
20260317_231803_962413,img_20260317_231803_962413.jpg,0.2,0.1
20260317_231804_011406,img_20260317_231804_011406.jpg,0.2,0.1
20260317_231804_061160,img_20260317_231804_061160.jpg,0.2,0.1
20260317_231804_124644,img_20260317_231804_124644.jpg,0.2,0.0
20260317_231804_173283,img_20260317_231804_173283.jpg,0.2,0.0
20260317_231804_215722,img_20260317_231804_215722.jpg,0.2,0.0
20260317_231804_262832,img_20260317_231804_262832.jpg,0.2,0.0
20260317_231804_314296,img_20260317_231804_314296.jpg,0.2,0.0
20260317_231804_366288,img_20260317_231804_366288.jpg,0.2,0.0
20260317_231804_414634,img_20260317_231804_414634.jpg,0.2,0.0
20260317_231804_476147,img_20260317_231804_476147.jpg,0.2,0.0
20260317_231804_517248,img_20260317_231804_517248.jpg,0.2,0.0
20260317_231804_581900,img_20260317_231804_581900.jpg,0.2,0.1
20260317_231804_619932,img_20260317_231804_619932.jpg,0.2,0.1
20260317_231804_670481,img_20260317_231804_670481.jpg,0.2,0.1
20260317_231804_731772,img_20260317_231804_731772.jpg,0.2,0.0
20260317_231804_771795,img_20260317_231804_771795.jpg,0.2,0.0
20260317_231804_822670,img_20260317_231804_822670.jpg,0.2,0.0
20260317_231804_874488,img_20260317_231804_874488.jpg,0.2,0.0
20260317_231804_925982,img_20260317_231804_925982.jpg,0.2,0.0
20260317_231804_985591,img_20260317_231804_985591.jpg,0.2,0.0
20260317_231805_026754,img_20260317_231805_026754.jpg,0.2,0.0
20260317_231805_075714,img_20260317_231805_075714.jpg,0.2,0.0
20260317_231805_125481,img_20260317_231805_125481.jpg,0.2,0.0
20260317_231805_188242,img_20260317_231805_188242.jpg,0.2,0.0
20260317_231805_229765,img_20260317_231805_229765.jpg,0.2,0.0
20260317_231805_292136,img_20260317_231805_292136.jpg,0.2,0.1
20260317_231805_333314,img_20260317_231805_333314.jpg,0.2,0.1
20260317_231805_384227,img_20260317_231805_384227.jpg,0.2,0.0
20260317_231805_444256,img_20260317_231805_444256.jpg,0.2,0.0
20260317_231805_483503,img_20260317_231805_483503.jpg,0.2,0.0
20260317_231805_544003,img_20260317_231805_544003.jpg,0.2,0.0
20260317_231805_594312,img_20260317_231805_594312.jpg,0.2,0.0
20260317_231805_636348,img_20260317_231805_636348.jpg,0.2,0.0
20260317_231805_688898,img_20260317_231805_688898.jpg,0.2,0.0
20260317_231804_978627,img_20260317_231804_978627.jpg,0.2,0.0
20260317_231805_031257,img_20260317_231805_031257.jpg,0.2,0.0
20260317_231805_079584,img_20260317_231805_079584.jpg,0.2,0.0
20260317_231805_140745,img_20260317_231805_140745.jpg,0.2,0.0
20260317_231805_181694,img_20260317_231805_181694.jpg,0.2,0.0
20260317_231805_233963,img_20260317_231805_233963.jpg,0.2,0.0
20260317_231805_285036,img_20260317_231805_285036.jpg,0.2,0.0
20260317_231805_335752,img_20260317_231805_335752.jpg,0.2,0.0
20260317_231805_384085,img_20260317_231805_384085.jpg,0.2,0.0
20260317_231805_447394,img_20260317_231805_447394.jpg,0.2,0.0
20260317_231805_502764,img_20260317_231805_502764.jpg,0.2,0.0
20260317_231805_548975,img_20260317_231805_548975.jpg,0.2,0.0
20260317_231805_591487,img_20260317_231805_591487.jpg,0.2,0.0
20260317_231805_638729,img_20260317_231805_638729.jpg,0.2,0.0
20260317_231805_691241,img_20260317_231805_691241.jpg,0.2,0.0
20260317_231805_752538,img_20260317_231805_752538.jpg,0.2,0.0
20260317_231805_808328,img_20260317_231805_808328.jpg,0.2,0.0
20260317_231805_846415,img_20260317_231805_846415.jpg,0.2,0.0
20260317_231805_908235,img_20260317_231805_908235.jpg,0.2,0.0
20260317_231805_957948,img_20260317_231805_957948.jpg,0.2,0.0
20260317_231805_997120,img_20260317_231805_997120.jpg,0.2,0.0
20260317_231806_059093,img_20260317_231806_059093.jpg,0.2,0.0
20260317_231806_108525,img_20260317_231806_108525.jpg,0.2,0.0
20260317_231806_151776,img_20260317_231806_151776.jpg,0.2,0.0
20260317_231806_200387,img_20260317_231806_200387.jpg,0.2,0.0
20260317_231806_254444,img_20260317_231806_254444.jpg,0.2,0.0
20260317_231806_314079,img_20260317_231806_314079.jpg,0.2,0.0
20260317_231806_367434,img_20260317_231806_367434.jpg,0.2,0.0
20260317_231806_409273,img_20260317_231806_409273.jpg,0.2,0.0
20260317_231806_457252,img_20260317_231806_457252.jpg,0.2,0.0
20260317_231806_506814,img_20260317_231806_506814.jpg,0.2,0.0
20260317_231806_558527,img_20260317_231806_558527.jpg,0.2,0.0
20260317_231806_609030,img_20260317_231806_609030.jpg,0.2,0.0
20260317_231806_669422,img_20260317_231806_669422.jpg,0.2,0.0
20260317_231806_708671,img_20260317_231806_708671.jpg,0.2,0.0
20260317_231806_761017,img_20260317_231806_761017.jpg,0.2,0.0
20260317_231806_821698,img_20260317_231806_821698.jpg,0.2,0.0
20260317_231806_870961,img_20260317_231806_870961.jpg,0.2,0.0
20260317_231806_913815,img_20260317_231806_913815.jpg,0.2,0.0
20260317_231806_962482,img_20260317_231806_962482.jpg,0.2,0.0
20260317_231807_014799,img_20260317_231807_014799.jpg,0.2,0.0
20260317_231807_064666,img_20260317_231807_064666.jpg,0.2,0.0
20260317_231807_118441,img_20260317_231807_118441.jpg,0.2,0.0
20260317_231807_177244,img_20260317_231807_177244.jpg,0.2,0.0
20260317_231807_219379,img_20260317_231807_219379.jpg,0.2,0.0
20260317_231807_278210,img_20260317_231807_278210.jpg,0.2,0.0
20260317_231807_319159,img_20260317_231807_319159.jpg,0.2,0.0
20260317_231807_371787,img_20260317_231807_371787.jpg,0.2,0.0
20260317_231807_420808,img_20260317_231807_420808.jpg,0.2,0.0
20260317_231807_474526,img_20260317_231807_474526.jpg,0.2,0.0
20260317_231807_525200,img_20260317_231807_525200.jpg,0.2,0.0
20260317_231807_576124,img_20260317_231807_576124.jpg,0.2,0.0
20260317_231807_625474,img_20260317_231807_625474.jpg,0.2,0.0
20260317_231807_687967,img_20260317_231807_687967.jpg,0.2,0.0
20260317_231807_728272,img_20260317_231807_728272.jpg,0.2,0.0
20260317_231807_791696,img_20260317_231807_791696.jpg,0.2,0.0
20260317_231807_841471,img_20260317_231807_841471.jpg,0.2,0.0
20260317_231807_882838,img_20260317_231807_882838.jpg,0.2,0.0
20260317_231807_932123,img_20260317_231807_932123.jpg,0.2,0.0
20260317_231807_984535,img_20260317_231807_984535.jpg,0.2,0.0
20260317_231808_042831,img_20260317_231808_042831.jpg,0.2,0.0
20260317_231808_096816,img_20260317_231808_096816.jpg,0.2,0.0
20260317_231808_133893,img_20260317_231808_133893.jpg,0.2,0.0
20260317_231808_194810,img_20260317_231808_194810.jpg,0.2,0.0
20260317_231808_235201,img_20260317_231808_235201.jpg,0.2,0.0
20260317_231808_285671,img_20260317_231808_285671.jpg,0.2,0.0
20260317_231808_336720,img_20260317_231808_336720.jpg,0.2,0.0
20260317_231808_399101,img_20260317_231808_399101.jpg,0.2,0.0
20260317_231808_439168,img_20260317_231808_439168.jpg,0.2,0.0
20260317_231808_500393,img_20260317_231808_500393.jpg,0.2,0.0
20260317_231808_542647,img_20260317_231808_542647.jpg,0.2,0.0
20260317_231808_592490,img_20260317_231808_592490.jpg,0.2,0.0
20260317_231808_642889,img_20260317_231808_642889.jpg,0.2,0.0
20260317_231808_701413,img_20260317_231808_701413.jpg,0.2,0.0
20260317_231808_745359,img_20260317_231808_745359.jpg,0.2,0.0
20260317_231808_798762,img_20260317_231808_798762.jpg,0.2,0.0
20260317_231808_848698,img_20260317_231808_848698.jpg,0.2,0.0
20260317_231808_902563,img_20260317_231808_902563.jpg,0.2,0.0
20260317_231808_954048,img_20260317_231808_954048.jpg,0.2,0.0
20260317_231809_011463,img_20260317_231809_011463.jpg,0.2,0.0
20260317_231809_059950,img_20260317_231809_059950.jpg,0.2,0.0
20260317_231809_102710,img_20260317_231809_102710.jpg,0.2,0.0
20260317_231809_164371,img_20260317_231809_164371.jpg,0.2,0.0
20260317_231809_204640,img_20260317_231809_204640.jpg,0.2,0.0
20260317_231809_253121,img_20260317_231809_253121.jpg,0.2,0.0
20260317_231809_305973,img_20260317_231809_305973.jpg,0.2,0.0
20260317_231809_357235,img_20260317_231809_357235.jpg,0.2,0.0
20260317_231809_418379,img_20260317_231809_418379.jpg,0.2,0.0
20260317_231809_459665,img_20260317_231809_459665.jpg,0.2,0.0
20260317_231809_513230,img_20260317_231809_513230.jpg,0.2,0.0
20260317_231809_564919,img_20260317_231809_564919.jpg,0.2,0.0
20260317_231809_623365,img_20260317_231809_623365.jpg,0.2,0.0
20260317_231809_662993,img_20260317_231809_662993.jpg,0.2,0.0
20260317_231809_726151,img_20260317_231809_726151.jpg,0.2,0.0
20260317_231809_765652,img_20260317_231809_765652.jpg,0.2,0.0
20260317_231809_826958,img_20260317_231809_826958.jpg,0.2,0.0
20260317_231809_867484,img_20260317_231809_867484.jpg,0.2,0.0
20260317_231809_917505,img_20260317_231809_917505.jpg,0.2,0.0
20260317_231809_980773,img_20260317_231809_980773.jpg,0.2,0.0
20260317_231810_020928,img_20260317_231810_020928.jpg,0.2,0.0
20260317_231810_070008,img_20260317_231810_070008.jpg,0.2,0.0
20260317_231810_120851,img_20260317_231810_120851.jpg,0.2,0.0
20260317_231810_171680,img_20260317_231810_171680.jpg,0.2,0.0
20260317_231810_223632,img_20260317_231810_223632.jpg,0.2,0.0
20260317_231810_285009,img_20260317_231810_285009.jpg,0.2,0.0
20260317_231810_324041,img_20260317_231810_324041.jpg,0.2,0.0
20260317_231810_375287,img_20260317_231810_375287.jpg,0.2,0.0
20260317_231810_426330,img_20260317_231810_426330.jpg,0.2,0.0
20260317_231810_477897,img_20260317_231810_477897.jpg,0.2,0.0
20260317_231810_527514,img_20260317_231810_527514.jpg,0.2,0.0
20260317_231810_577905,img_20260317_231810_577905.jpg,0.2,0.0
20260317_231810_639702,img_20260317_231810_639702.jpg,0.2,0.0
20260317_231810_691898,img_20260317_231810_691898.jpg,0.2,0.0
20260317_231810_731431,img_20260317_231810_731431.jpg,0.2,0.0
20260317_231810_781856,img_20260317_231810_781856.jpg,0.2,0.0
20260317_231810_833705,img_20260317_231810_833705.jpg,0.2,0.0
20260317_231810_884257,img_20260317_231810_884257.jpg,0.2,0.0
20260317_231810_936103,img_20260317_231810_936103.jpg,0.2,0.0
20260317_231810_985710,img_20260317_231810_985710.jpg,0.2,0.0
20260317_231811_037372,img_20260317_231811_037372.jpg,0.2,0.0
20260317_231811_086177,img_20260317_231811_086177.jpg,0.2,0.0
20260317_231811_138750,img_20260317_231811_138750.jpg,0.2,0.0
20260317_231811_189177,img_20260317_231811_189177.jpg,0.2,0.0
20260317_231811_251373,img_20260317_231811_251373.jpg,0.2,0.0
20260317_231811_301536,img_20260317_231811_301536.jpg,0.2,0.0
20260317_231811_342083,img_20260317_231811_342083.jpg,0.2,0.0
20260317_231811_403959,img_20260317_231811_403959.jpg,0.2,0.0
20260317_231811_446704,img_20260317_231811_446704.jpg,0.2,0.0
20260317_231811_498821,img_20260317_231811_498821.jpg,0.2,0.0
20260317_231811_557831,img_20260317_231811_557831.jpg,0.2,0.0
20260317_231811_598274,img_20260317_231811_598274.jpg,0.2,0.0
20260317_231811_658853,img_20260317_231811_658853.jpg,0.2,0.0
20260317_231811_699527,img_20260317_231811_699527.jpg,0.2,0.0
20260317_231811_760936,img_20260317_231811_760936.jpg,0.2,0.0
20260317_231811_802958,img_20260317_231811_802958.jpg,0.2,0.0
20260317_231811_860355,img_20260317_231811_860355.jpg,0.2,0.0
20260317_231811_901936,img_20260317_231811_901936.jpg,0.2,0.0
20260317_231811_953374,img_20260317_231811_953374.jpg,0.2,0.0
20260317_231812_003521,img_20260317_231812_003521.jpg,0.2,0.0
20260317_231812_055603,img_20260317_231812_055603.jpg,0.2,0.0
20260317_231812_105276,img_20260317_231812_105276.jpg,0.2,0.0
20260317_231812_155883,img_20260317_231812_155883.jpg,0.2,0.0
20260317_231812_205230,img_20260317_231812_205230.jpg,0.2,0.0
20260317_231812_257931,img_20260317_231812_257931.jpg,0.2,0.0
20260317_231812_308172,img_20260317_231812_308172.jpg,0.2,0.0
20260317_231812_360675,img_20260317_231812_360675.jpg,0.2,0.0
20260317_231812_409427,img_20260317_231812_409427.jpg,0.2,0.0
20260317_231812_470105,img_20260317_231812_470105.jpg,0.2,0.0
20260317_231812_512221,img_20260317_231812_512221.jpg,0.2,0.0
20260317_231812_563129,img_20260317_231812_563129.jpg,0.2,0.0
20260317_231812_613063,img_20260317_231812_613063.jpg,0.2,0.0
20260317_231812_665507,img_20260317_231812_665507.jpg,0.2,0.0
20260317_231812_713689,img_20260317_231812_713689.jpg,0.2,0.0
20260317_231812_764874,img_20260317_231812_764874.jpg,0.2,0.0
20260317_231812_814984,img_20260317_231812_814984.jpg,0.2,0.0
20260317_231812_867965,img_20260317_231812_867965.jpg,0.2,0.0
20260317_231812_926466,img_20260317_231812_926466.jpg,0.2,0.0
20260317_231812_977889,img_20260317_231812_977889.jpg,0.2,0.0
20260317_231813_018058,img_20260317_231813_018058.jpg,0.2,0.0
20260317_231813_080141,img_20260317_231813_080141.jpg,0.2,0.0
20260317_231813_132584,img_20260317_231813_132584.jpg,0.2,0.0
20260317_231813_182233,img_20260317_231813_182233.jpg,0.2,0.0
20260317_231813_220859,img_20260317_231813_220859.jpg,0.2,0.0
20260317_231813_271504,img_20260317_231813_271504.jpg,0.2,0.0
20260317_231813_321771,img_20260317_231813_321771.jpg,0.2,0.0
20260317_231813_374822,img_20260317_231813_374822.jpg,0.2,0.0
20260317_231813_432805,img_20260317_231813_432805.jpg,0.2,0.0
20260317_231813_478395,img_20260317_231813_478395.jpg,0.2,0.0
20260317_231813_536057,img_20260317_231813_536057.jpg,0.2,0.0
20260317_231813_576953,img_20260317_231813_576953.jpg,0.2,0.0
20260317_231813_640750,img_20260317_231813_640750.jpg,0.2,0.0
20260317_231813_689916,img_20260317_231813_689916.jpg,0.2,0.0
20260317_231813_741084,img_20260317_231813_741084.jpg,0.2,0.0
20260317_231813_781327,img_20260317_231813_781327.jpg,0.2,0.0
20260317_231813_843394,img_20260317_231813_843394.jpg,0.2,0.0
20260317_231813_883316,img_20260317_231813_883316.jpg,0.2,0.0
20260317_231813_934449,img_20260317_231813_934449.jpg,0.2,0.0
20260317_231813_984959,img_20260317_231813_984959.jpg,0.2,0.0
20260317_231814_036689,img_20260317_231814_036689.jpg,0.2,0.0
20260317_231814_086759,img_20260317_231814_086759.jpg,0.2,0.0
20260317_231814_149370,img_20260317_231814_149370.jpg,0.2,0.0
20260317_231814_189053,img_20260317_231814_189053.jpg,0.2,0.0
20260317_231814_242090,img_20260317_231814_242090.jpg,0.2,0.0
20260317_231814_292165,img_20260317_231814_292165.jpg,0.2,0.0
20260317_231814_342328,img_20260317_231814_342328.jpg,0.2,0.0
20260317_231814_403239,img_20260317_231814_403239.jpg,0.2,0.0
20260317_231814_444881,img_20260317_231814_444881.jpg,0.2,0.0
20260317_231814_496684,img_20260317_231814_496684.jpg,0.2,0.0
20260317_231814_544630,img_20260317_231814_544630.jpg,0.2,0.0
20260317_231814_597517,img_20260317_231814_597517.jpg,0.2,0.0
20260317_231814_660670,img_20260317_231814_660670.jpg,0.2,0.0
20260317_231814_702680,img_20260317_231814_702680.jpg,0.2,0.0
20260317_231814_751215,img_20260317_231814_751215.jpg,0.2,0.0
20260317_231814_801584,img_20260317_231814_801584.jpg,0.2,0.0
20260317_231814_854248,img_20260317_231814_854248.jpg,0.2,0.0
20260317_231814_905184,img_20260317_231814_905184.jpg,0.2,0.0
20260317_231814_965925,img_20260317_231814_965925.jpg,0.2,0.0
20260317_231815_018731,img_20260317_231815_018731.jpg,0.2,0.0
20260317_231815_059381,img_20260317_231815_059381.jpg,0.2,0.0
20260317_231815_110709,img_20260317_231815_110709.jpg,0.2,0.0
20260317_231815_159387,img_20260317_231815_159387.jpg,0.2,0.0
20260317_231815_221680,img_20260317_231815_221680.jpg,0.2,0.0
20260317_231815_263088,img_20260317_231815_263088.jpg,0.2,0.0
20260317_231815_323984,img_20260317_231815_323984.jpg,0.2,0.0
20260317_231815_362450,img_20260317_231815_362450.jpg,0.2,0.0
20260317_231815_425447,img_20260317_231815_425447.jpg,0.2,0.0
20260317_231815_476054,img_20260317_231815_476054.jpg,0.2,0.0
20260317_231815_516657,img_20260317_231815_516657.jpg,0.2,0.0
20260317_231815_567124,img_20260317_231815_567124.jpg,0.2,0.0
20260317_231815_629542,img_20260317_231815_629542.jpg,0.2,0.0
20260317_231815_670826,img_20260317_231815_670826.jpg,0.2,0.0
20260317_231815_721291,img_20260317_231815_721291.jpg,0.2,0.0
20260317_231815_770537,img_20260317_231815_770537.jpg,0.2,0.0
20260317_231815_822135,img_20260317_231815_822135.jpg,0.2,0.0
20260317_231815_871456,img_20260317_231815_871456.jpg,0.2,0.0
20260317_231815_926751,img_20260317_231815_926751.jpg,0.2,0.0
20260317_231815_974900,img_20260317_231815_974900.jpg,0.2,0.0
20260317_231816_026764,img_20260317_231816_026764.jpg,0.2,0.0
20260317_231816_077881,img_20260317_231816_077881.jpg,0.2,0.0
20260317_231816_129762,img_20260317_231816_129762.jpg,0.2,0.0
20260317_231816_180541,img_20260317_231816_180541.jpg,0.2,0.0
20260317_231816_228760,img_20260317_231816_228760.jpg,0.2,0.0
20260317_231816_290763,img_20260317_231816_290763.jpg,0.2,0.0
20260317_231816_343256,img_20260317_231816_343256.jpg,0.2,0.0
20260317_231816_385015,img_20260317_231816_385015.jpg,0.2,0.0
20260317_231816_433846,img_20260317_231816_433846.jpg,0.2,0.0
20260317_231816_485392,img_20260317_231816_485392.jpg,0.2,0.0
20260317_231816_537366,img_20260317_231816_537366.jpg,0.2,0.0
20260317_231816_598656,img_20260317_231816_598656.jpg,0.2,0.0
20260317_231816_636951,img_20260317_231816_636951.jpg,0.2,0.0
20260317_231816_698853,img_20260317_231816_698853.jpg,0.2,0.0
20260317_231816_751383,img_20260317_231816_751383.jpg,0.2,0.0
20260317_231816_790698,img_20260317_231816_790698.jpg,0.2,0.0
20260317_231816_840818,img_20260317_231816_840818.jpg,0.2,0.0
20260317_231816_892035,img_20260317_231816_892035.jpg,0.2,0.0
20260317_231816_942492,img_20260317_231816_942492.jpg,0.2,0.0
20260317_231816_994306,img_20260317_231816_994306.jpg,0.2,0.0
20260317_231817_053564,img_20260317_231817_053564.jpg,0.2,0.0
20260317_231817_095390,img_20260317_231817_095390.jpg,0.2,0.0
20260317_231817_146175,img_20260317_231817_146175.jpg,0.2,0.0
20260317_231817_197727,img_20260317_231817_197727.jpg,0.2,0.0
20260317_231817_258905,img_20260317_231817_258905.jpg,0.2,0.0
20260317_231817_300252,img_20260317_231817_300252.jpg,0.2,0.0
20260317_231817_362464,img_20260317_231817_362464.jpg,0.2,0.0
20260317_231817_401197,img_20260317_231817_401197.jpg,0.2,0.0
20260317_231817_454953,img_20260317_231817_454953.jpg,0.2,0.0
20260317_231817_503703,img_20260317_231817_503703.jpg,0.2,0.0
20260317_231817_556776,img_20260317_231817_556776.jpg,0.2,0.0
20260317_231817_608394,img_20260317_231817_608394.jpg,0.2,0.0
20260317_231817_657049,img_20260317_231817_657049.jpg,0.2,0.0
20260317_231817_707250,img_20260317_231817_707250.jpg,0.2,0.0
20260317_231817_770915,img_20260317_231817_770915.jpg,0.2,0.0
20260317_231817_813529,img_20260317_231817_813529.jpg,0.2,0.0
20260317_231817_858983,img_20260317_231817_858983.jpg,0.2,0.0
20260317_231817_911827,img_20260317_231817_911827.jpg,0.2,0.0
20260317_231817_962179,img_20260317_231817_962179.jpg,0.2,0.0
20260317_231818_014752,img_20260317_231818_014752.jpg,0.2,0.0
20260317_231818_063955,img_20260317_231818_063955.jpg,0.2,0.0
20260317_231818_115972,img_20260317_231818_115972.jpg,0.2,0.0
20260317_231818_167272,img_20260317_231818_167272.jpg,0.2,0.0
20260317_231818_228488,img_20260317_231818_228488.jpg,0.2,0.0
20260317_231818_277318,img_20260317_231818_277318.jpg,0.2,0.0
20260317_231818_317256,img_20260317_231818_317256.jpg,0.2,0.0
20260317_231818_371035,img_20260317_231818_371035.jpg,0.2,0.0
20260317_231818_419106,img_20260317_231818_419106.jpg,0.2,0.0
20260317_231818_472229,img_20260317_231818_472229.jpg,0.2,0.0
20260317_231818_532628,img_20260317_231818_532628.jpg,0.2,0.0
20260317_231818_572247,img_20260317_231818_572247.jpg,0.2,0.0
20260317_231818_635052,img_20260317_231818_635052.jpg,0.2,0.0
20260317_231818_685440,img_20260317_231818_685440.jpg,0.2,0.0
20260317_231818_727166,img_20260317_231818_727166.jpg,0.2,0.0
20260317_231818_776528,img_20260317_231818_776528.jpg,0.2,0.0
20260317_231818_840294,img_20260317_231818_840294.jpg,0.2,0.0
20260317_231818_879146,img_20260317_231818_879146.jpg,0.2,0.0
20260317_231818_931735,img_20260317_231818_931735.jpg,0.2,0.0
20260317_231818_981255,img_20260317_231818_981255.jpg,0.2,0.0
20260317_231819_033524,img_20260317_231819_033524.jpg,0.2,0.0
20260317_231819_081687,img_20260317_231819_081687.jpg,0.2,0.0
20260317_231819_134396,img_20260317_231819_134396.jpg,0.2,0.0
20260317_231819_184403,img_20260317_231819_184403.jpg,0.2,0.0
20260317_231819_248365,img_20260317_231819_248365.jpg,0.2,0.0
20260317_231819_294532,img_20260317_231819_294532.jpg,0.2,0.0
20260317_231819_347608,img_20260317_231819_347608.jpg,0.2,0.0
20260317_231819_387272,img_20260317_231819_387272.jpg,0.2,0.0
20260317_231819_449532,img_20260317_231819_449532.jpg,0.2,0.0
20260317_231819_489615,img_20260317_231819_489615.jpg,0.2,0.0
20260317_231819_551753,img_20260317_231819_551753.jpg,0.2,0.0
20260317_231819_601582,img_20260317_231819_601582.jpg,0.2,0.0
20260317_231819_642710,img_20260317_231819_642710.jpg,0.2,0.0
20260317_231819_692063,img_20260317_231819_692063.jpg,0.2,0.0
20260317_231819_744978,img_20260317_231819_744978.jpg,0.2,0.0
20260317_231819_797666,img_20260317_231819_797666.jpg,0.2,0.0
20260317_231819_847853,img_20260317_231819_847853.jpg,0.2,0.0
20260317_231819_898589,img_20260317_231819_898589.jpg,0.2,0.0
20260317_231819_948735,img_20260317_231819_948735.jpg,0.2,0.0
20260317_231820_000439,img_20260317_231820_000439.jpg,0.2,0.0
20260317_231820_049932,img_20260317_231820_049932.jpg,0.2,0.0
20260317_231820_101188,img_20260317_231820_101188.jpg,0.2,0.0
20260317_231820_150204,img_20260317_231820_150204.jpg,0.2,0.0
20260317_231820_202526,img_20260317_231820_202526.jpg,0.2,0.0
20260317_231820_263340,img_20260317_231820_263340.jpg,0.2,0.0
20260317_231820_315000,img_20260317_231820_315000.jpg,0.2,0.0
20260317_231820_353748,img_20260317_231820_353748.jpg,0.2,0.0
20260317_231820_404860,img_20260317_231820_404860.jpg,0.2,0.0
20260317_231820_455101,img_20260317_231820_455101.jpg,0.2,0.0
20260317_231820_508028,img_20260317_231820_508028.jpg,0.2,0.0
20260317_231820_558421,img_20260317_231820_558421.jpg,0.2,0.0
20260317_231820_607059,img_20260317_231820_607059.jpg,0.2,0.0
20260317_231820_670603,img_20260317_231820_670603.jpg,0.2,0.0
20260317_231820_720184,img_20260317_231820_720184.jpg,0.2,0.0
20260317_231820_763130,img_20260317_231820_763130.jpg,0.2,0.0
20260317_231820_822290,img_20260317_231820_822290.jpg,0.2,0.0
20260317_231820_862584,img_20260317_231820_862584.jpg,0.2,0.0
20260317_231820_915791,img_20260317_231820_915791.jpg,0.2,0.0
20260317_231820_966208,img_20260317_231820_966208.jpg,0.2,0.0
20260317_231821_018250,img_20260317_231821_018250.jpg,0.2,0.0
20260317_231821_067435,img_20260317_231821_067435.jpg,0.2,0.0
20260317_231821_119191,img_20260317_231821_119191.jpg,0.2,0.0
20260317_231821_169630,img_20260317_231821_169630.jpg,0.2,0.0
20260317_231821_232746,img_20260317_231821_232746.jpg,0.2,0.0
20260317_231821_284217,img_20260317_231821_284217.jpg,0.2,0.0
20260317_231821_325225,img_20260317_231821_325225.jpg,0.2,0.0
20260317_231821_385513,img_20260317_231821_385513.jpg,0.2,0.0
20260317_231821_426761,img_20260317_231821_426761.jpg,0.2,0.0
20260317_231821_477543,img_20260317_231821_477543.jpg,0.2,0.0
20260317_231821_525896,img_20260317_231821_525896.jpg,0.2,0.0
20260317_231821_579069,img_20260317_231821_579069.jpg,0.2,0.0
20260317_231821_639162,img_20260317_231821_639162.jpg,0.2,0.0
20260317_231821_677755,img_20260317_231821_677755.jpg,0.2,0.0
20260317_231821_739692,img_20260317_231821_739692.jpg,0.2,0.0
20260317_231821_781164,img_20260317_231821_781164.jpg,0.2,0.0
20260317_231821_829381,img_20260317_231821_829381.jpg,0.2,0.0
20260317_231821_880348,img_20260317_231821_880348.jpg,0.2,0.0
20260317_231821_931750,img_20260317_231821_931750.jpg,0.2,0.0
20260317_231821_984966,img_20260317_231821_984966.jpg,0.2,0.0
20260317_231822_043976,img_20260317_231822_043976.jpg,0.2,0.0
20260317_231822_094690,img_20260317_231822_094690.jpg,0.2,0.0
20260317_231822_134273,img_20260317_231822_134273.jpg,0.2,0.0
20260317_231822_184499,img_20260317_231822_184499.jpg,0.2,0.0
20260317_231822_235654,img_20260317_231822_235654.jpg,0.2,0.0
20260317_231822_298315,img_20260317_231822_298315.jpg,0.2,0.0
20260317_231822_348122,img_20260317_231822_348122.jpg,0.2,0.0
20260317_231822_398608,img_20260317_231822_398608.jpg,0.2,0.0
20260317_231822_440041,img_20260317_231822_440041.jpg,0.2,0.0
20260317_231822_490668,img_20260317_231822_490668.jpg,0.2,0.0
20260317_231822_541227,img_20260317_231822_541227.jpg,0.2,0.0
20260317_231822_594475,img_20260317_231822_594475.jpg,0.2,0.0
20260317_231822_653654,img_20260317_231822_653654.jpg,0.2,0.0
20260317_231822_696671,img_20260317_231822_696671.jpg,0.2,0.0
20260317_231822_744892,img_20260317_231822_744892.jpg,0.2,0.0
20260317_231822_795039,img_20260317_231822_795039.jpg,0.2,0.0
20260317_231822_847325,img_20260317_231822_847325.jpg,0.2,0.0
20260317_231822_900435,img_20260317_231822_900435.jpg,0.2,0.0
20260317_231822_962565,img_20260317_231822_962565.jpg,0.2,0.0
20260317_231823_014182,img_20260317_231823_014182.jpg,0.2,0.0
20260317_231823_053429,img_20260317_231823_053429.jpg,0.2,0.0
20260317_231823_114789,img_20260317_231823_114789.jpg,0.2,0.0
20260317_231823_155027,img_20260317_231823_155027.jpg,0.2,0.0
20260317_231823_205461,img_20260317_231823_205461.jpg,0.2,0.0
20260317_231823_265636,img_20260317_231823_265636.jpg,0.2,0.0
20260317_231823_307698,img_20260317_231823_307698.jpg,0.2,0.0
20260317_231823_355492,img_20260317_231823_355492.jpg,0.2,0.0
20260317_231823_417264,img_20260317_231823_417264.jpg,0.2,0.0
20260317_231823_458987,img_20260317_231823_458987.jpg,0.2,0.0
20260317_231823_511493,img_20260317_231823_511493.jpg,0.2,0.0
20260317_231823_571980,img_20260317_231823_571980.jpg,0.2,0.0
20260317_231823_622576,img_20260317_231823_622576.jpg,0.2,0.0
20260317_231823_672364,img_20260317_231823_672364.jpg,0.2,0.0
20260317_231823_713743,img_20260317_231823_713743.jpg,0.2,0.0
20260317_231823_764325,img_20260317_231823_764325.jpg,0.2,0.0
20260317_231823_815714,img_20260317_231823_815714.jpg,0.2,0.0
20260317_231823_877826,img_20260317_231823_877826.jpg,0.2,0.0
20260317_231823_929710,img_20260317_231823_929710.jpg,0.2,0.0
20260317_231823_981543,img_20260317_231823_981543.jpg,0.2,0.0
20260317_231824_031544,img_20260317_231824_031544.jpg,0.2,0.0
20260317_231824_088620,img_20260317_231824_088620.jpg,0.2,0.0
20260317_231824_120846,img_20260317_231824_120846.jpg,0.2,0.0
20260317_231824_172183,img_20260317_231824_172183.jpg,0.2,0.0
20260317_231824_224813,img_20260317_231824_224813.jpg,0.2,0.0
20260317_231824_284631,img_20260317_231824_284631.jpg,0.2,0.0
20260317_231824_325065,img_20260317_231824_325065.jpg,0.2,0.0
20260317_231824_376393,img_20260317_231824_376393.jpg,0.2,0.0
20260317_231824_436060,img_20260317_231824_436060.jpg,0.2,0.0
20260317_231824_477264,img_20260317_231824_477264.jpg,0.2,0.0
20260317_231824_537262,img_20260317_231824_537262.jpg,0.2,0.0
20260317_231824_577720,img_20260317_231824_577720.jpg,0.2,0.0
20260317_231824_631429,img_20260317_231824_631429.jpg,0.2,0.0
20260317_231824_680801,img_20260317_231824_680801.jpg,0.2,0.0
20260317_231824_730493,img_20260317_231824_730493.jpg,0.2,0.0
20260317_231824_791240,img_20260317_231824_791240.jpg,0.2,0.0
20260317_231824_830853,img_20260317_231824_830853.jpg,0.2,0.0
20260317_231824_884782,img_20260317_231824_884782.jpg,0.2,0.0
20260317_231824_934846,img_20260317_231824_934846.jpg,0.2,0.0
20260317_231824_986303,img_20260317_231824_986303.jpg,0.2,0.0
20260317_231825_035301,img_20260317_231825_035301.jpg,0.2,0.0
20260317_231825_087913,img_20260317_231825_087913.jpg,0.2,0.0
20260317_231825_138522,img_20260317_231825_138522.jpg,0.2,0.0
20260317_231825_198746,img_20260317_231825_198746.jpg,0.2,0.0
20260317_231825_251038,img_20260317_231825_251038.jpg,0.2,0.0
20260317_231825_289415,img_20260317_231825_289415.jpg,0.2,0.0
20260317_231825_351371,img_20260317_231825_351371.jpg,0.2,0.0
20260317_231825_393020,img_20260317_231825_393020.jpg,0.2,0.0
20260317_231825_441037,img_20260317_231825_441037.jpg,0.2,0.0
20260317_231825_493686,img_20260317_231825_493686.jpg,0.2,0.0
20260317_231825_543995,img_20260317_231825_543995.jpg,0.2,0.0
20260317_231825_607502,img_20260317_231825_607502.jpg,0.2,0.0
20260317_231825_659086,img_20260317_231825_659086.jpg,0.2,0.0
20260317_231825_698268,img_20260317_231825_698268.jpg,0.2,0.0
20260317_231825_747072,img_20260317_231825_747072.jpg,0.2,0.0
20260317_231825_798039,img_20260317_231825_798039.jpg,0.2,0.0
20260317_231825_861700,img_20260317_231825_861700.jpg,0.2,0.0
20260317_231825_900563,img_20260317_231825_900563.jpg,0.2,0.0
20260317_231825_950021,img_20260317_231825_950021.jpg,0.2,0.0
20260317_231826_001880,img_20260317_231826_001880.jpg,0.2,0.0
20260317_231826_051489,img_20260317_231826_051489.jpg,0.2,0.0
20260317_231826_102788,img_20260317_231826_102788.jpg,0.2,0.0
20260317_231826_153368,img_20260317_231826_153368.jpg,0.2,0.0
20260317_231826_204399,img_20260317_231826_204399.jpg,0.2,0.0
20260317_231826_265031,img_20260317_231826_265031.jpg,0.2,0.0
20260317_231826_316772,img_20260317_231826_316772.jpg,0.2,0.0
20260317_231826_358221,img_20260317_231826_358221.jpg,0.2,0.0
20260317_231826_409293,img_20260317_231826_409293.jpg,0.2,0.0
20260317_231826_467425,img_20260317_231826_467425.jpg,0.2,0.0
20260317_231826_518795,img_20260317_231826_518795.jpg,0.2,0.0
20260317_231826_561215,img_20260317_231826_561215.jpg,0.2,0.0
20260317_231826_611285,img_20260317_231826_611285.jpg,0.2,0.0
20260317_231826_663199,img_20260317_231826_663199.jpg,0.2,0.0
20260317_231826_721210,img_20260317_231826_721210.jpg,0.2,0.0
20260317_231826_773394,img_20260317_231826_773394.jpg,0.2,0.0
20260317_231826_826304,img_20260317_231826_826304.jpg,0.2,0.0
20260317_231826_873406,img_20260317_231826_873406.jpg,0.2,0.0
20260317_231826_926877,img_20260317_231826_926877.jpg,0.2,0.0
20260317_231826_977474,img_20260317_231826_977474.jpg,0.2,0.0
20260317_231827_017241,img_20260317_231827_017241.jpg,0.2,0.0
20260317_231827_079373,img_20260317_231827_079373.jpg,0.2,0.0
20260317_231827_131398,img_20260317_231827_131398.jpg,0.2,0.0
20260317_231827_169697,img_20260317_231827_169697.jpg,0.2,0.0
20260317_231827_219865,img_20260317_231827_219865.jpg,0.2,0.0
20260317_231827_281811,img_20260317_231827_281811.jpg,0.2,0.0
20260317_231827_322959,img_20260317_231827_322959.jpg,0.2,0.0
20260317_231827_383662,img_20260317_231827_383662.jpg,0.2,0.0
20260317_231827_424913,img_20260317_231827_424913.jpg,0.2,0.0
20260317_231827_474038,img_20260317_231827_474038.jpg,0.2,0.0
20260317_231827_536861,img_20260317_231827_536861.jpg,0.2,0.0
20260317_231827_577474,img_20260317_231827_577474.jpg,0.2,0.0
20260317_231827_626403,img_20260317_231827_626403.jpg,0.2,0.0
20260317_231827_691354,img_20260317_231827_691354.jpg,0.2,0.0
20260317_231827_728111,img_20260317_231827_728111.jpg,0.2,0.0
20260317_231827_779918,img_20260317_231827_779918.jpg,0.2,0.0
20260317_231827_842394,img_20260317_231827_842394.jpg,0.2,0.0
20260317_231827_881381,img_20260317_231827_881381.jpg,0.2,0.0
20260317_231827_931684,img_20260317_231827_931684.jpg,0.2,0.0
20260317_231827_983888,img_20260317_231827_983888.jpg,0.2,0.0
20260317_231828_035948,img_20260317_231828_035948.jpg,0.2,0.0
20260317_231828_087149,img_20260317_231828_087149.jpg,0.2,0.0
20260317_231828_137317,img_20260317_231828_137317.jpg,0.2,0.0
20260317_231828_198995,img_20260317_231828_198995.jpg,0.2,0.0
20260317_231828_238868,img_20260317_231828_238868.jpg,0.2,0.0
20260317_231828_291544,img_20260317_231828_291544.jpg,0.2,0.0
20260317_231828_339069,img_20260317_231828_339069.jpg,0.2,0.0
20260317_231828_390587,img_20260317_231828_390587.jpg,0.2,0.0
20260317_231828_453474,img_20260317_231828_453474.jpg,0.2,0.0
20260317_231828_493894,img_20260317_231828_493894.jpg,0.2,0.0
20260317_231828_554199,img_20260317_231828_554199.jpg,0.2,0.0
20260317_231828_593461,img_20260317_231828_593461.jpg,0.2,0.0
20260317_231828_644840,img_20260317_231828_644840.jpg,0.2,0.0
20260317_231828_705432,img_20260317_231828_705432.jpg,0.2,0.0
20260317_231828_749813,img_20260317_231828_749813.jpg,0.2,0.0
20260317_231828_809173,img_20260317_231828_809173.jpg,0.2,0.0
20260317_231828_858757,img_20260317_231828_858757.jpg,0.2,0.0
20260317_231828_901153,img_20260317_231828_901153.jpg,0.2,0.0
20260317_231828_950205,img_20260317_231828_950205.jpg,0.2,0.0
20260317_231829_012100,img_20260317_231829_012100.jpg,0.2,0.0
20260317_231829_054990,img_20260317_231829_054990.jpg,0.2,0.0
20260317_231829_105899,img_20260317_231829_105899.jpg,0.2,0.0
20260317_231829_154353,img_20260317_231829_154353.jpg,0.2,0.0
20260317_231829_217514,img_20260317_231829_217514.jpg,0.2,0.0
20260317_231829_267817,img_20260317_231829_267817.jpg,0.2,0.0
20260317_231829_319308,img_20260317_231829_319308.jpg,0.2,0.0
20260317_231829_359696,img_20260317_231829_359696.jpg,0.2,0.0
20260317_231829_410221,img_20260317_231829_410221.jpg,0.2,0.0
20260317_231829_460125,img_20260317_231829_460125.jpg,0.2,0.0
20260317_231829_525678,img_20260317_231829_525678.jpg,0.2,0.0
20260317_231829_562980,img_20260317_231829_562980.jpg,0.2,0.0
20260317_231829_613640,img_20260317_231829_613640.jpg,0.2,0.0
20260317_231829_677285,img_20260317_231829_677285.jpg,0.2,0.0
20260317_231829_726012,img_20260317_231829_726012.jpg,0.2,0.0
20260317_231829_767549,img_20260317_231829_767549.jpg,0.2,0.0
20260317_231829_821781,img_20260317_231829_821781.jpg,0.2,0.0
20260317_231829_880944,img_20260317_231829_880944.jpg,0.2,0.0
20260317_231829_918412,img_20260317_231829_918412.jpg,0.2,0.0
20260317_231829_981861,img_20260317_231829_981861.jpg,0.2,0.0
20260317_231830_031003,img_20260317_231830_031003.jpg,0.2,0.0
20260317_231830_071716,img_20260317_231830_071716.jpg,0.2,0.0
20260317_231830_129732,img_20260317_231830_129732.jpg,0.2,0.0
20260317_231830_181647,img_20260317_231830_181647.jpg,0.2,0.0
20260317_231830_234269,img_20260317_231830_234269.jpg,0.2,0.0
20260317_231830_272518,img_20260317_231830_272518.jpg,0.2,0.0
20260317_231830_333451,img_20260317_231830_333451.jpg,0.2,0.0
20260317_231830_384873,img_20260317_231830_384873.jpg,0.2,0.0
20260317_231830_435878,img_20260317_231830_435878.jpg,0.2,0.0
20260317_231830_486896,img_20260317_231830_486896.jpg,0.2,0.0
20260317_231830_527101,img_20260317_231830_527101.jpg,0.2,0.0
20260317_231830_576562,img_20260317_231830_576562.jpg,0.2,0.0
20260317_231830_626862,img_20260317_231830_626862.jpg,0.2,0.0
20260317_231830_680091,img_20260317_231830_680091.jpg,0.2,0.0
20260317_231830_740499,img_20260317_231830_740499.jpg,0.2,0.0
20260317_231830_793316,img_20260317_231830_793316.jpg,0.2,0.0
20260317_231830_833863,img_20260317_231830_833863.jpg,0.2,0.0
20260317_231830_883830,img_20260317_231830_883830.jpg,0.2,0.0
20260317_231830_935357,img_20260317_231830_935357.jpg,0.2,0.0
20260317_231830_987264,img_20260317_231830_987264.jpg,0.2,0.0
20260317_231831_048012,img_20260317_231831_048012.jpg,0.2,0.0
20260317_231831_099240,img_20260317_231831_099240.jpg,0.2,0.0
20260317_231831_150601,img_20260317_231831_150601.jpg,0.2,0.0
20260317_231831_189895,img_20260317_231831_189895.jpg,0.2,0.0
20260317_231831_252151,img_20260317_231831_252151.jpg,0.2,0.0
20260317_231831_300835,img_20260317_231831_300835.jpg,0.2,0.0
20260317_231831_343861,img_20260317_231831_343861.jpg,0.2,0.0
20260317_231831_406059,img_20260317_231831_406059.jpg,0.2,0.0
20260317_231831_444693,img_20260317_231831_444693.jpg,0.2,0.0
20260317_231831_506516,img_20260317_231831_506516.jpg,0.2,0.0
20260317_231831_547842,img_20260317_231831_547842.jpg,0.2,0.0
20260317_231831_597377,img_20260317_231831_597377.jpg,0.2,0.0
20260317_231831_647243,img_20260317_231831_647243.jpg,0.2,0.0
20260317_231831_698056,img_20260317_231831_698056.jpg,0.2,0.0
20260317_231831_760157,img_20260317_231831_760157.jpg,0.2,0.0
20260317_231831_802155,img_20260317_231831_802155.jpg,0.2,0.0
20260317_231831_860785,img_20260317_231831_860785.jpg,0.2,0.0
20260317_231831_902650,img_20260317_231831_902650.jpg,0.2,0.0
20260317_231831_964126,img_20260317_231831_964126.jpg,0.2,0.0
20260317_231832_015870,img_20260317_231832_015870.jpg,0.2,0.0
20260317_231832_066661,img_20260317_231832_066661.jpg,0.2,0.0
20260317_231832_115902,img_20260317_231832_115902.jpg,0.2,0.0
20260317_231832_158957,img_20260317_231832_158957.jpg,0.2,0.0
20260317_231832_208095,img_20260317_231832_208095.jpg,0.2,0.0
20260317_231832_258100,img_20260317_231832_258100.jpg,0.2,0.0
20260317_231832_310694,img_20260317_231832_310694.jpg,0.2,0.0
20260317_231832_361123,img_20260317_231832_361123.jpg,0.2,0.0
20260317_231832_412766,img_20260317_231832_412766.jpg,0.2,0.0
20260317_231832_463508,img_20260317_231832_463508.jpg,0.2,0.0
20260317_231832_525122,img_20260317_231832_525122.jpg,0.2,0.0
20260317_231832_566074,img_20260317_231832_566074.jpg,0.2,0.0
20260317_231832_624686,img_20260317_231832_624686.jpg,0.2,0.0
20260317_231832_678281,img_20260317_231832_678281.jpg,0.2,0.0
20260317_231832_730252,img_20260317_231832_730252.jpg,0.2,0.0
20260317_231832_778039,img_20260317_231832_778039.jpg,0.2,0.0
20260317_231832_831749,img_20260317_231832_831749.jpg,0.2,0.0
20260317_231832_881206,img_20260317_231832_881206.jpg,0.2,0.0
20260317_231832_932395,img_20260317_231832_932395.jpg,0.2,0.0
20260317_231832_973550,img_20260317_231832_973550.jpg,0.2,0.0
20260317_231833_032938,img_20260317_231833_032938.jpg,0.2,0.0
20260317_231833_074332,img_20260317_231833_074332.jpg,0.2,0.0
20260317_231833_126109,img_20260317_231833_126109.jpg,0.2,0.0
20260317_231833_176460,img_20260317_231833_176460.jpg,0.2,0.0
20260317_231833_226039,img_20260317_231833_226039.jpg,0.2,0.0
20260317_231833_286554,img_20260317_231833_286554.jpg,0.2,0.0
20260317_231833_329148,img_20260317_231833_329148.jpg,0.2,0.0
20260317_231833_392881,img_20260317_231833_392881.jpg,0.2,0.0
20260317_231833_435211,img_20260317_231833_435211.jpg,0.2,0.0
20260317_231833_493701,img_20260317_231833_493701.jpg,0.2,0.0
20260317_231833_535692,img_20260317_231833_535692.jpg,0.2,0.0
20260317_231833_583023,img_20260317_231833_583023.jpg,0.2,0.0
20260317_231833_634865,img_20260317_231833_634865.jpg,0.2,0.0
20260317_231833_687467,img_20260317_231833_687467.jpg,0.2,0.0
20260317_231833_736911,img_20260317_231833_736911.jpg,0.2,0.0
20260317_231833_787575,img_20260317_231833_787575.jpg,0.2,0.0
20260317_231833_838766,img_20260317_231833_838766.jpg,0.2,0.0
20260317_231833_892274,img_20260317_231833_892274.jpg,0.2,0.0
20260317_231833_940959,img_20260317_231833_940959.jpg,0.2,0.0
20260317_231834_006388,img_20260317_231834_006388.jpg,0.2,0.0
20260317_231834_045849,img_20260317_231834_045849.jpg,0.2,0.0
20260317_231834_107824,img_20260317_231834_107824.jpg,0.2,0.0
20260317_231834_158089,img_20260317_231834_158089.jpg,0.2,0.0
20260317_231834_198271,img_20260317_231834_198271.jpg,0.2,0.0
20260317_231834_248467,img_20260317_231834_248467.jpg,0.2,0.0
20260317_231834_299847,img_20260317_231834_299847.jpg,0.2,0.0
20260317_231834_358763,img_20260317_231834_358763.jpg,0.2,0.0
20260317_231834_402251,img_20260317_231834_402251.jpg,0.2,0.0
20260317_231834_450667,img_20260317_231834_450667.jpg,0.2,0.0
20260317_231834_501588,img_20260317_231834_501588.jpg,0.2,0.0
20260317_231834_564648,img_20260317_231834_564648.jpg,0.2,0.0
20260317_231834_606880,img_20260317_231834_606880.jpg,0.2,0.0
20260317_231834_662806,img_20260317_231834_662806.jpg,0.2,0.0
20260317_231834_713882,img_20260317_231834_713882.jpg,0.2,0.0
20260317_231834_765853,img_20260317_231834_765853.jpg,0.2,0.0
20260317_231834_805435,img_20260317_231834_805435.jpg,0.2,0.0
20260317_231834_867353,img_20260317_231834_867353.jpg,0.2,0.0
20260317_231834_909449,img_20260317_231834_909449.jpg,0.2,0.0
20260317_231834_959484,img_20260317_231834_959484.jpg,0.2,0.0
20260317_231835_020516,img_20260317_231835_020516.jpg,0.2,0.0
20260317_231835_061588,img_20260317_231835_061588.jpg,0.2,0.0
20260317_231835_111822,img_20260317_231835_111822.jpg,0.2,0.0
20260317_231835_172621,img_20260317_231835_172621.jpg,0.2,0.0
20260317_231835_214813,img_20260317_231835_214813.jpg,0.2,0.0
20260317_231835_264441,img_20260317_231835_264441.jpg,0.2,0.0
20260317_231835_314584,img_20260317_231835_314584.jpg,0.2,0.0
20260317_231835_365310,img_20260317_231835_365310.jpg,0.2,0.0
20260317_231835_420080,img_20260317_231835_420080.jpg,0.2,0.0
20260317_231835_467658,img_20260317_231835_467658.jpg,0.2,0.0
20260317_231835_519900,img_20260317_231835_519900.jpg,0.2,0.0
20260317_231835_569827,img_20260317_231835_569827.jpg,0.2,0.0
20260317_231835_621261,img_20260317_231835_621261.jpg,0.2,0.0
20260317_231835_670603,img_20260317_231835_670603.jpg,0.2,0.0
20260317_231835_720025,img_20260317_231835_720025.jpg,0.2,0.0
20260317_231835_783332,img_20260317_231835_783332.jpg,0.2,0.0
20260317_231835_823776,img_20260317_231835_823776.jpg,0.2,0.0
20260317_231835_885661,img_20260317_231835_885661.jpg,0.2,0.0
20260317_231835_936010,img_20260317_231835_936010.jpg,0.2,0.0
20260317_231835_975914,img_20260317_231835_975914.jpg,0.2,0.0
20260317_231836_026485,img_20260317_231836_026485.jpg,0.2,0.0
20260317_231836_086523,img_20260317_231836_086523.jpg,0.2,0.0
20260317_231836_128534,img_20260317_231836_128534.jpg,0.2,0.0
20260317_231836_179655,img_20260317_231836_179655.jpg,0.2,0.0
20260317_231836_230019,img_20260317_231836_230019.jpg,0.2,0.0
20260317_231836_291139,img_20260317_231836_291139.jpg,0.2,0.0
20260317_231836_332106,img_20260317_231836_332106.jpg,0.2,0.0
20260317_231836_381306,img_20260317_231836_381306.jpg,0.2,0.0
20260317_231836_433263,img_20260317_231836_433263.jpg,0.2,0.0
20260317_231836_481881,img_20260317_231836_481881.jpg,0.2,0.0
20260317_231836_545056,img_20260317_231836_545056.jpg,0.2,0.0
20260317_231836_585651,img_20260317_231836_585651.jpg,0.2,0.0
20260317_231836_637995,img_20260317_231836_637995.jpg,0.2,0.0
20260317_231836_687344,img_20260317_231836_687344.jpg,0.2,0.0
20260317_231836_739562,img_20260317_231836_739562.jpg,0.2,0.0
20260317_231836_802686,img_20260317_231836_802686.jpg,0.2,0.0
20260317_231836_844040,img_20260317_231836_844040.jpg,0.2,0.0
20260317_231836_894912,img_20260317_231836_894912.jpg,0.2,0.0
20260317_231836_945938,img_20260317_231836_945938.jpg,0.2,0.0
20260317_231836_994306,img_20260317_231836_994306.jpg,0.2,0.0
20260317_231837_045040,img_20260317_231837_045040.jpg,0.2,0.0
20260317_231837_096632,img_20260317_231837_096632.jpg,0.2,0.0
20260317_231837_146217,img_20260317_231837_146217.jpg,0.2,0.0
20260317_231837_197309,img_20260317_231837_197309.jpg,0.2,0.0
20260317_231837_258419,img_20260317_231837_258419.jpg,0.2,0.0
20260317_231837_308149,img_20260317_231837_308149.jpg,0.2,0.0
20260317_231837_358475,img_20260317_231837_358475.jpg,0.2,0.0
20260317_231837_399990,img_20260317_231837_399990.jpg,0.2,0.0
20260317_231837_451276,img_20260317_231837_451276.jpg,0.2,0.0
20260317_231836_690707,img_20260317_231836_690707.jpg,0.2,0.0
20260317_231836_742046,img_20260317_231836_742046.jpg,0.2,0.0
20260317_231836_790233,img_20260317_231836_790233.jpg,0.2,0.0
20260317_231836_842463,img_20260317_231836_842463.jpg,0.2,0.0
20260317_231836_902757,img_20260317_231836_902757.jpg,0.2,0.0
20260317_231836_946050,img_20260317_231836_946050.jpg,0.2,0.0
20260317_231836_993249,img_20260317_231836_993249.jpg,0.2,0.0
20260317_231837_044573,img_20260317_231837_044573.jpg,0.2,0.0
20260317_231837_095035,img_20260317_231837_095035.jpg,0.2,0.0
20260317_231837_146617,img_20260317_231837_146617.jpg,0.2,0.0
20260317_231837_198966,img_20260317_231837_198966.jpg,0.2,0.0
20260317_231837_249592,img_20260317_231837_249592.jpg,0.2,0.0
20260317_231837_300550,img_20260317_231837_300550.jpg,0.2,0.0
20260317_231837_351364,img_20260317_231837_351364.jpg,0.2,0.0
20260317_231837_413822,img_20260317_231837_413822.jpg,0.2,0.0
20260317_231837_455255,img_20260317_231837_455255.jpg,0.2,0.0
20260317_231837_514206,img_20260317_231837_514206.jpg,0.2,0.0
20260317_231837_568788,img_20260317_231837_568788.jpg,0.2,0.0
20260317_231837_605787,img_20260317_231837_605787.jpg,0.2,0.0
20260317_231837_666928,img_20260317_231837_666928.jpg,0.2,0.0
20260317_231837_709153,img_20260317_231837_709153.jpg,0.2,0.0
20260317_231837_759569,img_20260317_231837_759569.jpg,0.2,0.0
20260317_231837_810655,img_20260317_231837_810655.jpg,0.2,0.0
20260317_231837_860049,img_20260317_231837_860049.jpg,0.2,0.0
20260317_231837_922959,img_20260317_231837_922959.jpg,0.2,0.0
20260317_231837_980585,img_20260317_231837_980585.jpg,0.2,0.0
20260317_231838_018644,img_20260317_231838_018644.jpg,0.2,0.0
20260317_231838_064541,img_20260317_231838_064541.jpg,0.2,0.0
20260317_231838_117306,img_20260317_231838_117306.jpg,0.2,0.0
20260317_231838_167422,img_20260317_231838_167422.jpg,0.2,0.0
20260317_231838_214948,img_20260317_231838_214948.jpg,0.2,0.0
20260317_231838_267264,img_20260317_231838_267264.jpg,0.2,0.0
20260317_231838_318351,img_20260317_231838_318351.jpg,0.2,0.0
20260317_231838_368763,img_20260317_231838_368763.jpg,0.2,0.0
20260317_231838_418513,img_20260317_231838_418513.jpg,0.2,0.0
20260317_231838_480510,img_20260317_231838_480510.jpg,0.2,0.0
20260317_231838_533120,img_20260317_231838_533120.jpg,0.2,0.0
20260317_231838_572269,img_20260317_231838_572269.jpg,0.2,0.0
20260317_231838_624143,img_20260317_231838_624143.jpg,0.2,0.0
20260317_231838_674919,img_20260317_231838_674919.jpg,0.2,0.0
20260317_231838_726123,img_20260317_231838_726123.jpg,0.2,0.0
20260317_231838_776461,img_20260317_231838_776461.jpg,0.2,0.0
20260317_231838_826508,img_20260317_231838_826508.jpg,0.2,0.0
20260317_231838_888921,img_20260317_231838_888921.jpg,0.2,0.0
20260317_231838_940229,img_20260317_231838_940229.jpg,0.2,0.0
20260317_231838_979674,img_20260317_231838_979674.jpg,0.2,0.0
20260317_231839_033680,img_20260317_231839_033680.jpg,0.2,0.0
20260317_231839_081670,img_20260317_231839_081670.jpg,0.2,0.0
20260317_231839_133182,img_20260317_231839_133182.jpg,0.2,0.0
20260317_231839_193339,img_20260317_231839_193339.jpg,0.2,0.0
20260317_231839_235583,img_20260317_231839_235583.jpg,0.2,0.0
20260317_231839_285278,img_20260317_231839_285278.jpg,0.2,0.0
20260317_231839_335492,img_20260317_231839_335492.jpg,0.2,0.0
20260317_231839_385339,img_20260317_231839_385339.jpg,0.2,0.0
20260317_231839_447194,img_20260317_231839_447194.jpg,0.2,0.0
20260317_231839_487282,img_20260317_231839_487282.jpg,0.2,0.0
20260317_231839_539698,img_20260317_231839_539698.jpg,0.2,0.0
20260317_231839_590394,img_20260317_231839_590394.jpg,0.2,0.0
20260317_231839_639716,img_20260317_231839_639716.jpg,0.2,0.0
20260317_231839_701836,img_20260317_231839_701836.jpg,0.2,0.0
20260317_231839_742085,img_20260317_231839_742085.jpg,0.2,0.0
20260317_231839_793844,img_20260317_231839_793844.jpg,0.2,0.0
20260317_231839_853744,img_20260317_231839_853744.jpg,0.2,0.0
20260317_231839_894227,img_20260317_231839_894227.jpg,0.2,0.0
20260317_231839_944261,img_20260317_231839_944261.jpg,0.2,0.0
20260317_231839_995359,img_20260317_231839_995359.jpg,0.2,0.0
20260317_231840_045950,img_20260317_231840_045950.jpg,0.2,0.0
20260317_231840_097915,img_20260317_231840_097915.jpg,0.2,0.0
20260317_231840_159414,img_20260317_231840_159414.jpg,0.2,0.0
20260317_231840_200097,img_20260317_231840_200097.jpg,0.2,0.0
20260317_231840_259230,img_20260317_231840_259230.jpg,0.2,0.0
20260317_231840_313447,img_20260317_231840_313447.jpg,0.2,0.0
20260317_231840_362950,img_20260317_231840_362950.jpg,0.2,0.0
20260317_231840_414113,img_20260317_231840_414113.jpg,0.2,0.0
20260317_231840_463503,img_20260317_231840_463503.jpg,0.2,0.0
20260317_231840_504682,img_20260317_231840_504682.jpg,0.2,0.0
20260317_231840_555641,img_20260317_231840_555641.jpg,0.2,0.0
20260317_231840_608656,img_20260317_231840_608656.jpg,0.2,0.0
20260317_231840_668718,img_20260317_231840_668718.jpg,0.2,0.0
20260317_231840_719318,img_20260317_231840_719318.jpg,0.2,0.0
20260317_231840_761541,img_20260317_231840_761541.jpg,0.2,0.0
20260317_231840_811720,img_20260317_231840_811720.jpg,0.2,0.0
20260317_231840_861816,img_20260317_231840_861816.jpg,0.2,0.0
20260317_231840_925483,img_20260317_231840_925483.jpg,0.2,0.0
20260317_231840_973750,img_20260317_231840_973750.jpg,0.2,0.0
20260317_231841_013609,img_20260317_231841_013609.jpg,0.2,0.0
20260317_231841_065991,img_20260317_231841_065991.jpg,0.2,0.0
20260317_231841_117709,img_20260317_231841_117709.jpg,0.2,0.0
20260317_231841_182735,img_20260317_231841_182735.jpg,0.2,0.0
20260317_231841_223901,img_20260317_231841_223901.jpg,0.2,0.0
20260317_231841_271167,img_20260317_231841_271167.jpg,0.2,0.0
20260317_231841_330889,img_20260317_231841_330889.jpg,0.2,0.0
20260317_231841_381560,img_20260317_231841_381560.jpg,0.2,0.0
20260317_231841_423062,img_20260317_231841_423062.jpg,0.2,0.0
20260317_231841_484017,img_20260317_231841_484017.jpg,0.2,0.0
20260317_231841_522840,img_20260317_231841_522840.jpg,0.2,0.0
20260317_231841_588226,img_20260317_231841_588226.jpg,0.2,0.0
20260317_231841_635253,img_20260317_231841_635253.jpg,0.2,0.0
20260317_231841_687129,img_20260317_231841_687129.jpg,0.2,0.0
20260317_231841_725266,img_20260317_231841_725266.jpg,0.2,0.0
20260317_231841_777291,img_20260317_231841_777291.jpg,0.2,0.0
20260317_231841_828910,img_20260317_231841_828910.jpg,0.2,0.0
20260317_231841_880245,img_20260317_231841_880245.jpg,0.2,0.0
20260317_231841_940733,img_20260317_231841_940733.jpg,0.2,0.0
20260317_231841_983773,img_20260317_231841_983773.jpg,0.2,0.0
20260317_231842_041568,img_20260317_231842_041568.jpg,0.2,0.0
20260317_231842_093882,img_20260317_231842_093882.jpg,0.2,0.0
20260317_231842_135105,img_20260317_231842_135105.jpg,0.2,0.0
20260317_231842_185875,img_20260317_231842_185875.jpg,0.2,0.0
20260317_231842_234845,img_20260317_231842_234845.jpg,0.2,0.0
20260317_231842_299964,img_20260317_231842_299964.jpg,0.2,0.0
20260317_231842_340117,img_20260317_231842_340117.jpg,0.2,0.0
20260317_231842_389296,img_20260317_231842_389296.jpg,0.2,0.0
20260317_231842_449987,img_20260317_231842_449987.jpg,0.2,0.0
20260317_231842_491967,img_20260317_231842_491967.jpg,0.2,0.0
20260317_231842_541337,img_20260317_231842_541337.jpg,0.2,0.0
20260317_231842_602776,img_20260317_231842_602776.jpg,0.2,0.0
20260317_231842_653646,img_20260317_231842_653646.jpg,0.2,0.0
20260317_231842_695263,img_20260317_231842_695263.jpg,0.2,0.0
20260317_231842_755776,img_20260317_231842_755776.jpg,0.2,0.0
20260317_231842_798015,img_20260317_231842_798015.jpg,0.2,0.0
20260317_231842_849506,img_20260317_231842_849506.jpg,0.2,0.0
20260317_231842_896081,img_20260317_231842_896081.jpg,0.2,0.0
20260317_231842_958511,img_20260317_231842_958511.jpg,0.2,0.0
20260317_231843_010914,img_20260317_231843_010914.jpg,0.2,0.0
20260317_231843_063826,img_20260317_231843_063826.jpg,0.2,0.0
20260317_231843_103301,img_20260317_231843_103301.jpg,0.2,0.0
20260317_231843_162282,img_20260317_231843_162282.jpg,0.2,0.0
20260317_231843_212476,img_20260317_231843_212476.jpg,0.2,0.0
20260317_231843_252585,img_20260317_231843_252585.jpg,0.2,0.0
20260317_231843_305013,img_20260317_231843_305013.jpg,0.2,0.0
20260317_231843_355110,img_20260317_231843_355110.jpg,0.2,0.0
20260317_231843_407749,img_20260317_231843_407749.jpg,0.2,0.0
20260317_231843_456936,img_20260317_231843_456936.jpg,0.2,0.0
20260317_231843_509620,img_20260317_231843_509620.jpg,0.2,0.0
20260317_231843_559679,img_20260317_231843_559679.jpg,0.2,0.0
20260317_231843_620376,img_20260317_231843_620376.jpg,0.2,0.0
20260317_231843_659837,img_20260317_231843_659837.jpg,0.2,0.0
20260317_231843_722340,img_20260317_231843_722340.jpg,0.2,0.0
20260317_231843_772058,img_20260317_231843_772058.jpg,0.2,0.0
20260317_231843_812058,img_20260317_231843_812058.jpg,0.2,0.0
20260317_231843_863807,img_20260317_231843_863807.jpg,0.2,0.0
20260317_231843_912833,img_20260317_231843_912833.jpg,0.2,0.0
20260317_231843_976435,img_20260317_231843_976435.jpg,0.2,0.0
20260317_231844_026213,img_20260317_231844_026213.jpg,0.2,0.0
20260317_231844_065589,img_20260317_231844_065589.jpg,0.2,0.0
20260317_231844_116142,img_20260317_231844_116142.jpg,0.2,0.0
20260317_231844_168077,img_20260317_231844_168077.jpg,0.2,0.0
20260317_231844_218979,img_20260317_231844_218979.jpg,0.2,0.0
20260317_231844_269202,img_20260317_231844_269202.jpg,0.2,0.0
20260317_231844_329965,img_20260317_231844_329965.jpg,0.2,0.0
20260317_231844_370418,img_20260317_231844_370418.jpg,0.2,0.0
20260317_231844_420966,img_20260317_231844_420966.jpg,0.2,0.0
20260317_231844_472375,img_20260317_231844_472375.jpg,0.2,0.0
20260317_231844_523497,img_20260317_231844_523497.jpg,0.2,0.0
20260317_231844_573462,img_20260317_231844_573462.jpg,0.2,0.0
20260317_231844_625258,img_20260317_231844_625258.jpg,0.2,0.0
20260317_231844_685529,img_20260317_231844_685529.jpg,0.2,0.0
20260317_231844_727569,img_20260317_231844_727569.jpg,0.2,0.0
20260317_231844_788968,img_20260317_231844_788968.jpg,0.2,0.0
20260317_231844_837086,img_20260317_231844_837086.jpg,0.2,0.0
20260317_231844_877152,img_20260317_231844_877152.jpg,0.2,0.0
20260317_231844_930341,img_20260317_231844_930341.jpg,0.2,0.0
20260317_231844_980768,img_20260317_231844_980768.jpg,0.2,0.0
20260317_231845_031421,img_20260317_231845_031421.jpg,0.2,0.0
20260317_231845_092444,img_20260317_231845_092444.jpg,0.2,0.0
20260317_231845_143289,img_20260317_231845_143289.jpg,0.2,0.0
20260317_231845_192218,img_20260317_231845_192218.jpg,0.2,0.0
20260317_231845_234725,img_20260317_231845_234725.jpg,0.2,0.0
20260317_231845_284526,img_20260317_231845_284526.jpg,0.2,0.0
20260317_231845_335867,img_20260317_231845_335867.jpg,0.2,0.0
20260317_231845_387238,img_20260317_231845_387238.jpg,0.2,0.0
20260317_231845_448756,img_20260317_231845_448756.jpg,0.2,0.0
20260317_231845_497832,img_20260317_231845_497832.jpg,0.2,0.0
20260317_231845_539583,img_20260317_231845_539583.jpg,0.2,0.0
20260317_231845_591253,img_20260317_231845_591253.jpg,0.2,0.0
20260317_231845_652122,img_20260317_231845_652122.jpg,0.2,0.0
20260317_231845_695506,img_20260317_231845_695506.jpg,0.2,0.0
20260317_231845_742565,img_20260317_231845_742565.jpg,0.2,0.0
20260317_231845_804371,img_20260317_231845_804371.jpg,0.2,0.0
20260317_231845_843003,img_20260317_231845_843003.jpg,0.2,0.0
20260317_231845_897592,img_20260317_231845_897592.jpg,0.2,0.0
20260317_231845_957533,img_20260317_231845_957533.jpg,0.2,0.0
20260317_231845_997746,img_20260317_231845_997746.jpg,0.2,0.0
20260317_231846_048008,img_20260317_231846_048008.jpg,0.2,0.0
20260317_231846_110280,img_20260317_231846_110280.jpg,0.2,0.0
20260317_231846_160053,img_20260317_231846_160053.jpg,0.2,0.0
20260317_231846_202968,img_20260317_231846_202968.jpg,0.2,0.0
20260317_231846_255251,img_20260317_231846_255251.jpg,0.2,0.0
20260317_231846_306995,img_20260317_231846_306995.jpg,0.2,0.0
20260317_231846_360948,img_20260317_231846_360948.jpg,0.2,0.0
20260317_231846_422419,img_20260317_231846_422419.jpg,0.2,0.0
20260317_231846_461845,img_20260317_231846_461845.jpg,0.2,0.0
20260317_231846_511680,img_20260317_231846_511680.jpg,0.2,0.0
20260317_231846_575505,img_20260317_231846_575505.jpg,0.2,0.0
20260317_231846_615037,img_20260317_231846_615037.jpg,0.2,0.0
20260317_231846_665016,img_20260317_231846_665016.jpg,0.2,0.0
20260317_231846_717109,img_20260317_231846_717109.jpg,0.2,0.0
20260317_231846_778282,img_20260317_231846_778282.jpg,0.2,0.0
20260317_231846_818520,img_20260317_231846_818520.jpg,0.2,0.0
20260317_231846_868775,img_20260317_231846_868775.jpg,0.2,0.0
20260317_231846_921617,img_20260317_231846_921617.jpg,0.2,0.0
20260317_231846_985604,img_20260317_231846_985604.jpg,0.2,0.0
20260317_231847_022682,img_20260317_231847_022682.jpg,0.2,0.0
20260317_231847_082202,img_20260317_231847_082202.jpg,0.2,0.0
20260317_231847_124215,img_20260317_231847_124215.jpg,0.2,0.0
20260317_231847_174388,img_20260317_231847_174388.jpg,0.2,0.0
20260317_231847_226449,img_20260317_231847_226449.jpg,0.2,0.0
20260317_231847_276831,img_20260317_231847_276831.jpg,0.2,0.0
20260317_231847_327739,img_20260317_231847_327739.jpg,0.2,0.0
20260317_231847_379831,img_20260317_231847_379831.jpg,0.2,0.0
20260317_231847_429414,img_20260317_231847_429414.jpg,0.2,0.0
20260317_231847_478885,img_20260317_231847_478885.jpg,0.2,0.0
20260317_231847_531439,img_20260317_231847_531439.jpg,0.2,0.0
20260317_231847_582255,img_20260317_231847_582255.jpg,0.2,0.0
20260317_231847_632267,img_20260317_231847_632267.jpg,0.2,0.0
20260317_231847_684442,img_20260317_231847_684442.jpg,0.2,0.0
20260317_231847_736017,img_20260317_231847_736017.jpg,0.2,0.0
20260317_231847_786021,img_20260317_231847_786021.jpg,0.2,0.0
20260317_231847_838048,img_20260317_231847_838048.jpg,0.2,0.0
20260317_231847_885278,img_20260317_231847_885278.jpg,0.2,0.0
20260317_231847_938237,img_20260317_231847_938237.jpg,0.2,0.0
20260317_231847_989539,img_20260317_231847_989539.jpg,0.2,0.0
20260317_231848_050198,img_20260317_231848_050198.jpg,0.2,0.0
20260317_231848_091652,img_20260317_231848_091652.jpg,0.2,0.0
20260317_231848_143850,img_20260317_231848_143850.jpg,0.2,0.0
20260317_231848_201591,img_20260317_231848_201591.jpg,0.2,0.0
20260317_231848_253337,img_20260317_231848_253337.jpg,0.2,0.0
20260317_231848_293114,img_20260317_231848_293114.jpg,0.2,0.0
20260317_231848_356325,img_20260317_231848_356325.jpg,0.2,0.0
20260317_231848_396493,img_20260317_231848_396493.jpg,0.2,0.0
20260317_231848_448096,img_20260317_231848_448096.jpg,0.2,0.0
20260317_231848_511692,img_20260317_231848_511692.jpg,0.2,0.0
20260317_231848_560234,img_20260317_231848_560234.jpg,0.2,0.0
20260317_231848_609875,img_20260317_231848_609875.jpg,0.2,0.0
20260317_231848_650278,img_20260317_231848_650278.jpg,0.2,0.0
20260317_231848_701300,img_20260317_231848_701300.jpg,0.2,0.0
20260317_231848_752868,img_20260317_231848_752868.jpg,0.2,0.0
20260317_231848_803931,img_20260317_231848_803931.jpg,0.2,0.0
20260317_231848_866863,img_20260317_231848_866863.jpg,0.2,0.0
20260317_231848_915204,img_20260317_231848_915204.jpg,0.2,0.0
20260317_231848_956754,img_20260317_231848_956754.jpg,0.2,0.0
20260317_231849_007792,img_20260317_231849_007792.jpg,0.2,0.0
20260317_231849_058308,img_20260317_231849_058308.jpg,0.2,0.0
20260317_231849_121085,img_20260317_231849_121085.jpg,0.2,0.0
20260317_231849_158105,img_20260317_231849_158105.jpg,0.2,0.0
20260317_231849_220039,img_20260317_231849_220039.jpg,0.2,0.0
20260317_231849_261338,img_20260317_231849_261338.jpg,0.2,0.0
20260317_231849_313868,img_20260317_231849_313868.jpg,0.2,0.0
20260317_231849_365536,img_20260317_231849_365536.jpg,0.2,0.0
20260317_231849_427856,img_20260317_231849_427856.jpg,0.2,0.0
20260317_231849_478410,img_20260317_231849_478410.jpg,0.2,0.0
20260317_231849_527879,img_20260317_231849_527879.jpg,0.2,0.0
20260317_231849_571165,img_20260317_231849_571165.jpg,0.2,0.0
20260317_231849_620952,img_20260317_231849_620952.jpg,0.2,0.0
20260317_231849_670539,img_20260317_231849_670539.jpg,0.2,0.0
20260317_231849_721464,img_20260317_231849_721464.jpg,0.2,0.0
20260317_231849_784369,img_20260317_231849_784369.jpg,0.2,0.0
20260317_231849_825271,img_20260317_231849_825271.jpg,0.2,0.0
20260317_231849_873502,img_20260317_231849_873502.jpg,0.2,0.0
20260317_231849_936536,img_20260317_231849_936536.jpg,0.2,0.0
20260317_231849_979119,img_20260317_231849_979119.jpg,0.2,0.0
20260317_231850_030346,img_20260317_231850_030346.jpg,0.2,0.0
20260317_231850_091044,img_20260317_231850_091044.jpg,0.2,0.0
20260317_231850_129822,img_20260317_231850_129822.jpg,0.2,0.0
20260317_231850_183675,img_20260317_231850_183675.jpg,0.2,0.0
20260317_231850_230063,img_20260317_231850_230063.jpg,0.2,0.0
20260317_231850_292758,img_20260317_231850_292758.jpg,0.2,0.0
20260317_231850_333250,img_20260317_231850_333250.jpg,0.2,0.0
20260317_231850_384751,img_20260317_231850_384751.jpg,0.2,0.0
20260317_231850_434456,img_20260317_231850_434456.jpg,0.2,0.0
20260317_231850_488516,img_20260317_231850_488516.jpg,0.2,0.0
20260317_231850_537579,img_20260317_231850_537579.jpg,0.2,0.0
20260317_231850_587885,img_20260317_231850_587885.jpg,0.2,0.0
20260317_231850_651235,img_20260317_231850_651235.jpg,0.2,0.0
20260317_231850_693598,img_20260317_231850_693598.jpg,0.2,0.0
20260317_231850_740979,img_20260317_231850_740979.jpg,0.2,0.0
20260317_231850_793997,img_20260317_231850_793997.jpg,0.2,0.0
20260317_231850_844693,img_20260317_231850_844693.jpg,0.2,0.0
20260317_231850_895361,img_20260317_231850_895361.jpg,0.2,0.0
20260317_231850_946920,img_20260317_231850_946920.jpg,0.2,0.0
20260317_231851_008806,img_20260317_231851_008806.jpg,0.2,0.0
20260317_231851_057102,img_20260317_231851_057102.jpg,0.2,0.0
20260317_231851_099003,img_20260317_231851_099003.jpg,0.2,0.0
20260317_231851_161159,img_20260317_231851_161159.jpg,0.2,0.0
20260317_231851_200848,img_20260317_231851_200848.jpg,0.2,0.0
20260317_231851_253487,img_20260317_231851_253487.jpg,0.2,0.0
20260317_231851_302198,img_20260317_231851_302198.jpg,0.2,0.0
20260317_231851_353173,img_20260317_231851_353173.jpg,0.2,0.0
20260317_231851_403356,img_20260317_231851_403356.jpg,0.2,0.0
20260317_231851_454825,img_20260317_231851_454825.jpg,0.2,0.0
20260317_231851_513820,img_20260317_231851_513820.jpg,0.2,0.0
20260317_231851_556337,img_20260317_231851_556337.jpg,0.2,0.0
20260317_231851_610471,img_20260317_231851_610471.jpg,0.2,0.0
20260317_231851_665506,img_20260317_231851_665506.jpg,0.2,0.0
20260317_231851_705391,img_20260317_231851_705391.jpg,0.2,0.0
20260317_231851_756979,img_20260317_231851_756979.jpg,0.2,0.0
20260317_231851_807794,img_20260317_231851_807794.jpg,0.2,0.0
20260317_231851_870472,img_20260317_231851_870472.jpg,0.2,0.0
20260317_231851_919406,img_20260317_231851_919406.jpg,0.2,0.0
20260317_231851_961758,img_20260317_231851_961758.jpg,0.2,0.0
20260317_231852_023416,img_20260317_231852_023416.jpg,0.2,0.0
20260317_231852_061143,img_20260317_231852_061143.jpg,0.2,0.0
20260317_231852_113687,img_20260317_231852_113687.jpg,0.2,0.0
20260317_231852_174160,img_20260317_231852_174160.jpg,0.2,0.0
20260317_231852_214156,img_20260317_231852_214156.jpg,0.2,0.0
20260317_231852_265321,img_20260317_231852_265321.jpg,0.2,0.0
20260317_231852_315272,img_20260317_231852_315272.jpg,0.2,0.0
20260317_231852_366463,img_20260317_231852_366463.jpg,0.2,0.0
20260317_231852_417397,img_20260317_231852_417397.jpg,0.2,0.0
20260317_231852_481800,img_20260317_231852_481800.jpg,0.2,0.0
20260317_231852_532883,img_20260317_231852_532883.jpg,0.2,0.0
20260317_231852_571174,img_20260317_231852_571174.jpg,0.2,0.0
20260317_231852_620044,img_20260317_231852_620044.jpg,0.2,0.0
20260317_231852_673191,img_20260317_231852_673191.jpg,0.2,0.0
20260317_231852_722337,img_20260317_231852_722337.jpg,0.2,0.0
20260317_231852_774575,img_20260317_231852_774575.jpg,0.2,0.0
20260317_231852_824736,img_20260317_231852_824736.jpg,0.2,0.0
20260317_231852_885017,img_20260317_231852_885017.jpg,0.2,0.0
20260317_231852_925234,img_20260317_231852_925234.jpg,0.2,0.0
20260317_231852_986536,img_20260317_231852_986536.jpg,0.2,0.0
20260317_231853_038378,img_20260317_231853_038378.jpg,0.2,0.0
20260317_231853_080675,img_20260317_231853_080675.jpg,0.2,0.0
20260317_231853_129390,img_20260317_231853_129390.jpg,0.2,0.0
20260317_231853_190476,img_20260317_231853_190476.jpg,0.2,0.0
20260317_231853_232072,img_20260317_231853_232072.jpg,0.2,0.0
20260317_231853_283081,img_20260317_231853_283081.jpg,0.2,0.0
20260317_231853_329503,img_20260317_231853_329503.jpg,0.2,0.0
20260317_231853_382387,img_20260317_231853_382387.jpg,0.2,0.0
20260317_231853_433147,img_20260317_231853_433147.jpg,0.2,0.0
20260317_231853_483610,img_20260317_231853_483610.jpg,0.2,0.0
20260317_231853_536366,img_20260317_231853_536366.jpg,0.2,0.0
20260317_231853_596470,img_20260317_231853_596470.jpg,0.2,0.0
20260317_231853_646096,img_20260317_231853_646096.jpg,0.2,0.0
20260317_231853_687844,img_20260317_231853_687844.jpg,0.2,0.0
20260317_231853_747497,img_20260317_231853_747497.jpg,0.2,0.0
20260317_231853_787962,img_20260317_231853_787962.jpg,0.2,0.0
20260317_231853_838956,img_20260317_231853_838956.jpg,0.2,0.0
20260317_231853_900697,img_20260317_231853_900697.jpg,0.2,0.0
20260317_231853_941566,img_20260317_231853_941566.jpg,0.2,0.0
20260317_231854_001267,img_20260317_231854_001267.jpg,0.2,0.0
20260317_231854_040879,img_20260317_231854_040879.jpg,0.2,0.0
20260317_231854_092825,img_20260317_231854_092825.jpg,0.2,0.0
20260317_231854_143421,img_20260317_231854_143421.jpg,0.2,0.0
20260317_231854_195179,img_20260317_231854_195179.jpg,0.2,0.0
20260317_231854_244826,img_20260317_231854_244826.jpg,0.2,0.0
20260317_231854_296005,img_20260317_231854_296005.jpg,0.2,0.0
20260317_231854_344667,img_20260317_231854_344667.jpg,0.2,0.0
20260317_231854_400089,img_20260317_231854_400089.jpg,0.2,0.0
20260317_231854_447526,img_20260317_231854_447526.jpg,0.2,0.0
20260317_231854_499438,img_20260317_231854_499438.jpg,0.2,0.0
20260317_231854_551134,img_20260317_231854_551134.jpg,0.2,0.0
20260317_231854_613721,img_20260317_231854_613721.jpg,0.2,0.0
20260317_231854_664087,img_20260317_231854_664087.jpg,0.2,0.0
20260317_231854_714079,img_20260317_231854_714079.jpg,0.2,0.0
20260317_231854_755707,img_20260317_231854_755707.jpg,0.2,0.0
20260317_231854_803483,img_20260317_231854_803483.jpg,0.2,0.0
20260317_231854_855142,img_20260317_231854_855142.jpg,0.2,0.0
20260317_231854_906381,img_20260317_231854_906381.jpg,0.2,0.0
20260317_231854_959061,img_20260317_231854_959061.jpg,0.2,0.0
20260317_231855_008487,img_20260317_231855_008487.jpg,0.2,0.0
20260317_231855_059714,img_20260317_231855_059714.jpg,0.2,0.0
20260317_231855_111500,img_20260317_231855_111500.jpg,0.2,0.0
20260317_231855_171981,img_20260317_231855_171981.jpg,0.2,0.0
20260317_231855_214894,img_20260317_231855_214894.jpg,0.2,0.0
20260317_231855_264940,img_20260317_231855_264940.jpg,0.2,0.0
20260317_231855_325882,img_20260317_231855_325882.jpg,0.2,0.0
20260317_231855_365995,img_20260317_231855_365995.jpg,0.2,0.0
20260317_231855_426485,img_20260317_231855_426485.jpg,0.2,0.0
20260317_231855_467005,img_20260317_231855_467005.jpg,0.2,0.0
20260317_231855_517106,img_20260317_231855_517106.jpg,0.2,0.0
20260317_231855_568683,img_20260317_231855_568683.jpg,0.2,0.0
20260317_231855_630064,img_20260317_231855_630064.jpg,0.2,0.0
20260317_231855_667854,img_20260317_231855_667854.jpg,0.2,0.0
20260317_231855_731183,img_20260317_231855_731183.jpg,0.2,0.0
20260317_231855_770636,img_20260317_231855_770636.jpg,0.2,0.0
20260317_231855_823287,img_20260317_231855_823287.jpg,0.2,0.0
20260317_231855_874435,img_20260317_231855_874435.jpg,0.2,0.0
20260317_231855_922896,img_20260317_231855_922896.jpg,0.2,0.0
20260317_231855_986270,img_20260317_231855_986270.jpg,0.2,0.0
20260317_231856_034919,img_20260317_231856_034919.jpg,0.2,0.0
20260317_231856_088623,img_20260317_231856_088623.jpg,0.2,0.0
20260317_231856_128412,img_20260317_231856_128412.jpg,0.2,0.0
20260317_231856_179071,img_20260317_231856_179071.jpg,0.2,0.0
20260317_231856_227782,img_20260317_231856_227782.jpg,0.2,0.0
20260317_231856_283051,img_20260317_231856_283051.jpg,0.2,0.0
20260317_231856_329922,img_20260317_231856_329922.jpg,0.2,0.0
20260317_231856_389890,img_20260317_231856_389890.jpg,0.2,0.0
20260317_231856_442015,img_20260317_231856_442015.jpg,0.2,0.0
20260317_231856_494205,img_20260317_231856_494205.jpg,0.2,0.0
20260317_231856_535129,img_20260317_231856_535129.jpg,0.2,0.0
20260317_231856_595056,img_20260317_231856_595056.jpg,0.2,0.0
20260317_231856_644528,img_20260317_231856_644528.jpg,0.2,0.0
20260317_231856_685788,img_20260317_231856_685788.jpg,0.2,0.0
20260317_231856_737418,img_20260317_231856_737418.jpg,0.2,0.0
20260317_231856_786357,img_20260317_231856_786357.jpg,0.2,0.0
20260317_231856_839467,img_20260317_231856_839467.jpg,0.2,0.0
20260317_231856_899104,img_20260317_231856_899104.jpg,0.2,0.0
20260317_231856_950992,img_20260317_231856_950992.jpg,0.2,0.0
20260317_231856_990050,img_20260317_231856_990050.jpg,0.2,0.0
20260317_231857_051286,img_20260317_231857_051286.jpg,0.2,0.0
20260317_231857_101785,img_20260317_231857_101785.jpg,0.2,0.0
20260317_231857_143075,img_20260317_231857_143075.jpg,0.2,0.0
20260317_231857_204810,img_20260317_231857_204810.jpg,0.2,0.0
20260317_231857_246040,img_20260317_231857_246040.jpg,0.2,0.0
20260317_231857_298096,img_20260317_231857_298096.jpg,0.2,0.0
20260317_231857_347466,img_20260317_231857_347466.jpg,0.2,0.0
20260317_231857_398152,img_20260317_231857_398152.jpg,0.2,0.0
20260317_231857_446598,img_20260317_231857_446598.jpg,0.2,0.0
20260317_231857_500215,img_20260317_231857_500215.jpg,0.2,0.0
20260317_231857_550685,img_20260317_231857_550685.jpg,0.2,0.0
20260317_231857_602279,img_20260317_231857_602279.jpg,0.2,0.0
20260317_231857_652135,img_20260317_231857_652135.jpg,0.2,0.0
20260317_231857_715059,img_20260317_231857_715059.jpg,0.2,0.0
20260317_231857_754233,img_20260317_231857_754233.jpg,0.2,0.0
20260317_231857_815196,img_20260317_231857_815196.jpg,0.2,0.0
20260317_231857_858358,img_20260317_231857_858358.jpg,0.2,0.0
20260317_231857_906937,img_20260317_231857_906937.jpg,0.2,0.0
20260317_231857_970073,img_20260317_231857_970073.jpg,0.2,0.0
20260317_231858_011527,img_20260317_231858_011527.jpg,0.2,0.0
20260317_231858_061344,img_20260317_231858_061344.jpg,0.2,0.0
20260317_231858_125284,img_20260317_231858_125284.jpg,0.2,0.0
20260317_231858_164311,img_20260317_231858_164311.jpg,0.2,0.0
20260317_231858_215984,img_20260317_231858_215984.jpg,0.2,0.0
20260317_231858_274793,img_20260317_231858_274793.jpg,0.2,0.0
20260317_231858_316084,img_20260317_231858_316084.jpg,0.2,0.0
20260317_231858_367276,img_20260317_231858_367276.jpg,0.2,0.0
20260317_231858_415110,img_20260317_231858_415110.jpg,0.2,0.0
20260317_231858_478346,img_20260317_231858_478346.jpg,0.2,0.0
20260317_231858_519676,img_20260317_231858_519676.jpg,0.2,0.0
20260317_231858_568604,img_20260317_231858_568604.jpg,0.2,0.0
20260317_231858_621452,img_20260317_231858_621452.jpg,0.2,0.0
20260317_231858_673465,img_20260317_231858_673465.jpg,0.2,0.0
20260317_231858_722672,img_20260317_231858_722672.jpg,0.2,0.0
20260317_231858_773296,img_20260317_231858_773296.jpg,0.2,0.0
20260317_231858_835043,img_20260317_231858_835043.jpg,0.2,0.0
20260317_231858_886823,img_20260317_231858_886823.jpg,0.2,0.0
20260317_231858_926608,img_20260317_231858_926608.jpg,0.2,0.0
20260317_231858_978630,img_20260317_231858_978630.jpg,0.2,0.0
20260317_231859_027968,img_20260317_231859_027968.jpg,0.2,0.0
20260317_231859_090407,img_20260317_231859_090407.jpg,0.2,0.0
20260317_231859_130654,img_20260317_231859_130654.jpg,0.2,0.0
20260317_231859_192773,img_20260317_231859_192773.jpg,0.2,0.0
20260317_231859_243068,img_20260317_231859_243068.jpg,0.2,0.0
20260317_231859_284096,img_20260317_231859_284096.jpg,0.2,0.0
20260317_231859_333719,img_20260317_231859_333719.jpg,0.2,0.0
20260317_231859_383826,img_20260317_231859_383826.jpg,0.2,0.0
20260317_231859_434636,img_20260317_231859_434636.jpg,0.2,0.0
20260317_231859_492070,img_20260317_231859_492070.jpg,0.2,0.0
20260317_231859_547229,img_20260317_231859_547229.jpg,0.2,0.0
20260317_231859_601876,img_20260317_231859_601876.jpg,0.2,0.0
20260317_231859_657063,img_20260317_231859_657063.jpg,0.2,0.0
20260317_231859_693205,img_20260317_231859_693205.jpg,0.2,0.0
20260317_231859_742433,img_20260317_231859_742433.jpg,0.2,0.0
20260317_231859_795331,img_20260317_231859_795331.jpg,0.2,0.0
20260317_231859_845247,img_20260317_231859_845247.jpg,0.2,0.0
20260317_231859_907239,img_20260317_231859_907239.jpg,0.2,0.0
20260317_231859_955316,img_20260317_231859_955316.jpg,0.2,0.0
20260317_231859_996141,img_20260317_231859_996141.jpg,0.2,0.0
20260317_231900_047269,img_20260317_231900_047269.jpg,0.2,0.0
20260317_231900_097968,img_20260317_231900_097968.jpg,0.2,0.0
20260317_231900_160199,img_20260317_231900_160199.jpg,0.2,0.0
20260317_231900_209226,img_20260317_231900_209226.jpg,0.2,0.0
20260317_231900_262080,img_20260317_231900_262080.jpg,0.2,0.0
20260317_231900_311714,img_20260317_231900_311714.jpg,0.2,0.0
20260317_231900_353070,img_20260317_231900_353070.jpg,0.2,0.0
20260317_231900_402713,img_20260317_231900_402713.jpg,0.2,0.0
20260317_231900_452231,img_20260317_231900_452231.jpg,0.2,0.0
20260317_231900_513896,img_20260317_231900_513896.jpg,0.2,0.0
20260317_231900_554553,img_20260317_231900_554553.jpg,0.2,0.0
20260317_231900_606394,img_20260317_231900_606394.jpg,0.2,0.0
20260317_231900_659355,img_20260317_231900_659355.jpg,0.2,0.0
20260317_231900_708662,img_20260317_231900_708662.jpg,0.2,0.0
20260317_231900_760124,img_20260317_231900_760124.jpg,0.2,0.0
20260317_231900_809691,img_20260317_231900_809691.jpg,0.2,0.0
20260317_231900_860834,img_20260317_231900_860834.jpg,0.2,0.0
20260317_231900_913313,img_20260317_231900_913313.jpg,0.2,0.0
20260317_231900_974219,img_20260317_231900_974219.jpg,0.2,0.0
20260317_231901_014559,img_20260317_231901_014559.jpg,0.2,0.0
20260317_231901_065178,img_20260317_231901_065178.jpg,0.2,0.0
20260317_231901_117114,img_20260317_231901_117114.jpg,0.2,0.0
20260317_231901_168733,img_20260317_231901_168733.jpg,0.2,0.0
20260317_231901_218698,img_20260317_231901_218698.jpg,0.2,0.0
20260317_231901_267921,img_20260317_231901_267921.jpg,0.2,0.0
20260317_231901_321618,img_20260317_231901_321618.jpg,0.2,0.0
20260317_231901_372582,img_20260317_231901_372582.jpg,0.2,0.0
20260317_231901_432284,img_20260317_231901_432284.jpg,0.2,0.0
20260317_231901_484135,img_20260317_231901_484135.jpg,0.2,0.0
20260317_231901_534303,img_20260317_231901_534303.jpg,0.2,0.0
20260317_231901_583467,img_20260317_231901_583467.jpg,0.2,0.0
20260317_231901_625193,img_20260317_231901_625193.jpg,0.2,0.0
20260317_231901_684729,img_20260317_231901_684729.jpg,0.2,0.0
20260317_231901_726859,img_20260317_231901_726859.jpg,0.2,0.0
20260317_231901_788562,img_20260317_231901_788562.jpg,0.2,0.0
20260317_231901_829052,img_20260317_231901_829052.jpg,0.2,0.0
20260317_231901_880454,img_20260317_231901_880454.jpg,0.2,0.0
20260317_231901_930307,img_20260317_231901_930307.jpg,0.2,0.0
20260317_231901_980134,img_20260317_231901_980134.jpg,0.2,0.0
20260317_231902_029785,img_20260317_231902_029785.jpg,0.2,0.0
20260317_231902_080078,img_20260317_231902_080078.jpg,0.2,0.0
20260317_231902_141118,img_20260317_231902_141118.jpg,0.2,0.0
20260317_231902_195028,img_20260317_231902_195028.jpg,0.2,0.0
20260317_231902_236225,img_20260317_231902_236225.jpg,0.2,0.0
20260317_231902_286115,img_20260317_231902_286115.jpg,0.2,0.0
20260317_231902_336326,img_20260317_231902_336326.jpg,0.2,0.0
20260317_231902_397828,img_20260317_231902_397828.jpg,0.2,0.0
20260317_231902_439107,img_20260317_231902_439107.jpg,0.2,0.0
20260317_231902_488337,img_20260317_231902_488337.jpg,0.2,0.0
20260317_231902_537924,img_20260317_231902_537924.jpg,0.2,0.0
20260317_231902_600880,img_20260317_231902_600880.jpg,0.2,0.0
20260317_231902_652368,img_20260317_231902_652368.jpg,0.2,0.0
20260317_231902_692523,img_20260317_231902_692523.jpg,0.2,0.0
20260317_231902_743539,img_20260317_231902_743539.jpg,0.2,0.0
20260317_231902_793578,img_20260317_231902_793578.jpg,0.2,0.0
20260317_231902_849442,img_20260317_231902_849442.jpg,0.2,0.0
20260317_231902_906839,img_20260317_231902_906839.jpg,0.2,0.0
20260317_231902_948262,img_20260317_231902_948262.jpg,0.2,0.0
20260317_231903_000446,img_20260317_231903_000446.jpg,0.2,0.0
20260317_231903_059606,img_20260317_231903_059606.jpg,0.2,0.0
20260317_231903_100361,img_20260317_231903_100361.jpg,0.2,0.0
20260317_231903_151006,img_20260317_231903_151006.jpg,0.2,0.0
20260317_231903_202976,img_20260317_231903_202976.jpg,0.2,0.0
20260317_231903_252583,img_20260317_231903_252583.jpg,0.2,0.0
20260317_231903_314606,img_20260317_231903_314606.jpg,0.2,0.0
20260317_231903_366406,img_20260317_231903_366406.jpg,0.2,0.0
20260317_231903_404441,img_20260317_231903_404441.jpg,0.2,0.0
20260317_231903_466502,img_20260317_231903_466502.jpg,0.2,0.0
20260317_231903_506233,img_20260317_231903_506233.jpg,0.2,0.0
20260317_231903_568700,img_20260317_231903_568700.jpg,0.2,0.0
20260317_231903_608141,img_20260317_231903_608141.jpg,0.2,0.0
20260317_231903_661319,img_20260317_231903_661319.jpg,0.2,0.0
20260317_231903_712675,img_20260317_231903_712675.jpg,0.2,0.0
20260317_231903_772617,img_20260317_231903_772617.jpg,0.2,0.0
20260317_231903_822746,img_20260317_231903_822746.jpg,0.2,0.0
20260317_231903_865374,img_20260317_231903_865374.jpg,0.2,0.0
20260317_231903_912001,img_20260317_231903_912001.jpg,0.2,0.0
20260317_231903_963908,img_20260317_231903_963908.jpg,0.2,0.0
20260317_231904_016797,img_20260317_231904_016797.jpg,0.2,0.0
20260317_231904_067020,img_20260317_231904_067020.jpg,0.2,0.0
20260317_231904_127138,img_20260317_231904_127138.jpg,0.2,0.0
20260317_231904_169267,img_20260317_231904_169267.jpg,0.2,0.0
20260317_231904_230897,img_20260317_231904_230897.jpg,0.2,0.0
20260317_231904_270306,img_20260317_231904_270306.jpg,0.2,0.0
20260317_231904_323762,img_20260317_231904_323762.jpg,0.2,0.0
20260317_231904_372159,img_20260317_231904_372159.jpg,0.2,0.0
20260317_231904_424563,img_20260317_231904_424563.jpg,0.2,0.0
20260317_231904_473843,img_20260317_231904_473843.jpg,0.2,0.0
20260317_231904_525607,img_20260317_231904_525607.jpg,0.2,0.0
20260317_231904_584888,img_20260317_231904_584888.jpg,0.2,0.0
20260317_231904_626797,img_20260317_231904_626797.jpg,0.2,0.0
20260317_231904_676780,img_20260317_231904_676780.jpg,0.2,0.0
20260317_231904_727550,img_20260317_231904_727550.jpg,0.2,0.0
20260317_231904_790933,img_20260317_231904_790933.jpg,0.2,0.0
20260317_231904_832437,img_20260317_231904_832437.jpg,0.2,0.0
20260317_231904_881238,img_20260317_231904_881238.jpg,0.2,0.0
20260317_231904_932156,img_20260317_231904_932156.jpg,0.2,0.0
20260317_231904_982727,img_20260317_231904_982727.jpg,0.2,0.0
20260317_231905_045201,img_20260317_231905_045201.jpg,0.2,0.0
20260317_231905_084505,img_20260317_231905_084505.jpg,0.2,0.0
20260317_231905_136278,img_20260317_231905_136278.jpg,0.2,0.0
20260317_231905_187393,img_20260317_231905_187393.jpg,0.2,0.0
20260317_231905_239644,img_20260317_231905_239644.jpg,0.2,0.0
20260317_231905_289792,img_20260317_231905_289792.jpg,0.2,0.0
20260317_231905_352465,img_20260317_231905_352465.jpg,0.2,0.0
20260317_231905_391514,img_20260317_231905_391514.jpg,0.2,0.0
20260317_231905_442417,img_20260317_231905_442417.jpg,0.2,0.0
20260317_231905_502497,img_20260317_231905_502497.jpg,0.2,0.0
20260317_231905_544107,img_20260317_231905_544107.jpg,0.2,0.0
20260317_231905_593457,img_20260317_231905_593457.jpg,0.2,0.0
20260317_231905_656061,img_20260317_231905_656061.jpg,0.2,0.0
20260317_231905_696200,img_20260317_231905_696200.jpg,0.2,0.0
20260317_231905_754121,img_20260317_231905_754121.jpg,0.2,0.0
20260317_231905_798565,img_20260317_231905_798565.jpg,0.2,0.0
20260317_231905_851724,img_20260317_231905_851724.jpg,0.2,0.0
20260317_231905_900334,img_20260317_231905_900334.jpg,0.2,0.0
20260317_231905_952366,img_20260317_231905_952366.jpg,0.2,0.0
20260317_231906_003563,img_20260317_231906_003563.jpg,0.2,0.0
20260317_231906_053191,img_20260317_231906_053191.jpg,0.2,0.0
20260317_231906_102542,img_20260317_231906_102542.jpg,0.2,0.0
20260317_231906_156046,img_20260317_231906_156046.jpg,0.2,0.0
20260317_231906_206278,img_20260317_231906_206278.jpg,0.2,0.0
20260317_231906_258509,img_20260317_231906_258509.jpg,0.2,0.0
20260317_231906_307229,img_20260317_231906_307229.jpg,0.2,0.0
20260317_231906_370428,img_20260317_231906_370428.jpg,0.2,0.0
20260317_231906_409728,img_20260317_231906_409728.jpg,0.2,0.0
20260317_231906_471521,img_20260317_231906_471521.jpg,0.2,0.0
20260317_231906_509863,img_20260317_231906_509863.jpg,0.2,0.0
20260317_231906_562097,img_20260317_231906_562097.jpg,0.2,0.0
20260317_231906_622406,img_20260317_231906_622406.jpg,0.2,0.0
20260317_231906_662599,img_20260317_231906_662599.jpg,0.2,0.0
20260317_231906_714182,img_20260317_231906_714182.jpg,0.2,0.0
20260317_231906_775753,img_20260317_231906_775753.jpg,0.2,0.0
20260317_231906_816142,img_20260317_231906_816142.jpg,0.2,0.0
20260317_231906_867119,img_20260317_231906_867119.jpg,0.2,0.0
20260317_231906_927459,img_20260317_231906_927459.jpg,0.2,0.0
20260317_231906_966925,img_20260317_231906_966925.jpg,0.2,0.0
20260317_231907_020047,img_20260317_231907_020047.jpg,0.2,0.0
20260317_231907_067199,img_20260317_231907_067199.jpg,0.2,0.0
20260317_231907_121001,img_20260317_231907_121001.jpg,0.2,0.0
20260317_231907_171344,img_20260317_231907_171344.jpg,0.2,0.0
20260317_231907_219848,img_20260317_231907_219848.jpg,0.2,0.0
20260317_231907_281569,img_20260317_231907_281569.jpg,0.2,0.0
20260317_231907_334841,img_20260317_231907_334841.jpg,0.2,0.0
20260317_231907_374167,img_20260317_231907_374167.jpg,0.2,0.0
20260317_231907_426311,img_20260317_231907_426311.jpg,0.2,0.0
20260317_231907_484577,img_20260317_231907_484577.jpg,0.2,0.0
20260317_231907_537998,img_20260317_231907_537998.jpg,0.2,0.0
20260317_231907_585453,img_20260317_231907_585453.jpg,0.2,0.0
20260317_231907_628088,img_20260317_231907_628088.jpg,0.2,0.0
20260317_231907_676494,img_20260317_231907_676494.jpg,0.2,0.0
20260317_231907_729291,img_20260317_231907_729291.jpg,0.2,0.0
20260317_231907_781408,img_20260317_231907_781408.jpg,0.2,0.0
20260317_231907_833351,img_20260317_231907_833351.jpg,0.2,0.0
20260317_231907_882216,img_20260317_231907_882216.jpg,0.2,0.0
20260317_231907_935259,img_20260317_231907_935259.jpg,0.2,0.0
20260317_231907_983719,img_20260317_231907_983719.jpg,0.2,0.0
20260317_231908_047270,img_20260317_231908_047270.jpg,0.2,0.0
20260317_231908_097306,img_20260317_231908_097306.jpg,0.2,0.0
20260317_231908_136401,img_20260317_231908_136401.jpg,0.2,0.0
20260317_231908_198795,img_20260317_231908_198795.jpg,0.2,0.0
20260317_231908_240159,img_20260317_231908_240159.jpg,0.2,0.0
20260317_231908_292945,img_20260317_231908_292945.jpg,0.2,0.0
20260317_231908_354835,img_20260317_231908_354835.jpg,0.2,0.0
20260317_231908_394691,img_20260317_231908_394691.jpg,0.2,0.0
20260317_231908_455961,img_20260317_231908_455961.jpg,0.2,0.0
20260317_231908_506273,img_20260317_231908_506273.jpg,0.2,0.0
20260317_231908_559723,img_20260317_231908_559723.jpg,0.2,0.0
20260317_231908_599747,img_20260317_231908_599747.jpg,0.2,0.0
20260317_231908_648674,img_20260317_231908_648674.jpg,0.2,0.0
20260317_231908_700242,img_20260317_231908_700242.jpg,0.2,0.0
20260317_231908_760452,img_20260317_231908_760452.jpg,0.2,0.0
20260317_231908_801858,img_20260317_231908_801858.jpg,0.2,0.0
20260317_231908_855338,img_20260317_231908_855338.jpg,0.2,0.0
20260317_231908_903583,img_20260317_231908_903583.jpg,0.2,0.0
20260317_231908_954966,img_20260317_231908_954966.jpg,0.2,0.0
20260317_231909_006099,img_20260317_231909_006099.jpg,0.2,0.0
20260317_231909_057137,img_20260317_231909_057137.jpg,0.2,0.0
20260317_231909_107438,img_20260317_231909_107438.jpg,0.2,0.0
20260317_231908_413895,img_20260317_231908_413895.jpg,0.2,0.0
20260317_231908_464340,img_20260317_231908_464340.jpg,0.2,0.0
20260317_231908_525089,img_20260317_231908_525089.jpg,0.2,0.0
20260317_231908_578230,img_20260317_231908_578230.jpg,0.2,0.0
20260317_231908_626476,img_20260317_231908_626476.jpg,0.2,0.0
20260317_231908_677786,img_20260317_231908_677786.jpg,0.2,0.0
20260317_231908_727318,img_20260317_231908_727318.jpg,0.2,0.0
20260317_231908_778748,img_20260317_231908_778748.jpg,0.2,0.0
20260317_231908_829113,img_20260317_231908_829113.jpg,0.2,0.0
20260317_231908_877696,img_20260317_231908_877696.jpg,0.2,0.0
20260317_231908_920172,img_20260317_231908_920172.jpg,0.2,0.0
20260317_231908_980446,img_20260317_231908_980446.jpg,0.2,0.0
20260317_231909_031829,img_20260317_231909_031829.jpg,0.2,0.0
20260317_231909_085570,img_20260317_231909_085570.jpg,0.2,0.0
20260317_231909_124820,img_20260317_231909_124820.jpg,0.2,0.0
20260317_231909_176320,img_20260317_231909_176320.jpg,0.2,0.0
20260317_231909_227330,img_20260317_231909_227330.jpg,0.2,0.0
20260317_231909_279693,img_20260317_231909_279693.jpg,0.2,0.0
20260317_231909_329079,img_20260317_231909_329079.jpg,0.2,0.0
20260317_231909_380738,img_20260317_231909_380738.jpg,0.2,0.0
20260317_231909_432284,img_20260317_231909_432284.jpg,0.2,0.0
20260317_231909_483149,img_20260317_231909_483149.jpg,0.2,0.0
20260317_231909_533199,img_20260317_231909_533199.jpg,0.2,0.0
20260317_231909_592524,img_20260317_231909_592524.jpg,0.2,0.0
20260317_231909_633565,img_20260317_231909_633565.jpg,0.2,0.0
20260317_231909_683701,img_20260317_231909_683701.jpg,0.2,0.0
20260317_231909_734502,img_20260317_231909_734502.jpg,0.2,0.0
20260317_231909_785431,img_20260317_231909_785431.jpg,0.2,0.0
20260317_231909_848492,img_20260317_231909_848492.jpg,0.2,0.0
20260317_231909_887465,img_20260317_231909_887465.jpg,0.2,0.0
20260317_231909_936063,img_20260317_231909_936063.jpg,0.2,0.0
20260317_231909_997471,img_20260317_231909_997471.jpg,0.2,0.0
20260317_231910_040313,img_20260317_231910_040313.jpg,0.2,0.0
20260317_231910_102351,img_20260317_231910_102351.jpg,0.2,0.0
20260317_231910_141800,img_20260317_231910_141800.jpg,0.2,0.0
20260317_231910_193374,img_20260317_231910_193374.jpg,0.2,0.0
20260317_231910_253745,img_20260317_231910_253745.jpg,0.2,0.0
20260317_231910_302032,img_20260317_231910_302032.jpg,0.2,0.0
20260317_231910_354972,img_20260317_231910_354972.jpg,0.2,0.0
20260317_231910_395964,img_20260317_231910_395964.jpg,0.2,0.0
20260317_231910_447142,img_20260317_231910_447142.jpg,0.2,0.0
20260317_231910_496272,img_20260317_231910_496272.jpg,0.2,0.0
20260317_231910_547611,img_20260317_231910_547611.jpg,0.2,0.0
20260317_231910_602143,img_20260317_231910_602143.jpg,0.2,0.0
20260317_231910_650805,img_20260317_231910_650805.jpg,0.2,0.0
20260317_231910_709470,img_20260317_231910_709470.jpg,0.2,0.0
20260317_231910_750756,img_20260317_231910_750756.jpg,0.2,0.0
20260317_231910_802121,img_20260317_231910_802121.jpg,0.2,0.0
20260317_231910_864014,img_20260317_231910_864014.jpg,0.2,0.0
20260317_231910_915000,img_20260317_231910_915000.jpg,0.2,0.0
20260317_231910_955726,img_20260317_231910_955726.jpg,0.2,0.0
20260317_231911_016494,img_20260317_231911_016494.jpg,0.2,0.0
20260317_231911_055606,img_20260317_231911_055606.jpg,0.2,0.0
20260317_231911_108036,img_20260317_231911_108036.jpg,0.2,0.0
20260317_231911_155764,img_20260317_231911_155764.jpg,0.2,0.0
20260317_231911_209279,img_20260317_231911_209279.jpg,0.2,0.0
20260317_231911_258904,img_20260317_231911_258904.jpg,0.2,0.0
20260317_231911_308572,img_20260317_231911_308572.jpg,0.2,0.0
20260317_231911_359917,img_20260317_231911_359917.jpg,0.2,0.0
20260317_231911_421027,img_20260317_231911_421027.jpg,0.2,0.0
20260317_231911_461536,img_20260317_231911_461536.jpg,0.2,0.0
20260317_231911_522753,img_20260317_231911_522753.jpg,0.2,0.0
20260317_231911_565321,img_20260317_231911_565321.jpg,0.2,0.0
20260317_231911_615834,img_20260317_231911_615834.jpg,0.2,0.0
20260317_231911_665519,img_20260317_231911_665519.jpg,0.2,0.0
20260317_231911_715733,img_20260317_231911_715733.jpg,0.2,0.0
20260317_231911_778742,img_20260317_231911_778742.jpg,0.2,0.0
20260317_231911_819292,img_20260317_231911_819292.jpg,0.2,0.0
20260317_231911_879828,img_20260317_231911_879828.jpg,0.2,0.0
20260317_231911_930389,img_20260317_231911_930389.jpg,0.2,0.0
20260317_231911_981772,img_20260317_231911_981772.jpg,0.2,0.0
20260317_231912_019999,img_20260317_231912_019999.jpg,0.2,0.0
20260317_231912_071558,img_20260317_231912_071558.jpg,0.2,0.0
20260317_231912_121587,img_20260317_231912_121587.jpg,0.2,0.0
20260317_231912_171514,img_20260317_231912_171514.jpg,0.2,0.0
20260317_231912_224001,img_20260317_231912_224001.jpg,0.2,0.0
20260317_231912_274471,img_20260317_231912_274471.jpg,0.2,0.0
20260317_231912_336708,img_20260317_231912_336708.jpg,0.2,0.0
20260317_231912_374668,img_20260317_231912_374668.jpg,0.2,0.0
20260317_231912_439397,img_20260317_231912_439397.jpg,0.2,0.0
20260317_231912_479910,img_20260317_231912_479910.jpg,0.2,0.0
20260317_231912_530605,img_20260317_231912_530605.jpg,0.2,0.0
20260317_231912_581024,img_20260317_231912_581024.jpg,0.2,0.0
20260317_231912_632500,img_20260317_231912_632500.jpg,0.2,0.0
20260317_231912_683812,img_20260317_231912_683812.jpg,0.2,0.0
20260317_231912_732597,img_20260317_231912_732597.jpg,0.2,0.0
20260317_231912_783289,img_20260317_231912_783289.jpg,0.2,0.0
20260317_231912_836125,img_20260317_231912_836125.jpg,0.2,0.0
20260317_231912_898120,img_20260317_231912_898120.jpg,0.2,0.0
20260317_231912_947881,img_20260317_231912_947881.jpg,0.2,0.0
20260317_231912_999757,img_20260317_231912_999757.jpg,0.2,0.0
20260317_231913_040638,img_20260317_231913_040638.jpg,0.2,0.0
20260317_231913_100644,img_20260317_231913_100644.jpg,0.2,0.0
20260317_231913_141345,img_20260317_231913_141345.jpg,0.2,0.0
20260317_231913_201788,img_20260317_231913_201788.jpg,0.2,0.0
20260317_231913_252846,img_20260317_231913_252846.jpg,0.2,0.0
20260317_231913_305664,img_20260317_231913_305664.jpg,0.2,0.0
20260317_231913_343086,img_20260317_231913_343086.jpg,0.2,0.0
20260317_231913_392934,img_20260317_231913_392934.jpg,0.2,0.0
20260317_231913_445882,img_20260317_231913_445882.jpg,0.2,0.0
20260317_231913_507474,img_20260317_231913_507474.jpg,0.2,0.0
20260317_231913_548021,img_20260317_231913_548021.jpg,0.2,0.0
20260317_231913_607386,img_20260317_231913_607386.jpg,0.2,0.0
20260317_231913_648161,img_20260317_231913_648161.jpg,0.2,0.0
20260317_231913_698759,img_20260317_231913_698759.jpg,0.2,0.0
20260317_231913_748158,img_20260317_231913_748158.jpg,0.2,0.0
20260317_231913_807925,img_20260317_231913_807925.jpg,0.2,0.0
20260317_231913_849800,img_20260317_231913_849800.jpg,0.2,0.0
20260317_231913_902408,img_20260317_231913_902408.jpg,0.2,0.0
20260317_231913_952587,img_20260317_231913_952587.jpg,0.2,0.0
20260317_231914_002621,img_20260317_231914_002621.jpg,0.2,0.0
20260317_231914_052463,img_20260317_231914_052463.jpg,0.2,0.0
20260317_231914_113225,img_20260317_231914_113225.jpg,0.2,0.0
20260317_231914_154862,img_20260317_231914_154862.jpg,0.2,0.0
20260317_231914_205348,img_20260317_231914_205348.jpg,0.2,0.0
20260317_231914_255435,img_20260317_231914_255435.jpg,0.2,0.0
20260317_231914_306010,img_20260317_231914_306010.jpg,0.2,0.0
20260317_231914_357088,img_20260317_231914_357088.jpg,0.2,0.0
20260317_231914_406953,img_20260317_231914_406953.jpg,0.2,0.0
20260317_231914_459881,img_20260317_231914_459881.jpg,0.2,0.0
20260317_231914_510921,img_20260317_231914_510921.jpg,0.2,0.0
20260317_231914_562239,img_20260317_231914_562239.jpg,0.2,0.0
20260317_231914_623035,img_20260317_231914_623035.jpg,0.2,0.0
20260317_231914_664412,img_20260317_231914_664412.jpg,0.2,0.0
20260317_231914_716096,img_20260317_231914_716096.jpg,0.2,0.0
20260317_231914_765881,img_20260317_231914_765881.jpg,0.2,0.0
20260317_231914_816363,img_20260317_231914_816363.jpg,0.2,0.0
20260317_231914_866195,img_20260317_231914_866195.jpg,0.2,0.0
20260317_231914_917328,img_20260317_231914_917328.jpg,0.2,0.0
20260317_231914_968533,img_20260317_231914_968533.jpg,0.2,0.0
20260317_231915_020048,img_20260317_231915_020048.jpg,0.2,0.0
20260317_231915_070501,img_20260317_231915_070501.jpg,0.2,0.0
20260317_231915_123135,img_20260317_231915_123135.jpg,0.2,0.0
20260317_231915_183388,img_20260317_231915_183388.jpg,0.2,0.0
20260317_231915_232050,img_20260317_231915_232050.jpg,0.2,0.0
20260317_231915_270580,img_20260317_231915_270580.jpg,0.2,0.0
20260317_231915_321044,img_20260317_231915_321044.jpg,0.2,0.0
20260317_231915_385003,img_20260317_231915_385003.jpg,0.2,0.0
20260317_231915_425001,img_20260317_231915_425001.jpg,0.2,0.0
20260317_231915_486519,img_20260317_231915_486519.jpg,0.2,0.0
20260317_231915_537361,img_20260317_231915_537361.jpg,0.2,0.0
20260317_231915_579987,img_20260317_231915_579987.jpg,0.2,0.0
20260317_231915_638565,img_20260317_231915_638565.jpg,0.2,0.0
20260317_231915_680138,img_20260317_231915_680138.jpg,0.2,0.0
20260317_231915_732019,img_20260317_231915_732019.jpg,0.2,0.0
20260317_231915_782626,img_20260317_231915_782626.jpg,0.2,0.0
20260317_231915_833883,img_20260317_231915_833883.jpg,0.2,0.0
20260317_231915_893085,img_20260317_231915_893085.jpg,0.2,0.0
20260317_231915_935822,img_20260317_231915_935822.jpg,0.2,0.0
20260317_231915_985441,img_20260317_231915_985441.jpg,0.2,0.0
20260317_231916_037112,img_20260317_231916_037112.jpg,0.2,0.0
20260317_231916_085082,img_20260317_231916_085082.jpg,0.2,0.0
20260317_231916_136998,img_20260317_231916_136998.jpg,0.2,0.0
20260317_231916_188265,img_20260317_231916_188265.jpg,0.2,0.0
20260317_231916_239729,img_20260317_231916_239729.jpg,0.2,0.0
20260317_231916_288585,img_20260317_231916_288585.jpg,0.2,0.0
20260317_231916_352068,img_20260317_231916_352068.jpg,0.2,0.0
20260317_231916_392539,img_20260317_231916_392539.jpg,0.2,0.0
20260317_231916_441655,img_20260317_231916_441655.jpg,0.2,0.0
20260317_231916_490569,img_20260317_231916_490569.jpg,0.2,0.0
20260317_231916_544255,img_20260317_231916_544255.jpg,0.2,0.0
20260317_231916_604661,img_20260317_231916_604661.jpg,0.2,0.0
20260317_231916_653436,img_20260317_231916_653436.jpg,0.2,0.0
20260317_231916_705398,img_20260317_231916_705398.jpg,0.2,0.0
20260317_231916_756183,img_20260317_231916_756183.jpg,0.2,0.0
20260317_231916_798350,img_20260317_231916_798350.jpg,0.2,0.0
20260317_231916_848806,img_20260317_231916_848806.jpg,0.2,0.0
20260317_231916_908451,img_20260317_231916_908451.jpg,0.2,0.0
20260317_231916_951516,img_20260317_231916_951516.jpg,0.2,0.0
20260317_231917_010610,img_20260317_231917_010610.jpg,0.2,0.0
20260317_231917_061177,img_20260317_231917_061177.jpg,0.2,0.0
20260317_231917_104196,img_20260317_231917_104196.jpg,0.2,0.0
20260317_231917_161937,img_20260317_231917_161937.jpg,0.2,0.0
20260317_231917_204799,img_20260317_231917_204799.jpg,0.2,0.0
20260317_231917_257818,img_20260317_231917_257818.jpg,0.2,0.0
20260317_231917_307964,img_20260317_231917_307964.jpg,0.2,0.0
20260317_231917_356832,img_20260317_231917_356832.jpg,0.2,0.0
20260317_231917_409370,img_20260317_231917_409370.jpg,0.2,0.0
20260317_231917_469649,img_20260317_231917_469649.jpg,0.2,0.0
20260317_231917_521340,img_20260317_231917_521340.jpg,0.2,0.0
20260317_231917_562886,img_20260317_231917_562886.jpg,0.2,0.0
20260317_231917_612688,img_20260317_231917_612688.jpg,0.2,0.0
20260317_231917_662383,img_20260317_231917_662383.jpg,0.2,0.0
20260317_231917_724043,img_20260317_231917_724043.jpg,0.2,0.0
20260317_231917_776998,img_20260317_231917_776998.jpg,0.2,0.0
20260317_231917_815151,img_20260317_231917_815151.jpg,0.2,0.0
20260317_231917_877276,img_20260317_231917_877276.jpg,0.2,0.0
20260317_231917_918500,img_20260317_231917_918500.jpg,0.2,0.0
20260317_231917_979274,img_20260317_231917_979274.jpg,0.2,0.0
20260317_231918_031715,img_20260317_231918_031715.jpg,0.2,0.0
20260317_231918_080708,img_20260317_231918_080708.jpg,0.2,0.0
20260317_231918_121326,img_20260317_231918_121326.jpg,0.2,0.0
20260317_231918_171929,img_20260317_231918_171929.jpg,0.2,0.0
20260317_231918_223343,img_20260317_231918_223343.jpg,0.2,0.0
20260317_231918_277053,img_20260317_231918_277053.jpg,0.2,0.0
20260317_231918_327389,img_20260317_231918_327389.jpg,0.2,0.0
20260317_231918_380256,img_20260317_231918_380256.jpg,0.2,0.0
20260317_231918_440321,img_20260317_231918_440321.jpg,0.2,0.0
20260317_231918_481600,img_20260317_231918_481600.jpg,0.2,0.0
20260317_231918_543110,img_20260317_231918_543110.jpg,0.2,0.0
20260317_231918_594000,img_20260317_231918_594000.jpg,0.2,0.0
20260317_231918_635135,img_20260317_231918_635135.jpg,0.2,0.0
20260317_231918_686701,img_20260317_231918_686701.jpg,0.2,0.0
20260317_231918_747302,img_20260317_231918_747302.jpg,0.2,0.0
20260317_231918_798383,img_20260317_231918_798383.jpg,0.2,0.0
20260317_231918_837441,img_20260317_231918_837441.jpg,0.2,0.0
20260317_231918_889285,img_20260317_231918_889285.jpg,0.2,0.0
20260317_231918_938224,img_20260317_231918_938224.jpg,0.2,0.0
20260317_231918_990379,img_20260317_231918_990379.jpg,0.2,0.0
20260317_231919_052385,img_20260317_231919_052385.jpg,0.2,0.0
20260317_231919_090887,img_20260317_231919_090887.jpg,0.2,0.0
20260317_231919_152238,img_20260317_231919_152238.jpg,0.2,0.0
20260317_231919_193001,img_20260317_231919_193001.jpg,0.2,0.0
20260317_231919_247861,img_20260317_231919_247861.jpg,0.2,0.0
20260317_231919_297688,img_20260317_231919_297688.jpg,0.2,0.0
20260317_231919_347138,img_20260317_231919_347138.jpg,0.2,0.0
20260317_231919_397896,img_20260317_231919_397896.jpg,0.2,0.0
20260317_231919_447535,img_20260317_231919_447535.jpg,0.2,0.0
20260317_231919_501683,img_20260317_231919_501683.jpg,0.2,0.0
20260317_231919_550010,img_20260317_231919_550010.jpg,0.2,0.0
20260317_231919_610376,img_20260317_231919_610376.jpg,0.2,0.0
20260317_231919_649181,img_20260317_231919_649181.jpg,0.2,0.0
20260317_231919_712118,img_20260317_231919_712118.jpg,0.2,0.0
20260317_231919_765086,img_20260317_231919_765086.jpg,0.2,0.0
20260317_231919_803187,img_20260317_231919_803187.jpg,0.2,0.0
20260317_231919_854284,img_20260317_231919_854284.jpg,0.2,0.0
20260317_231919_905172,img_20260317_231919_905172.jpg,0.2,0.0
20260317_231919_957568,img_20260317_231919_957568.jpg,0.2,0.0
20260317_231920_008833,img_20260317_231920_008833.jpg,0.2,0.0
20260317_231920_060108,img_20260317_231920_060108.jpg,0.2,0.0
20260317_231920_120224,img_20260317_231920_120224.jpg,0.2,0.0
20260317_231920_172529,img_20260317_231920_172529.jpg,0.2,0.0
20260317_231920_208854,img_20260317_231920_208854.jpg,0.2,0.0
20260317_231920_261350,img_20260317_231920_261350.jpg,0.2,0.0
20260317_231920_311033,img_20260317_231920_311033.jpg,0.2,0.0
20260317_231920_362081,img_20260317_231920_362081.jpg,0.2,0.0
20260317_231920_413046,img_20260317_231920_413046.jpg,0.2,0.0
20260317_231920_465455,img_20260317_231920_465455.jpg,0.2,0.0
20260317_231920_525496,img_20260317_231920_525496.jpg,0.2,0.0
20260317_231920_580221,img_20260317_231920_580221.jpg,0.2,0.0
20260317_231920_617311,img_20260317_231920_617311.jpg,0.2,0.0
20260317_231920_669919,img_20260317_231920_669919.jpg,0.2,0.0
20260317_231920_719536,img_20260317_231920_719536.jpg,0.2,0.0
20260317_231920_774295,img_20260317_231920_774295.jpg,0.2,0.0
20260317_231920_833037,img_20260317_231920_833037.jpg,0.2,0.0
20260317_231920_886639,img_20260317_231920_886639.jpg,0.2,0.0
20260317_231920_926160,img_20260317_231920_926160.jpg,0.2,0.0
20260317_231920_988459,img_20260317_231920_988459.jpg,0.2,0.0
20260317_231921_029228,img_20260317_231921_029228.jpg,0.2,0.0
20260317_231921_079541,img_20260317_231921_079541.jpg,0.2,0.0
20260317_231921_129370,img_20260317_231921_129370.jpg,0.2,0.0
20260317_231921_190838,img_20260317_231921_190838.jpg,0.2,0.0
20260317_231921_230446,img_20260317_231921_230446.jpg,0.2,0.0
20260317_231921_282502,img_20260317_231921_282502.jpg,0.2,0.0
20260317_231921_333361,img_20260317_231921_333361.jpg,0.2,0.0
20260317_231921_395107,img_20260317_231921_395107.jpg,0.2,0.0
20260317_231921_446880,img_20260317_231921_446880.jpg,0.2,0.0
20260317_231921_487046,img_20260317_231921_487046.jpg,0.2,0.0
20260317_231921_550022,img_20260317_231921_550022.jpg,0.2,0.0
20260317_231921_601715,img_20260317_231921_601715.jpg,0.2,0.0
20260317_231921_650606,img_20260317_231921_650606.jpg,0.2,0.0
20260317_231921_703602,img_20260317_231921_703602.jpg,0.2,0.0
20260317_231921_755201,img_20260317_231921_755201.jpg,0.2,0.0
20260317_231921_805844,img_20260317_231921_805844.jpg,0.2,0.0
20260317_231921_846726,img_20260317_231921_846726.jpg,0.2,0.0
20260317_231921_898098,img_20260317_231921_898098.jpg,0.2,0.0
20260317_231921_949186,img_20260317_231921_949186.jpg,0.2,0.0
20260317_231922_000644,img_20260317_231922_000644.jpg,0.2,0.0
20260317_231922_061864,img_20260317_231922_061864.jpg,0.2,0.0
20260317_231922_102735,img_20260317_231922_102735.jpg,0.2,0.0
20260317_231922_162164,img_20260317_231922_162164.jpg,0.2,0.0
20260317_231922_204047,img_20260317_231922_204047.jpg,0.2,0.0
20260317_231922_253810,img_20260317_231922_253810.jpg,0.2,0.0
20260317_231922_316893,img_20260317_231922_316893.jpg,0.2,0.0
20260317_231922_357153,img_20260317_231922_357153.jpg,0.2,0.0
20260317_231922_407379,img_20260317_231922_407379.jpg,0.2,0.0
20260317_231922_459791,img_20260317_231922_459791.jpg,0.2,0.0
20260317_231922_523601,img_20260317_231922_523601.jpg,0.2,0.0
20260317_231922_561649,img_20260317_231922_561649.jpg,0.2,0.0
20260317_231922_623616,img_20260317_231922_623616.jpg,0.2,0.0
20260317_231922_674182,img_20260317_231922_674182.jpg,0.2,0.0
20260317_231922_728187,img_20260317_231922_728187.jpg,0.2,0.0
20260317_231922_766621,img_20260317_231922_766621.jpg,0.2,0.0
20260317_231922_829598,img_20260317_231922_829598.jpg,0.2,0.0
20260317_231922_868869,img_20260317_231922_868869.jpg,0.2,0.0
20260317_231922_928887,img_20260317_231922_928887.jpg,0.2,0.0
20260317_231922_981674,img_20260317_231922_981674.jpg,0.2,0.0
20260317_231923_021198,img_20260317_231923_021198.jpg,0.2,0.0
20260317_231923_072158,img_20260317_231923_072158.jpg,0.2,0.0
20260317_231923_125219,img_20260317_231923_125219.jpg,0.2,0.0
20260317_231923_187357,img_20260317_231923_187357.jpg,0.2,0.0
20260317_231923_233684,img_20260317_231923_233684.jpg,0.2,0.0
20260317_231923_276067,img_20260317_231923_276067.jpg,0.2,0.0
20260317_231923_336823,img_20260317_231923_336823.jpg,0.2,0.0
20260317_231923_377845,img_20260317_231923_377845.jpg,0.2,0.0
20260317_231923_428476,img_20260317_231923_428476.jpg,0.2,0.0
20260317_231923_489139,img_20260317_231923_489139.jpg,0.2,0.0
20260317_231923_531117,img_20260317_231923_531117.jpg,0.2,0.0
20260317_231923_581669,img_20260317_231923_581669.jpg,0.2,0.0
20260317_231923_631180,img_20260317_231923_631180.jpg,0.2,0.0
20260317_231923_683061,img_20260317_231923_683061.jpg,0.2,0.0
20260317_231923_733084,img_20260317_231923_733084.jpg,0.2,0.0
20260317_231923_796712,img_20260317_231923_796712.jpg,0.2,0.0
20260317_231923_836612,img_20260317_231923_836612.jpg,0.2,0.0
20260317_231923_887665,img_20260317_231923_887665.jpg,0.2,0.0
20260317_231923_937919,img_20260317_231923_937919.jpg,0.2,0.0
20260317_231923_989187,img_20260317_231923_989187.jpg,0.2,0.0
20260317_231924_040017,img_20260317_231924_040017.jpg,0.2,0.0
20260317_231924_091024,img_20260317_231924_091024.jpg,0.2,0.0
20260317_231924_142707,img_20260317_231924_142707.jpg,0.2,0.0
20260317_231924_192169,img_20260317_231924_192169.jpg,0.2,0.0
20260317_231924_243715,img_20260317_231924_243715.jpg,0.2,0.0
20260317_231924_292684,img_20260317_231924_292684.jpg,0.2,0.0
20260317_231924_344491,img_20260317_231924_344491.jpg,0.2,0.0
20260317_231924_396721,img_20260317_231924_396721.jpg,0.2,0.0
20260317_231924_446106,img_20260317_231924_446106.jpg,0.2,0.0
20260317_231924_508013,img_20260317_231924_508013.jpg,0.2,0.0
20260317_231924_550183,img_20260317_231924_550183.jpg,0.2,0.0
20260317_231924_599888,img_20260317_231924_599888.jpg,0.2,0.0
20260317_231924_660444,img_20260317_231924_660444.jpg,0.2,0.0
20260317_231924_700767,img_20260317_231924_700767.jpg,0.2,0.0
20260317_231924_754981,img_20260317_231924_754981.jpg,0.2,0.0
20260317_231924_814394,img_20260317_231924_814394.jpg,0.2,0.0
20260317_231924_867569,img_20260317_231924_867569.jpg,0.2,0.0
20260317_231924_907534,img_20260317_231924_907534.jpg,0.2,0.0
20260317_231924_968347,img_20260317_231924_968347.jpg,0.2,0.0
20260317_231925_008109,img_20260317_231925_008109.jpg,0.2,0.0
20260317_231925_058575,img_20260317_231925_058575.jpg,0.2,0.0
20260317_231925_111720,img_20260317_231925_111720.jpg,0.2,0.0
20260317_231925_171220,img_20260317_231925_171220.jpg,0.2,0.0
20260317_231925_221557,img_20260317_231925_221557.jpg,0.2,0.0
20260317_231925_263530,img_20260317_231925_263530.jpg,0.2,0.0
20260317_231925_310618,img_20260317_231925_310618.jpg,0.2,0.0
20260317_231925_365888,img_20260317_231925_365888.jpg,0.2,0.0
20260317_231925_415671,img_20260317_231925_415671.jpg,0.2,0.0
20260317_231925_476809,img_20260317_231925_476809.jpg,0.2,0.0
20260317_231925_518035,img_20260317_231925_518035.jpg,0.2,0.0
20260317_231925_579557,img_20260317_231925_579557.jpg,0.2,0.0
20260317_231925_618112,img_20260317_231925_618112.jpg,0.2,0.0
20260317_231925_670180,img_20260317_231925_670180.jpg,0.2,0.0
20260317_231925_719901,img_20260317_231925_719901.jpg,0.2,0.0
20260317_231925_783310,img_20260317_231925_783310.jpg,0.2,0.0
20260317_231925_821979,img_20260317_231925_821979.jpg,0.2,0.0
20260317_231925_875836,img_20260317_231925_875836.jpg,0.2,0.0
20260317_231925_935436,img_20260317_231925_935436.jpg,0.2,0.0
20260317_231925_987522,img_20260317_231925_987522.jpg,0.2,0.0
20260317_231926_026289,img_20260317_231926_026289.jpg,0.2,0.0
20260317_231926_078201,img_20260317_231926_078201.jpg,0.2,0.0
20260317_231926_128263,img_20260317_231926_128263.jpg,0.2,0.0
20260317_231926_178720,img_20260317_231926_178720.jpg,0.2,0.0
20260317_231926_240063,img_20260317_231926_240063.jpg,0.2,0.0
20260317_231926_290606,img_20260317_231926_290606.jpg,0.2,0.0
20260317_231926_340128,img_20260317_231926_340128.jpg,0.2,0.0
20260317_231926_380278,img_20260317_231926_380278.jpg,0.2,0.0
20260317_231926_430444,img_20260317_231926_430444.jpg,0.2,0.0
20260317_231926_484062,img_20260317_231926_484062.jpg,0.2,0.0
20260317_231926_534206,img_20260317_231926_534206.jpg,0.2,0.0
20260317_231926_582972,img_20260317_231926_582972.jpg,0.2,0.0
20260317_231926_636084,img_20260317_231926_636084.jpg,0.2,0.0
20260317_231926_685580,img_20260317_231926_685580.jpg,0.2,0.0
20260317_231926_746746,img_20260317_231926_746746.jpg,0.2,0.0
20260317_231926_788277,img_20260317_231926_788277.jpg,0.2,0.0
20260317_231926_841017,img_20260317_231926_841017.jpg,0.2,0.0
20260317_231926_889110,img_20260317_231926_889110.jpg,0.2,0.0
20260317_231926_951329,img_20260317_231926_951329.jpg,0.2,0.0
20260317_231927_003807,img_20260317_231927_003807.jpg,0.2,0.0
20260317_231927_053334,img_20260317_231927_053334.jpg,0.2,0.0
20260317_231927_093920,img_20260317_231927_093920.jpg,0.2,0.0
20260317_231927_154910,img_20260317_231927_154910.jpg,0.2,0.0
20260317_231927_205937,img_20260317_231927_205937.jpg,0.2,0.0
20260317_231927_247490,img_20260317_231927_247490.jpg,0.2,0.0
20260317_231927_308153,img_20260317_231927_308153.jpg,0.2,0.0
20260317_231927_357606,img_20260317_231927_357606.jpg,0.2,0.0
20260317_231927_397390,img_20260317_231927_397390.jpg,0.2,0.0
20260317_231927_449823,img_20260317_231927_449823.jpg,0.2,0.0
20260317_231927_499631,img_20260317_231927_499631.jpg,0.2,0.0
20260317_231927_550221,img_20260317_231927_550221.jpg,0.2,0.0
20260317_231927_602864,img_20260317_231927_602864.jpg,0.2,0.0
20260317_231927_653698,img_20260317_231927_653698.jpg,0.2,0.0
20260317_231927_701814,img_20260317_231927_701814.jpg,0.2,0.0
20260317_231927_753880,img_20260317_231927_753880.jpg,0.2,0.0
20260317_231927_805067,img_20260317_231927_805067.jpg,0.2,0.0
20260317_231927_867441,img_20260317_231927_867441.jpg,0.2,0.0
20260317_231927_908118,img_20260317_231927_908118.jpg,0.2,0.0
20260317_231927_958246,img_20260317_231927_958246.jpg,0.2,0.0
20260317_231928_007650,img_20260317_231928_007650.jpg,0.2,0.0
20260317_231928_065991,img_20260317_231928_065991.jpg,0.2,0.0
20260317_231928_110097,img_20260317_231928_110097.jpg,0.2,0.0
20260317_231928_170580,img_20260317_231928_170580.jpg,0.2,0.0
20260317_231928_221599,img_20260317_231928_221599.jpg,0.2,0.0
20260317_231928_272657,img_20260317_231928_272657.jpg,0.2,0.0
20260317_231928_311601,img_20260317_231928_311601.jpg,0.2,0.0
20260317_231928_367617,img_20260317_231928_367617.jpg,0.2,0.0
20260317_231928_424307,img_20260317_231928_424307.jpg,0.2,0.0
20260317_231928_477278,img_20260317_231928_477278.jpg,0.2,0.0
20260317_231928_517593,img_20260317_231928_517593.jpg,0.2,0.0
20260317_231928_579607,img_20260317_231928_579607.jpg,0.2,0.0
20260317_231928_618756,img_20260317_231928_618756.jpg,0.2,0.0
20260317_231928_682165,img_20260317_231928_682165.jpg,0.2,0.0
20260317_231928_732668,img_20260317_231928_732668.jpg,0.2,0.0
20260317_231928_774330,img_20260317_231928_774330.jpg,0.2,0.0
20260317_231928_824219,img_20260317_231928_824219.jpg,0.2,0.0
20260317_231928_873896,img_20260317_231928_873896.jpg,0.2,0.0
20260317_231928_935751,img_20260317_231928_935751.jpg,0.2,0.0
20260317_231928_976994,img_20260317_231928_976994.jpg,0.2,0.0
20260317_231929_027232,img_20260317_231929_027232.jpg,0.2,0.0
20260317_231929_088144,img_20260317_231929_088144.jpg,0.2,0.0
20260317_231929_139320,img_20260317_231929_139320.jpg,0.2,0.0
20260317_231929_178998,img_20260317_231929_178998.jpg,0.2,0.0
20260317_231929_231872,img_20260317_231929_231872.jpg,0.2,0.0
20260317_231929_280872,img_20260317_231929_280872.jpg,0.2,0.0
20260317_231929_343155,img_20260317_231929_343155.jpg,0.2,0.0
20260317_231929_393876,img_20260317_231929_393876.jpg,0.2,0.0
20260317_231929_434129,img_20260317_231929_434129.jpg,0.2,0.0
20260317_231929_499406,img_20260317_231929_499406.jpg,0.2,0.0
20260317_231929_536847,img_20260317_231929_536847.jpg,0.2,0.0
20260317_231929_588140,img_20260317_231929_588140.jpg,0.2,0.0
20260317_231929_651524,img_20260317_231929_651524.jpg,0.2,0.0
20260317_231929_694825,img_20260317_231929_694825.jpg,0.2,0.0
20260317_231929_743166,img_20260317_231929_743166.jpg,0.2,0.0
20260317_231929_803185,img_20260317_231929_803185.jpg,0.2,0.0
20260317_231929_840804,img_20260317_231929_840804.jpg,0.2,0.0
20260317_231929_892503,img_20260317_231929_892503.jpg,0.2,0.0
20260317_231929_943592,img_20260317_231929_943592.jpg,0.2,0.0
20260317_231929_995804,img_20260317_231929_995804.jpg,0.2,0.0
20260317_231930_044180,img_20260317_231930_044180.jpg,0.2,0.0
20260317_231930_098866,img_20260317_231930_098866.jpg,0.2,0.0
20260317_231930_145931,img_20260317_231930_145931.jpg,0.2,0.0
20260317_231930_196726,img_20260317_231930_196726.jpg,0.2,0.0
20260317_231930_258018,img_20260317_231930_258018.jpg,0.2,0.0
20260317_231930_297944,img_20260317_231930_297944.jpg,0.2,0.0
20260317_231930_348691,img_20260317_231930_348691.jpg,0.2,0.0
20260317_231930_411762,img_20260317_231930_411762.jpg,0.2,0.0
20260317_231930_462431,img_20260317_231930_462431.jpg,0.2,0.0
20260317_231930_501901,img_20260317_231930_501901.jpg,0.2,0.0
20260317_231930_562163,img_20260317_231930_562163.jpg,0.2,0.0
20260317_231930_605602,img_20260317_231930_605602.jpg,0.2,0.0
20260317_231930_667629,img_20260317_231930_667629.jpg,0.2,0.0
20260317_231930_707078,img_20260317_231930_707078.jpg,0.2,0.0
20260317_231930_769058,img_20260317_231930_769058.jpg,0.2,0.0
20260317_231930_807292,img_20260317_231930_807292.jpg,0.2,0.0
20260317_231930_860688,img_20260317_231930_860688.jpg,0.2,0.0
20260317_231930_922897,img_20260317_231930_922897.jpg,0.2,0.0
20260317_231930_976095,img_20260317_231930_976095.jpg,0.2,0.0
20260317_231931_012441,img_20260317_231931_012441.jpg,0.2,0.0
20260317_231931_063675,img_20260317_231931_063675.jpg,0.2,0.0
20260317_231931_113713,img_20260317_231931_113713.jpg,0.2,0.0
20260317_231931_176280,img_20260317_231931_176280.jpg,0.2,0.0
20260317_231931_218302,img_20260317_231931_218302.jpg,0.2,0.0
20260317_231931_279599,img_20260317_231931_279599.jpg,0.2,0.0
20260317_231931_319754,img_20260317_231931_319754.jpg,0.2,0.0
20260317_231931_374599,img_20260317_231931_374599.jpg,0.2,0.0
20260317_231931_420175,img_20260317_231931_420175.jpg,0.2,0.0
20260317_231931_469875,img_20260317_231931_469875.jpg,0.2,0.0
20260317_231931_518393,img_20260317_231931_518393.jpg,0.2,0.0
20260317_231931_572094,img_20260317_231931_572094.jpg,0.2,0.0
20260317_231931_622923,img_20260317_231931_622923.jpg,0.2,0.0
20260317_231931_672303,img_20260317_231931_672303.jpg,0.2,0.0
20260317_231931_734303,img_20260317_231931_734303.jpg,0.2,0.0
20260317_231931_774715,img_20260317_231931_774715.jpg,0.2,0.0
20260317_231931_825843,img_20260317_231931_825843.jpg,0.2,0.0
20260317_231931_877258,img_20260317_231931_877258.jpg,0.2,0.0
20260317_231931_938964,img_20260317_231931_938964.jpg,0.2,0.0
20260317_231931_978689,img_20260317_231931_978689.jpg,0.2,0.0
20260317_231932_030449,img_20260317_231932_030449.jpg,0.2,0.0
20260317_231932_079930,img_20260317_231932_079930.jpg,0.2,0.0
20260317_231932_132222,img_20260317_231932_132222.jpg,0.2,0.0
20260317_231932_182798,img_20260317_231932_182798.jpg,0.2,0.0
20260317_231932_231960,img_20260317_231932_231960.jpg,0.2,0.0
20260317_231932_292496,img_20260317_231932_292496.jpg,0.2,0.0
20260317_231932_345169,img_20260317_231932_345169.jpg,0.2,0.0
20260317_231932_385234,img_20260317_231932_385234.jpg,0.2,0.0
20260317_231932_437234,img_20260317_231932_437234.jpg,0.2,0.0
20260317_231932_486966,img_20260317_231932_486966.jpg,0.2,0.0
20260317_231932_549416,img_20260317_231932_549416.jpg,0.2,0.0
20260317_231932_599385,img_20260317_231932_599385.jpg,0.2,0.0
20260317_231932_641069,img_20260317_231932_641069.jpg,0.2,0.0
20260317_231932_697836,img_20260317_231932_697836.jpg,0.2,0.0
20260317_231932_750501,img_20260317_231932_750501.jpg,0.2,0.0
20260317_231932_803086,img_20260317_231932_803086.jpg,0.2,0.0
20260317_231932_844250,img_20260317_231932_844250.jpg,0.2,0.0
20260317_231932_908274,img_20260317_231932_908274.jpg,0.2,0.0
20260317_231932_955906,img_20260317_231932_955906.jpg,0.2,0.0
20260317_231932_998890,img_20260317_231932_998890.jpg,0.2,0.0
20260317_231933_046909,img_20260317_231933_046909.jpg,0.2,0.0
20260317_231933_110219,img_20260317_231933_110219.jpg,0.2,0.0
20260317_231933_148275,img_20260317_231933_148275.jpg,0.2,0.0
20260317_231933_201829,img_20260317_231933_201829.jpg,0.2,0.0
20260317_231933_253284,img_20260317_231933_253284.jpg,0.2,0.0
20260317_231933_316159,img_20260317_231933_316159.jpg,0.2,0.0
20260317_231933_367039,img_20260317_231933_367039.jpg,0.2,0.0
20260317_231933_416857,img_20260317_231933_416857.jpg,0.2,0.0
20260317_231933_457750,img_20260317_231933_457750.jpg,0.2,0.0
20260317_231933_521146,img_20260317_231933_521146.jpg,0.2,0.0
20260317_231933_560499,img_20260317_231933_560499.jpg,0.2,0.0
20260317_231933_610226,img_20260317_231933_610226.jpg,0.2,0.0
20260317_231933_674149,img_20260317_231933_674149.jpg,0.2,0.0
20260317_231933_722238,img_20260317_231933_722238.jpg,0.2,0.0
20260317_231933_764537,img_20260317_231933_764537.jpg,0.2,0.0
20260317_231933_815464,img_20260317_231933_815464.jpg,0.2,0.0
20260317_231933_864925,img_20260317_231933_864925.jpg,0.2,0.0
20260317_231933_916850,img_20260317_231933_916850.jpg,0.2,0.0
20260317_231933_968655,img_20260317_231933_968655.jpg,0.2,0.0
20260317_231934_028730,img_20260317_231934_028730.jpg,0.2,0.0
20260317_231934_070213,img_20260317_231934_070213.jpg,0.2,0.0
20260317_231934_121157,img_20260317_231934_121157.jpg,0.2,0.0
20260317_231934_171931,img_20260317_231934_171931.jpg,0.2,0.0
20260317_231934_223742,img_20260317_231934_223742.jpg,0.2,0.0
20260317_231934_272727,img_20260317_231934_272727.jpg,0.2,0.0
20260317_231934_323952,img_20260317_231934_323952.jpg,0.2,0.0
20260317_231934_384157,img_20260317_231934_384157.jpg,0.2,0.0
20260317_231934_435758,img_20260317_231934_435758.jpg,0.2,0.0
20260317_231934_489981,img_20260317_231934_489981.jpg,0.2,0.0
20260317_231934_536645,img_20260317_231934_536645.jpg,0.2,0.0
20260317_231934_577139,img_20260317_231934_577139.jpg,0.2,0.0
20260317_231934_627481,img_20260317_231934_627481.jpg,0.2,0.0
20260317_231934_689714,img_20260317_231934_689714.jpg,0.2,0.0
20260317_231934_731192,img_20260317_231934_731192.jpg,0.2,0.0
20260317_231934_782035,img_20260317_231934_782035.jpg,0.2,0.0
20260317_231934_843185,img_20260317_231934_843185.jpg,0.2,0.0
20260317_231934_897139,img_20260317_231934_897139.jpg,0.2,0.0
20260317_231934_946515,img_20260317_231934_946515.jpg,0.2,0.0
20260317_231934_997251,img_20260317_231934_997251.jpg,0.2,0.0
20260317_231935_037802,img_20260317_231935_037802.jpg,0.2,0.0
20260317_231935_100550,img_20260317_231935_100550.jpg,0.2,0.0
20260317_231935_139241,img_20260317_231935_139241.jpg,0.2,0.0
20260317_231935_191894,img_20260317_231935_191894.jpg,0.2,0.0
20260317_231935_253501,img_20260317_231935_253501.jpg,0.2,0.0
20260317_231935_291315,img_20260317_231935_291315.jpg,0.2,0.0
20260317_231935_342583,img_20260317_231935_342583.jpg,0.2,0.0
20260317_231935_393809,img_20260317_231935_393809.jpg,0.2,0.0
20260317_231935_445980,img_20260317_231935_445980.jpg,0.2,0.0
20260317_231935_495823,img_20260317_231935_495823.jpg,0.2,0.0
20260317_231935_547329,img_20260317_231935_547329.jpg,0.2,0.0
20260317_231935_596117,img_20260317_231935_596117.jpg,0.2,0.0
20260317_231935_646988,img_20260317_231935_646988.jpg,0.2,0.0
20260317_231935_698564,img_20260317_231935_698564.jpg,0.2,0.0
20260317_231935_757630,img_20260317_231935_757630.jpg,0.2,0.0
20260317_231935_809182,img_20260317_231935_809182.jpg,0.2,0.0
20260317_231935_852048,img_20260317_231935_852048.jpg,0.2,0.0
20260317_231935_901185,img_20260317_231935_901185.jpg,0.2,0.0
20260317_231935_961857,img_20260317_231935_961857.jpg,0.2,0.0
20260317_231936_012959,img_20260317_231936_012959.jpg,0.2,0.0
20260317_231936_055922,img_20260317_231936_055922.jpg,0.2,0.0
20260317_231936_115496,img_20260317_231936_115496.jpg,0.2,0.0
20260317_231936_155964,img_20260317_231936_155964.jpg,0.2,0.0
20260317_231936_216794,img_20260317_231936_216794.jpg,0.2,0.0
20260317_231936_257768,img_20260317_231936_257768.jpg,0.2,0.0
20260317_231936_307140,img_20260317_231936_307140.jpg,0.2,0.0
20260317_231936_358663,img_20260317_231936_358663.jpg,0.2,0.0
20260317_231936_410036,img_20260317_231936_410036.jpg,0.2,0.0
20260317_231936_473329,img_20260317_231936_473329.jpg,0.2,0.0
20260317_231936_510907,img_20260317_231936_510907.jpg,0.2,0.0
20260317_231936_574724,img_20260317_231936_574724.jpg,0.2,0.0
20260317_231936_612098,img_20260317_231936_612098.jpg,0.2,0.0
20260317_231936_673847,img_20260317_231936_673847.jpg,0.2,0.0
20260317_231936_715178,img_20260317_231936_715178.jpg,0.2,0.0
20260317_231936_775230,img_20260317_231936_775230.jpg,0.2,0.0
20260317_231936_817563,img_20260317_231936_817563.jpg,0.2,0.0
20260317_231936_867465,img_20260317_231936_867465.jpg,0.2,0.0
20260317_231936_916502,img_20260317_231936_916502.jpg,0.2,0.0
20260317_231936_968554,img_20260317_231936_968554.jpg,0.2,0.0
20260317_231937_029135,img_20260317_231937_029135.jpg,0.2,0.0
20260317_231937_071552,img_20260317_231937_071552.jpg,0.2,0.0
20260317_231937_121154,img_20260317_231937_121154.jpg,0.2,0.0
20260317_231937_172023,img_20260317_231937_172023.jpg,0.2,0.0
20260317_231937_221838,img_20260317_231937_221838.jpg,0.2,0.0
20260317_231937_274531,img_20260317_231937_274531.jpg,0.2,0.0
20260317_231937_326051,img_20260317_231937_326051.jpg,0.2,0.0
20260317_231937_377542,img_20260317_231937_377542.jpg,0.2,0.0
20260317_231937_436323,img_20260317_231937_436323.jpg,0.2,0.0
20260317_231937_487899,img_20260317_231937_487899.jpg,0.2,0.0
20260317_231937_530130,img_20260317_231937_530130.jpg,0.2,0.0
20260317_231937_579244,img_20260317_231937_579244.jpg,0.2,0.0
20260317_231937_630321,img_20260317_231937_630321.jpg,0.2,0.0
20260317_231937_680338,img_20260317_231937_680338.jpg,0.2,0.0
20260317_231937_743185,img_20260317_231937_743185.jpg,0.2,0.0
20260317_231937_793208,img_20260317_231937_793208.jpg,0.2,0.0
20260317_231937_833982,img_20260317_231937_833982.jpg,0.2,0.0
20260317_231937_885363,img_20260317_231937_885363.jpg,0.2,0.0
20260317_231937_944410,img_20260317_231937_944410.jpg,0.2,0.0
20260317_231937_997185,img_20260317_231937_997185.jpg,0.2,0.0
20260317_231938_049558,img_20260317_231938_049558.jpg,0.2,0.0
20260317_231938_089863,img_20260317_231938_089863.jpg,0.2,0.0
20260317_231938_147609,img_20260317_231938_147609.jpg,0.2,0.0
20260317_231938_188225,img_20260317_231938_188225.jpg,0.2,0.0
20260317_231938_251212,img_20260317_231938_251212.jpg,0.2,0.0
20260317_231938_300827,img_20260317_231938_300827.jpg,0.2,0.0
20260317_231938_340869,img_20260317_231938_340869.jpg,0.2,0.0
20260317_231938_401559,img_20260317_231938_401559.jpg,0.2,0.0
20260317_231938_444612,img_20260317_231938_444612.jpg,0.2,0.0
20260317_231938_493998,img_20260317_231938_493998.jpg,0.2,0.0
20260317_231938_554985,img_20260317_231938_554985.jpg,0.2,0.0
20260317_231938_596146,img_20260317_231938_596146.jpg,0.2,0.0
20260317_231938_653061,img_20260317_231938_653061.jpg,0.2,0.0
20260317_231938_694750,img_20260317_231938_694750.jpg,0.2,0.0
20260317_231938_747840,img_20260317_231938_747840.jpg,0.2,0.0
20260317_231938_797379,img_20260317_231938_797379.jpg,0.2,0.0
20260317_231938_847839,img_20260317_231938_847839.jpg,0.2,0.0
20260317_231938_897847,img_20260317_231938_897847.jpg,0.2,0.0
20260317_231938_949535,img_20260317_231938_949535.jpg,0.2,0.0
20260317_231938_999945,img_20260317_231938_999945.jpg,0.2,0.0
20260317_231939_049888,img_20260317_231939_049888.jpg,0.2,0.0
20260317_231939_103854,img_20260317_231939_103854.jpg,0.2,0.0
20260317_231939_164577,img_20260317_231939_164577.jpg,0.2,0.0
20260317_231939_213815,img_20260317_231939_213815.jpg,0.2,0.0
20260317_231939_264195,img_20260317_231939_264195.jpg,0.2,0.0
20260317_231939_307534,img_20260317_231939_307534.jpg,0.2,0.0
20260317_231939_367806,img_20260317_231939_367806.jpg,0.2,0.0
20260317_231939_409663,img_20260317_231939_409663.jpg,0.2,0.0
20260317_231939_469616,img_20260317_231939_469616.jpg,0.2,0.0
20260317_231939_520499,img_20260317_231939_520499.jpg,0.2,0.0
20260317_231939_563586,img_20260317_231939_563586.jpg,0.2,0.0
20260317_231939_612116,img_20260317_231939_612116.jpg,0.2,0.0
20260317_231939_664260,img_20260317_231939_664260.jpg,0.2,0.0
20260317_231939_725061,img_20260317_231939_725061.jpg,0.2,0.0
20260317_231939_769321,img_20260317_231939_769321.jpg,0.2,0.0
20260317_231939_817431,img_20260317_231939_817431.jpg,0.2,0.0
20260317_231939_866651,img_20260317_231939_866651.jpg,0.2,0.0
20260317_231939_918677,img_20260317_231939_918677.jpg,0.2,0.0
20260317_231939_971748,img_20260317_231939_971748.jpg,0.2,0.0
20260317_231940_032114,img_20260317_231940_032114.jpg,0.2,0.0
20260317_231940_081061,img_20260317_231940_081061.jpg,0.2,0.0
20260317_231940_131679,img_20260317_231940_131679.jpg,0.2,0.0
20260317_231940_182132,img_20260317_231940_182132.jpg,0.2,0.0
20260317_231940_233180,img_20260317_231940_233180.jpg,0.2,0.0
20260317_231940_274007,img_20260317_231940_274007.jpg,0.2,0.0
20260317_231940_325588,img_20260317_231940_325588.jpg,0.2,0.0
20260317_231940_376174,img_20260317_231940_376174.jpg,0.2,0.0
20260317_231940_425459,img_20260317_231940_425459.jpg,0.2,0.0
20260317_231940_486698,img_20260317_231940_486698.jpg,0.2,0.0
20260317_231940_536509,img_20260317_231940_536509.jpg,0.2,0.0
20260317_231940_580043,img_20260317_231940_580043.jpg,0.2,0.0
20260317_231940_631043,img_20260317_231940_631043.jpg,0.2,0.0
20260317_231940_689845,img_20260317_231940_689845.jpg,0.2,0.0
20260317_231940_729663,img_20260317_231940_729663.jpg,0.2,0.0
20260317_231940_781047,img_20260317_231940_781047.jpg,0.2,0.0
20260317_231940_831621,img_20260317_231940_831621.jpg,0.2,0.0
20260317_231940_126578,img_20260317_231940_126578.jpg,0.2,0.0
20260317_231940_177803,img_20260317_231940_177803.jpg,0.2,0.0
20260317_231940_219641,img_20260317_231940_219641.jpg,0.2,0.0
20260317_231940_268352,img_20260317_231940_268352.jpg,0.2,0.0
20260317_231940_319954,img_20260317_231940_319954.jpg,0.2,0.0
20260317_231940_383192,img_20260317_231940_383192.jpg,0.2,0.0
20260317_231940_421744,img_20260317_231940_421744.jpg,0.2,0.0
20260317_231940_472686,img_20260317_231940_472686.jpg,0.2,0.0
20260317_231940_523885,img_20260317_231940_523885.jpg,0.2,0.0
20260317_231940_585658,img_20260317_231940_585658.jpg,0.2,0.0
20260317_231940_624771,img_20260317_231940_624771.jpg,0.2,0.0
20260317_231940_675747,img_20260317_231940_675747.jpg,0.2,0.0
20260317_231940_728027,img_20260317_231940_728027.jpg,0.2,0.0
20260317_231940_789977,img_20260317_231940_789977.jpg,0.2,0.0
20260317_231940_830473,img_20260317_231940_830473.jpg,0.2,0.0
20260317_231940_890588,img_20260317_231940_890588.jpg,0.2,0.0
20260317_231940_941894,img_20260317_231940_941894.jpg,0.2,0.0
20260317_231940_982750,img_20260317_231940_982750.jpg,0.2,0.0
20260317_231941_035493,img_20260317_231941_035493.jpg,0.2,0.0
20260317_231941_095536,img_20260317_231941_095536.jpg,0.2,0.0
20260317_231941_138003,img_20260317_231941_138003.jpg,0.2,0.0
20260317_231941_186886,img_20260317_231941_186886.jpg,0.2,0.0
20260317_231941_250032,img_20260317_231941_250032.jpg,0.2,0.0
20260317_231941_291461,img_20260317_231941_291461.jpg,0.2,0.0
20260317_231941_340292,img_20260317_231941_340292.jpg,0.2,0.0
20260317_231941_401267,img_20260317_231941_401267.jpg,0.2,0.0
20260317_231941_443418,img_20260317_231941_443418.jpg,0.2,0.0
20260317_231941_495712,img_20260317_231941_495712.jpg,0.2,0.0
20260317_231941_543671,img_20260317_231941_543671.jpg,0.2,0.0
20260317_231941_596631,img_20260317_231941_596631.jpg,0.2,0.0
20260317_231941_645998,img_20260317_231941_645998.jpg,0.2,0.0
20260317_231941_698144,img_20260317_231941_698144.jpg,0.2,0.0
20260317_231941_759402,img_20260317_231941_759402.jpg,0.2,0.0
20260317_231941_798644,img_20260317_231941_798644.jpg,0.2,0.0
20260317_231941_849910,img_20260317_231941_849910.jpg,0.2,0.0
20260317_231941_901513,img_20260317_231941_901513.jpg,0.2,0.0
20260317_231941_953035,img_20260317_231941_953035.jpg,0.2,0.0
20260317_231942_001178,img_20260317_231942_001178.jpg,0.2,0.0
20260317_231942_055528,img_20260317_231942_055528.jpg,0.2,0.0
20260317_231942_105478,img_20260317_231942_105478.jpg,0.2,0.0
20260317_231942_158884,img_20260317_231942_158884.jpg,0.2,0.0
20260317_231942_207821,img_20260317_231942_207821.jpg,0.2,0.0
20260317_231942_259854,img_20260317_231942_259854.jpg,0.2,0.0
20260317_231942_309448,img_20260317_231942_309448.jpg,0.2,0.0
20260317_231942_372064,img_20260317_231942_372064.jpg,0.2,0.0
20260317_231942_421801,img_20260317_231942_421801.jpg,0.2,0.0
20260317_231942_464667,img_20260317_231942_464667.jpg,0.2,0.0
20260317_231942_512623,img_20260317_231942_512623.jpg,0.2,0.0
20260317_231942_563044,img_20260317_231942_563044.jpg,0.2,0.0
20260317_231942_613562,img_20260317_231942_613562.jpg,0.2,0.0
20260317_231942_667526,img_20260317_231942_667526.jpg,0.2,0.0
20260317_231942_726013,img_20260317_231942_726013.jpg,0.2,0.0
20260317_231942_778328,img_20260317_231942_778328.jpg,0.2,0.0
20260317_231942_828254,img_20260317_231942_828254.jpg,0.2,0.0
20260317_231942_868610,img_20260317_231942_868610.jpg,0.2,0.0
20260317_231942_918107,img_20260317_231942_918107.jpg,0.2,0.0
20260317_231942_968579,img_20260317_231942_968579.jpg,0.2,0.0
20260317_231943_019500,img_20260317_231943_019500.jpg,0.2,0.0
20260317_231943_072863,img_20260317_231943_072863.jpg,0.2,0.0
20260317_231943_132908,img_20260317_231943_132908.jpg,0.2,0.0
20260317_231943_174622,img_20260317_231943_174622.jpg,0.2,0.0
20260317_231943_224860,img_20260317_231943_224860.jpg,0.2,0.0
20260317_231943_275626,img_20260317_231943_275626.jpg,0.2,0.0
20260317_231943_338437,img_20260317_231943_338437.jpg,0.2,0.0
20260317_231943_389123,img_20260317_231943_389123.jpg,0.2,0.0
20260317_231943_439664,img_20260317_231943_439664.jpg,0.2,0.0
20260317_231943_490544,img_20260317_231943_490544.jpg,0.2,0.0
20260317_231943_529274,img_20260317_231943_529274.jpg,0.2,0.0
20260317_231943_592905,img_20260317_231943_592905.jpg,0.2,0.0
20260317_231943_641568,img_20260317_231943_641568.jpg,0.2,0.0
20260317_231943_682895,img_20260317_231943_682895.jpg,0.2,0.0
20260317_231943_732073,img_20260317_231943_732073.jpg,0.2,0.0
20260317_231943_792844,img_20260317_231943_792844.jpg,0.2,0.0
20260317_231943_832823,img_20260317_231943_832823.jpg,0.2,0.0
20260317_231943_884932,img_20260317_231943_884932.jpg,0.2,0.0
20260317_231943_936056,img_20260317_231943_936056.jpg,0.2,0.0
20260317_231943_985753,img_20260317_231943_985753.jpg,0.2,0.0
20260317_231944_038148,img_20260317_231944_038148.jpg,0.2,0.0
20260317_231944_089067,img_20260317_231944_089067.jpg,0.2,0.0
20260317_231944_140061,img_20260317_231944_140061.jpg,0.2,0.0
20260317_231944_192326,img_20260317_231944_192326.jpg,0.2,0.0
20260317_231944_243827,img_20260317_231944_243827.jpg,0.2,0.0
20260317_231944_293598,img_20260317_231944_293598.jpg,0.2,0.0
20260317_231944_353879,img_20260317_231944_353879.jpg,0.2,0.0
20260317_231944_395365,img_20260317_231944_395365.jpg,0.2,0.0
20260317_231944_446268,img_20260317_231944_446268.jpg,0.2,0.0
20260317_231944_508169,img_20260317_231944_508169.jpg,0.2,0.0
20260317_231944_549252,img_20260317_231944_549252.jpg,0.2,0.0
20260317_231944_599836,img_20260317_231944_599836.jpg,0.2,0.0
20260317_231944_660274,img_20260317_231944_660274.jpg,0.2,0.0
20260317_231944_711420,img_20260317_231944_711420.jpg,0.2,0.0
20260317_231944_752829,img_20260317_231944_752829.jpg,0.2,0.0
20260317_231944_804280,img_20260317_231944_804280.jpg,0.2,0.0
20260317_231944_865084,img_20260317_231944_865084.jpg,0.2,0.0
20260317_231944_916372,img_20260317_231944_916372.jpg,0.2,0.0
20260317_231944_955794,img_20260317_231944_955794.jpg,0.2,0.0
20260317_231945_008831,img_20260317_231945_008831.jpg,0.2,0.0
20260317_231945_057842,img_20260317_231945_057842.jpg,0.2,0.0
20260317_231945_117767,img_20260317_231945_117767.jpg,0.2,0.0
20260317_231945_159420,img_20260317_231945_159420.jpg,0.2,0.0
20260317_231945_211286,img_20260317_231945_211286.jpg,0.2,0.0
20260317_231945_263756,img_20260317_231945_263756.jpg,0.2,0.0
20260317_231945_314917,img_20260317_231945_314917.jpg,0.2,0.0
20260317_231945_362431,img_20260317_231945_362431.jpg,0.2,0.0
20260317_231945_415445,img_20260317_231945_415445.jpg,0.2,0.0
20260317_231945_474965,img_20260317_231945_474965.jpg,0.2,0.0
20260317_231945_515949,img_20260317_231945_515949.jpg,0.2,0.0
20260317_231945_565682,img_20260317_231945_565682.jpg,0.2,0.0
20260317_231945_627288,img_20260317_231945_627288.jpg,0.2,0.0
20260317_231945_676856,img_20260317_231945_676856.jpg,0.2,0.0
20260317_231945_718759,img_20260317_231945_718759.jpg,0.2,0.0
20260317_231945_771205,img_20260317_231945_771205.jpg,0.2,0.0
20260317_231945_830097,img_20260317_231945_830097.jpg,0.2,0.0
20260317_231945_882035,img_20260317_231945_882035.jpg,0.2,0.0
20260317_231945_921296,img_20260317_231945_921296.jpg,0.2,0.0
20260317_231945_970673,img_20260317_231945_970673.jpg,0.2,0.0
20260317_231946_023621,img_20260317_231946_023621.jpg,0.2,0.0
20260317_231946_071399,img_20260317_231946_071399.jpg,0.2,0.0
20260317_231946_123828,img_20260317_231946_123828.jpg,0.2,0.0
20260317_231946_186376,img_20260317_231946_186376.jpg,0.2,0.0
20260317_231946_236185,img_20260317_231946_236185.jpg,0.2,0.0
20260317_231946_276082,img_20260317_231946_276082.jpg,0.2,0.0
20260317_231946_325115,img_20260317_231946_325115.jpg,0.2,0.0
20260317_231946_374665,img_20260317_231946_374665.jpg,0.2,0.0
20260317_231946_436706,img_20260317_231946_436706.jpg,0.2,0.0
20260317_231946_488114,img_20260317_231946_488114.jpg,0.2,0.0
20260317_231946_528697,img_20260317_231946_528697.jpg,0.2,0.0
20260317_231946_579072,img_20260317_231946_579072.jpg,0.2,0.0
20260317_231946_640279,img_20260317_231946_640279.jpg,0.2,0.0
20260317_231946_691309,img_20260317_231946_691309.jpg,0.2,0.0
20260317_231946_733794,img_20260317_231946_733794.jpg,0.2,0.0
20260317_231946_784794,img_20260317_231946_784794.jpg,0.2,0.0
20260317_231946_837532,img_20260317_231946_837532.jpg,0.2,0.0
20260317_231946_886660,img_20260317_231946_886660.jpg,0.2,0.0
20260317_231946_938217,img_20260317_231946_938217.jpg,0.2,0.0
20260317_231947_000214,img_20260317_231947_000214.jpg,0.2,0.0
20260317_231947_050664,img_20260317_231947_050664.jpg,0.2,0.0
20260317_231947_090991,img_20260317_231947_090991.jpg,0.2,0.0
20260317_231947_139693,img_20260317_231947_139693.jpg,0.2,0.0
20260317_231947_202239,img_20260317_231947_202239.jpg,0.2,0.0
20260317_231947_251947,img_20260317_231947_251947.jpg,0.2,0.0
20260317_231947_295213,img_20260317_231947_295213.jpg,0.2,0.0
20260317_231947_355099,img_20260317_231947_355099.jpg,0.2,0.0
20260317_231947_405399,img_20260317_231947_405399.jpg,0.2,0.0
20260317_231947_457581,img_20260317_231947_457581.jpg,0.2,0.0
20260317_231947_497698,img_20260317_231947_497698.jpg,0.2,0.0
20260317_231947_558708,img_20260317_231947_558708.jpg,0.2,0.0
20260317_231947_598380,img_20260317_231947_598380.jpg,0.2,0.0
20260317_231947_659928,img_20260317_231947_659928.jpg,0.2,0.0
20260317_231947_702324,img_20260317_231947_702324.jpg,0.2,0.0
20260317_231947_754976,img_20260317_231947_754976.jpg,0.2,0.0
20260317_231947_801662,img_20260317_231947_801662.jpg,0.2,0.0
20260317_231947_853596,img_20260317_231947_853596.jpg,0.2,0.0
20260317_231947_914119,img_20260317_231947_914119.jpg,0.2,0.0
20260317_231947_966683,img_20260317_231947_966683.jpg,0.2,0.0
20260317_231948_019309,img_20260317_231948_019309.jpg,0.2,0.0
20260317_231948_059214,img_20260317_231948_059214.jpg,0.2,0.0
20260317_231948_118423,img_20260317_231948_118423.jpg,0.2,0.0
20260317_231948_169387,img_20260317_231948_169387.jpg,0.2,0.0
20260317_231948_211047,img_20260317_231948_211047.jpg,0.2,0.0
20260317_231948_263698,img_20260317_231948_263698.jpg,0.2,0.0
20260317_231948_325590,img_20260317_231948_325590.jpg,0.2,0.0
20260317_231948_368316,img_20260317_231948_368316.jpg,0.2,0.0
20260317_231948_429565,img_20260317_231948_429565.jpg,0.2,0.0
20260317_231948_466744,img_20260317_231948_466744.jpg,0.2,0.0
20260317_231948_517290,img_20260317_231948_517290.jpg,0.2,0.0
20260317_231948_566995,img_20260317_231948_566995.jpg,0.2,0.0
20260317_231948_628729,img_20260317_231948_628729.jpg,0.2,0.0
20260317_231948_678241,img_20260317_231948_678241.jpg,0.2,0.0
20260317_231948_731215,img_20260317_231948_731215.jpg,0.2,0.0
20260317_231948_781531,img_20260317_231948_781531.jpg,0.2,0.0
20260317_231948_831777,img_20260317_231948_831777.jpg,0.2,0.0
20260317_231948_873071,img_20260317_231948_873071.jpg,0.2,0.0
20260317_231948_933369,img_20260317_231948_933369.jpg,0.2,0.0
20260317_231948_985800,img_20260317_231948_985800.jpg,0.2,0.0
20260317_231949_026741,img_20260317_231949_026741.jpg,0.2,0.0
20260317_231949_087658,img_20260317_231949_087658.jpg,0.2,0.0
20260317_231949_137195,img_20260317_231949_137195.jpg,0.2,0.0
20260317_231949_180274,img_20260317_231949_180274.jpg,0.2,0.0
20260317_231949_230613,img_20260317_231949_230613.jpg,0.2,0.0
20260317_231949_279557,img_20260317_231949_279557.jpg,0.2,0.0
20260317_231949_329780,img_20260317_231949_329780.jpg,0.2,0.0
20260317_231949_382007,img_20260317_231949_382007.jpg,0.2,0.0
20260317_231949_431772,img_20260317_231949_431772.jpg,0.2,0.0
20260317_231949_495443,img_20260317_231949_495443.jpg,0.2,0.0
20260317_231949_543549,img_20260317_231949_543549.jpg,0.2,0.0
20260317_231949_586349,img_20260317_231949_586349.jpg,0.2,0.0
20260317_231949_636361,img_20260317_231949_636361.jpg,0.2,0.0
20260317_231949_686363,img_20260317_231949_686363.jpg,0.2,0.0
20260317_231949_735836,img_20260317_231949_735836.jpg,0.2,0.0
20260317_231949_787604,img_20260317_231949_787604.jpg,0.2,0.0
20260317_231949_849663,img_20260317_231949_849663.jpg,0.2,0.0
20260317_231949_901652,img_20260317_231949_901652.jpg,0.2,0.0
20260317_231949_951442,img_20260317_231949_951442.jpg,0.2,0.0
20260317_231950_003791,img_20260317_231950_003791.jpg,0.2,0.0
20260317_231950_045677,img_20260317_231950_045677.jpg,0.2,0.0
20260317_231950_106714,img_20260317_231950_106714.jpg,0.2,0.0
20260317_231950_144106,img_20260317_231950_144106.jpg,0.2,0.0
20260317_231950_205187,img_20260317_231950_205187.jpg,0.2,0.0
20260317_231950_248998,img_20260317_231950_248998.jpg,0.2,0.0
20260317_231950_298851,img_20260317_231950_298851.jpg,0.2,0.0
20260317_231950_351673,img_20260317_231950_351673.jpg,0.2,0.0
20260317_231950_413007,img_20260317_231950_413007.jpg,0.2,0.0
20260317_231950_457320,img_20260317_231950_457320.jpg,0.2,0.0
20260317_231950_506809,img_20260317_231950_506809.jpg,0.2,0.0
20260317_231950_566850,img_20260317_231950_566850.jpg,0.2,0.0
20260317_231950_609062,img_20260317_231950_609062.jpg,0.2,0.0
20260317_231950_659982,img_20260317_231950_659982.jpg,0.2,0.0
20260317_231950_710770,img_20260317_231950_710770.jpg,0.2,0.0
20260317_231950_764699,img_20260317_231950_764699.jpg,0.2,0.0
20260317_231950_817317,img_20260317_231950_817317.jpg,0.2,0.0
20260317_231950_879479,img_20260317_231950_879479.jpg,0.2,0.0
20260317_231950_922577,img_20260317_231950_922577.jpg,0.2,0.0
20260317_231950_973313,img_20260317_231950_973313.jpg,0.2,0.0
20260317_231951_021932,img_20260317_231951_021932.jpg,0.2,0.0
20260317_231951_070261,img_20260317_231951_070261.jpg,0.2,0.0
20260317_231951_130940,img_20260317_231951_130940.jpg,0.2,0.0
20260317_231951_183698,img_20260317_231951_183698.jpg,0.2,0.0
20260317_231951_234610,img_20260317_231951_234610.jpg,0.2,0.0
20260317_231951_284312,img_20260317_231951_284312.jpg,0.2,0.0
20260317_231951_336286,img_20260317_231951_336286.jpg,0.2,0.0
20260317_231951_373751,img_20260317_231951_373751.jpg,0.2,0.0
20260317_231951_424974,img_20260317_231951_424974.jpg,0.2,0.0
20260317_231951_475502,img_20260317_231951_475502.jpg,0.2,0.0
20260317_231951_537965,img_20260317_231951_537965.jpg,0.2,0.0
20260317_231951_577895,img_20260317_231951_577895.jpg,0.2,0.0
20260317_231951_628540,img_20260317_231951_628540.jpg,0.2,0.0
20260317_231951_682272,img_20260317_231951_682272.jpg,0.2,0.0
20260317_231951_743393,img_20260317_231951_743393.jpg,0.2,0.0
20260317_231951_792764,img_20260317_231951_792764.jpg,0.2,0.0
20260317_231951_834851,img_20260317_231951_834851.jpg,0.2,0.0
20260317_231951_885486,img_20260317_231951_885486.jpg,0.2,0.0
20260317_231951_936719,img_20260317_231951_936719.jpg,0.2,0.0
20260317_231951_989494,img_20260317_231951_989494.jpg,0.2,0.0
20260317_231952_049722,img_20260317_231952_049722.jpg,0.2,0.0
20260317_231952_101605,img_20260317_231952_101605.jpg,0.2,0.0
20260317_231952_139953,img_20260317_231952_139953.jpg,0.2,0.0
20260317_231952_192379,img_20260317_231952_192379.jpg,0.2,0.0
20260317_231952_242682,img_20260317_231952_242682.jpg,0.2,0.0
20260317_231952_305164,img_20260317_231952_305164.jpg,0.2,0.0
20260317_231952_356417,img_20260317_231952_356417.jpg,0.2,0.0
20260317_231952_394634,img_20260317_231952_394634.jpg,0.2,0.0
20260317_231952_444925,img_20260317_231952_444925.jpg,0.2,0.0
20260317_231952_497079,img_20260317_231952_497079.jpg,0.2,0.0
20260317_231952_548798,img_20260317_231952_548798.jpg,0.2,0.0
20260317_231952_600704,img_20260317_231952_600704.jpg,0.2,0.0
20260317_231952_651218,img_20260317_231952_651218.jpg,0.2,0.0
20260317_231952_711972,img_20260317_231952_711972.jpg,0.2,0.0
20260317_231952_752323,img_20260317_231952_752323.jpg,0.2,0.0
20260317_231952_803776,img_20260317_231952_803776.jpg,0.2,0.0
20260317_231952_865169,img_20260317_231952_865169.jpg,0.2,0.0
20260317_231952_905150,img_20260317_231952_905150.jpg,0.2,0.0
20260317_231952_954994,img_20260317_231952_954994.jpg,0.2,0.0
20260317_231953_006958,img_20260317_231953_006958.jpg,0.2,0.0
20260317_231953_059842,img_20260317_231953_059842.jpg,0.2,0.0
20260317_231953_122420,img_20260317_231953_122420.jpg,0.2,0.0
20260317_231953_169979,img_20260317_231953_169979.jpg,0.2,0.0
20260317_231953_210886,img_20260317_231953_210886.jpg,0.2,0.0
20260317_231953_262584,img_20260317_231953_262584.jpg,0.2,0.0
20260317_231953_314745,img_20260317_231953_314745.jpg,0.2,0.0
20260317_231953_375017,img_20260317_231953_375017.jpg,0.2,0.0
20260317_231953_415640,img_20260317_231953_415640.jpg,0.2,0.0
20260317_231953_477696,img_20260317_231953_477696.jpg,0.2,0.0
20260317_231953_515139,img_20260317_231953_515139.jpg,0.2,0.0
20260317_231953_566606,img_20260317_231953_566606.jpg,0.2,0.0
20260317_231953_631259,img_20260317_231953_631259.jpg,0.2,0.0
20260317_231953_681537,img_20260317_231953_681537.jpg,0.2,0.0
20260317_231953_731828,img_20260317_231953_731828.jpg,0.2,0.0
20260317_231953_772432,img_20260317_231953_772432.jpg,0.2,0.0
20260317_231953_834133,img_20260317_231953_834133.jpg,0.2,0.0
20260317_231953_883743,img_20260317_231953_883743.jpg,0.2,0.0
20260317_231953_937293,img_20260317_231953_937293.jpg,0.2,0.0
20260317_231953_987937,img_20260317_231953_987937.jpg,0.2,0.0
20260317_231954_028724,img_20260317_231954_028724.jpg,0.2,0.0
20260317_231954_090840,img_20260317_231954_090840.jpg,0.2,0.0
20260317_231954_129403,img_20260317_231954_129403.jpg,0.2,0.0
20260317_231954_181770,img_20260317_231954_181770.jpg,0.2,0.0
20260317_231954_235060,img_20260317_231954_235060.jpg,0.2,0.0
20260317_231954_282275,img_20260317_231954_282275.jpg,0.2,0.0
20260317_231954_332333,img_20260317_231954_332333.jpg,0.2,0.0
20260317_231954_384147,img_20260317_231954_384147.jpg,0.2,0.0
20260317_231954_445297,img_20260317_231954_445297.jpg,0.2,0.0
20260317_231954_495909,img_20260317_231954_495909.jpg,0.2,0.0
20260317_231954_535440,img_20260317_231954_535440.jpg,0.2,0.0
20260317_231954_597855,img_20260317_231954_597855.jpg,0.2,0.0
20260317_231954_649462,img_20260317_231954_649462.jpg,0.2,0.0
20260317_231954_700136,img_20260317_231954_700136.jpg,0.2,0.0
20260317_231954_748550,img_20260317_231954_748550.jpg,0.2,0.0
20260317_231954_800330,img_20260317_231954_800330.jpg,0.2,0.0
20260317_231954_852180,img_20260317_231954_852180.jpg,0.2,0.0
20260317_231954_900535,img_20260317_231954_900535.jpg,0.2,0.0
20260317_231954_953509,img_20260317_231954_953509.jpg,0.2,0.0
20260317_231954_993787,img_20260317_231954_993787.jpg,0.2,0.0
20260317_231955_055765,img_20260317_231955_055765.jpg,0.2,0.0
20260317_231955_105597,img_20260317_231955_105597.jpg,0.2,0.0
20260317_231955_158006,img_20260317_231955_158006.jpg,0.2,0.0
20260317_231955_206584,img_20260317_231955_206584.jpg,0.2,0.0
20260317_231955_247856,img_20260317_231955_247856.jpg,0.2,0.0
20260317_231955_307333,img_20260317_231955_307333.jpg,0.2,0.0
20260317_231955_348864,img_20260317_231955_348864.jpg,0.2,0.0
20260317_231955_410891,img_20260317_231955_410891.jpg,0.2,0.0
20260317_231955_450952,img_20260317_231955_450952.jpg,0.2,0.0
20260317_231955_500432,img_20260317_231955_500432.jpg,0.2,0.0
20260317_231955_560796,img_20260317_231955_560796.jpg,0.2,0.0
20260317_231955_600510,img_20260317_231955_600510.jpg,0.2,0.0
20260317_231955_664368,img_20260317_231955_664368.jpg,0.2,0.0
20260317_231955_704329,img_20260317_231955_704329.jpg,0.2,0.0
20260317_231955_754023,img_20260317_231955_754023.jpg,0.2,0.0
20260317_231955_804736,img_20260317_231955_804736.jpg,0.2,0.0
20260317_231955_864886,img_20260317_231955_864886.jpg,0.2,0.0
20260317_231955_910377,img_20260317_231955_910377.jpg,0.2,0.0
20260317_231955_958514,img_20260317_231955_958514.jpg,0.2,0.0
20260317_231956_010469,img_20260317_231956_010469.jpg,0.2,0.0
20260317_231956_059657,img_20260317_231956_059657.jpg,0.2,0.0
20260317_231956_113028,img_20260317_231956_113028.jpg,0.2,0.0
20260317_231956_163582,img_20260317_231956_163582.jpg,0.2,0.0
20260317_231956_216988,img_20260317_231956_216988.jpg,0.2,0.0
20260317_231956_278049,img_20260317_231956_278049.jpg,0.2,0.0
20260317_231956_314655,img_20260317_231956_314655.jpg,0.2,0.0
20260317_231956_365550,img_20260317_231956_365550.jpg,0.2,0.0
20260317_231956_417744,img_20260317_231956_417744.jpg,0.2,0.0
20260317_231956_469980,img_20260317_231956_469980.jpg,0.2,0.0
20260317_231956_520621,img_20260317_231956_520621.jpg,0.2,0.0
20260317_231956_582587,img_20260317_231956_582587.jpg,0.2,0.0
20260317_231956_622990,img_20260317_231956_622990.jpg,0.2,0.0
20260317_231956_685407,img_20260317_231956_685407.jpg,0.2,0.0
20260317_231956_727570,img_20260317_231956_727570.jpg,0.2,0.0
20260317_231956_788011,img_20260317_231956_788011.jpg,0.2,0.0
20260317_231956_836558,img_20260317_231956_836558.jpg,0.2,0.0
20260317_231956_876735,img_20260317_231956_876735.jpg,0.2,0.0
20260317_231956_928374,img_20260317_231956_928374.jpg,0.2,0.0
20260317_231956_977358,img_20260317_231956_977358.jpg,0.2,0.0
20260317_231957_040603,img_20260317_231957_040603.jpg,0.2,0.0
20260317_231957_090952,img_20260317_231957_090952.jpg,0.2,0.0
20260317_231957_132536,img_20260317_231957_132536.jpg,0.2,0.0
20260317_231957_192201,img_20260317_231957_192201.jpg,0.2,0.0
20260317_231957_232311,img_20260317_231957_232311.jpg,0.2,0.0
20260317_231957_285162,img_20260317_231957_285162.jpg,0.2,0.0
20260317_231957_347254,img_20260317_231957_347254.jpg,0.2,0.0
20260317_231957_398306,img_20260317_231957_398306.jpg,0.2,0.0
20260317_231957_446966,img_20260317_231957_446966.jpg,0.2,0.0
20260317_231957_487239,img_20260317_231957_487239.jpg,0.2,0.0
20260317_231957_537697,img_20260317_231957_537697.jpg,0.2,0.0
20260317_231957_591079,img_20260317_231957_591079.jpg,0.2,0.0
20260317_231957_639342,img_20260317_231957_639342.jpg,0.2,0.0
20260317_231957_691632,img_20260317_231957_691632.jpg,0.2,0.0
20260317_231957_752304,img_20260317_231957_752304.jpg,0.2,0.0
20260317_231957_792896,img_20260317_231957_792896.jpg,0.2,0.0
20260317_231957_843236,img_20260317_231957_843236.jpg,0.2,0.0
20260317_231957_894872,img_20260317_231957_894872.jpg,0.2,0.0
20260317_231957_956363,img_20260317_231957_956363.jpg,0.2,0.0
20260317_231957_997234,img_20260317_231957_997234.jpg,0.2,0.0
20260317_231958_048237,img_20260317_231958_048237.jpg,0.2,0.0
20260317_231958_098139,img_20260317_231958_098139.jpg,0.2,0.0
20260317_231958_149890,img_20260317_231958_149890.jpg,0.2,0.0
20260317_231958_201080,img_20260317_231958_201080.jpg,0.2,0.0
20260317_231958_261035,img_20260317_231958_261035.jpg,0.2,0.0
20260317_231958_301090,img_20260317_231958_301090.jpg,0.2,0.0
20260317_231958_361355,img_20260317_231958_361355.jpg,0.2,0.0
20260317_231958_402758,img_20260317_231958_402758.jpg,0.2,0.0
20260317_231958_464970,img_20260317_231958_464970.jpg,0.2,0.0
20260317_231958_514996,img_20260317_231958_514996.jpg,0.2,0.0
20260317_231958_564690,img_20260317_231958_564690.jpg,0.2,0.0
20260317_231958_607105,img_20260317_231958_607105.jpg,0.2,0.0
20260317_231958_655885,img_20260317_231958_655885.jpg,0.2,0.0
20260317_231958_718660,img_20260317_231958_718660.jpg,0.2,0.0
20260317_231958_769749,img_20260317_231958_769749.jpg,0.2,0.0
20260317_231958_825444,img_20260317_231958_825444.jpg,0.2,0.0
20260317_231958_870693,img_20260317_231958_870693.jpg,0.2,0.0
20260317_231958_911191,img_20260317_231958_911191.jpg,0.2,0.0
20260317_231958_973331,img_20260317_231958_973331.jpg,0.2,0.0
20260317_231959_023196,img_20260317_231959_023196.jpg,0.2,0.0
20260317_231959_074627,img_20260317_231959_074627.jpg,0.2,0.0
20260317_231959_125416,img_20260317_231959_125416.jpg,0.2,0.0
20260317_231959_175893,img_20260317_231959_175893.jpg,0.2,0.0
20260317_231959_226753,img_20260317_231959_226753.jpg,0.2,0.0
20260317_231959_266991,img_20260317_231959_266991.jpg,0.2,0.0
20260317_231959_317870,img_20260317_231959_317870.jpg,0.2,0.0
20260317_231959_379824,img_20260317_231959_379824.jpg,0.2,0.0
20260317_231959_419869,img_20260317_231959_419869.jpg,0.2,0.0
20260317_231959_479634,img_20260317_231959_479634.jpg,0.2,0.0
20260317_231959_519036,img_20260317_231959_519036.jpg,0.2,0.0
20260317_231959_579627,img_20260317_231959_579627.jpg,0.2,0.0
20260317_231959_643019,img_20260317_231959_643019.jpg,0.2,0.0
20260317_231959_673791,img_20260317_231959_673791.jpg,0.2,0.0
20260317_231959_724444,img_20260317_231959_724444.jpg,0.2,0.0
20260317_231959_777400,img_20260317_231959_777400.jpg,0.2,0.0
20260317_231959_841544,img_20260317_231959_841544.jpg,0.2,0.0
20260317_231959_887577,img_20260317_231959_887577.jpg,0.2,0.0
20260317_231959_927705,img_20260317_231959_927705.jpg,0.2,0.0
20260317_231959_989263,img_20260317_231959_989263.jpg,0.2,0.0
20260317_232000_027688,img_20260317_232000_027688.jpg,0.2,0.0
20260317_232000_083848,img_20260317_232000_083848.jpg,0.2,0.0
20260317_232000_143804,img_20260317_232000_143804.jpg,0.2,0.0
20260317_232000_183279,img_20260317_232000_183279.jpg,0.2,0.0
20260317_232000_236450,img_20260317_232000_236450.jpg,0.2,0.0
20260317_232000_286047,img_20260317_232000_286047.jpg,0.2,0.0
20260317_232000_337234,img_20260317_232000_337234.jpg,0.2,0.0
20260317_232000_388853,img_20260317_232000_388853.jpg,0.2,0.0
20260317_232000_438245,img_20260317_232000_438245.jpg,0.2,0.0
20260317_232000_489447,img_20260317_232000_489447.jpg,0.2,0.0
20260317_232000_539057,img_20260317_232000_539057.jpg,0.2,0.0
20260317_232000_602575,img_20260317_232000_602575.jpg,0.2,0.0
20260317_232000_642243,img_20260317_232000_642243.jpg,0.2,0.0
20260317_232000_703663,img_20260317_232000_703663.jpg,0.2,0.0
20260317_232000_746217,img_20260317_232000_746217.jpg,0.2,0.0
20260317_232000_806752,img_20260317_232000_806752.jpg,0.2,0.0
20260317_232000_847235,img_20260317_232000_847235.jpg,0.2,0.0
20260317_232000_898921,img_20260317_232000_898921.jpg,0.2,0.0
20260317_232000_958924,img_20260317_232000_958924.jpg,0.2,0.0
20260317_232001_010552,img_20260317_232001_010552.jpg,0.2,0.0
20260317_232001_051757,img_20260317_232001_051757.jpg,0.2,0.0
20260317_232001_102771,img_20260317_232001_102771.jpg,0.2,0.0
20260317_232001_151913,img_20260317_232001_151913.jpg,0.2,0.0
20260317_232001_204799,img_20260317_232001_204799.jpg,0.2,0.0
20260317_232001_254071,img_20260317_232001_254071.jpg,0.2,0.0
20260317_232001_318293,img_20260317_232001_318293.jpg,0.2,0.0
20260317_232001_365060,img_20260317_232001_365060.jpg,0.2,0.0
20260317_232001_416513,img_20260317_232001_416513.jpg,0.2,0.0
20260317_232001_457052,img_20260317_232001_457052.jpg,0.2,0.0
20260317_232001_518137,img_20260317_232001_518137.jpg,0.2,0.0
20260317_232001_567393,img_20260317_232001_567393.jpg,0.2,0.0
20260317_232001_609664,img_20260317_232001_609664.jpg,0.2,0.0
20260317_232001_659602,img_20260317_232001_659602.jpg,0.2,0.0
20260317_232001_711535,img_20260317_232001_711535.jpg,0.2,0.0
20260317_232001_774390,img_20260317_232001_774390.jpg,0.2,0.0
20260317_232001_824777,img_20260317_232001_824777.jpg,0.2,0.0
20260317_232001_867569,img_20260317_232001_867569.jpg,0.2,0.0
20260317_232001_915965,img_20260317_232001_915965.jpg,0.2,0.0
20260317_232001_967504,img_20260317_232001_967504.jpg,0.2,0.0
20260317_232002_028746,img_20260317_232002_028746.jpg,0.2,0.0
20260317_232002_068281,img_20260317_232002_068281.jpg,0.2,0.0
20260317_232002_120305,img_20260317_232002_120305.jpg,0.2,0.0
20260317_232002_182383,img_20260317_232002_182383.jpg,0.2,0.0
20260317_232002_233186,img_20260317_232002_233186.jpg,0.2,0.0
20260317_232002_273557,img_20260317_232002_273557.jpg,0.2,0.0
20260317_232002_337423,img_20260317_232002_337423.jpg,0.2,0.0
20260317_232002_374474,img_20260317_232002_374474.jpg,0.2,0.0
20260317_232002_426795,img_20260317_232002_426795.jpg,0.2,0.0
20260317_232002_475200,img_20260317_232002_475200.jpg,0.2,0.0
20260317_232002_527646,img_20260317_232002_527646.jpg,0.2,0.0
20260317_232002_589142,img_20260317_232002_589142.jpg,0.2,0.0
20260317_232002_631284,img_20260317_232002_631284.jpg,0.2,0.0
20260317_232002_681188,img_20260317_232002_681188.jpg,0.2,0.0
20260317_232002_730835,img_20260317_232002_730835.jpg,0.2,0.0
20260317_232002_794314,img_20260317_232002_794314.jpg,0.2,0.0
20260317_232002_834898,img_20260317_232002_834898.jpg,0.2,0.0
20260317_232002_894317,img_20260317_232002_894317.jpg,0.2,0.0
20260317_232002_934776,img_20260317_232002_934776.jpg,0.2,0.0
20260317_232002_986082,img_20260317_232002_986082.jpg,0.2,0.0
20260317_232003_048730,img_20260317_232003_048730.jpg,0.2,0.0
20260317_232003_089163,img_20260317_232003_089163.jpg,0.2,0.0
20260317_232003_138855,img_20260317_232003_138855.jpg,0.2,0.0
20260317_232003_192798,img_20260317_232003_192798.jpg,0.2,0.0
20260317_232003_241771,img_20260317_232003_241771.jpg,0.2,0.0
20260317_232003_305574,img_20260317_232003_305574.jpg,0.2,0.0
20260317_232003_354171,img_20260317_232003_354171.jpg,0.2,0.0
20260317_232003_394929,img_20260317_232003_394929.jpg,0.2,0.0
20260317_232003_445946,img_20260317_232003_445946.jpg,0.2,0.0
20260317_232003_498183,img_20260317_232003_498183.jpg,0.2,0.0
20260317_232003_548493,img_20260317_232003_548493.jpg,0.2,0.0
20260317_232003_611101,img_20260317_232003_611101.jpg,0.2,0.0
20260317_232003_665458,img_20260317_232003_665458.jpg,0.2,0.0
20260317_232003_704851,img_20260317_232003_704851.jpg,0.2,0.0
20260317_232003_754205,img_20260317_232003_754205.jpg,0.2,0.0
20260317_232003_806612,img_20260317_232003_806612.jpg,0.2,0.0
20260317_232003_857763,img_20260317_232003_857763.jpg,0.2,0.0
20260317_232003_907288,img_20260317_232003_907288.jpg,0.2,0.0
20260317_232003_966985,img_20260317_232003_966985.jpg,0.2,0.0
20260317_232004_019117,img_20260317_232004_019117.jpg,0.2,0.0
20260317_232004_058981,img_20260317_232004_058981.jpg,0.2,0.0
20260317_232004_109934,img_20260317_232004_109934.jpg,0.2,0.0
20260317_232004_170702,img_20260317_232004_170702.jpg,0.2,0.0
20260317_232004_213119,img_20260317_232004_213119.jpg,0.2,0.0
20260317_232004_272914,img_20260317_232004_272914.jpg,0.2,0.0
20260317_232004_313137,img_20260317_232004_313137.jpg,0.2,0.0
20260317_232004_365499,img_20260317_232004_365499.jpg,0.2,0.0
20260317_232004_415565,img_20260317_232004_415565.jpg,0.2,0.0
20260317_232004_468712,img_20260317_232004_468712.jpg,0.2,0.0
20260317_232004_525664,img_20260317_232004_525664.jpg,0.2,0.0
20260317_232004_567883,img_20260317_232004_567883.jpg,0.2,0.0
20260317_232004_621443,img_20260317_232004_621443.jpg,0.2,0.0
20260317_232004_683027,img_20260317_232004_683027.jpg,0.2,0.0
20260317_232004_731896,img_20260317_232004_731896.jpg,0.2,0.0
20260317_232004_783850,img_20260317_232004_783850.jpg,0.2,0.0
20260317_232004_823738,img_20260317_232004_823738.jpg,0.2,0.0
20260317_232004_886048,img_20260317_232004_886048.jpg,0.2,0.0
20260317_232004_924931,img_20260317_232004_924931.jpg,0.2,0.0
20260317_232004_977173,img_20260317_232004_977173.jpg,0.2,0.0
20260317_232005_036929,img_20260317_232005_036929.jpg,0.2,0.0
20260317_232005_078580,img_20260317_232005_078580.jpg,0.2,0.0
20260317_232005_126874,img_20260317_232005_126874.jpg,0.2,0.0
20260317_232005_178745,img_20260317_232005_178745.jpg,0.2,0.0
20260317_232005_239554,img_20260317_232005_239554.jpg,0.2,0.0
20260317_232005_282012,img_20260317_232005_282012.jpg,0.2,0.0
20260317_232005_332899,img_20260317_232005_332899.jpg,0.2,0.0
20260317_232005_381495,img_20260317_232005_381495.jpg,0.2,0.0
20260317_232005_445265,img_20260317_232005_445265.jpg,0.2,0.0
20260317_232005_483551,img_20260317_232005_483551.jpg,0.2,0.0
20260317_232005_532844,img_20260317_232005_532844.jpg,0.2,0.0
20260317_232005_594241,img_20260317_232005_594241.jpg,0.2,0.0
20260317_232005_637057,img_20260317_232005_637057.jpg,0.2,0.0
20260317_232005_695626,img_20260317_232005_695626.jpg,0.2,0.0
20260317_232005_747306,img_20260317_232005_747306.jpg,0.2,0.0
20260317_232005_789478,img_20260317_232005_789478.jpg,0.2,0.0
20260317_232005_838561,img_20260317_232005_838561.jpg,0.2,0.0
20260317_232005_890496,img_20260317_232005_890496.jpg,0.2,0.0
20260317_232005_951603,img_20260317_232005_951603.jpg,0.2,0.0
20260317_232005_992413,img_20260317_232005_992413.jpg,0.2,0.0
20260317_232006_052926,img_20260317_232006_052926.jpg,0.2,0.0
20260317_232006_093710,img_20260317_232006_093710.jpg,0.2,0.0
20260317_232006_145992,img_20260317_232006_145992.jpg,0.2,0.0
20260317_232006_194890,img_20260317_232006_194890.jpg,0.2,0.0
20260317_232006_257266,img_20260317_232006_257266.jpg,0.2,0.0
20260317_232006_308472,img_20260317_232006_308472.jpg,0.2,0.0
20260317_232006_347625,img_20260317_232006_347625.jpg,0.2,0.0
20260317_232006_408950,img_20260317_232006_408950.jpg,0.2,0.0
20260317_232006_449111,img_20260317_232006_449111.jpg,0.2,0.0
20260317_232006_503964,img_20260317_232006_503964.jpg,0.2,0.0
20260317_232006_550509,img_20260317_232006_550509.jpg,0.2,0.0
20260317_232006_601883,img_20260317_232006_601883.jpg,0.2,0.0
20260317_232006_663964,img_20260317_232006_663964.jpg,0.2,0.0
20260317_232006_704692,img_20260317_232006_704692.jpg,0.2,0.0
20260317_232006_762894,img_20260317_232006_762894.jpg,0.2,0.0
20260317_232006_807097,img_20260317_232006_807097.jpg,0.2,0.0
20260317_232006_866623,img_20260317_232006_866623.jpg,0.2,0.0
20260317_232006_905690,img_20260317_232006_905690.jpg,0.2,0.0
20260317_232006_975908,img_20260317_232006_975908.jpg,0.2,0.0
20260317_232007_019154,img_20260317_232007_019154.jpg,0.2,0.0
20260317_232007_059263,img_20260317_232007_059263.jpg,0.2,0.0
20260317_232007_111685,img_20260317_232007_111685.jpg,0.2,0.0
20260317_232007_164100,img_20260317_232007_164100.jpg,0.2,0.0
20260317_232007_214340,img_20260317_232007_214340.jpg,0.2,0.0
20260317_232007_264818,img_20260317_232007_264818.jpg,0.2,0.0
20260317_232007_317957,img_20260317_232007_317957.jpg,0.2,0.0
20260317_232007_376635,img_20260317_232007_376635.jpg,0.2,0.0
20260317_232007_417174,img_20260317_232007_417174.jpg,0.2,0.0
20260317_232007_467911,img_20260317_232007_467911.jpg,0.2,0.0
20260317_232007_528165,img_20260317_232007_528165.jpg,0.2,0.0
20260317_232007_572397,img_20260317_232007_572397.jpg,0.2,0.0
20260317_232007_630938,img_20260317_232007_630938.jpg,0.2,0.0
20260317_232007_681278,img_20260317_232007_681278.jpg,0.2,0.0
20260317_232007_722096,img_20260317_232007_722096.jpg,0.2,0.0
20260317_232007_773488,img_20260317_232007_773488.jpg,0.2,0.0
20260317_232007_832628,img_20260317_232007_832628.jpg,0.2,0.0
20260317_232007_875006,img_20260317_232007_875006.jpg,0.2,0.0
20260317_232007_924927,img_20260317_232007_924927.jpg,0.2,0.0
20260317_232007_976929,img_20260317_232007_976929.jpg,0.2,0.0
20260317_232008_028029,img_20260317_232008_028029.jpg,0.2,0.0
20260317_232008_079854,img_20260317_232008_079854.jpg,0.2,0.0
20260317_232008_129335,img_20260317_232008_129335.jpg,0.2,0.0
20260317_232008_191241,img_20260317_232008_191241.jpg,0.2,0.0
20260317_232008_242722,img_20260317_232008_242722.jpg,0.2,0.0
20260317_232008_282496,img_20260317_232008_282496.jpg,0.2,0.0
20260317_232008_331533,img_20260317_232008_331533.jpg,0.2,0.0
20260317_232008_396990,img_20260317_232008_396990.jpg,0.2,0.0
20260317_232008_434224,img_20260317_232008_434224.jpg,0.2,0.0
20260317_232008_485344,img_20260317_232008_485344.jpg,0.2,0.0
20260317_232008_537746,img_20260317_232008_537746.jpg,0.2,0.0
20260317_232008_588212,img_20260317_232008_588212.jpg,0.2,0.0
20260317_232008_650020,img_20260317_232008_650020.jpg,0.2,0.0
20260317_232008_693767,img_20260317_232008_693767.jpg,0.2,0.0
20260317_232008_755110,img_20260317_232008_755110.jpg,0.2,0.0
20260317_232008_807769,img_20260317_232008_807769.jpg,0.2,0.0
20260317_232008_847232,img_20260317_232008_847232.jpg,0.2,0.0
20260317_232008_898122,img_20260317_232008_898122.jpg,0.2,0.0
20260317_232008_959426,img_20260317_232008_959426.jpg,0.2,0.0
20260317_232008_997372,img_20260317_232008_997372.jpg,0.2,0.0
20260317_232009_059549,img_20260317_232009_059549.jpg,0.2,0.0
20260317_232009_099101,img_20260317_232009_099101.jpg,0.2,0.0
20260317_232009_161482,img_20260317_232009_161482.jpg,0.2,0.0
20260317_232009_200030,img_20260317_232009_200030.jpg,0.2,0.0
20260317_232009_261463,img_20260317_232009_261463.jpg,0.2,0.0
20260317_232009_302870,img_20260317_232009_302870.jpg,0.2,0.0
20260317_232009_363368,img_20260317_232009_363368.jpg,0.2,0.0
20260317_232009_404010,img_20260317_232009_404010.jpg,0.2,0.0
20260317_232009_465102,img_20260317_232009_465102.jpg,0.2,0.0
20260317_232009_504643,img_20260317_232009_504643.jpg,0.2,0.0
20260317_232009_555070,img_20260317_232009_555070.jpg,0.2,0.0
20260317_232009_606909,img_20260317_232009_606909.jpg,0.2,0.0
20260317_232009_668064,img_20260317_232009_668064.jpg,0.2,0.0
20260317_232009_719036,img_20260317_232009_719036.jpg,0.2,0.0
20260317_232009_759023,img_20260317_232009_759023.jpg,0.2,0.0
20260317_232009_819779,img_20260317_232009_819779.jpg,0.2,0.0
20260317_232009_869357,img_20260317_232009_869357.jpg,0.2,0.0
20260317_232009_914273,img_20260317_232009_914273.jpg,0.2,0.0
20260317_232009_963441,img_20260317_232009_963441.jpg,0.2,0.0
20260317_232010_016150,img_20260317_232010_016150.jpg,0.2,0.0
20260317_232010_075166,img_20260317_232010_075166.jpg,0.2,0.0
20260317_232010_116876,img_20260317_232010_116876.jpg,0.2,0.0
20260317_232010_168494,img_20260317_232010_168494.jpg,0.2,0.0
20260317_232010_228036,img_20260317_232010_228036.jpg,0.2,0.0
20260317_232010_269748,img_20260317_232010_269748.jpg,0.2,0.0
20260317_232010_331163,img_20260317_232010_331163.jpg,0.2,0.0
20260317_232010_380620,img_20260317_232010_380620.jpg,0.2,0.0
20260317_232010_422166,img_20260317_232010_422166.jpg,0.2,0.0
20260317_232010_483299,img_20260317_232010_483299.jpg,0.2,0.0
20260317_232010_521771,img_20260317_232010_521771.jpg,0.2,0.0
20260317_232010_572959,img_20260317_232010_572959.jpg,0.2,0.0
20260317_232010_622963,img_20260317_232010_622963.jpg,0.2,0.0
20260317_232010_673558,img_20260317_232010_673558.jpg,0.2,0.0
20260317_232010_723698,img_20260317_232010_723698.jpg,0.2,0.0
20260317_232010_777310,img_20260317_232010_777310.jpg,0.2,0.0
20260317_232010_828148,img_20260317_232010_828148.jpg,0.2,0.0
20260317_232010_878920,img_20260317_232010_878920.jpg,0.2,0.0
20260317_232010_929653,img_20260317_232010_929653.jpg,0.2,0.0
20260317_232010_981187,img_20260317_232010_981187.jpg,0.2,0.0
20260317_232011_030013,img_20260317_232011_030013.jpg,0.2,0.0
20260317_232011_093187,img_20260317_232011_093187.jpg,0.2,0.0
20260317_232011_144471,img_20260317_232011_144471.jpg,0.2,0.0
20260317_232011_192747,img_20260317_232011_192747.jpg,0.2,0.0
20260317_232011_243609,img_20260317_232011_243609.jpg,0.2,0.0
20260317_232011_294293,img_20260317_232011_294293.jpg,0.2,0.0
20260317_232011_338436,img_20260317_232011_338436.jpg,0.2,0.0
20260317_232011_398475,img_20260317_232011_398475.jpg,0.2,0.0
20260317_232011_448883,img_20260317_232011_448883.jpg,0.2,0.0
20260317_232011_503058,img_20260317_232011_503058.jpg,0.2,0.0
20260317_232011_551683,img_20260317_232011_551683.jpg,0.2,0.0
20260317_232011_593795,img_20260317_232011_593795.jpg,0.2,0.0
20260317_232011_654048,img_20260317_232011_654048.jpg,0.2,0.0
20260317_232011_703698,img_20260317_232011_703698.jpg,0.2,0.0
20260317_232011_755177,img_20260317_232011_755177.jpg,0.2,0.0
20260317_232011_794207,img_20260317_232011_794207.jpg,0.2,0.0
20260317_232011_845870,img_20260317_232011_845870.jpg,0.2,0.0
20260317_232011_906923,img_20260317_232011_906923.jpg,0.2,0.0
20260317_232011_947680,img_20260317_232011_947680.jpg,0.2,0.0
20260317_232012_008077,img_20260317_232012_008077.jpg,0.2,0.0
20260317_232012_061209,img_20260317_232012_061209.jpg,0.2,0.0
20260317_232012_100364,img_20260317_232012_100364.jpg,0.2,0.0
20260317_232012_159742,img_20260317_232012_159742.jpg,0.2,0.0
20260317_232012_200808,img_20260317_232012_200808.jpg,0.2,0.0
20260317_232012_251052,img_20260317_232012_251052.jpg,0.2,0.0
20260317_232012_301633,img_20260317_232012_301633.jpg,0.2,0.0
20260317_232012_355406,img_20260317_232012_355406.jpg,0.2,0.0
20260317_232012_401719,img_20260317_232012_401719.jpg,0.2,0.0
20260317_232012_453136,img_20260317_232012_453136.jpg,0.2,0.0
20260317_232012_516130,img_20260317_232012_516130.jpg,0.2,0.0
20260317_232012_556860,img_20260317_232012_556860.jpg,0.2,0.0
20260317_232012_607347,img_20260317_232012_607347.jpg,0.2,0.0
20260317_232011_910771,img_20260317_232011_910771.jpg,0.2,0.0
20260317_232011_949313,img_20260317_232011_949313.jpg,0.2,0.0
20260317_232012_000018,img_20260317_232012_000018.jpg,0.2,0.0
20260317_232012_062676,img_20260317_232012_062676.jpg,0.2,0.0
20260317_232012_105311,img_20260317_232012_105311.jpg,0.2,0.0
20260317_232012_153026,img_20260317_232012_153026.jpg,0.2,0.0
20260317_232012_204123,img_20260317_232012_204123.jpg,0.2,0.0
20260317_232012_266152,img_20260317_232012_266152.jpg,0.2,0.0
20260317_232012_303161,img_20260317_232012_303161.jpg,0.2,0.0
20260317_232012_356955,img_20260317_232012_356955.jpg,0.2,0.0
20260317_232012_406702,img_20260317_232012_406702.jpg,0.2,0.0
20260317_232012_457513,img_20260317_232012_457513.jpg,0.2,0.0
20260317_232012_507043,img_20260317_232012_507043.jpg,0.2,0.0
20260317_232012_561285,img_20260317_232012_561285.jpg,0.2,0.0
20260317_232012_621210,img_20260317_232012_621210.jpg,0.2,0.0
20260317_232012_662751,img_20260317_232012_662751.jpg,0.2,0.0
20260317_232012_712573,img_20260317_232012_712573.jpg,0.2,0.0
20260317_232012_773601,img_20260317_232012_773601.jpg,0.2,0.0
20260317_232012_814097,img_20260317_232012_814097.jpg,0.2,0.0
20260317_232012_878830,img_20260317_232012_878830.jpg,0.2,0.0
20260317_232012_927602,img_20260317_232012_927602.jpg,0.2,0.0
20260317_232012_976970,img_20260317_232012_976970.jpg,0.2,0.0
20260317_232013_019144,img_20260317_232013_019144.jpg,0.2,0.0
20260317_232013_078630,img_20260317_232013_078630.jpg,0.2,0.0
20260317_232013_129555,img_20260317_232013_129555.jpg,0.2,0.0
20260317_232013_170066,img_20260317_232013_170066.jpg,0.2,0.0
20260317_232013_222330,img_20260317_232013_222330.jpg,0.2,0.0
20260317_232013_273684,img_20260317_232013_273684.jpg,0.2,0.0
20260317_232013_324848,img_20260317_232013_324848.jpg,0.2,0.0
20260317_232013_375500,img_20260317_232013_375500.jpg,0.2,0.0
20260317_232013_425497,img_20260317_232013_425497.jpg,0.2,0.0
20260317_232013_477490,img_20260317_232013_477490.jpg,0.2,0.0
20260317_232013_534261,img_20260317_232013_534261.jpg,0.2,0.0
20260317_232013_577790,img_20260317_232013_577790.jpg,0.2,0.0
20260317_232013_629141,img_20260317_232013_629141.jpg,0.2,0.0
20260317_232013_681636,img_20260317_232013_681636.jpg,0.2,0.0
20260317_232013_733117,img_20260317_232013_733117.jpg,0.2,0.0
20260317_232013_784614,img_20260317_232013_784614.jpg,0.2,0.0
20260317_232013_844786,img_20260317_232013_844786.jpg,0.2,0.0
20260317_232013_895919,img_20260317_232013_895919.jpg,0.2,0.0
20260317_232013_937655,img_20260317_232013_937655.jpg,0.2,0.0
20260317_232013_985382,img_20260317_232013_985382.jpg,0.2,0.0
20260317_232014_047056,img_20260317_232014_047056.jpg,0.2,0.0
20260317_232014_087500,img_20260317_232014_087500.jpg,0.2,0.0
20260317_232014_141405,img_20260317_232014_141405.jpg,0.2,0.0
20260317_232014_200391,img_20260317_232014_200391.jpg,0.2,0.0
20260317_232014_242946,img_20260317_232014_242946.jpg,0.2,0.0
20260317_232014_289657,img_20260317_232014_289657.jpg,0.2,0.0
20260317_232014_342153,img_20260317_232014_342153.jpg,0.2,0.0
20260317_232014_393357,img_20260317_232014_393357.jpg,0.2,0.0
20260317_232014_445720,img_20260317_232014_445720.jpg,0.2,0.0
20260317_232014_505303,img_20260317_232014_505303.jpg,0.2,0.0
20260317_232014_545770,img_20260317_232014_545770.jpg,0.2,0.0
20260317_232014_596799,img_20260317_232014_596799.jpg,0.2,0.0
20260317_232014_647550,img_20260317_232014_647550.jpg,0.2,0.0
20260317_232014_709968,img_20260317_232014_709968.jpg,0.2,0.0
20260317_232014_763601,img_20260317_232014_763601.jpg,0.2,0.0
20260317_232014_811198,img_20260317_232014_811198.jpg,0.2,0.0
20260317_232014_849061,img_20260317_232014_849061.jpg,0.2,0.0
20260317_232014_902532,img_20260317_232014_902532.jpg,0.2,0.0
20260317_232014_951352,img_20260317_232014_951352.jpg,0.2,0.0
20260317_232015_015533,img_20260317_232015_015533.jpg,0.2,0.0
20260317_232015_056105,img_20260317_232015_056105.jpg,0.2,0.0
20260317_232015_117635,img_20260317_232015_117635.jpg,0.2,0.0
20260317_232015_157220,img_20260317_232015_157220.jpg,0.2,0.0
20260317_232015_208342,img_20260317_232015_208342.jpg,0.2,0.0
20260317_232015_271391,img_20260317_232015_271391.jpg,0.2,0.0
20260317_232015_311168,img_20260317_232015_311168.jpg,0.2,0.0
20260317_232015_360285,img_20260317_232015_360285.jpg,0.2,0.0
20260317_232015_413699,img_20260317_232015_413699.jpg,0.2,0.0
20260317_232015_465561,img_20260317_232015_465561.jpg,0.2,0.0
20260317_232015_516360,img_20260317_232015_516360.jpg,0.2,0.0
20260317_232015_569256,img_20260317_232015_569256.jpg,0.2,0.0
20260317_232015_617156,img_20260317_232015_617156.jpg,0.2,0.0
20260317_232015_668646,img_20260317_232015_668646.jpg,0.2,0.0
20260317_232015_720111,img_20260317_232015_720111.jpg,0.2,0.0
20260317_232015_772751,img_20260317_232015_772751.jpg,0.2,0.0
20260317_232015_820618,img_20260317_232015_820618.jpg,0.2,0.0
20260317_232015_883308,img_20260317_232015_883308.jpg,0.2,0.0
20260317_232015_925309,img_20260317_232015_925309.jpg,0.2,0.0
20260317_232015_973430,img_20260317_232015_973430.jpg,0.2,0.0
20260317_232016_034196,img_20260317_232016_034196.jpg,0.2,0.0
20260317_232016_074111,img_20260317_232016_074111.jpg,0.2,0.0
20260317_232016_136312,img_20260317_232016_136312.jpg,0.2,0.0
20260317_232016_177053,img_20260317_232016_177053.jpg,0.2,0.0
20260317_232016_228886,img_20260317_232016_228886.jpg,0.2,0.0
20260317_232016_279367,img_20260317_232016_279367.jpg,0.2,0.0
20260317_232016_329555,img_20260317_232016_329555.jpg,0.2,0.0
20260317_232016_381076,img_20260317_232016_381076.jpg,0.2,0.0
20260317_232016_433319,img_20260317_232016_433319.jpg,0.2,0.0
20260317_232016_480863,img_20260317_232016_480863.jpg,0.2,0.0
20260317_232016_545082,img_20260317_232016_545082.jpg,0.2,0.0
20260317_232016_584991,img_20260317_232016_584991.jpg,0.2,0.0
20260317_232016_645406,img_20260317_232016_645406.jpg,0.2,0.0
20260317_232016_686975,img_20260317_232016_686975.jpg,0.2,0.0
20260317_232016_739233,img_20260317_232016_739233.jpg,0.2,0.0
20260317_232016_788982,img_20260317_232016_788982.jpg,0.2,0.0
20260317_232016_840377,img_20260317_232016_840377.jpg,0.2,0.0
20260317_232016_890334,img_20260317_232016_890334.jpg,0.2,0.0
20260317_232016_941699,img_20260317_232016_941699.jpg,0.2,0.0
20260317_232016_990397,img_20260317_232016_990397.jpg,0.2,0.0
20260317_232017_040645,img_20260317_232017_040645.jpg,0.2,0.0
20260317_232017_090832,img_20260317_232017_090832.jpg,0.2,0.0
20260317_232017_144827,img_20260317_232017_144827.jpg,0.2,0.0
20260317_232017_195818,img_20260317_232017_195818.jpg,0.2,0.0
20260317_232017_256421,img_20260317_232017_256421.jpg,0.2,0.0
20260317_232017_297114,img_20260317_232017_297114.jpg,0.2,0.0
20260317_232017_347430,img_20260317_232017_347430.jpg,0.2,0.0
20260317_232017_408238,img_20260317_232017_408238.jpg,0.2,0.0
20260317_232017_459851,img_20260317_232017_459851.jpg,0.2,0.0
20260317_232017_498677,img_20260317_232017_498677.jpg,0.2,0.0
20260317_232017_550141,img_20260317_232017_550141.jpg,0.2,0.0
20260317_232017_611666,img_20260317_232017_611666.jpg,0.2,0.0
20260317_232017_662851,img_20260317_232017_662851.jpg,0.2,0.0
20260317_232017_704068,img_20260317_232017_704068.jpg,0.2,0.0
20260317_232017_755469,img_20260317_232017_755469.jpg,0.2,0.0
20260317_232017_815571,img_20260317_232017_815571.jpg,0.2,0.0
20260317_232017_867532,img_20260317_232017_867532.jpg,0.2,0.0
20260317_232017_904933,img_20260317_232017_904933.jpg,0.2,0.0
20260317_232017_956870,img_20260317_232017_956870.jpg,0.2,0.0
20260317_232018_010112,img_20260317_232018_010112.jpg,0.2,0.0
20260317_232018_056947,img_20260317_232018_056947.jpg,0.2,0.0
20260317_232018_107248,img_20260317_232018_107248.jpg,0.2,0.0
20260317_232018_158858,img_20260317_232018_158858.jpg,0.2,0.0
20260317_232018_210293,img_20260317_232018_210293.jpg,0.2,0.0
20260317_232018_261741,img_20260317_232018_261741.jpg,0.2,0.0
20260317_232018_312277,img_20260317_232018_312277.jpg,0.2,0.0
20260317_232018_375105,img_20260317_232018_375105.jpg,0.2,0.0
20260317_232018_416685,img_20260317_232018_416685.jpg,0.2,0.0
20260317_232018_465652,img_20260317_232018_465652.jpg,0.2,0.0
20260317_232018_527364,img_20260317_232018_527364.jpg,0.2,0.0
20260317_232018_569003,img_20260317_232018_569003.jpg,0.2,0.0
20260317_232018_627963,img_20260317_232018_627963.jpg,0.2,0.0
20260317_232018_678947,img_20260317_232018_678947.jpg,0.2,0.0
20260317_232018_723413,img_20260317_232018_723413.jpg,0.2,0.0
20260317_232018_781032,img_20260317_232018_781032.jpg,0.2,0.0
20260317_232018_823655,img_20260317_232018_823655.jpg,0.2,0.0
20260317_232018_873015,img_20260317_232018_873015.jpg,0.2,0.0
20260317_232018_923412,img_20260317_232018_923412.jpg,0.2,0.0
20260317_232018_985079,img_20260317_232018_985079.jpg,0.2,0.0
20260317_232019_026704,img_20260317_232019_026704.jpg,0.2,0.0
20260317_232019_084698,img_20260317_232019_084698.jpg,0.2,0.0
20260317_232019_125819,img_20260317_232019_125819.jpg,0.2,0.0
20260317_232019_178996,img_20260317_232019_178996.jpg,0.2,0.0
20260317_232019_229225,img_20260317_232019_229225.jpg,0.2,0.0
20260317_232019_282259,img_20260317_232019_282259.jpg,0.2,0.0
20260317_232019_331339,img_20260317_232019_331339.jpg,0.2,0.0
20260317_232019_384518,img_20260317_232019_384518.jpg,0.2,0.0
20260317_232019_433049,img_20260317_232019_433049.jpg,0.2,0.0
20260317_232019_495814,img_20260317_232019_495814.jpg,0.2,0.0
20260317_232019_537854,img_20260317_232019_537854.jpg,0.2,0.0
20260317_232019_585911,img_20260317_232019_585911.jpg,0.2,0.0
20260317_232019_646871,img_20260317_232019_646871.jpg,0.2,0.0
20260317_232019_686586,img_20260317_232019_686586.jpg,0.2,0.0
20260317_232019_740259,img_20260317_232019_740259.jpg,0.2,0.0
20260317_232019_788045,img_20260317_232019_788045.jpg,0.2,0.0
20260317_232019_850547,img_20260317_232019_850547.jpg,0.2,0.0
20260317_232019_900021,img_20260317_232019_900021.jpg,0.2,0.0
20260317_232019_950005,img_20260317_232019_950005.jpg,0.2,0.0
20260317_232019_991983,img_20260317_232019_991983.jpg,0.2,0.0
20260317_232020_052075,img_20260317_232020_052075.jpg,0.2,0.0
20260317_232020_106537,img_20260317_232020_106537.jpg,0.2,0.0
20260317_232020_143289,img_20260317_232020_143289.jpg,0.2,0.0
20260317_232020_204985,img_20260317_232020_204985.jpg,0.2,0.0
20260317_232020_256084,img_20260317_232020_256084.jpg,0.2,0.0
20260317_232020_295995,img_20260317_232020_295995.jpg,0.2,0.0
20260317_232020_360102,img_20260317_232020_360102.jpg,0.2,0.0
20260317_232020_397437,img_20260317_232020_397437.jpg,0.2,0.0
20260317_232020_448763,img_20260317_232020_448763.jpg,0.2,0.0
20260317_232020_511204,img_20260317_232020_511204.jpg,0.2,0.0
20260317_232020_552344,img_20260317_232020_552344.jpg,0.2,0.0
20260317_232020_611391,img_20260317_232020_611391.jpg,0.2,0.0
20260317_232020_652920,img_20260317_232020_652920.jpg,0.2,0.0
20260317_232020_713259,img_20260317_232020_713259.jpg,0.2,0.0
20260317_232020_763528,img_20260317_232020_763528.jpg,0.2,0.0
20260317_232020_816481,img_20260317_232020_816481.jpg,0.2,0.0
20260317_232020_856374,img_20260317_232020_856374.jpg,0.2,0.0
20260317_232020_916949,img_20260317_232020_916949.jpg,0.2,0.0
20260317_232020_967031,img_20260317_232020_967031.jpg,0.2,0.0
20260317_232021_007718,img_20260317_232021_007718.jpg,0.2,0.0
20260317_232021_060020,img_20260317_232021_060020.jpg,0.2,0.0
20260317_232021_108485,img_20260317_232021_108485.jpg,0.2,0.0
20260317_232021_169615,img_20260317_232021_169615.jpg,0.2,0.0
20260317_232021_213115,img_20260317_232021_213115.jpg,0.2,0.0
20260317_232021_270572,img_20260317_232021_270572.jpg,0.2,0.0
20260317_232021_312302,img_20260317_232021_312302.jpg,0.2,0.0
20260317_232021_375296,img_20260317_232021_375296.jpg,0.2,0.0
20260317_232021_424713,img_20260317_232021_424713.jpg,0.2,0.0
20260317_232021_465069,img_20260317_232021_465069.jpg,0.2,0.0
20260317_232021_525940,img_20260317_232021_525940.jpg,0.2,0.0
20260317_232021_566858,img_20260317_232021_566858.jpg,0.2,0.0
20260317_232021_616483,img_20260317_232021_616483.jpg,0.2,0.0
20260317_232021_676998,img_20260317_232021_676998.jpg,0.2,0.0
20260317_232021_718933,img_20260317_232021_718933.jpg,0.2,0.0
20260317_232021_770671,img_20260317_232021_770671.jpg,0.2,0.0
20260317_232021_818360,img_20260317_232021_818360.jpg,0.2,0.0
20260317_232021_881859,img_20260317_232021_881859.jpg,0.2,0.0
20260317_232021_921649,img_20260317_232021_921649.jpg,0.2,0.0
20260317_232021_982730,img_20260317_232021_982730.jpg,0.2,0.0
20260317_232022_034863,img_20260317_232022_034863.jpg,0.2,0.0
20260317_232022_075011,img_20260317_232022_075011.jpg,0.2,0.0
20260317_232022_126510,img_20260317_232022_126510.jpg,0.2,0.0
20260317_232022_175982,img_20260317_232022_175982.jpg,0.2,0.0
20260317_232022_227022,img_20260317_232022_227022.jpg,0.2,0.0
20260317_232022_277571,img_20260317_232022_277571.jpg,0.2,0.0
20260317_232022_332525,img_20260317_232022_332525.jpg,0.2,0.0
20260317_232022_394523,img_20260317_232022_394523.jpg,0.2,0.0
20260317_232022_444075,img_20260317_232022_444075.jpg,0.2,0.0
20260317_232022_482038,img_20260317_232022_482038.jpg,0.2,0.0
20260317_232022_533282,img_20260317_232022_533282.jpg,0.2,0.0
20260317_232022_584679,img_20260317_232022_584679.jpg,0.2,0.0
20260317_232022_636608,img_20260317_232022_636608.jpg,0.2,0.0
20260317_232022_686650,img_20260317_232022_686650.jpg,0.2,0.0
20260317_232022_739627,img_20260317_232022_739627.jpg,0.2,0.0
20260317_232022_788658,img_20260317_232022_788658.jpg,0.2,0.0
20260317_232022_851588,img_20260317_232022_851588.jpg,0.2,0.0
20260317_232022_903914,img_20260317_232022_903914.jpg,0.2,0.0
20260317_232022_957696,img_20260317_232022_957696.jpg,0.2,0.0
20260317_232022_994418,img_20260317_232022_994418.jpg,0.2,0.0
20260317_232023_057124,img_20260317_232023_057124.jpg,0.2,0.0
20260317_232023_097232,img_20260317_232023_097232.jpg,0.2,0.0
20260317_232023_147817,img_20260317_232023_147817.jpg,0.2,0.0
20260317_232023_199465,img_20260317_232023_199465.jpg,0.2,0.0
20260317_232023_250496,img_20260317_232023_250496.jpg,0.2,0.0
20260317_232023_300917,img_20260317_232023_300917.jpg,0.2,0.0
20260317_232023_352848,img_20260317_232023_352848.jpg,0.2,0.0
20260317_232023_405211,img_20260317_232023_405211.jpg,0.2,0.0
20260317_232023_455332,img_20260317_232023_455332.jpg,0.2,0.0
20260317_232023_514557,img_20260317_232023_514557.jpg,0.2,0.0
20260317_232023_567127,img_20260317_232023_567127.jpg,0.2,0.0
20260317_232023_606661,img_20260317_232023_606661.jpg,0.2,0.0
20260317_232023_667012,img_20260317_232023_667012.jpg,0.2,0.0
20260317_232023_709377,img_20260317_232023_709377.jpg,0.2,0.0
20260317_232023_758746,img_20260317_232023_758746.jpg,0.2,0.0
20260317_232023_810710,img_20260317_232023_810710.jpg,0.2,0.0
20260317_232023_860208,img_20260317_232023_860208.jpg,0.2,0.0
20260317_232023_913566,img_20260317_232023_913566.jpg,0.2,0.0
20260317_232023_965379,img_20260317_232023_965379.jpg,0.2,0.0
20260317_232024_025408,img_20260317_232024_025408.jpg,0.2,0.0
20260317_232024_066433,img_20260317_232024_066433.jpg,0.2,0.0
20260317_232024_117005,img_20260317_232024_117005.jpg,0.2,0.0
20260317_232024_179832,img_20260317_232024_179832.jpg,0.2,0.0
20260317_232024_218528,img_20260317_232024_218528.jpg,0.2,0.0
20260317_232024_269349,img_20260317_232024_269349.jpg,0.2,0.0
20260317_232024_319511,img_20260317_232024_319511.jpg,0.2,0.0
20260317_232024_382769,img_20260317_232024_382769.jpg,0.2,0.0
20260317_232024_432932,img_20260317_232024_432932.jpg,0.2,0.0
20260317_232024_473475,img_20260317_232024_473475.jpg,0.2,0.0
20260317_232024_534060,img_20260317_232024_534060.jpg,0.2,0.0
20260317_232024_585179,img_20260317_232024_585179.jpg,0.2,0.0
20260317_232024_629549,img_20260317_232024_629549.jpg,0.2,0.0
20260317_232024_676752,img_20260317_232024_676752.jpg,0.2,0.0
20260317_232024_727374,img_20260317_232024_727374.jpg,0.2,0.0
20260317_232024_776254,img_20260317_232024_776254.jpg,0.2,0.0
20260317_232024_826589,img_20260317_232024_826589.jpg,0.2,0.0
20260317_232024_877747,img_20260317_232024_877747.jpg,0.2,0.0
20260317_232024_940665,img_20260317_232024_940665.jpg,0.2,0.0
20260317_232024_991234,img_20260317_232024_991234.jpg,0.2,0.0
20260317_232025_031573,img_20260317_232025_031573.jpg,0.2,0.0
20260317_232025_081098,img_20260317_232025_081098.jpg,0.2,0.0
20260317_232025_131079,img_20260317_232025_131079.jpg,0.2,0.0
20260317_232025_193816,img_20260317_232025_193816.jpg,0.2,0.0
20260317_232025_234299,img_20260317_232025_234299.jpg,0.2,0.0
20260317_232025_294480,img_20260317_232025_294480.jpg,0.2,0.0
20260317_232025_337831,img_20260317_232025_337831.jpg,0.2,0.0
20260317_232025_386819,img_20260317_232025_386819.jpg,0.2,0.0
20260317_232025_438279,img_20260317_232025_438279.jpg,0.2,0.0
20260317_232025_499342,img_20260317_232025_499342.jpg,0.2,0.0
20260317_232025_550493,img_20260317_232025_550493.jpg,0.2,0.0
20260317_232025_598938,img_20260317_232025_598938.jpg,0.2,0.0
20260317_232025_640351,img_20260317_232025_640351.jpg,0.2,0.0
20260317_232025_693498,img_20260317_232025_693498.jpg,0.2,0.0
20260317_232025_743209,img_20260317_232025_743209.jpg,0.2,0.0
20260317_232025_806936,img_20260317_232025_806936.jpg,0.2,0.0
20260317_232025_858172,img_20260317_232025_858172.jpg,0.2,0.0
20260317_232025_896887,img_20260317_232025_896887.jpg,0.2,0.0
20260317_232025_948570,img_20260317_232025_948570.jpg,0.2,0.0
20260317_232025_997367,img_20260317_232025_997367.jpg,0.2,0.0
20260317_232026_049708,img_20260317_232026_049708.jpg,0.2,0.0
20260317_232026_111728,img_20260317_232026_111728.jpg,0.2,0.0
20260317_232026_160453,img_20260317_232026_160453.jpg,0.2,0.0
20260317_232026_200967,img_20260317_232026_200967.jpg,0.2,0.0
20260317_232026_262090,img_20260317_232026_262090.jpg,0.2,0.0
20260317_232026_303077,img_20260317_232026_303077.jpg,0.2,0.0
20260317_232026_353305,img_20260317_232026_353305.jpg,0.2,0.0
20260317_232026_405174,img_20260317_232026_405174.jpg,0.2,0.0
20260317_232026_455788,img_20260317_232026_455788.jpg,0.2,0.0
20260317_232026_518106,img_20260317_232026_518106.jpg,0.2,0.0
20260317_232026_567980,img_20260317_232026_567980.jpg,0.2,0.0
20260317_232026_608360,img_20260317_232026_608360.jpg,0.2,0.0
20260317_232026_659126,img_20260317_232026_659126.jpg,0.2,0.0
20260317_232026_709917,img_20260317_232026_709917.jpg,0.2,0.0
20260317_232026_761516,img_20260317_232026_761516.jpg,0.2,0.0
20260317_232026_813007,img_20260317_232026_813007.jpg,0.2,0.0
20260317_232026_865709,img_20260317_232026_865709.jpg,0.2,0.0
20260317_232026_915136,img_20260317_232026_915136.jpg,0.2,0.0
20260317_232026_977369,img_20260317_232026_977369.jpg,0.2,0.0
20260317_232027_026934,img_20260317_232027_026934.jpg,0.2,0.0
20260317_232027_069032,img_20260317_232027_069032.jpg,0.2,0.0
20260317_232027_116920,img_20260317_232027_116920.jpg,0.2,0.0
20260317_232027_179466,img_20260317_232027_179466.jpg,0.2,0.0
20260317_232027_229658,img_20260317_232027_229658.jpg,0.2,0.0
20260317_232027_271227,img_20260317_232027_271227.jpg,0.2,0.0
20260317_232027_319484,img_20260317_232027_319484.jpg,0.2,0.0
20260317_232027_371655,img_20260317_232027_371655.jpg,0.2,0.0
20260317_232027_433682,img_20260317_232027_433682.jpg,0.2,0.0
20260317_232027_485485,img_20260317_232027_485485.jpg,0.2,0.0
20260317_232027_527319,img_20260317_232027_527319.jpg,0.2,0.0
20260317_232027_586192,img_20260317_232027_586192.jpg,0.2,0.0
20260317_232027_627940,img_20260317_232027_627940.jpg,0.2,0.0
20260317_232027_690896,img_20260317_232027_690896.jpg,0.2,0.0
20260317_232027_749516,img_20260317_232027_749516.jpg,0.2,0.0
20260317_232027_783180,img_20260317_232027_783180.jpg,0.2,0.0
20260317_232027_841272,img_20260317_232027_841272.jpg,0.2,0.0
20260317_232027_893439,img_20260317_232027_893439.jpg,0.2,0.0
20260317_232027_936869,img_20260317_232027_936869.jpg,0.2,0.0
20260317_232027_998429,img_20260317_232027_998429.jpg,0.2,0.0
20260317_232028_036793,img_20260317_232028_036793.jpg,0.2,0.0
20260317_232028_087770,img_20260317_232028_087770.jpg,0.2,0.0
20260317_232028_150023,img_20260317_232028_150023.jpg,0.2,0.0
20260317_232028_190609,img_20260317_232028_190609.jpg,0.2,0.0
20260317_232028_243260,img_20260317_232028_243260.jpg,0.2,0.0
20260317_232028_292796,img_20260317_232028_292796.jpg,0.2,0.0
20260317_232028_341841,img_20260317_232028_341841.jpg,0.2,0.0
20260317_232028_404023,img_20260317_232028_404023.jpg,0.2,0.0
20260317_232028_454318,img_20260317_232028_454318.jpg,0.2,0.0
20260317_232028_496196,img_20260317_232028_496196.jpg,0.2,0.0
20260317_232028_549145,img_20260317_232028_549145.jpg,0.2,0.0
20260317_232028_598990,img_20260317_232028_598990.jpg,0.2,0.0
20260317_232028_659437,img_20260317_232028_659437.jpg,0.2,0.0
20260317_232028_700224,img_20260317_232028_700224.jpg,0.2,0.0
20260317_232028_749857,img_20260317_232028_749857.jpg,0.2,0.0
20260317_232028_799727,img_20260317_232028_799727.jpg,0.2,0.0
20260317_232028_851229,img_20260317_232028_851229.jpg,0.2,0.0
20260317_232028_900608,img_20260317_232028_900608.jpg,0.2,0.0
20260317_232028_952873,img_20260317_232028_952873.jpg,0.2,0.0
20260317_232029_004245,img_20260317_232029_004245.jpg,0.2,0.0
20260317_232029_056244,img_20260317_232029_056244.jpg,0.2,0.0
20260317_232029_106680,img_20260317_232029_106680.jpg,0.2,0.0
20260317_232029_156831,img_20260317_232029_156831.jpg,0.2,0.0
20260317_232029_206713,img_20260317_232029_206713.jpg,0.2,0.0
20260317_232029_268087,img_20260317_232029_268087.jpg,0.2,0.0
20260317_232029_310452,img_20260317_232029_310452.jpg,0.2,0.0
20260317_232029_361670,img_20260317_232029_361670.jpg,0.2,0.0
20260317_232029_422959,img_20260317_232029_422959.jpg,0.2,0.0
20260317_232029_462272,img_20260317_232029_462272.jpg,0.2,0.0
20260317_232029_512135,img_20260317_232029_512135.jpg,0.2,0.0
20260317_232029_571465,img_20260317_232029_571465.jpg,0.2,0.0
20260317_232029_615545,img_20260317_232029_615545.jpg,0.2,0.0
20260317_232029_675267,img_20260317_232029_675267.jpg,0.2,0.0
20260317_232029_727981,img_20260317_232029_727981.jpg,0.2,0.0
20260317_232029_769388,img_20260317_232029_769388.jpg,0.2,0.0
20260317_232029_828959,img_20260317_232029_828959.jpg,0.2,0.0
20260317_232029_866129,img_20260317_232029_866129.jpg,0.2,0.0
20260317_232029_929683,img_20260317_232029_929683.jpg,0.2,0.0
20260317_232029_968114,img_20260317_232029_968114.jpg,0.2,0.0
20260317_232030_023728,img_20260317_232030_023728.jpg,0.2,0.0
20260317_232030_068836,img_20260317_232030_068836.jpg,0.2,0.0
20260317_232030_119881,img_20260317_232030_119881.jpg,0.2,0.0
20260317_232030_172436,img_20260317_232030_172436.jpg,0.2,0.0
20260317_232030_223418,img_20260317_232030_223418.jpg,0.2,0.0
20260317_232030_272191,img_20260317_232030_272191.jpg,0.2,0.0
20260317_232030_323520,img_20260317_232030_323520.jpg,0.2,0.0
20260317_232030_382192,img_20260317_232030_382192.jpg,0.2,0.0
20260317_232030_435456,img_20260317_232030_435456.jpg,0.2,0.0
20260317_232030_475540,img_20260317_232030_475540.jpg,0.2,0.0
20260317_232030_529214,img_20260317_232030_529214.jpg,0.2,0.0
20260317_232030_579193,img_20260317_232030_579193.jpg,0.2,0.0
20260317_232030_627797,img_20260317_232030_627797.jpg,0.2,0.0
20260317_232030_680639,img_20260317_232030_680639.jpg,0.2,0.0
20260317_232030_729221,img_20260317_232030_729221.jpg,0.2,0.0
20260317_232030_792079,img_20260317_232030_792079.jpg,0.2,0.0
20260317_232030_831016,img_20260317_232030_831016.jpg,0.2,0.0
20260317_232030_883122,img_20260317_232030_883122.jpg,0.2,0.0
20260317_232030_932951,img_20260317_232030_932951.jpg,0.2,0.0
20260317_232030_983643,img_20260317_232030_983643.jpg,0.2,0.0
20260317_232031_045298,img_20260317_232031_045298.jpg,0.2,0.0
20260317_232031_094513,img_20260317_232031_094513.jpg,0.2,0.0
20260317_232031_145640,img_20260317_232031_145640.jpg,0.2,0.0
20260317_232031_188289,img_20260317_232031_188289.jpg,0.2,0.0
20260317_232031_248026,img_20260317_232031_248026.jpg,0.2,0.0
20260317_232031_288007,img_20260317_232031_288007.jpg,0.2,0.0
20260317_232031_339225,img_20260317_232031_339225.jpg,0.2,0.0
20260317_232031_390661,img_20260317_232031_390661.jpg,0.2,0.0
20260317_232031_439387,img_20260317_232031_439387.jpg,0.2,0.0
20260317_232031_501738,img_20260317_232031_501738.jpg,0.2,0.0
20260317_232031_554566,img_20260317_232031_554566.jpg,0.2,0.0
20260317_232031_594690,img_20260317_232031_594690.jpg,0.2,0.0
20260317_232031_654417,img_20260317_232031_654417.jpg,0.2,0.0
20260317_232031_693296,img_20260317_232031_693296.jpg,0.2,0.0
20260317_232031_747314,img_20260317_232031_747314.jpg,0.2,0.0
20260317_232031_796209,img_20260317_232031_796209.jpg,0.2,0.0
20260317_232031_858940,img_20260317_232031_858940.jpg,0.2,0.0
20260317_232031_897854,img_20260317_232031_897854.jpg,0.2,0.0
20260317_232031_960438,img_20260317_232031_960438.jpg,0.2,0.0
20260317_232032_000432,img_20260317_232032_000432.jpg,0.2,0.0
20260317_232032_062278,img_20260317_232032_062278.jpg,0.2,0.0
20260317_232032_102791,img_20260317_232032_102791.jpg,0.2,0.0
20260317_232032_151938,img_20260317_232032_151938.jpg,0.2,0.0
20260317_232032_204564,img_20260317_232032_204564.jpg,0.2,0.0
20260317_232032_266129,img_20260317_232032_266129.jpg,0.2,0.0
20260317_232032_304710,img_20260317_232032_304710.jpg,0.2,0.0
20260317_232032_367607,img_20260317_232032_367607.jpg,0.2,0.0
20260317_232032_406633,img_20260317_232032_406633.jpg,0.2,0.0
20260317_232032_466753,img_20260317_232032_466753.jpg,0.2,0.0
20260317_232032_509516,img_20260317_232032_509516.jpg,0.2,0.0
20260317_232032_559560,img_20260317_232032_559560.jpg,0.2,0.0
20260317_232032_611218,img_20260317_232032_611218.jpg,0.2,0.0
20260317_232032_661237,img_20260317_232032_661237.jpg,0.2,0.0
20260317_232032_722266,img_20260317_232032_722266.jpg,0.2,0.0
20260317_232032_762569,img_20260317_232032_762569.jpg,0.2,0.0
20260317_232032_812783,img_20260317_232032_812783.jpg,0.2,0.0
20260317_232032_862014,img_20260317_232032_862014.jpg,0.2,0.0
20260317_232032_915703,img_20260317_232032_915703.jpg,0.2,0.0
20260317_232032_966334,img_20260317_232032_966334.jpg,0.2,0.0
20260317_232033_027454,img_20260317_232033_027454.jpg,0.2,0.0
20260317_232033_078465,img_20260317_232033_078465.jpg,0.2,0.0
20260317_232033_117804,img_20260317_232033_117804.jpg,0.2,0.0
20260317_232033_168100,img_20260317_232033_168100.jpg,0.2,0.0
20260317_232033_230921,img_20260317_232033_230921.jpg,0.2,0.0
20260317_232033_272916,img_20260317_232033_272916.jpg,0.2,0.0
20260317_232033_327381,img_20260317_232033_327381.jpg,0.2,0.0
20260317_232033_377236,img_20260317_232033_377236.jpg,0.2,0.0
20260317_232033_429398,img_20260317_232033_429398.jpg,0.2,0.0
20260317_232033_490103,img_20260317_232033_490103.jpg,0.2,0.0
20260317_232033_528937,img_20260317_232033_528937.jpg,0.2,0.0
20260317_232033_588854,img_20260317_232033_588854.jpg,0.2,0.0
20260317_232033_632538,img_20260317_232033_632538.jpg,0.2,0.0
20260317_232033_693675,img_20260317_232033_693675.jpg,0.2,0.0
20260317_232033_737422,img_20260317_232033_737422.jpg,0.2,0.0
20260317_232033_796269,img_20260317_232033_796269.jpg,0.2,0.0
20260317_232033_836643,img_20260317_232033_836643.jpg,0.2,0.0
20260317_232033_886360,img_20260317_232033_886360.jpg,0.2,0.0
20260317_232033_947536,img_20260317_232033_947536.jpg,0.2,0.0
20260317_232033_988207,img_20260317_232033_988207.jpg,0.2,0.0
20260317_232034_038220,img_20260317_232034_038220.jpg,0.2,0.0
20260317_232034_098855,img_20260317_232034_098855.jpg,0.2,0.0
20260317_232034_141039,img_20260317_232034_141039.jpg,0.2,0.0
20260317_232034_202607,img_20260317_232034_202607.jpg,0.2,0.0
20260317_232034_254179,img_20260317_232034_254179.jpg,0.2,0.0
20260317_232034_306592,img_20260317_232034_306592.jpg,0.2,0.0
20260317_232034_345055,img_20260317_232034_345055.jpg,0.2,0.0
20260317_232034_408187,img_20260317_232034_408187.jpg,0.2,0.0
20260317_232034_445862,img_20260317_232034_445862.jpg,0.2,0.0
20260317_232034_504541,img_20260317_232034_504541.jpg,0.2,0.0
20260317_232034_557066,img_20260317_232034_557066.jpg,0.2,0.0
20260317_232034_597604,img_20260317_232034_597604.jpg,0.2,0.0
20260317_232034_646436,img_20260317_232034_646436.jpg,0.2,0.0
20260317_232034_697346,img_20260317_232034_697346.jpg,0.2,0.0
20260317_232034_750221,img_20260317_232034_750221.jpg,0.2,0.0
20260317_232034_801523,img_20260317_232034_801523.jpg,0.2,0.0
20260317_232034_861151,img_20260317_232034_861151.jpg,0.2,0.0
20260317_232034_903106,img_20260317_232034_903106.jpg,0.2,0.0
20260317_232034_954418,img_20260317_232034_954418.jpg,0.2,0.0
20260317_232035_016429,img_20260317_232035_016429.jpg,0.2,0.0
20260317_232035_068082,img_20260317_232035_068082.jpg,0.2,0.0
20260317_232035_116885,img_20260317_232035_116885.jpg,0.2,0.0
20260317_232035_158228,img_20260317_232035_158228.jpg,0.2,0.0
20260317_232035_208664,img_20260317_232035_208664.jpg,0.2,0.0
20260317_232035_259463,img_20260317_232035_259463.jpg,0.2,0.0
20260317_232035_321750,img_20260317_232035_321750.jpg,0.2,0.0
20260317_232035_373311,img_20260317_232035_373311.jpg,0.2,0.0
20260317_232035_412838,img_20260317_232035_412838.jpg,0.2,0.0
20260317_232035_464173,img_20260317_232035_464173.jpg,0.2,0.0
20260317_232035_513803,img_20260317_232035_513803.jpg,0.2,0.0
20260317_232035_567902,img_20260317_232035_567902.jpg,0.2,0.0
20260317_232035_615005,img_20260317_232035_615005.jpg,0.2,0.0
20260317_232035_668159,img_20260317_232035_668159.jpg,0.2,0.0
20260317_232035_715560,img_20260317_232035_715560.jpg,0.2,0.0
20260317_232035_768235,img_20260317_232035_768235.jpg,0.2,0.0
20260317_232035_819260,img_20260317_232035_819260.jpg,0.2,0.0
20260317_232035_868179,img_20260317_232035_868179.jpg,0.2,0.0
20260317_232035_919327,img_20260317_232035_919327.jpg,0.2,0.0
20260317_232035_970972,img_20260317_232035_970972.jpg,0.2,0.0
20260317_232036_030839,img_20260317_232036_030839.jpg,0.2,0.0
20260317_232036_084093,img_20260317_232036_084093.jpg,0.2,0.0
20260317_232036_122894,img_20260317_232036_122894.jpg,0.2,0.0
20260317_232036_186285,img_20260317_232036_186285.jpg,0.2,0.0
20260317_232036_225615,img_20260317_232036_225615.jpg,0.2,0.0
20260317_232036_277129,img_20260317_232036_277129.jpg,0.2,0.0
20260317_232036_327693,img_20260317_232036_327693.jpg,0.2,0.0
20260317_232036_377670,img_20260317_232036_377670.jpg,0.2,0.0
20260317_232036_429515,img_20260317_232036_429515.jpg,0.2,0.0
20260317_232036_480783,img_20260317_232036_480783.jpg,0.2,0.0
20260317_232036_531734,img_20260317_232036_531734.jpg,0.2,0.0
20260317_232036_581390,img_20260317_232036_581390.jpg,0.2,0.0
20260317_232036_632277,img_20260317_232036_632277.jpg,0.2,0.0
20260317_232036_693731,img_20260317_232036_693731.jpg,0.2,0.0
20260317_232036_746617,img_20260317_232036_746617.jpg,0.2,0.0
20260317_232036_795788,img_20260317_232036_795788.jpg,0.2,0.0
20260317_232036_836953,img_20260317_232036_836953.jpg,0.2,0.0
20260317_232036_897895,img_20260317_232036_897895.jpg,0.2,0.0
20260317_232036_939942,img_20260317_232036_939942.jpg,0.2,0.0
20260317_232036_989119,img_20260317_232036_989119.jpg,0.2,0.0
20260317_232037_038929,img_20260317_232037_038929.jpg,0.2,0.0
20260317_232037_090993,img_20260317_232037_090993.jpg,0.2,0.0
20260317_232037_143825,img_20260317_232037_143825.jpg,0.2,0.0
20260317_232037_195156,img_20260317_232037_195156.jpg,0.2,0.0
20260317_232037_245301,img_20260317_232037_245301.jpg,0.2,0.0
20260317_232037_295035,img_20260317_232037_295035.jpg,0.2,0.0
20260317_232037_348735,img_20260317_232037_348735.jpg,0.2,0.0
20260317_232037_399272,img_20260317_232037_399272.jpg,0.2,0.0
20260317_232037_450737,img_20260317_232037_450737.jpg,0.2,0.0
20260317_232037_509854,img_20260317_232037_509854.jpg,0.2,0.0
20260317_232037_553263,img_20260317_232037_553263.jpg,0.2,0.0
20260317_232037_602113,img_20260317_232037_602113.jpg,0.2,0.0
20260317_232037_654368,img_20260317_232037_654368.jpg,0.2,0.0
20260317_232037_704245,img_20260317_232037_704245.jpg,0.2,0.0
20260317_232037_753769,img_20260317_232037_753769.jpg,0.2,0.0
20260317_232037_816792,img_20260317_232037_816792.jpg,0.2,0.0
20260317_232037_866172,img_20260317_232037_866172.jpg,0.2,0.0
20260317_232037_918980,img_20260317_232037_918980.jpg,0.2,0.0
20260317_232037_958944,img_20260317_232037_958944.jpg,0.2,0.0
20260317_232038_008742,img_20260317_232038_008742.jpg,0.2,0.0
20260317_232038_070839,img_20260317_232038_070839.jpg,0.2,0.0
20260317_232038_110441,img_20260317_232038_110441.jpg,0.2,0.0
20260317_232038_172091,img_20260317_232038_172091.jpg,0.2,0.0
20260317_232038_222812,img_20260317_232038_222812.jpg,0.2,0.0
20260317_232038_263927,img_20260317_232038_263927.jpg,0.2,0.0
20260317_232038_323263,img_20260317_232038_323263.jpg,0.2,0.0
20260317_232038_363143,img_20260317_232038_363143.jpg,0.2,0.0
20260317_232038_424503,img_20260317_232038_424503.jpg,0.2,0.0
20260317_232038_467345,img_20260317_232038_467345.jpg,0.2,0.0
20260317_232038_528782,img_20260317_232038_528782.jpg,0.2,0.0
20260317_232038_566795,img_20260317_232038_566795.jpg,0.2,0.0
20260317_232038_617653,img_20260317_232038_617653.jpg,0.2,0.0
20260317_232038_670468,img_20260317_232038_670468.jpg,0.2,0.0
20260317_232038_722543,img_20260317_232038_722543.jpg,0.2,0.0
20260317_232038_769339,img_20260317_232038_769339.jpg,0.2,0.0
20260317_232038_833422,img_20260317_232038_833422.jpg,0.2,0.0
20260317_232038_883017,img_20260317_232038_883017.jpg,0.2,0.0
20260317_232038_924156,img_20260317_232038_924156.jpg,0.2,0.0
20260317_232038_985473,img_20260317_232038_985473.jpg,0.2,0.0
20260317_232039_025642,img_20260317_232039_025642.jpg,0.2,0.0
20260317_232039_075376,img_20260317_232039_075376.jpg,0.2,0.0
20260317_232039_127020,img_20260317_232039_127020.jpg,0.2,0.0
20260317_232039_179107,img_20260317_232039_179107.jpg,0.2,0.0
20260317_232039_241795,img_20260317_232039_241795.jpg,0.2,0.0
20260317_232039_292629,img_20260317_232039_292629.jpg,0.2,0.0
20260317_232039_343637,img_20260317_232039_343637.jpg,0.2,0.0
20260317_232039_384055,img_20260317_232039_384055.jpg,0.2,0.0
20260317_232039_435348,img_20260317_232039_435348.jpg,0.2,0.0
20260317_232039_496505,img_20260317_232039_496505.jpg,0.2,0.0
20260317_232039_538183,img_20260317_232039_538183.jpg,0.2,0.0
20260317_232039_597157,img_20260317_232039_597157.jpg,0.2,0.0
20260317_232039_638502,img_20260317_232039_638502.jpg,0.2,0.0
20260317_232039_702263,img_20260317_232039_702263.jpg,0.2,0.0
20260317_232039_742948,img_20260317_232039_742948.jpg,0.2,0.0
20260317_232039_791846,img_20260317_232039_791846.jpg,0.2,0.0
20260317_232039_855142,img_20260317_232039_855142.jpg,0.2,0.0
20260317_232039_903663,img_20260317_232039_903663.jpg,0.2,0.0
20260317_232039_955508,img_20260317_232039_955508.jpg,0.2,0.0
20260317_232039_995689,img_20260317_232039_995689.jpg,0.2,0.0
20260317_232040_044859,img_20260317_232040_044859.jpg,0.2,0.0
20260317_232040_097478,img_20260317_232040_097478.jpg,0.2,0.0
20260317_232040_157149,img_20260317_232040_157149.jpg,0.2,0.0
20260317_232040_199620,img_20260317_232040_199620.jpg,0.2,0.0
20260317_232040_251492,img_20260317_232040_251492.jpg,0.2,0.0
20260317_232040_310656,img_20260317_232040_310656.jpg,0.2,0.0
20260317_232040_363661,img_20260317_232040_363661.jpg,0.2,0.0
20260317_232040_414275,img_20260317_232040_414275.jpg,0.2,0.0
20260317_232040_452999,img_20260317_232040_452999.jpg,0.2,0.0
20260317_232040_503070,img_20260317_232040_503070.jpg,0.2,0.0
20260317_232040_565350,img_20260317_232040_565350.jpg,0.2,0.0
20260317_232040_604418,img_20260317_232040_604418.jpg,0.2,0.0
20260317_232040_653258,img_20260317_232040_653258.jpg,0.2,0.0
20260317_232040_705243,img_20260317_232040_705243.jpg,0.2,0.0
20260317_232040_766519,img_20260317_232040_766519.jpg,0.2,0.0
20260317_232040_808504,img_20260317_232040_808504.jpg,0.2,0.0
20260317_232040_859410,img_20260317_232040_859410.jpg,0.2,0.0
20260317_232040_918819,img_20260317_232040_918819.jpg,0.2,-0.1
20260317_232040_961624,img_20260317_232040_961624.jpg,0.2,-0.1
20260317_232041_020988,img_20260317_232041_020988.jpg,0.2,-0.1
20260317_232041_073024,img_20260317_232041_073024.jpg,0.2,-0.1
20260317_232041_113474,img_20260317_232041_113474.jpg,0.2,-0.1
20260317_232041_163316,img_20260317_232041_163316.jpg,0.2,-0.1
20260317_232041_225068,img_20260317_232041_225068.jpg,0.2,0.1
20260317_232041_265633,img_20260317_232041_265633.jpg,0.2,0.1
20260317_232041_327238,img_20260317_232041_327238.jpg,0.2,0.1
20260317_232041_364905,img_20260317_232041_364905.jpg,0.2,0.1
20260317_232041_418197,img_20260317_232041_418197.jpg,0.2,0.1
20260317_232041_469842,img_20260317_232041_469842.jpg,0.2,0.1
20260317_232041_527189,img_20260317_232041_527189.jpg,0.2,0.0
20260317_232041_567593,img_20260317_232041_567593.jpg,0.2,0.0
20260317_232041_630286,img_20260317_232041_630286.jpg,0.2,0.0
20260317_232041_672164,img_20260317_232041_672164.jpg,0.2,0.0
20260317_232041_723303,img_20260317_232041_723303.jpg,0.2,0.0
20260317_232041_771471,img_20260317_232041_771471.jpg,0.2,0.0
20260317_232041_823982,img_20260317_232041_823982.jpg,0.2,0.0
20260317_232041_874030,img_20260317_232041_874030.jpg,0.2,0.0
20260317_232041_923323,img_20260317_232041_923323.jpg,0.2,0.1
20260317_232041_986111,img_20260317_232041_986111.jpg,0.2,0.1
20260317_232042_026354,img_20260317_232042_026354.jpg,0.2,0.1
20260317_232042_076429,img_20260317_232042_076429.jpg,0.2,0.1
20260317_232042_127964,img_20260317_232042_127964.jpg,0.2,0.1
20260317_232042_178631,img_20260317_232042_178631.jpg,0.2,0.1
20260317_232042_240073,img_20260317_232042_240073.jpg,0.2,0.1
20260317_232042_289452,img_20260317_232042_289452.jpg,0.2,0.1
20260317_232042_331604,img_20260317_232042_331604.jpg,0.2,0.1
20260317_232042_391278,img_20260317_232042_391278.jpg,0.2,0.1
20260317_232042_433634,img_20260317_232042_433634.jpg,0.2,0.1
20260317_232042_493970,img_20260317_232042_493970.jpg,0.2,0.1
20260317_232042_534263,img_20260317_232042_534263.jpg,0.2,0.1
20260317_232042_596340,img_20260317_232042_596340.jpg,0.2,0.1
20260317_232042_636819,img_20260317_232042_636819.jpg,0.2,0.1
20260317_232042_698756,img_20260317_232042_698756.jpg,0.2,0.1
20260317_232042_740519,img_20260317_232042_740519.jpg,0.2,0.1
20260317_232042_787567,img_20260317_232042_787567.jpg,0.2,0.1
20260317_232042_838605,img_20260317_232042_838605.jpg,0.2,0.1
20260317_232042_891727,img_20260317_232042_891727.jpg,0.2,0.1
20260317_232042_942167,img_20260317_232042_942167.jpg,0.2,0.1
20260317_232042_992301,img_20260317_232042_992301.jpg,0.2,0.1
20260317_232043_044209,img_20260317_232043_044209.jpg,0.2,0.1
20260317_232043_104058,img_20260317_232043_104058.jpg,0.2,0.1
20260317_232043_145642,img_20260317_232043_145642.jpg,0.2,0.1
20260317_232043_194843,img_20260317_232043_194843.jpg,0.2,0.1
20260317_232043_257871,img_20260317_232043_257871.jpg,0.2,-0.1
20260317_232043_308246,img_20260317_232043_308246.jpg,0.2,-0.1
20260317_232043_349687,img_20260317_232043_349687.jpg,0.2,-0.1
20260317_232043_408815,img_20260317_232043_408815.jpg,0.2,-0.1
20260317_232043_451913,img_20260317_232043_451913.jpg,0.2,-0.1
20260317_232043_502430,img_20260317_232043_502430.jpg,0.2,-0.1
20260317_232043_553105,img_20260317_232043_553105.jpg,0.2,-0.1
20260317_232043_603350,img_20260317_232043_603350.jpg,0.2,-0.1
20260317_232043_653048,img_20260317_232043_653048.jpg,0.2,-0.1
20260317_232043_714318,img_20260317_232043_714318.jpg,0.2,-0.1
20260317_232043_764050,img_20260317_232043_764050.jpg,0.2,-0.1
20260317_232043_804816,img_20260317_232043_804816.jpg,0.2,-0.1
20260317_232043_868067,img_20260317_232043_868067.jpg,0.2,-0.1
20260317_232043_907372,img_20260317_232043_907372.jpg,0.2,-0.1
20260317_232043_968295,img_20260317_232043_968295.jpg,0.2,-0.1
20260317_232044_008068,img_20260317_232044_008068.jpg,0.2,-0.1
20260317_232044_060892,img_20260317_232044_060892.jpg,0.2,-0.1
20260317_232044_119346,img_20260317_232044_119346.jpg,0.2,0.1
20260317_232044_159822,img_20260317_232044_159822.jpg,0.2,0.1
20260317_232044_211505,img_20260317_232044_211505.jpg,0.2,0.1
20260317_232044_262512,img_20260317_232044_262512.jpg,0.2,0.1
20260317_232044_312918,img_20260317_232044_312918.jpg,0.2,0.1
20260317_232044_365716,img_20260317_232044_365716.jpg,0.2,0.1
20260317_232043_719961,img_20260317_232043_719961.jpg,0.2,0.1
20260317_232043_765990,img_20260317_232043_765990.jpg,0.2,0.0
20260317_232043_828525,img_20260317_232043_828525.jpg,0.2,0.0
20260317_232043_870284,img_20260317_232043_870284.jpg,0.2,0.0
20260317_232043_918990,img_20260317_232043_918990.jpg,0.2,0.0
20260317_232043_972049,img_20260317_232043_972049.jpg,0.2,0.1
20260317_232044_021308,img_20260317_232044_021308.jpg,0.2,0.1
20260317_232044_073058,img_20260317_232044_073058.jpg,0.2,0.1
20260317_232044_123143,img_20260317_232044_123143.jpg,0.2,0.1
20260317_232044_173875,img_20260317_232044_173875.jpg,0.2,0.1
20260317_232044_235301,img_20260317_232044_235301.jpg,0.2,0.1
20260317_232044_274248,img_20260317_232044_274248.jpg,0.2,0.1
20260317_232044_336374,img_20260317_232044_336374.jpg,0.2,0.1
20260317_232044_389049,img_20260317_232044_389049.jpg,0.2,0.1
20260317_232044_439944,img_20260317_232044_439944.jpg,0.2,0.1
20260317_232044_477308,img_20260317_232044_477308.jpg,0.2,0.1
20260317_232044_538829,img_20260317_232044_538829.jpg,0.2,0.1
20260317_232044_592417,img_20260317_232044_592417.jpg,0.2,0.1
20260317_232044_641543,img_20260317_232044_641543.jpg,0.2,0.1
20260317_232044_694495,img_20260317_232044_694495.jpg,0.2,0.1
20260317_232044_732969,img_20260317_232044_732969.jpg,0.2,0.1
20260317_232044_784083,img_20260317_232044_784083.jpg,0.2,0.1
20260317_232044_844413,img_20260317_232044_844413.jpg,0.2,0.1
20260317_232044_887298,img_20260317_232044_887298.jpg,0.2,0.1
20260317_232044_935429,img_20260317_232044_935429.jpg,0.2,0.1
20260317_232044_986312,img_20260317_232044_986312.jpg,0.2,0.1
20260317_232045_048161,img_20260317_232045_048161.jpg,0.2,0.1
20260317_232045_102689,img_20260317_232045_102689.jpg,0.2,0.1
20260317_232045_140425,img_20260317_232045_140425.jpg,0.2,0.1
20260317_232045_201000,img_20260317_232045_201000.jpg,0.2,0.1
20260317_232045_252788,img_20260317_232045_252788.jpg,0.2,0.1
20260317_232045_295629,img_20260317_232045_295629.jpg,0.2,0.1
20260317_232045_345261,img_20260317_232045_345261.jpg,0.2,0.1
20260317_232045_396482,img_20260317_232045_396482.jpg,0.2,0.1
20260317_232045_447845,img_20260317_232045_447845.jpg,0.2,0.1
20260317_232045_497013,img_20260317_232045_497013.jpg,0.2,0.1
20260317_232045_549426,img_20260317_232045_549426.jpg,0.2,0.1
20260317_232045_599467,img_20260317_232045_599467.jpg,0.2,0.1
20260317_232045_651018,img_20260317_232045_651018.jpg,0.2,0.1
20260317_232045_701829,img_20260317_232045_701829.jpg,0.2,0.1
20260317_232045_752993,img_20260317_232045_752993.jpg,0.2,0.1
20260317_232045_804220,img_20260317_232045_804220.jpg,0.2,0.1
20260317_232045_866165,img_20260317_232045_866165.jpg,0.2,0.1
20260317_232045_905730,img_20260317_232045_905730.jpg,0.2,0.1
20260317_232045_957004,img_20260317_232045_957004.jpg,0.2,0.1
20260317_232046_007476,img_20260317_232046_007476.jpg,0.2,0.1
20260317_232046_069302,img_20260317_232046_069302.jpg,0.2,0.1
20260317_232046_111901,img_20260317_232046_111901.jpg,0.2,0.1
20260317_232046_160221,img_20260317_232046_160221.jpg,0.2,0.1
20260317_232046_212120,img_20260317_232046_212120.jpg,0.2,0.1
20260317_232046_273911,img_20260317_232046_273911.jpg,0.2,0.1
20260317_232046_314541,img_20260317_232046_314541.jpg,0.2,0.1
20260317_232046_365687,img_20260317_232046_365687.jpg,0.2,0.1
20260317_232046_415448,img_20260317_232046_415448.jpg,0.2,0.1
20260317_232046_466827,img_20260317_232046_466827.jpg,0.2,0.1
20260317_232046_526288,img_20260317_232046_526288.jpg,0.2,0.1
20260317_232046_578259,img_20260317_232046_578259.jpg,0.2,0.1
20260317_232046_632002,img_20260317_232046_632002.jpg,0.2,0.1
20260317_232046_680932,img_20260317_232046_680932.jpg,0.2,0.1
20260317_232046_720230,img_20260317_232046_720230.jpg,0.2,0.1
20260317_232046_782312,img_20260317_232046_782312.jpg,0.2,0.1
20260317_232046_831697,img_20260317_232046_831697.jpg,0.2,0.1
20260317_232046_883505,img_20260317_232046_883505.jpg,0.2,0.1
20260317_232046_922806,img_20260317_232046_922806.jpg,0.2,0.1
20260317_232046_975780,img_20260317_232046_975780.jpg,0.2,0.1
20260317_232047_027542,img_20260317_232047_027542.jpg,0.2,0.0
20260317_232047_086348,img_20260317_232047_086348.jpg,0.2,0.0
20260317_232047_140531,img_20260317_232047_140531.jpg,0.2,0.0
20260317_232047_176940,img_20260317_232047_176940.jpg,0.2,0.0
20260317_232047_226690,img_20260317_232047_226690.jpg,0.2,0.0
20260317_232047_277975,img_20260317_232047_277975.jpg,0.2,0.0
20260317_232047_328277,img_20260317_232047_328277.jpg,0.2,0.0
20260317_232047_379319,img_20260317_232047_379319.jpg,0.2,0.0
20260317_232047_431457,img_20260317_232047_431457.jpg,0.2,0.0
20260317_232047_482402,img_20260317_232047_482402.jpg,0.2,0.0
20260317_232047_534920,img_20260317_232047_534920.jpg,0.2,0.1
20260317_232047_583378,img_20260317_232047_583378.jpg,0.2,0.1
20260317_232047_635108,img_20260317_232047_635108.jpg,0.2,0.1
20260317_232047_697278,img_20260317_232047_697278.jpg,0.2,0.1
20260317_232047_735179,img_20260317_232047_735179.jpg,0.2,0.1
20260317_232047_797368,img_20260317_232047_797368.jpg,0.2,0.1
20260317_232047_837303,img_20260317_232047_837303.jpg,0.2,0.1
20260317_232047_888146,img_20260317_232047_888146.jpg,0.2,0.1
20260317_232047_942839,img_20260317_232047_942839.jpg,0.2,0.1
20260317_232047_995209,img_20260317_232047_995209.jpg,0.2,0.1
20260317_232048_046814,img_20260317_232048_046814.jpg,0.2,0.1
20260317_232048_098595,img_20260317_232048_098595.jpg,0.2,0.1
20260317_232048_144272,img_20260317_232048_144272.jpg,0.2,0.0
20260317_232048_193464,img_20260317_232048_193464.jpg,0.2,0.0
20260317_232048_246014,img_20260317_232048_246014.jpg,0.2,0.0
20260317_232048_295890,img_20260317_232048_295890.jpg,0.2,0.0
20260317_232048_347176,img_20260317_232048_347176.jpg,0.2,0.0
20260317_232048_408602,img_20260317_232048_408602.jpg,0.2,0.0
20260317_232048_447814,img_20260317_232048_447814.jpg,0.2,0.0
20260317_232048_498643,img_20260317_232048_498643.jpg,0.2,0.0
20260317_232048_548796,img_20260317_232048_548796.jpg,0.2,0.0
20260317_232048_602330,img_20260317_232048_602330.jpg,0.2,0.0
20260317_232048_661796,img_20260317_232048_661796.jpg,0.2,0.0
20260317_232048_711636,img_20260317_232048_711636.jpg,0.2,0.0
20260317_232048_752584,img_20260317_232048_752584.jpg,0.2,0.0
20260317_232048_802170,img_20260317_232048_802170.jpg,0.2,0.0
20260317_232048_857254,img_20260317_232048_857254.jpg,0.2,0.0
20260317_232048_904403,img_20260317_232048_904403.jpg,0.2,0.0
20260317_232048_959891,img_20260317_232048_959891.jpg,0.2,0.0
20260317_232049_008890,img_20260317_232049_008890.jpg,0.2,0.0
20260317_232049_059635,img_20260317_232049_059635.jpg,0.2,0.0
20260317_232049_107683,img_20260317_232049_107683.jpg,0.2,0.0
20260317_232049_170638,img_20260317_232049_170638.jpg,0.2,0.0
20260317_232049_210742,img_20260317_232049_210742.jpg,0.2,0.0
20260317_232049_270921,img_20260317_232049_270921.jpg,0.2,0.0
20260317_232049_321171,img_20260317_232049_321171.jpg,0.2,0.0
20260317_232049_365372,img_20260317_232049_365372.jpg,0.2,0.0
20260317_232049_413016,img_20260317_232049_413016.jpg,0.2,0.0
20260317_232049_465398,img_20260317_232049_465398.jpg,0.2,0.0
20260317_232049_526049,img_20260317_232049_526049.jpg,0.2,0.0
20260317_232049_579421,img_20260317_232049_579421.jpg,0.2,0.0
20260317_232049_630661,img_20260317_232049_630661.jpg,0.2,-0.1
20260317_232049_671690,img_20260317_232049_671690.jpg,0.2,-0.1
20260317_232049_721120,img_20260317_232049_721120.jpg,0.2,-0.1
20260317_232049_784355,img_20260317_232049_784355.jpg,0.2,-0.1
20260317_232049_833930,img_20260317_232049_833930.jpg,0.2,-0.1
20260317_232049_873900,img_20260317_232049_873900.jpg,0.2,-0.1
20260317_232049_924635,img_20260317_232049_924635.jpg,0.2,-0.1
20260317_232049_987879,img_20260317_232049_987879.jpg,0.2,-0.1
20260317_232050_040390,img_20260317_232050_040390.jpg,0.2,-0.1
20260317_232050_077921,img_20260317_232050_077921.jpg,0.2,-0.1
20260317_232050_129804,img_20260317_232050_129804.jpg,0.2,-0.1
20260317_232050_179371,img_20260317_232050_179371.jpg,0.2,0.1
20260317_232050_242794,img_20260317_232050_242794.jpg,0.2,0.1
20260317_232050_291865,img_20260317_232050_291865.jpg,0.2,0.1
20260317_232050_332096,img_20260317_232050_332096.jpg,0.2,0.1
20260317_232050_393250,img_20260317_232050_393250.jpg,0.2,0.1
20260317_232050_433010,img_20260317_232050_433010.jpg,0.2,0.1
20260317_232050_486422,img_20260317_232050_486422.jpg,0.2,0.1
20260317_232050_536097,img_20260317_232050_536097.jpg,0.2,0.1
20260317_232050_586738,img_20260317_232050_586738.jpg,0.2,0.1
20260317_232050_638506,img_20260317_232050_638506.jpg,0.2,0.1
20260317_232050_689067,img_20260317_232050_689067.jpg,0.2,0.1
20260317_232050_751595,img_20260317_232050_751595.jpg,0.2,0.1
20260317_232050_789346,img_20260317_232050_789346.jpg,0.2,0.1
20260317_232050_840130,img_20260317_232050_840130.jpg,0.2,0.1
20260317_232050_901288,img_20260317_232050_901288.jpg,0.2,0.1
20260317_232050_942157,img_20260317_232050_942157.jpg,0.2,0.1
20260317_232050_992991,img_20260317_232050_992991.jpg,0.2,0.1
20260317_232051_045415,img_20260317_232051_045415.jpg,0.2,0.1
20260317_232051_104190,img_20260317_232051_104190.jpg,0.2,0.1
20260317_232051_147014,img_20260317_232051_147014.jpg,0.2,0.1
20260317_232051_197826,img_20260317_232051_197826.jpg,0.2,0.1
20260317_232051_258889,img_20260317_232051_258889.jpg,0.2,0.1
20260317_232051_297891,img_20260317_232051_297891.jpg,0.2,0.1
20260317_232051_350191,img_20260317_232051_350191.jpg,0.2,0.1
20260317_232051_410930,img_20260317_232051_410930.jpg,0.2,0.1
20260317_232051_454931,img_20260317_232051_454931.jpg,0.2,0.1
20260317_232051_502369,img_20260317_232051_502369.jpg,0.2,0.1
20260317_232051_552868,img_20260317_232051_552868.jpg,0.2,0.1
20260317_232051_614433,img_20260317_232051_614433.jpg,0.2,0.1
20260317_232051_656372,img_20260317_232051_656372.jpg,0.2,0.1
20260317_232051_704021,img_20260317_232051_704021.jpg,0.2,0.1
20260317_232051_766133,img_20260317_232051_766133.jpg,0.2,0.0
20260317_232051_806979,img_20260317_232051_806979.jpg,0.2,0.0
20260317_232051_866946,img_20260317_232051_866946.jpg,0.2,0.0
20260317_232051_907600,img_20260317_232051_907600.jpg,0.2,0.0
20260317_232051_958814,img_20260317_232051_958814.jpg,0.2,0.0
20260317_232052_009073,img_20260317_232052_009073.jpg,0.2,0.1
20260317_232052_061652,img_20260317_232052_061652.jpg,0.2,0.1
20260317_232052_112287,img_20260317_232052_112287.jpg,0.2,0.1
20260317_232052_174253,img_20260317_232052_174253.jpg,0.2,0.1
20260317_232052_214853,img_20260317_232052_214853.jpg,0.2,0.1
20260317_232052_264974,img_20260317_232052_264974.jpg,0.2,0.1
20260317_232052_327700,img_20260317_232052_327700.jpg,0.2,0.1
20260317_232052_374657,img_20260317_232052_374657.jpg,0.2,0.1
20260317_232052_415222,img_20260317_232052_415222.jpg,0.2,0.1
20260317_232052_466158,img_20260317_232052_466158.jpg,0.2,0.0
20260317_232052_527142,img_20260317_232052_527142.jpg,0.2,0.0
20260317_232052_580154,img_20260317_232052_580154.jpg,0.2,0.0
20260317_232052_620807,img_20260317_232052_620807.jpg,0.2,0.0
20260317_232052_683685,img_20260317_232052_683685.jpg,0.2,0.0
20260317_232052_723594,img_20260317_232052_723594.jpg,0.2,0.0
20260317_232052_774241,img_20260317_232052_774241.jpg,0.2,0.0
20260317_232052_825270,img_20260317_232052_825270.jpg,0.2,0.0
20260317_232052_875124,img_20260317_232052_875124.jpg,0.2,0.0
20260317_232052_924124,img_20260317_232052_924124.jpg,0.2,0.0
20260317_232052_976347,img_20260317_232052_976347.jpg,0.2,0.0
20260317_232053_027963,img_20260317_232053_027963.jpg,0.2,0.0
20260317_232053_087445,img_20260317_232053_087445.jpg,0.2,0.1
20260317_232053_129517,img_20260317_232053_129517.jpg,0.2,0.1
20260317_232053_191085,img_20260317_232053_191085.jpg,0.2,0.1
20260317_232053_230798,img_20260317_232053_230798.jpg,0.2,0.1
20260317_232053_283949,img_20260317_232053_283949.jpg,0.2,0.1
20260317_232053_344411,img_20260317_232053_344411.jpg,0.2,0.1
20260317_232053_394888,img_20260317_232053_394888.jpg,0.2,0.1
20260317_232053_434987,img_20260317_232053_434987.jpg,0.2,0.1
20260317_232053_485797,img_20260317_232053_485797.jpg,0.2,0.0
20260317_232053_535315,img_20260317_232053_535315.jpg,0.2,0.0
20260317_232053_588260,img_20260317_232053_588260.jpg,0.2,0.0
20260317_232053_638325,img_20260317_232053_638325.jpg,0.2,0.0
20260317_232053_688404,img_20260317_232053_688404.jpg,0.2,0.0
20260317_232053_741769,img_20260317_232053_741769.jpg,0.2,0.0
20260317_232053_800920,img_20260317_232053_800920.jpg,0.2,0.0
20260317_232053_850868,img_20260317_232053_850868.jpg,0.2,0.0
20260317_232053_902803,img_20260317_232053_902803.jpg,0.2,0.0
20260317_232053_943720,img_20260317_232053_943720.jpg,0.2,0.0
20260317_232054_003046,img_20260317_232054_003046.jpg,0.2,0.0
20260317_232054_045591,img_20260317_232054_045591.jpg,0.2,0.0
20260317_232054_103664,img_20260317_232054_103664.jpg,0.2,0.0
20260317_232054_143522,img_20260317_232054_143522.jpg,0.2,0.0
20260317_232054_197243,img_20260317_232054_197243.jpg,0.2,0.0
20260317_232054_245760,img_20260317_232054_245760.jpg,0.2,0.0
20260317_232054_296618,img_20260317_232054_296618.jpg,0.2,0.0
20260317_232054_347803,img_20260317_232054_347803.jpg,0.2,0.0
20260317_232054_398080,img_20260317_232054_398080.jpg,0.2,0.0
20260317_232054_458123,img_20260317_232054_458123.jpg,0.2,0.1
20260317_232054_510496,img_20260317_232054_510496.jpg,0.2,0.1
20260317_232054_553269,img_20260317_232054_553269.jpg,0.2,0.1
20260317_232054_604488,img_20260317_232054_604488.jpg,0.2,0.1
20260317_232054_654863,img_20260317_232054_654863.jpg,0.2,0.1
20260317_232054_704216,img_20260317_232054_704216.jpg,0.2,0.1
20260317_232054_767874,img_20260317_232054_767874.jpg,0.2,0.1
20260317_232054_817884,img_20260317_232054_817884.jpg,0.2,0.1
20260317_232054_868492,img_20260317_232054_868492.jpg,0.2,0.1
20260317_232054_907601,img_20260317_232054_907601.jpg,0.2,0.1
20260317_232054_958566,img_20260317_232054_958566.jpg,0.2,0.1
20260317_232055_009752,img_20260317_232055_009752.jpg,0.2,0.0
20260317_232055_061805,img_20260317_232055_061805.jpg,0.2,0.0
20260317_232055_123459,img_20260317_232055_123459.jpg,0.2,0.0
20260317_232055_176668,img_20260317_232055_176668.jpg,0.2,0.0
20260317_232055_214695,img_20260317_232055_214695.jpg,0.2,0.0
20260317_232055_267807,img_20260317_232055_267807.jpg,0.2,0.0
20260317_232055_313627,img_20260317_232055_313627.jpg,0.2,0.0
20260317_232055_365853,img_20260317_232055_365853.jpg,0.2,0.0
20260317_232055_426848,img_20260317_232055_426848.jpg,0.2,0.0
20260317_232055_479573,img_20260317_232055_479573.jpg,0.2,0.0
20260317_232055_530303,img_20260317_232055_530303.jpg,0.2,0.0
20260317_232055_582622,img_20260317_232055_582622.jpg,0.2,0.0
20260317_232055_623772,img_20260317_232055_623772.jpg,0.2,0.0
20260317_232055_672951,img_20260317_232055_672951.jpg,0.2,0.0
20260317_232055_724980,img_20260317_232055_724980.jpg,0.2,0.0
20260317_232055_786370,img_20260317_232055_786370.jpg,0.2,0.0
20260317_232055_837373,img_20260317_232055_837373.jpg,0.2,0.0
20260317_232055_878233,img_20260317_232055_878233.jpg,0.2,0.0
20260317_232055_928078,img_20260317_232055_928078.jpg,0.2,0.0
20260317_232055_981612,img_20260317_232055_981612.jpg,0.2,0.0
20260317_232056_030125,img_20260317_232056_030125.jpg,0.2,0.0
20260317_232056_091209,img_20260317_232056_091209.jpg,0.2,0.0
20260317_232056_134506,img_20260317_232056_134506.jpg,0.2,0.0
20260317_232056_187258,img_20260317_232056_187258.jpg,0.2,0.0
20260317_232056_246743,img_20260317_232056_246743.jpg,0.2,0.0
20260317_232056_289240,img_20260317_232056_289240.jpg,0.2,0.0
20260317_232056_338202,img_20260317_232056_338202.jpg,0.2,0.0
20260317_232056_392087,img_20260317_232056_392087.jpg,0.2,0.0
20260317_232056_452032,img_20260317_232056_452032.jpg,0.2,0.0
20260317_232056_494518,img_20260317_232056_494518.jpg,0.2,0.0
20260317_232056_545009,img_20260317_232056_545009.jpg,0.2,0.0
20260317_232056_595435,img_20260317_232056_595435.jpg,0.2,0.0
20260317_232056_648757,img_20260317_232056_648757.jpg,0.2,0.0
20260317_232056_707904,img_20260317_232056_707904.jpg,0.2,0.0
20260317_232056_748002,img_20260317_232056_748002.jpg,0.2,0.0
20260317_232056_798706,img_20260317_232056_798706.jpg,0.2,0.0
20260317_232056_850222,img_20260317_232056_850222.jpg,0.2,0.0
20260317_232056_899296,img_20260317_232056_899296.jpg,0.2,0.0
20260317_232056_962187,img_20260317_232056_962187.jpg,0.2,0.0
20260317_232057_003390,img_20260317_232057_003390.jpg,0.2,0.0
20260317_232057_050471,img_20260317_232057_050471.jpg,0.2,0.0
20260317_232057_103639,img_20260317_232057_103639.jpg,0.2,0.0
20260317_232057_156232,img_20260317_232057_156232.jpg,0.2,0.0
20260317_232057_203993,img_20260317_232057_203993.jpg,0.2,0.0
20260317_232057_256295,img_20260317_232057_256295.jpg,0.2,0.0
20260317_232057_307295,img_20260317_232057_307295.jpg,0.2,0.0
20260317_232057_357019,img_20260317_232057_357019.jpg,0.2,0.0
20260317_232057_407286,img_20260317_232057_407286.jpg,0.2,0.0
20260317_232057_457449,img_20260317_232057_457449.jpg,0.2,0.0
20260317_232057_508301,img_20260317_232057_508301.jpg,0.2,0.1
20260317_232057_571186,img_20260317_232057_571186.jpg,0.2,0.1
20260317_232057_624659,img_20260317_232057_624659.jpg,0.2,0.1
20260317_232057_674628,img_20260317_232057_674628.jpg,0.2,0.1
20260317_232057_716182,img_20260317_232057_716182.jpg,0.2,0.1
20260317_232057_762361,img_20260317_232057_762361.jpg,0.2,0.1
20260317_232057_825989,img_20260317_232057_825989.jpg,0.2,0.1
20260317_232057_865317,img_20260317_232057_865317.jpg,0.2,0.1
20260317_232057_916817,img_20260317_232057_916817.jpg,0.2,0.1
20260317_232057_977024,img_20260317_232057_977024.jpg,0.2,0.0
20260317_232058_022815,img_20260317_232058_022815.jpg,0.2,0.0
20260317_232058_073226,img_20260317_232058_073226.jpg,0.2,0.0
20260317_232058_125839,img_20260317_232058_125839.jpg,0.2,0.0
20260317_232058_175250,img_20260317_232058_175250.jpg,0.2,0.0
20260317_232058_227200,img_20260317_232058_227200.jpg,0.2,0.0
20260317_232058_288422,img_20260317_232058_288422.jpg,0.2,0.0
20260317_232058_324755,img_20260317_232058_324755.jpg,0.2,0.0
20260317_232058_385430,img_20260317_232058_385430.jpg,0.2,0.0
20260317_232058_436042,img_20260317_232058_436042.jpg,0.2,0.0
20260317_232058_474949,img_20260317_232058_474949.jpg,0.2,0.0
20260317_232058_537365,img_20260317_232058_537365.jpg,0.2,0.0
20260317_232058_578428,img_20260317_232058_578428.jpg,0.2,0.0
20260317_232058_627681,img_20260317_232058_627681.jpg,0.2,0.0
20260317_232058_678303,img_20260317_232058_678303.jpg,0.2,0.0
20260317_232058_729619,img_20260317_232058_729619.jpg,0.2,0.0
20260317_232058_781794,img_20260317_232058_781794.jpg,0.2,0.0
20260317_232058_832434,img_20260317_232058_832434.jpg,0.2,0.0
20260317_232058_882256,img_20260317_232058_882256.jpg,0.2,0.0
20260317_232058_934436,img_20260317_232058_934436.jpg,0.2,0.0
20260317_232058_984787,img_20260317_232058_984787.jpg,0.2,0.0
20260317_232059_045712,img_20260317_232059_045712.jpg,0.2,0.0
20260317_232059_094534,img_20260317_232059_094534.jpg,0.2,0.0
20260317_232059_145079,img_20260317_232059_145079.jpg,0.2,0.0
20260317_232059_190057,img_20260317_232059_190057.jpg,0.2,0.0
20260317_232059_240830,img_20260317_232059_240830.jpg,0.2,0.0
20260317_232059_289845,img_20260317_232059_289845.jpg,0.2,0.1
20260317_232059_339533,img_20260317_232059_339533.jpg,0.2,0.1
20260317_232059_387917,img_20260317_232059_387917.jpg,0.2,0.1
20260317_232059_438807,img_20260317_232059_438807.jpg,0.2,0.1
20260317_232059_502214,img_20260317_232059_502214.jpg,0.2,0.0
20260317_232059_543341,img_20260317_232059_543341.jpg,0.2,0.0
20260317_232059_602712,img_20260317_232059_602712.jpg,0.2,0.0
20260317_232059_641129,img_20260317_232059_641129.jpg,0.2,0.0
20260317_232059_693644,img_20260317_232059_693644.jpg,0.2,0.0
20260317_232059_743473,img_20260317_232059_743473.jpg,0.2,0.0
20260317_232059_805906,img_20260317_232059_805906.jpg,0.2,0.0
20260317_232059_851490,img_20260317_232059_851490.jpg,0.2,0.0
20260317_232059_911481,img_20260317_232059_911481.jpg,0.2,0.0
20260317_232059_961305,img_20260317_232059_961305.jpg,0.2,0.0
20260317_232059_998024,img_20260317_232059_998024.jpg,0.2,0.1
20260317_232100_066488,img_20260317_232100_066488.jpg,0.2,0.1
20260317_232100_115312,img_20260317_232100_115312.jpg,0.2,0.1
20260317_232100_162226,img_20260317_232100_162226.jpg,0.2,0.0
20260317_232100_202702,img_20260317_232100_202702.jpg,0.2,0.0
20260317_232100_264316,img_20260317_232100_264316.jpg,0.2,0.0
20260317_232100_314827,img_20260317_232100_314827.jpg,0.2,0.0
20260317_232100_361844,img_20260317_232100_361844.jpg,0.2,0.0
20260317_232100_409825,img_20260317_232100_409825.jpg,0.2,0.0
20260317_232100_457305,img_20260317_232100_457305.jpg,0.2,0.0
20260317_232100_507288,img_20260317_232100_507288.jpg,0.2,0.0
20260317_232100_568371,img_20260317_232100_568371.jpg,0.2,0.0
20260317_232100_619099,img_20260317_232100_619099.jpg,0.2,0.1
20260317_232100_675648,img_20260317_232100_675648.jpg,0.2,0.1
20260317_232100_712734,img_20260317_232100_712734.jpg,0.2,0.1
20260317_232100_775521,img_20260317_232100_775521.jpg,0.2,0.1
20260317_232100_815321,img_20260317_232100_815321.jpg,0.2,0.1
20260317_232100_874145,img_20260317_232100_874145.jpg,0.2,0.0
20260317_232100_916633,img_20260317_232100_916633.jpg,0.2,0.0
20260317_232100_968132,img_20260317_232100_968132.jpg,0.2,0.0
20260317_232101_019006,img_20260317_232101_019006.jpg,0.2,0.0
20260317_232101_081879,img_20260317_232101_081879.jpg,0.2,0.0
20260317_232101_119651,img_20260317_232101_119651.jpg,0.2,0.0
20260317_232101_172133,img_20260317_232101_172133.jpg,0.2,0.0
20260317_232101_219779,img_20260317_232101_219779.jpg,0.2,0.0
20260317_232101_271148,img_20260317_232101_271148.jpg,0.2,0.0
20260317_232101_333523,img_20260317_232101_333523.jpg,0.2,0.0
20260317_232101_373283,img_20260317_232101_373283.jpg,0.2,0.0
20260317_232101_424727,img_20260317_232101_424727.jpg,0.2,0.0
20260317_232101_473994,img_20260317_232101_473994.jpg,0.2,0.0
20260317_232101_527858,img_20260317_232101_527858.jpg,0.2,0.0
20260317_232101_588489,img_20260317_232101_588489.jpg,0.2,0.0
20260317_232101_639888,img_20260317_232101_639888.jpg,0.2,0.1
20260317_232101_693131,img_20260317_232101_693131.jpg,0.2,0.1
20260317_232101_731197,img_20260317_232101_731197.jpg,0.2,0.1
20260317_232101_783592,img_20260317_232101_783592.jpg,0.2,0.1
20260317_232101_836716,img_20260317_232101_836716.jpg,0.2,0.1
20260317_232101_885172,img_20260317_232101_885172.jpg,0.2,0.1
20260317_232101_937407,img_20260317_232101_937407.jpg,0.2,0.1
20260317_232101_998303,img_20260317_232101_998303.jpg,0.2,0.0
20260317_232102_040462,img_20260317_232102_040462.jpg,0.2,0.0
20260317_232102_089696,img_20260317_232102_089696.jpg,0.2,0.0
20260317_232102_141671,img_20260317_232102_141671.jpg,0.2,0.0
20260317_232102_192263,img_20260317_232102_192263.jpg,0.2,0.0
20260317_232102_243282,img_20260317_232102_243282.jpg,0.2,0.0
20260317_232102_306506,img_20260317_232102_306506.jpg,0.2,0.0
20260317_232102_360188,img_20260317_232102_360188.jpg,0.2,0.0
20260317_232102_396928,img_20260317_232102_396928.jpg,0.2,0.0
20260317_232102_450014,img_20260317_232102_450014.jpg,0.2,0.0
20260317_232102_499068,img_20260317_232102_499068.jpg,0.2,0.0
20260317_232102_560433,img_20260317_232102_560433.jpg,0.2,0.0
20260317_232102_610055,img_20260317_232102_610055.jpg,0.2,0.0
20260317_232102_652945,img_20260317_232102_652945.jpg,0.2,0.0
20260317_232102_700169,img_20260317_232102_700169.jpg,0.2,0.0
20260317_232102_762550,img_20260317_232102_762550.jpg,0.2,0.0
20260317_232102_817300,img_20260317_232102_817300.jpg,0.2,0.1
20260317_232102_864942,img_20260317_232102_864942.jpg,0.2,0.1
20260317_232102_905816,img_20260317_232102_905816.jpg,0.2,0.1
20260317_232102_956626,img_20260317_232102_956626.jpg,0.2,0.1
20260317_232103_007900,img_20260317_232103_007900.jpg,0.2,0.1
20260317_232103_058200,img_20260317_232103_058200.jpg,0.2,0.1
20260317_232103_120534,img_20260317_232103_120534.jpg,0.2,0.0
20260317_232103_160686,img_20260317_232103_160686.jpg,0.2,0.0
20260317_232103_212905,img_20260317_232103_212905.jpg,0.2,0.0
20260317_232103_264183,img_20260317_232103_264183.jpg,0.2,0.0
20260317_232103_324412,img_20260317_232103_324412.jpg,0.2,0.0
20260317_232103_366265,img_20260317_232103_366265.jpg,0.2,0.0
20260317_232103_427765,img_20260317_232103_427765.jpg,0.2,0.0
20260317_232103_466710,img_20260317_232103_466710.jpg,0.2,0.0
20260317_232103_530112,img_20260317_232103_530112.jpg,0.2,0.0
20260317_232103_580594,img_20260317_232103_580594.jpg,0.2,0.1
20260317_232103_618587,img_20260317_232103_618587.jpg,0.2,0.1
20260317_232103_670490,img_20260317_232103_670490.jpg,0.2,0.1
20260317_232103_720208,img_20260317_232103_720208.jpg,0.2,0.1
20260317_232103_769808,img_20260317_232103_769808.jpg,0.2,0.1
20260317_232103_822050,img_20260317_232103_822050.jpg,0.2,0.1
20260317_232103_873446,img_20260317_232103_873446.jpg,0.2,0.1
20260317_232103_937160,img_20260317_232103_937160.jpg,0.2,0.0
20260317_232103_976825,img_20260317_232103_976825.jpg,0.2,0.0
20260317_232104_038155,img_20260317_232104_038155.jpg,0.2,0.0
20260317_232104_080694,img_20260317_232104_080694.jpg,0.2,0.0
20260317_232104_129795,img_20260317_232104_129795.jpg,0.2,0.0
20260317_232104_182665,img_20260317_232104_182665.jpg,0.2,0.0
20260317_232104_242275,img_20260317_232104_242275.jpg,0.2,0.0
20260317_232104_284281,img_20260317_232104_284281.jpg,0.2,0.0
20260317_232104_343652,img_20260317_232104_343652.jpg,0.2,0.0
20260317_232104_385212,img_20260317_232104_385212.jpg,0.2,0.0
20260317_232104_445598,img_20260317_232104_445598.jpg,0.2,0.0
20260317_232104_488583,img_20260317_232104_488583.jpg,0.2,0.0
20260317_232104_536061,img_20260317_232104_536061.jpg,0.2,0.0
20260317_232104_599220,img_20260317_232104_599220.jpg,0.2,0.1
20260317_232104_641424,img_20260317_232104_641424.jpg,0.2,0.1
20260317_232104_688965,img_20260317_232104_688965.jpg,0.2,0.1
20260317_232104_741789,img_20260317_232104_741789.jpg,0.2,0.1
20260317_232104_793419,img_20260317_232104_793419.jpg,0.2,0.1
20260317_232104_843382,img_20260317_232104_843382.jpg,0.2,0.0
20260317_232104_892424,img_20260317_232104_892424.jpg,0.2,0.0
20260317_232104_953232,img_20260317_232104_953232.jpg,0.2,0.0
20260317_232104_996352,img_20260317_232104_996352.jpg,0.2,0.0
20260317_232105_045409,img_20260317_232105_045409.jpg,0.2,0.0
20260317_232105_096139,img_20260317_232105_096139.jpg,0.2,0.0
20260317_232105_149052,img_20260317_232105_149052.jpg,0.2,0.0
20260317_232105_210816,img_20260317_232105_210816.jpg,0.2,0.0
20260317_232105_254289,img_20260317_232105_254289.jpg,0.2,0.0
20260317_232105_303098,img_20260317_232105_303098.jpg,0.2,0.0
20260317_232105_353652,img_20260317_232105_353652.jpg,0.2,0.0
20260317_232105_415179,img_20260317_232105_415179.jpg,0.2,0.0
20260317_232105_457120,img_20260317_232105_457120.jpg,0.2,0.0
20260317_232105_517872,img_20260317_232105_517872.jpg,0.2,0.0
20260317_232105_556060,img_20260317_232105_556060.jpg,0.2,0.0
20260317_232105_610865,img_20260317_232105_610865.jpg,0.2,0.0
20260317_232105_659759,img_20260317_232105_659759.jpg,0.2,0.0
20260317_232105_722331,img_20260317_232105_722331.jpg,0.2,0.0
20260317_232105_773852,img_20260317_232105_773852.jpg,0.2,0.0
20260317_232105_810214,img_20260317_232105_810214.jpg,0.2,0.0
20260317_232105_863090,img_20260317_232105_863090.jpg,0.2,0.0
20260317_232105_917992,img_20260317_232105_917992.jpg,0.2,0.0
20260317_232105_964749,img_20260317_232105_964749.jpg,0.2,0.0
20260317_232106_015034,img_20260317_232106_015034.jpg,0.2,0.0
20260317_232106_067251,img_20260317_232106_067251.jpg,0.2,0.1
20260317_232106_126869,img_20260317_232106_126869.jpg,0.2,0.1
20260317_232106_178821,img_20260317_232106_178821.jpg,0.2,0.1
20260317_232106_217322,img_20260317_232106_217322.jpg,0.2,0.1
20260317_232106_282981,img_20260317_232106_282981.jpg,0.2,0.1
20260317_232106_330979,img_20260317_232106_330979.jpg,0.2,0.1
20260317_232106_372146,img_20260317_232106_372146.jpg,0.2,0.1
20260317_232106_434316,img_20260317_232106_434316.jpg,0.2,0.1
20260317_232106_485829,img_20260317_232106_485829.jpg,0.2,0.1
20260317_232106_525637,img_20260317_232106_525637.jpg,0.2,0.1
20260317_232106_574062,img_20260317_232106_574062.jpg,0.2,0.1
20260317_232106_627746,img_20260317_232106_627746.jpg,0.2,0.1
20260317_232106_677827,img_20260317_232106_677827.jpg,0.2,0.1
20260317_232106_740596,img_20260317_232106_740596.jpg,0.2,0.1
20260317_232106_791790,img_20260317_232106_791790.jpg,0.2,0.1
20260317_232106_832792,img_20260317_232106_832792.jpg,0.2,0.1
20260317_232106_892433,img_20260317_232106_892433.jpg,0.2,0.1
20260317_232106_933020,img_20260317_232106_933020.jpg,0.2,0.1
20260317_232106_994814,img_20260317_232106_994814.jpg,0.2,0.1
20260317_232107_037925,img_20260317_232107_037925.jpg,0.2,0.1
20260317_232107_093791,img_20260317_232107_093791.jpg,0.2,-0.1
20260317_232107_135800,img_20260317_232107_135800.jpg,0.2,-0.1
20260317_232107_198045,img_20260317_232107_198045.jpg,0.2,-0.1
20260317_232107_237507,img_20260317_232107_237507.jpg,0.2,-0.1
20260317_232107_298947,img_20260317_232107_298947.jpg,0.2,-0.1
20260317_232107_340459,img_20260317_232107_340459.jpg,0.2,-0.1
20260317_232107_392623,img_20260317_232107_392623.jpg,0.2,0.0
20260317_232107_454083,img_20260317_232107_454083.jpg,0.2,0.0
20260317_232107_495943,img_20260317_232107_495943.jpg,0.2,0.0
20260317_232107_546513,img_20260317_232107_546513.jpg,0.2,0.0
20260317_232107_606739,img_20260317_232107_606739.jpg,0.2,0.0
20260317_232107_646983,img_20260317_232107_646983.jpg,0.2,0.0
20260317_232107_699952,img_20260317_232107_699952.jpg,0.2,0.0
20260317_232107_759702,img_20260317_232107_759702.jpg,0.2,0.0
20260317_232107_803767,img_20260317_232107_803767.jpg,0.2,0.0
20260317_232107_851175,img_20260317_232107_851175.jpg,0.2,0.0
20260317_232107_912985,img_20260317_232107_912985.jpg,0.2,0.0
20260317_232107_962167,img_20260317_232107_962167.jpg,0.2,0.0
20260317_232108_004528,img_20260317_232108_004528.jpg,0.2,0.0
20260317_232108_051078,img_20260317_232108_051078.jpg,0.2,0.0
20260317_232108_102215,img_20260317_232108_102215.jpg,0.2,0.0
20260317_232108_154926,img_20260317_232108_154926.jpg,0.2,0.0
20260317_232108_209490,img_20260317_232108_209490.jpg,0.2,0.0
20260317_232108_270589,img_20260317_232108_270589.jpg,0.2,0.0
20260317_232108_312928,img_20260317_232108_312928.jpg,0.2,0.0
20260317_232108_365599,img_20260317_232108_365599.jpg,0.2,0.0
20260317_232108_420131,img_20260317_232108_420131.jpg,0.2,0.0
20260317_232108_462455,img_20260317_232108_462455.jpg,0.2,0.0
20260317_232108_525019,img_20260317_232108_525019.jpg,0.2,0.0
20260317_232108_564056,img_20260317_232108_564056.jpg,0.2,0.0
20260317_232108_614120,img_20260317_232108_614120.jpg,0.2,0.0
20260317_232108_676011,img_20260317_232108_676011.jpg,0.2,0.0
20260317_232108_715653,img_20260317_232108_715653.jpg,0.2,0.0
20260317_232108_768504,img_20260317_232108_768504.jpg,0.2,0.0
20260317_232108_818092,img_20260317_232108_818092.jpg,0.2,0.0
20260317_232108_867659,img_20260317_232108_867659.jpg,0.2,0.0
20260317_232108_932070,img_20260317_232108_932070.jpg,0.2,0.0
20260317_232108_972527,img_20260317_232108_972527.jpg,0.2,0.0
20260317_232109_022331,img_20260317_232109_022331.jpg,0.2,0.0
20260317_232109_082937,img_20260317_232109_082937.jpg,0.2,0.0
20260317_232109_136659,img_20260317_232109_136659.jpg,0.2,0.0
20260317_232109_176838,img_20260317_232109_176838.jpg,0.2,0.0
20260317_232109_238285,img_20260317_232109_238285.jpg,0.2,0.0
20260317_232109_277714,img_20260317_232109_277714.jpg,0.2,0.0
20260317_232109_341269,img_20260317_232109_341269.jpg,0.2,0.0
20260317_232109_393933,img_20260317_232109_393933.jpg,0.2,0.0
20260317_232109_431285,img_20260317_232109_431285.jpg,0.2,0.0
20260317_232109_482685,img_20260317_232109_482685.jpg,0.2,0.0
20260317_232109_532449,img_20260317_232109_532449.jpg,0.2,0.0
20260317_232109_585667,img_20260317_232109_585667.jpg,0.2,0.0
20260317_232109_635338,img_20260317_232109_635338.jpg,0.2,0.0
20260317_232109_684212,img_20260317_232109_684212.jpg,0.2,0.0
20260317_232109_746899,img_20260317_232109_746899.jpg,0.2,0.0
20260317_232109_786953,img_20260317_232109_786953.jpg,0.2,0.0
20260317_232109_836951,img_20260317_232109_836951.jpg,0.2,0.1
20260317_232109_888846,img_20260317_232109_888846.jpg,0.2,0.1
20260317_232109_939868,img_20260317_232109_939868.jpg,0.2,0.1
20260317_232110_001981,img_20260317_232110_001981.jpg,0.2,0.1
20260317_232110_053181,img_20260317_232110_053181.jpg,0.2,0.1
20260317_232110_102314,img_20260317_232110_102314.jpg,0.2,0.1
20260317_232110_143005,img_20260317_232110_143005.jpg,0.2,0.1
20260317_232110_194061,img_20260317_232110_194061.jpg,0.2,0.1
20260317_232110_242202,img_20260317_232110_242202.jpg,0.2,0.1
20260317_232110_305465,img_20260317_232110_305465.jpg,0.2,0.1
20260317_232110_356197,img_20260317_232110_356197.jpg,0.2,0.1
20260317_232110_394954,img_20260317_232110_394954.jpg,0.2,0.1
20260317_232110_444928,img_20260317_232110_444928.jpg,0.2,0.1
20260317_232110_497894,img_20260317_232110_497894.jpg,0.2,0.1
20260317_232110_549574,img_20260317_232110_549574.jpg,0.2,0.1
20260317_232110_599405,img_20260317_232110_599405.jpg,0.2,0.1
20260317_232110_650198,img_20260317_232110_650198.jpg,0.2,0.1
20260317_232110_699757,img_20260317_232110_699757.jpg,0.2,0.1
20260317_232110_752114,img_20260317_232110_752114.jpg,0.2,0.1
20260317_232110_802394,img_20260317_232110_802394.jpg,0.2,0.1
20260317_232110_852441,img_20260317_232110_852441.jpg,0.2,0.1
20260317_232110_918066,img_20260317_232110_918066.jpg,0.2,0.1
20260317_232110_954292,img_20260317_232110_954292.jpg,0.2,0.1
20260317_232111_004950,img_20260317_232111_004950.jpg,0.2,0.1
20260317_232111_057881,img_20260317_232111_057881.jpg,0.2,0.1
20260317_232111_118754,img_20260317_232111_118754.jpg,0.2,0.1
20260317_232111_157476,img_20260317_232111_157476.jpg,0.2,0.1
20260317_232111_220617,img_20260317_232111_220617.jpg,0.2,0.1
20260317_232111_262221,img_20260317_232111_262221.jpg,0.2,0.1
20260317_232111_312813,img_20260317_232111_312813.jpg,0.2,0.1
20260317_232111_363005,img_20260317_232111_363005.jpg,0.2,0.1
20260317_232111_423073,img_20260317_232111_423073.jpg,0.2,0.1
20260317_232111_464270,img_20260317_232111_464270.jpg,0.2,0.1
20260317_232111_515116,img_20260317_232111_515116.jpg,0.2,0.1
20260317_232111_565932,img_20260317_232111_565932.jpg,0.2,0.1
20260317_232111_617542,img_20260317_232111_617542.jpg,0.2,-0.1
20260317_232111_668946,img_20260317_232111_668946.jpg,0.2,-0.1
20260317_232111_731670,img_20260317_232111_731670.jpg,0.2,-0.1
20260317_232111_772128,img_20260317_232111_772128.jpg,0.2,-0.1
20260317_232111_822590,img_20260317_232111_822590.jpg,0.2,-0.1
20260317_232111_875981,img_20260317_232111_875981.jpg,0.2,-0.1
20260317_232111_925178,img_20260317_232111_925178.jpg,0.2,-0.1
20260317_232111_978864,img_20260317_232111_978864.jpg,0.2,0.0
20260317_232112_029364,img_20260317_232112_029364.jpg,0.2,0.0
20260317_232112_080307,img_20260317_232112_080307.jpg,0.2,0.0
20260317_232112_142676,img_20260317_232112_142676.jpg,0.2,0.0
20260317_232112_192981,img_20260317_232112_192981.jpg,0.2,0.0
20260317_232112_236277,img_20260317_232112_236277.jpg,0.2,0.0
20260317_232112_283284,img_20260317_232112_283284.jpg,0.2,0.0
20260317_232112_337152,img_20260317_232112_337152.jpg,0.2,-0.1
20260317_232112_398701,img_20260317_232112_398701.jpg,0.2,-0.1
20260317_232112_450190,img_20260317_232112_450190.jpg,0.2,-0.1
20260317_232112_498298,img_20260317_232112_498298.jpg,0.2,-0.1
20260317_232112_550736,img_20260317_232112_550736.jpg,0.2,0.0
20260317_232112_589148,img_20260317_232112_589148.jpg,0.2,0.0
20260317_232112_651004,img_20260317_232112_651004.jpg,0.2,0.0
20260317_232112_692354,img_20260317_232112_692354.jpg,0.2,0.0
20260317_232112_741018,img_20260317_232112_741018.jpg,0.2,0.0
20260317_232112_790744,img_20260317_232112_790744.jpg,0.2,0.0
20260317_232112_845308,img_20260317_232112_845308.jpg,0.2,0.0
20260317_232112_906600,img_20260317_232112_906600.jpg,0.2,0.0
20260317_232112_946644,img_20260317_232112_946644.jpg,0.2,0.0
20260317_232112_995611,img_20260317_232112_995611.jpg,0.2,0.0
20260317_232113_048231,img_20260317_232113_048231.jpg,0.2,0.0
20260317_232113_099162,img_20260317_232113_099162.jpg,0.2,0.0
20260317_232113_160325,img_20260317_232113_160325.jpg,0.2,0.1
20260317_232113_202425,img_20260317_232113_202425.jpg,0.2,0.1
20260317_232113_251665,img_20260317_232113_251665.jpg,0.2,0.1
20260317_232113_304662,img_20260317_232113_304662.jpg,0.2,0.1
20260317_232113_365940,img_20260317_232113_365940.jpg,0.2,0.1
20260317_232113_406526,img_20260317_232113_406526.jpg,0.2,0.1
20260317_232113_467489,img_20260317_232113_467489.jpg,0.2,0.0
20260317_232113_506890,img_20260317_232113_506890.jpg,0.2,0.0
20260317_232113_559532,img_20260317_232113_559532.jpg,0.2,0.0
20260317_232113_618643,img_20260317_232113_618643.jpg,0.2,0.0
20260317_232113_659967,img_20260317_232113_659967.jpg,0.2,0.0
20260317_232113_721105,img_20260317_232113_721105.jpg,0.2,0.0
20260317_232113_760438,img_20260317_232113_760438.jpg,0.2,0.0
20260317_232113_815103,img_20260317_232113_815103.jpg,0.2,0.0
20260317_232113_864391,img_20260317_232113_864391.jpg,0.2,0.0
20260317_232113_916154,img_20260317_232113_916154.jpg,0.2,0.1
20260317_232113_976508,img_20260317_232113_976508.jpg,0.2,0.1
20260317_232114_028593,img_20260317_232114_028593.jpg,0.2,0.1
20260317_232114_068416,img_20260317_232114_068416.jpg,0.2,0.0
20260317_232114_128205,img_20260317_232114_128205.jpg,0.2,0.0
20260317_232114_170910,img_20260317_232114_170910.jpg,0.2,0.0
20260317_232114_221529,img_20260317_232114_221529.jpg,0.2,0.0
20260317_232114_271298,img_20260317_232114_271298.jpg,0.2,0.0
20260317_232114_333508,img_20260317_232114_333508.jpg,0.2,0.0
20260317_232114_374914,img_20260317_232114_374914.jpg,0.2,0.0
20260317_232114_435484,img_20260317_232114_435484.jpg,0.2,0.0
20260317_232114_476538,img_20260317_232114_476538.jpg,0.2,0.0
20260317_232114_527444,img_20260317_232114_527444.jpg,0.2,0.0
20260317_232114_588724,img_20260317_232114_588724.jpg,0.2,0.0
20260317_232114_631360,img_20260317_232114_631360.jpg,0.2,0.0
20260317_232114_690295,img_20260317_232114_690295.jpg,0.2,0.0
20260317_232114_741560,img_20260317_232114_741560.jpg,0.2,0.0
20260317_232114_792314,img_20260317_232114_792314.jpg,0.2,0.0
20260317_232114_832394,img_20260317_232114_832394.jpg,0.2,0.0
20260317_232114_887090,img_20260317_232114_887090.jpg,0.2,0.0
20260317_232114_935276,img_20260317_232114_935276.jpg,0.2,0.0
20260317_232114_986397,img_20260317_232114_986397.jpg,0.2,0.0
20260317_232115_038555,img_20260317_232115_038555.jpg,0.2,0.1
20260317_232115_100008,img_20260317_232115_100008.jpg,0.2,0.1
20260317_232115_142633,img_20260317_232115_142633.jpg,0.2,0.1
20260317_232115_191073,img_20260317_232115_191073.jpg,0.2,0.1
20260317_232115_251925,img_20260317_232115_251925.jpg,0.2,0.0
20260317_232115_293113,img_20260317_232115_293113.jpg,0.2,0.0
20260317_232115_343571,img_20260317_232115_343571.jpg,0.2,0.0
20260317_232115_393211,img_20260317_232115_393211.jpg,0.2,0.0
20260317_232115_443262,img_20260317_232115_443262.jpg,0.2,0.0
20260317_232115_493335,img_20260317_232115_493335.jpg,0.2,0.0
20260317_232115_546406,img_20260317_232115_546406.jpg,0.2,0.0
20260317_232115_597832,img_20260317_232115_597832.jpg,0.2,0.0
20260317_232115_661718,img_20260317_232115_661718.jpg,0.2,0.0
20260317_232115_711247,img_20260317_232115_711247.jpg,0.2,0.0
20260317_232115_752337,img_20260317_232115_752337.jpg,0.2,0.1
20260317_232115_814049,img_20260317_232115_814049.jpg,0.2,0.1
20260317_232115_853798,img_20260317_232115_853798.jpg,0.2,0.1
20260317_232115_915288,img_20260317_232115_915288.jpg,0.2,0.0
20260317_232115_953666,img_20260317_232115_953666.jpg,0.2,0.0
20260317_232116_004057,img_20260317_232116_004057.jpg,0.2,0.0
20260317_232116_069056,img_20260317_232116_069056.jpg,0.2,0.0
20260317_232116_107144,img_20260317_232116_107144.jpg,0.2,0.0
20260317_232115_402543,img_20260317_232115_402543.jpg,0.2,0.0
20260317_232115_453911,img_20260317_232115_453911.jpg,0.2,0.0
20260317_232115_505144,img_20260317_232115_505144.jpg,0.2,0.0
20260317_232115_556287,img_20260317_232115_556287.jpg,0.2,0.0
20260317_232115_619995,img_20260317_232115_619995.jpg,0.2,0.0
20260317_232115_664849,img_20260317_232115_664849.jpg,0.2,0.0
20260317_232115_716558,img_20260317_232115_716558.jpg,0.2,0.1
20260317_232115_767350,img_20260317_232115_767350.jpg,0.2,0.1
20260317_232115_806704,img_20260317_232115_806704.jpg,0.2,0.1
20260317_232115_870032,img_20260317_232115_870032.jpg,0.2,0.0
20260317_232115_911003,img_20260317_232115_911003.jpg,0.2,0.0
20260317_232115_962031,img_20260317_232115_962031.jpg,0.2,0.0
20260317_232116_013775,img_20260317_232116_013775.jpg,0.2,0.0
20260317_232116_073441,img_20260317_232116_073441.jpg,0.2,0.0
20260317_232116_115097,img_20260317_232116_115097.jpg,0.2,0.0
20260317_232116_175793,img_20260317_232116_175793.jpg,0.2,0.0
20260317_232116_217216,img_20260317_232116_217216.jpg,0.2,0.1
20260317_232116_267333,img_20260317_232116_267333.jpg,0.2,0.1
20260317_232116_318886,img_20260317_232116_318886.jpg,0.2,0.1
20260317_232116_369335,img_20260317_232116_369335.jpg,0.2,0.0
20260317_232116_429448,img_20260317_232116_429448.jpg,0.2,0.0
20260317_232116_481066,img_20260317_232116_481066.jpg,0.2,0.0
20260317_232116_521651,img_20260317_232116_521651.jpg,0.2,0.0
20260317_232116_573152,img_20260317_232116_573152.jpg,0.2,0.0
20260317_232116_625238,img_20260317_232116_625238.jpg,0.2,0.0
20260317_232116_676567,img_20260317_232116_676567.jpg,0.2,0.1
20260317_232116_735917,img_20260317_232116_735917.jpg,0.2,0.1
20260317_232116_777357,img_20260317_232116_777357.jpg,0.2,0.1
20260317_232116_829088,img_20260317_232116_829088.jpg,0.2,0.1
20260317_232116_879407,img_20260317_232116_879407.jpg,0.2,0.1
20260317_232116_933597,img_20260317_232116_933597.jpg,0.2,0.1
20260317_232116_982352,img_20260317_232116_982352.jpg,0.2,0.1
20260317_232117_042743,img_20260317_232117_042743.jpg,0.2,0.1
20260317_232117_085511,img_20260317_232117_085511.jpg,0.2,0.1
20260317_232117_133238,img_20260317_232117_133238.jpg,0.2,0.0
20260317_232117_195781,img_20260317_232117_195781.jpg,0.2,0.0
20260317_232117_237025,img_20260317_232117_237025.jpg,0.2,0.0
20260317_232117_288485,img_20260317_232117_288485.jpg,0.2,0.0
20260317_232117_337765,img_20260317_232117_337765.jpg,0.2,0.0
20260317_232117_399051,img_20260317_232117_399051.jpg,0.2,0.0
20260317_232117_442940,img_20260317_232117_442940.jpg,0.2,0.0
20260317_232117_492305,img_20260317_232117_492305.jpg,0.2,0.0
20260317_232117_553162,img_20260317_232117_553162.jpg,0.2,0.1
20260317_232117_602546,img_20260317_232117_602546.jpg,0.2,0.1
20260317_232117_666446,img_20260317_232117_666446.jpg,0.2,0.1
20260317_232117_710359,img_20260317_232117_710359.jpg,0.2,0.1
20260317_232117_751033,img_20260317_232117_751033.jpg,0.2,0.1
20260317_232117_799127,img_20260317_232117_799127.jpg,0.2,0.0
20260317_232117_854420,img_20260317_232117_854420.jpg,0.2,0.0
20260317_232117_900086,img_20260317_232117_900086.jpg,0.2,0.0
20260317_232117_960405,img_20260317_232117_960405.jpg,0.2,0.0
20260317_232118_012261,img_20260317_232118_012261.jpg,0.2,0.0
20260317_232118_054997,img_20260317_232118_054997.jpg,0.2,0.0
20260317_232118_103397,img_20260317_232118_103397.jpg,0.2,0.0
20260317_232118_163398,img_20260317_232118_163398.jpg,0.2,0.0
20260317_232118_205805,img_20260317_232118_205805.jpg,0.2,0.0
20260317_232118_255151,img_20260317_232118_255151.jpg,0.2,0.0
20260317_232118_306651,img_20260317_232118_306651.jpg,0.2,0.0
20260317_232118_356519,img_20260317_232118_356519.jpg,0.2,0.0
20260317_232118_407772,img_20260317_232118_407772.jpg,0.2,0.0
20260317_232118_458517,img_20260317_232118_458517.jpg,0.2,0.0
20260317_232118_510561,img_20260317_232118_510561.jpg,0.2,0.0
20260317_232118_560731,img_20260317_232118_560731.jpg,0.2,0.0
20260317_232118_622927,img_20260317_232118_622927.jpg,0.2,0.1
20260317_232118_671846,img_20260317_232118_671846.jpg,0.2,0.1
20260317_232118_714780,img_20260317_232118_714780.jpg,0.2,0.1
20260317_232118_764605,img_20260317_232118_764605.jpg,0.2,0.0
20260317_232118_815105,img_20260317_232118_815105.jpg,0.2,0.0
20260317_232118_864576,img_20260317_232118_864576.jpg,0.2,0.0
20260317_232118_914600,img_20260317_232118_914600.jpg,0.2,0.0
20260317_232118_967582,img_20260317_232118_967582.jpg,0.2,0.0
20260317_232119_017762,img_20260317_232119_017762.jpg,0.2,0.0
20260317_232119_069661,img_20260317_232119_069661.jpg,0.2,0.0
20260317_232119_119208,img_20260317_232119_119208.jpg,0.2,0.0
20260317_232119_180649,img_20260317_232119_180649.jpg,0.2,0.0
20260317_232119_219469,img_20260317_232119_219469.jpg,0.2,0.1
20260317_232119_270387,img_20260317_232119_270387.jpg,0.2,0.1
20260317_232119_322420,img_20260317_232119_322420.jpg,0.2,0.1
20260317_232119_373522,img_20260317_232119_373522.jpg,0.2,0.1
20260317_232119_435655,img_20260317_232119_435655.jpg,0.2,0.0
20260317_232119_477349,img_20260317_232119_477349.jpg,0.2,0.0
20260317_232119_526177,img_20260317_232119_526177.jpg,0.2,0.0
20260317_232119_587096,img_20260317_232119_587096.jpg,0.2,0.0
20260317_232119_628637,img_20260317_232119_628637.jpg,0.2,0.0
20260317_232119_690425,img_20260317_232119_690425.jpg,0.2,0.0
20260317_232119_741063,img_20260317_232119_741063.jpg,0.2,0.0
20260317_232119_780734,img_20260317_232119_780734.jpg,0.2,0.1
20260317_232119_831476,img_20260317_232119_831476.jpg,0.2,0.1
20260317_232119_882479,img_20260317_232119_882479.jpg,0.2,0.1
20260317_232119_942680,img_20260317_232119_942680.jpg,0.2,0.0
20260317_232119_983092,img_20260317_232119_983092.jpg,0.2,0.0
20260317_232120_034923,img_20260317_232120_034923.jpg,0.2,0.0
20260317_232120_088913,img_20260317_232120_088913.jpg,0.2,0.0
20260317_232120_148488,img_20260317_232120_148488.jpg,0.2,0.0
20260317_232120_189262,img_20260317_232120_189262.jpg,0.2,0.0
20260317_232120_240128,img_20260317_232120_240128.jpg,0.2,0.0
20260317_232120_302615,img_20260317_232120_302615.jpg,0.2,0.1
20260317_232120_354743,img_20260317_232120_354743.jpg,0.2,0.1
20260317_232120_396557,img_20260317_232120_396557.jpg,0.2,0.1
20260317_232120_456215,img_20260317_232120_456215.jpg,0.2,0.1
20260317_232120_500512,img_20260317_232120_500512.jpg,0.2,0.1
20260317_232120_544759,img_20260317_232120_544759.jpg,0.2,0.0
20260317_232120_595143,img_20260317_232120_595143.jpg,0.2,0.0
20260317_232120_646706,img_20260317_232120_646706.jpg,0.2,0.0
20260317_232120_698474,img_20260317_232120_698474.jpg,0.2,0.0
20260317_232120_749418,img_20260317_232120_749418.jpg,0.2,0.0
20260317_232120_797070,img_20260317_232120_797070.jpg,0.2,0.0
20260317_232120_859338,img_20260317_232120_859338.jpg,0.2,0.0
20260317_232120_900829,img_20260317_232120_900829.jpg,0.2,0.0
20260317_232120_962207,img_20260317_232120_962207.jpg,0.2,0.0
20260317_232121_002827,img_20260317_232121_002827.jpg,0.2,0.1
20260317_232121_052068,img_20260317_232121_052068.jpg,0.2,0.1
20260317_232121_102661,img_20260317_232121_102661.jpg,0.2,0.1
20260317_232121_155200,img_20260317_232121_155200.jpg,0.2,0.1
20260317_232121_207448,img_20260317_232121_207448.jpg,0.2,0.1
20260317_232121_268094,img_20260317_232121_268094.jpg,0.2,0.0
20260317_232121_319965,img_20260317_232121_319965.jpg,0.2,0.0
20260317_232121_357185,img_20260317_232121_357185.jpg,0.2,0.0
20260317_232121_419062,img_20260317_232121_419062.jpg,0.2,0.0
20260317_232121_459623,img_20260317_232121_459623.jpg,0.2,0.0
20260317_232121_522668,img_20260317_232121_522668.jpg,0.2,0.0
20260317_232121_563000,img_20260317_232121_563000.jpg,0.2,0.0
20260317_232121_612976,img_20260317_232121_612976.jpg,0.2,0.0
20260317_232121_664515,img_20260317_232121_664515.jpg,0.2,0.1
20260317_232121_713879,img_20260317_232121_713879.jpg,0.2,0.1
20260317_232121_766549,img_20260317_232121_766549.jpg,0.2,0.0
20260317_232121_815912,img_20260317_232121_815912.jpg,0.2,0.0
20260317_232121_878185,img_20260317_232121_878185.jpg,0.2,0.0
20260317_232121_931058,img_20260317_232121_931058.jpg,0.2,0.0
20260317_232121_970210,img_20260317_232121_970210.jpg,0.2,0.0
20260317_232122_032296,img_20260317_232122_032296.jpg,0.2,0.0
20260317_232122_080714,img_20260317_232122_080714.jpg,0.2,0.0
20260317_232122_121294,img_20260317_232122_121294.jpg,0.2,0.0
20260317_232122_173608,img_20260317_232122_173608.jpg,0.2,0.0
20260317_232122_223077,img_20260317_232122_223077.jpg,0.2,0.1
20260317_232122_275902,img_20260317_232122_275902.jpg,0.2,0.1
20260317_232122_335987,img_20260317_232122_335987.jpg,0.2,0.1
20260317_232122_379973,img_20260317_232122_379973.jpg,0.2,0.0
20260317_232122_430516,img_20260317_232122_430516.jpg,0.2,0.0
20260317_232122_479263,img_20260317_232122_479263.jpg,0.2,0.0
20260317_232122_530304,img_20260317_232122_530304.jpg,0.2,0.0
20260317_232122_593202,img_20260317_232122_593202.jpg,0.2,0.0
20260317_232122_643635,img_20260317_232122_643635.jpg,0.2,0.0
20260317_232122_684109,img_20260317_232122_684109.jpg,0.2,0.0
20260317_232122_749139,img_20260317_232122_749139.jpg,0.2,0.0
20260317_232122_789958,img_20260317_232122_789958.jpg,0.2,0.0
20260317_232122_852688,img_20260317_232122_852688.jpg,0.2,0.0
20260317_232122_903761,img_20260317_232122_903761.jpg,0.2,0.0
20260317_232122_941389,img_20260317_232122_941389.jpg,0.2,0.0
20260317_232122_990493,img_20260317_232122_990493.jpg,0.2,0.1
20260317_232123_040367,img_20260317_232123_040367.jpg,0.2,0.1
20260317_232123_102851,img_20260317_232123_102851.jpg,0.2,0.1
20260317_232123_144561,img_20260317_232123_144561.jpg,0.2,0.0
20260317_232123_204701,img_20260317_232123_204701.jpg,0.2,0.0
20260317_232123_254599,img_20260317_232123_254599.jpg,0.2,0.0
20260317_232123_296607,img_20260317_232123_296607.jpg,0.2,0.0
20260317_232123_345419,img_20260317_232123_345419.jpg,0.2,0.0
20260317_232123_395826,img_20260317_232123_395826.jpg,0.2,0.0
20260317_232123_459170,img_20260317_232123_459170.jpg,0.2,0.0
20260317_232123_500964,img_20260317_232123_500964.jpg,0.2,0.0
20260317_232123_550115,img_20260317_232123_550115.jpg,0.2,0.0
20260317_232123_610602,img_20260317_232123_610602.jpg,0.2,0.0
20260317_232123_651896,img_20260317_232123_651896.jpg,0.2,0.1
20260317_232123_700361,img_20260317_232123_700361.jpg,0.2,0.1
20260317_232123_753571,img_20260317_232123_753571.jpg,0.2,0.0
20260317_232123_802798,img_20260317_232123_802798.jpg,0.2,0.0
20260317_232123_864362,img_20260317_232123_864362.jpg,0.2,0.0
20260317_232123_917793,img_20260317_232123_917793.jpg,0.2,0.0
20260317_232123_958285,img_20260317_232123_958285.jpg,0.2,0.0
20260317_232124_004591,img_20260317_232124_004591.jpg,0.2,0.0
20260317_232124_056669,img_20260317_232124_056669.jpg,0.2,0.0
20260317_232124_118185,img_20260317_232124_118185.jpg,0.2,0.0
20260317_232124_158254,img_20260317_232124_158254.jpg,0.2,0.0
20260317_232124_209154,img_20260317_232124_209154.jpg,0.2,0.0
20260317_232124_257001,img_20260317_232124_257001.jpg,0.2,0.0
20260317_232124_318370,img_20260317_232124_318370.jpg,0.2,0.1
20260317_232124_372296,img_20260317_232124_372296.jpg,0.2,0.1
20260317_232124_411995,img_20260317_232124_411995.jpg,0.2,0.1
20260317_232124_462341,img_20260317_232124_462341.jpg,0.2,0.0
20260317_232124_522235,img_20260317_232124_522235.jpg,0.2,0.0
20260317_232124_575047,img_20260317_232124_575047.jpg,0.2,0.0
20260317_232124_613943,img_20260317_232124_613943.jpg,0.2,0.0
20260317_232124_674120,img_20260317_232124_674120.jpg,0.2,0.0
20260317_232124_725316,img_20260317_232124_725316.jpg,0.2,0.0
20260317_232124_776888,img_20260317_232124_776888.jpg,0.2,0.0
20260317_232124_817735,img_20260317_232124_817735.jpg,0.2,0.0
20260317_232124_867318,img_20260317_232124_867318.jpg,0.2,0.0
20260317_232124_921352,img_20260317_232124_921352.jpg,0.2,0.0
20260317_232124_970710,img_20260317_232124_970710.jpg,0.2,0.0
20260317_232125_024065,img_20260317_232125_024065.jpg,0.2,0.0
20260317_232125_076741,img_20260317_232125_076741.jpg,0.2,0.1
20260317_232125_137232,img_20260317_232125_137232.jpg,0.2,0.1
20260317_232125_187197,img_20260317_232125_187197.jpg,0.2,0.1
20260317_232125_226620,img_20260317_232125_226620.jpg,0.2,0.0
20260317_232125_290897,img_20260317_232125_290897.jpg,0.2,0.0
20260317_232125_328608,img_20260317_232125_328608.jpg,0.2,0.0
20260317_232125_383307,img_20260317_232125_383307.jpg,0.2,0.0
20260317_232125_435202,img_20260317_232125_435202.jpg,0.2,0.0
20260317_232125_487581,img_20260317_232125_487581.jpg,0.2,0.0
20260317_232125_547348,img_20260317_232125_547348.jpg,0.2,0.0
20260317_232125_596683,img_20260317_232125_596683.jpg,0.2,0.0
20260317_232125_635584,img_20260317_232125_635584.jpg,0.2,0.0
20260317_232125_685164,img_20260317_232125_685164.jpg,0.2,0.0
20260317_232125_735710,img_20260317_232125_735710.jpg,0.2,0.0
20260317_232125_786692,img_20260317_232125_786692.jpg,0.2,0.1
20260317_232125_836559,img_20260317_232125_836559.jpg,0.2,0.1
20260317_232125_888746,img_20260317_232125_888746.jpg,0.2,0.1
20260317_232125_939802,img_20260317_232125_939802.jpg,0.2,0.0
20260317_232125_991538,img_20260317_232125_991538.jpg,0.2,0.0
20260317_232126_044121,img_20260317_232126_044121.jpg,0.2,0.0
20260317_232126_096722,img_20260317_232126_096722.jpg,0.2,0.0
20260317_232126_143422,img_20260317_232126_143422.jpg,0.2,0.0
20260317_232126_195454,img_20260317_232126_195454.jpg,0.2,0.0
20260317_232126_245115,img_20260317_232126_245115.jpg,0.2,0.0
20260317_232126_296146,img_20260317_232126_296146.jpg,0.2,0.0
20260317_232126_346887,img_20260317_232126_346887.jpg,0.2,0.1
20260317_232126_408908,img_20260317_232126_408908.jpg,0.2,0.1
20260317_232126_450050,img_20260317_232126_450050.jpg,0.2,0.1
20260317_232126_501250,img_20260317_232126_501250.jpg,0.2,0.0
20260317_232126_551843,img_20260317_232126_551843.jpg,0.2,0.0
20260317_232126_612470,img_20260317_232126_612470.jpg,0.2,0.0
20260317_232126_653543,img_20260317_232126_653543.jpg,0.2,0.0
20260317_232126_703911,img_20260317_232126_703911.jpg,0.2,0.0
20260317_232126_754325,img_20260317_232126_754325.jpg,0.2,0.0
20260317_232126_816087,img_20260317_232126_816087.jpg,0.2,0.0
20260317_232126_865963,img_20260317_232126_865963.jpg,0.2,0.0
20260317_232126_907793,img_20260317_232126_907793.jpg,0.2,0.0
20260317_232126_967350,img_20260317_232126_967350.jpg,0.2,0.1
20260317_232127_011136,img_20260317_232127_011136.jpg,0.2,0.1
20260317_232127_060485,img_20260317_232127_060485.jpg,0.2,0.1
20260317_232127_112333,img_20260317_232127_112333.jpg,0.2,0.1
20260317_232127_161392,img_20260317_232127_161392.jpg,0.2,0.1
20260317_232127_213658,img_20260317_232127_213658.jpg,0.2,0.1
20260317_232127_263034,img_20260317_232127_263034.jpg,0.2,0.1
20260317_232127_315162,img_20260317_232127_315162.jpg,0.2,0.0
20260317_232127_375165,img_20260317_232127_375165.jpg,0.2,0.0
20260317_232127_417990,img_20260317_232127_417990.jpg,0.2,0.0
20260317_232127_469878,img_20260317_232127_469878.jpg,0.2,0.0
20260317_232127_519117,img_20260317_232127_519117.jpg,0.2,0.0
20260317_232127_569680,img_20260317_232127_569680.jpg,0.2,0.0
20260317_232127_621607,img_20260317_232127_621607.jpg,0.2,0.0
20260317_232127_673563,img_20260317_232127_673563.jpg,0.2,0.0
20260317_232127_724890,img_20260317_232127_724890.jpg,0.2,0.1
20260317_232127_774237,img_20260317_232127_774237.jpg,0.2,0.1
20260317_232127_838606,img_20260317_232127_838606.jpg,0.2,0.1
20260317_232127_891061,img_20260317_232127_891061.jpg,0.2,0.1
20260317_232127_943662,img_20260317_232127_943662.jpg,0.2,0.0
20260317_232127_983052,img_20260317_232127_983052.jpg,0.2,0.0
20260317_232128_034693,img_20260317_232128_034693.jpg,0.2,0.0
20260317_232128_079395,img_20260317_232128_079395.jpg,0.2,0.0
20260317_232128_141228,img_20260317_232128_141228.jpg,0.2,0.0
20260317_232128_191363,img_20260317_232128_191363.jpg,0.2,0.0
20260317_232128_241922,img_20260317_232128_241922.jpg,0.2,0.0
20260317_232128_280968,img_20260317_232128_280968.jpg,0.2,0.0
20260317_232128_342723,img_20260317_232128_342723.jpg,0.2,0.0
20260317_232128_393487,img_20260317_232128_393487.jpg,0.2,0.1
20260317_232128_443998,img_20260317_232128_443998.jpg,0.2,0.1
20260317_232128_485681,img_20260317_232128_485681.jpg,0.2,0.1
20260317_232128_547000,img_20260317_232128_547000.jpg,0.2,0.0
20260317_232128_597013,img_20260317_232128_597013.jpg,0.2,0.0
20260317_232128_649245,img_20260317_232128_649245.jpg,0.2,0.0
20260317_232128_700717,img_20260317_232128_700717.jpg,0.2,0.0
20260317_232128_749704,img_20260317_232128_749704.jpg,0.2,0.0
20260317_232128_791836,img_20260317_232128_791836.jpg,0.2,0.0
20260317_232128_850489,img_20260317_232128_850489.jpg,0.2,0.0
20260317_232128_905345,img_20260317_232128_905345.jpg,0.2,0.0
20260317_232128_955126,img_20260317_232128_955126.jpg,0.2,0.0
20260317_232128_995553,img_20260317_232128_995553.jpg,0.2,0.1
20260317_232129_044777,img_20260317_232129_044777.jpg,0.2,0.1
20260317_232129_097380,img_20260317_232129_097380.jpg,0.2,0.1
20260317_232129_145561,img_20260317_232129_145561.jpg,0.2,0.1
20260317_232129_199940,img_20260317_232129_199940.jpg,0.2,0.0
20260317_232129_259976,img_20260317_232129_259976.jpg,0.2,0.0
20260317_232129_309697,img_20260317_232129_309697.jpg,0.2,0.0
20260317_232129_348803,img_20260317_232129_348803.jpg,0.2,0.0
20260317_232129_400001,img_20260317_232129_400001.jpg,0.2,0.0
20260317_232129_460811,img_20260317_232129_460811.jpg,0.2,0.0
20260317_232129_502719,img_20260317_232129_502719.jpg,0.2,0.0
20260317_232129_562726,img_20260317_232129_562726.jpg,0.2,0.1
20260317_232129_612523,img_20260317_232129_612523.jpg,0.2,0.1
20260317_232129_656131,img_20260317_232129_656131.jpg,0.2,0.1
20260317_232129_706987,img_20260317_232129_706987.jpg,0.2,0.1
20260317_232129_756155,img_20260317_232129_756155.jpg,0.2,0.0
20260317_232129_809489,img_20260317_232129_809489.jpg,0.2,0.0
20260317_232129_872198,img_20260317_232129_872198.jpg,0.2,0.0
20260317_232129_912931,img_20260317_232129_912931.jpg,0.2,0.0
20260317_232129_960626,img_20260317_232129_960626.jpg,0.2,0.0
20260317_232130_020820,img_20260317_232130_020820.jpg,0.2,0.0
20260317_232130_063365,img_20260317_232130_063365.jpg,0.2,0.0
20260317_232130_112159,img_20260317_232130_112159.jpg,0.2,0.0
20260317_232130_177075,img_20260317_232130_177075.jpg,0.2,0.1
20260317_232130_218649,img_20260317_232130_218649.jpg,0.2,0.1
20260317_232130_265804,img_20260317_232130_265804.jpg,0.2,0.1
20260317_232130_316476,img_20260317_232130_316476.jpg,0.2,0.0
20260317_232130_370813,img_20260317_232130_370813.jpg,0.2,0.0
20260317_232130_430658,img_20260317_232130_430658.jpg,0.2,0.0
20260317_232130_470989,img_20260317_232130_470989.jpg,0.2,0.0
20260317_232130_531765,img_20260317_232130_531765.jpg,0.2,0.0
20260317_232130_571906,img_20260317_232130_571906.jpg,0.2,0.0
20260317_232130_633364,img_20260317_232130_633364.jpg,0.2,0.1
20260317_232130_676474,img_20260317_232130_676474.jpg,0.2,0.1
20260317_232130_735820,img_20260317_232130_735820.jpg,0.2,0.1
20260317_232130_775381,img_20260317_232130_775381.jpg,0.2,0.1
20260317_232130_827287,img_20260317_232130_827287.jpg,0.2,0.0
20260317_232130_878883,img_20260317_232130_878883.jpg,0.2,0.0
20260317_232130_928147,img_20260317_232130_928147.jpg,0.2,0.0
20260317_232130_991307,img_20260317_232130_991307.jpg,0.2,0.0
20260317_232131_039999,img_20260317_232131_039999.jpg,0.2,0.0
20260317_232131_092381,img_20260317_232131_092381.jpg,0.2,0.0
20260317_232131_134259,img_20260317_232131_134259.jpg,0.2,0.1
20260317_232131_194298,img_20260317_232131_194298.jpg,0.2,0.1
20260317_232131_234077,img_20260317_232131_234077.jpg,0.2,0.1
20260317_232131_286096,img_20260317_232131_286096.jpg,0.2,0.0
20260317_232131_336557,img_20260317_232131_336557.jpg,0.2,0.0
20260317_232131_389793,img_20260317_232131_389793.jpg,0.2,0.0
20260317_232131_437998,img_20260317_232131_437998.jpg,0.2,0.0
20260317_232131_490412,img_20260317_232131_490412.jpg,0.2,0.0
20260317_232131_549628,img_20260317_232131_549628.jpg,0.2,0.0
20260317_232131_601431,img_20260317_232131_601431.jpg,0.2,0.0
20260317_232131_652240,img_20260317_232131_652240.jpg,0.2,0.1
20260317_232131_695011,img_20260317_232131_695011.jpg,0.2,0.1
20260317_232131_743279,img_20260317_232131_743279.jpg,0.2,0.1
20260317_232131_794694,img_20260317_232131_794694.jpg,0.2,0.1
20260317_232131_844494,img_20260317_232131_844494.jpg,0.2,0.0
20260317_232131_904607,img_20260317_232131_904607.jpg,0.2,0.0
20260317_232131_944961,img_20260317_232131_944961.jpg,0.2,0.0
20260317_232131_998307,img_20260317_232131_998307.jpg,0.2,0.0
20260317_232132_047327,img_20260317_232132_047327.jpg,0.2,0.0
20260317_232132_107901,img_20260317_232132_107901.jpg,0.2,0.0
20260317_232132_148440,img_20260317_232132_148440.jpg,0.2,0.0
20260317_232132_201230,img_20260317_232132_201230.jpg,0.2,0.1
20260317_232132_261997,img_20260317_232132_261997.jpg,0.2,0.1
20260317_232132_312139,img_20260317_232132_312139.jpg,0.2,0.1
20260317_232132_351306,img_20260317_232132_351306.jpg,0.2,0.1
20260317_232132_413745,img_20260317_232132_413745.jpg,0.2,0.1
20260317_232132_464113,img_20260317_232132_464113.jpg,0.2,0.1
20260317_232132_506601,img_20260317_232132_506601.jpg,0.2,0.1
20260317_232132_565233,img_20260317_232132_565233.jpg,0.2,0.1
20260317_232132_607428,img_20260317_232132_607428.jpg,0.2,0.1
20260317_232132_659686,img_20260317_232132_659686.jpg,0.2,0.1
20260317_232132_720178,img_20260317_232132_720178.jpg,0.2,0.1
20260317_232132_761183,img_20260317_232132_761183.jpg,0.2,0.1
20260317_232132_814195,img_20260317_232132_814195.jpg,0.2,0.1
20260317_232132_863634,img_20260317_232132_863634.jpg,0.2,0.1
20260317_232132_913361,img_20260317_232132_913361.jpg,0.2,0.0
20260317_232132_975975,img_20260317_232132_975975.jpg,0.2,0.0
20260317_232133_026179,img_20260317_232133_026179.jpg,0.2,0.0
20260317_232133_078176,img_20260317_232133_078176.jpg,0.2,0.0
20260317_232133_127114,img_20260317_232133_127114.jpg,0.2,0.0
20260317_232133_180082,img_20260317_232133_180082.jpg,0.2,0.0
20260317_232133_219274,img_20260317_232133_219274.jpg,0.2,0.0
20260317_232133_271781,img_20260317_232133_271781.jpg,0.2,0.0
20260317_232133_330411,img_20260317_232133_330411.jpg,0.2,0.0
20260317_232133_371858,img_20260317_232133_371858.jpg,0.2,0.0
20260317_232133_423974,img_20260317_232133_423974.jpg,0.2,0.0
20260317_232133_485016,img_20260317_232133_485016.jpg,0.2,-0.1
20260317_232133_524377,img_20260317_232133_524377.jpg,0.2,-0.1
20260317_232133_573420,img_20260317_232133_573420.jpg,0.2,-0.1
20260317_232133_636285,img_20260317_232133_636285.jpg,0.2,-0.1
20260317_232133_676291,img_20260317_232133_676291.jpg,0.2,-0.1
20260317_232133_728054,img_20260317_232133_728054.jpg,0.2,-0.1
20260317_232133_779965,img_20260317_232133_779965.jpg,0.2,0.0
20260317_232133_841857,img_20260317_232133_841857.jpg,0.2,0.0
20260317_232133_880878,img_20260317_232133_880878.jpg,0.2,0.0
20260317_232133_934103,img_20260317_232133_934103.jpg,0.2,0.0
20260317_232133_984141,img_20260317_232133_984141.jpg,0.2,0.0
20260317_232134_034699,img_20260317_232134_034699.jpg,0.2,0.1
20260317_232134_083114,img_20260317_232134_083114.jpg,0.2,0.1
20260317_232134_145595,img_20260317_232134_145595.jpg,0.2,0.1
20260317_232134_197978,img_20260317_232134_197978.jpg,0.2,0.1
20260317_232134_248192,img_20260317_232134_248192.jpg,0.2,0.1
20260317_232134_289226,img_20260317_232134_289226.jpg,0.2,0.1
20260317_232134_340182,img_20260317_232134_340182.jpg,0.2,0.1
20260317_232134_390395,img_20260317_232134_390395.jpg,0.2,0.1
20260317_232134_440674,img_20260317_232134_440674.jpg,0.2,0.1
20260317_232134_489623,img_20260317_232134_489623.jpg,0.2,0.0
20260317_232134_549635,img_20260317_232134_549635.jpg,0.2,0.0
20260317_232134_591810,img_20260317_232134_591810.jpg,0.2,0.0
20260317_232134_642299,img_20260317_232134_642299.jpg,0.2,0.0
20260317_232134_705592,img_20260317_232134_705592.jpg,0.2,0.0
20260317_232134_756035,img_20260317_232134_756035.jpg,0.2,0.0
20260317_232134_795671,img_20260317_232134_795671.jpg,0.2,0.0
20260317_232134_847188,img_20260317_232134_847188.jpg,0.2,0.0
20260317_232134_906767,img_20260317_232134_906767.jpg,0.2,0.0
20260317_232134_948844,img_20260317_232134_948844.jpg,0.2,0.0
20260317_232135_010627,img_20260317_232135_010627.jpg,0.2,0.0
20260317_232135_060576,img_20260317_232135_060576.jpg,0.2,0.0
20260317_232135_102155,img_20260317_232135_102155.jpg,0.2,0.0
20260317_232135_151076,img_20260317_232135_151076.jpg,0.2,0.0
20260317_232135_202123,img_20260317_232135_202123.jpg,0.2,0.0
20260317_232135_254942,img_20260317_232135_254942.jpg,0.2,0.0
20260317_232135_314444,img_20260317_232135_314444.jpg,0.2,0.0
20260317_232135_355624,img_20260317_232135_355624.jpg,0.2,0.0
20260317_232135_405592,img_20260317_232135_405592.jpg,0.2,0.0
20260317_232135_467314,img_20260317_232135_467314.jpg,0.2,0.0
20260317_232135_511754,img_20260317_232135_511754.jpg,0.2,0.0
20260317_232135_571556,img_20260317_232135_571556.jpg,0.2,0.0
20260317_232135_612112,img_20260317_232135_612112.jpg,0.2,0.0
20260317_232135_664341,img_20260317_232135_664341.jpg,0.2,0.0
20260317_232135_712750,img_20260317_232135_712750.jpg,0.2,0.0
20260317_232135_775964,img_20260317_232135_775964.jpg,0.2,0.0
20260317_232135_825426,img_20260317_232135_825426.jpg,0.2,0.0
20260317_232135_865329,img_20260317_232135_865329.jpg,0.2,0.0
20260317_232135_915508,img_20260317_232135_915508.jpg,0.2,0.1
20260317_232135_979396,img_20260317_232135_979396.jpg,0.2,0.1
20260317_232136_020386,img_20260317_232136_020386.jpg,0.2,0.1
20260317_232136_079437,img_20260317_232136_079437.jpg,0.2,0.0
20260317_232136_120668,img_20260317_232136_120668.jpg,0.2,0.0
20260317_232136_181143,img_20260317_232136_181143.jpg,0.2,0.0
20260317_232136_223041,img_20260317_232136_223041.jpg,0.2,0.0
20260317_232136_273403,img_20260317_232136_273403.jpg,0.2,0.0
20260317_232136_325110,img_20260317_232136_325110.jpg,0.2,0.0
20260317_232136_387073,img_20260317_232136_387073.jpg,0.2,0.1
20260317_232136_426517,img_20260317_232136_426517.jpg,0.2,0.1
20260317_232136_487617,img_20260317_232136_487617.jpg,0.2,0.1
20260317_232136_526413,img_20260317_232136_526413.jpg,0.2,0.0
20260317_232136_577163,img_20260317_232136_577163.jpg,0.2,0.0
20260317_232136_641161,img_20260317_232136_641161.jpg,0.2,0.0
20260317_232136_680185,img_20260317_232136_680185.jpg,0.2,0.0
20260317_232136_731554,img_20260317_232136_731554.jpg,0.2,0.0
20260317_232136_782158,img_20260317_232136_782158.jpg,0.2,0.0
20260317_232136_845406,img_20260317_232136_845406.jpg,0.2,0.1
20260317_232136_897070,img_20260317_232136_897070.jpg,0.2,0.1
20260317_232136_935156,img_20260317_232136_935156.jpg,0.2,0.1
20260317_232136_997188,img_20260317_232136_997188.jpg,0.2,0.0
20260317_232137_037693,img_20260317_232137_037693.jpg,0.2,0.0
20260317_232137_099140,img_20260317_232137_099140.jpg,0.2,0.0
20260317_232137_148146,img_20260317_232137_148146.jpg,0.2,0.0
20260317_232137_201303,img_20260317_232137_201303.jpg,0.2,0.0
20260317_232137_249129,img_20260317_232137_249129.jpg,0.2,0.0
20260317_232137_292065,img_20260317_232137_292065.jpg,0.2,0.0
20260317_232137_343202,img_20260317_232137_343202.jpg,0.2,0.1
20260317_232137_404197,img_20260317_232137_404197.jpg,0.2,0.1
20260317_232137_445798,img_20260317_232137_445798.jpg,0.2,0.1
20260317_232137_505920,img_20260317_232137_505920.jpg,0.2,0.0
20260317_232137_545649,img_20260317_232137_545649.jpg,0.2,0.0
20260317_232137_607664,img_20260317_232137_607664.jpg,0.2,0.0
20260317_232137_646810,img_20260317_232137_646810.jpg,0.2,0.0
20260317_232137_707833,img_20260317_232137_707833.jpg,0.2,0.0
20260317_232137_748924,img_20260317_232137_748924.jpg,0.2,0.0
20260317_232137_800362,img_20260317_232137_800362.jpg,0.2,0.0
20260317_232137_849934,img_20260317_232137_849934.jpg,0.2,0.0
20260317_232137_901865,img_20260317_232137_901865.jpg,0.2,0.0
20260317_232137_960547,img_20260317_232137_960547.jpg,0.2,0.0
20260317_232138_014275,img_20260317_232138_014275.jpg,0.2,0.0
20260317_232138_052116,img_20260317_232138_052116.jpg,0.2,0.0
20260317_232138_105606,img_20260317_232138_105606.jpg,0.2,0.0
20260317_232138_154699,img_20260317_232138_154699.jpg,0.2,0.0
20260317_232138_217862,img_20260317_232138_217862.jpg,0.2,0.0
20260317_232138_257914,img_20260317_232138_257914.jpg,0.2,0.0
20260317_232138_307094,img_20260317_232138_307094.jpg,0.2,0.0
20260317_232138_359868,img_20260317_232138_359868.jpg,0.2,0.0
20260317_232138_410232,img_20260317_232138_410232.jpg,0.2,0.0
20260317_232138_471404,img_20260317_232138_471404.jpg,0.2,0.0
20260317_232138_512487,img_20260317_232138_512487.jpg,0.2,0.0
20260317_232138_563914,img_20260317_232138_563914.jpg,0.2,0.0
20260317_232138_613014,img_20260317_232138_613014.jpg,0.2,0.0
20260317_232138_665252,img_20260317_232138_665252.jpg,0.2,0.0
20260317_232138_726082,img_20260317_232138_726082.jpg,0.2,0.0
20260317_232138_767025,img_20260317_232138_767025.jpg,0.2,0.0
20260317_232138_828484,img_20260317_232138_828484.jpg,0.2,0.0
20260317_232138_878504,img_20260317_232138_878504.jpg,0.2,0.0
20260317_232138_918483,img_20260317_232138_918483.jpg,0.2,0.0
20260317_232138_970417,img_20260317_232138_970417.jpg,0.2,0.0
20260317_232139_020664,img_20260317_232139_020664.jpg,0.2,0.0
20260317_232139_084538,img_20260317_232139_084538.jpg,0.2,0.0
20260317_232139_125453,img_20260317_232139_125453.jpg,0.2,0.0
20260317_232139_175267,img_20260317_232139_175267.jpg,0.2,0.0
20260317_232139_227365,img_20260317_232139_227365.jpg,0.2,0.0
20260317_232139_278170,img_20260317_232139_278170.jpg,0.2,0.0
20260317_232139_343560,img_20260317_232139_343560.jpg,0.2,0.0
20260317_232139_380271,img_20260317_232139_380271.jpg,0.2,0.0
20260317_232139_430697,img_20260317_232139_430697.jpg,0.2,0.0
20260317_232139_481296,img_20260317_232139_481296.jpg,0.2,0.0
20260317_232139_544792,img_20260317_232139_544792.jpg,0.2,0.0
20260317_232139_583658,img_20260317_232139_583658.jpg,0.2,0.0
20260317_232139_634586,img_20260317_232139_634586.jpg,0.2,0.0
20260317_232139_685447,img_20260317_232139_685447.jpg,0.2,0.0
20260317_232139_738630,img_20260317_232139_738630.jpg,0.2,0.0
20260317_232139_786519,img_20260317_232139_786519.jpg,0.2,0.0
20260317_232139_839289,img_20260317_232139_839289.jpg,0.2,0.0
20260317_232139_899044,img_20260317_232139_899044.jpg,0.2,0.0
20260317_232139_949694,img_20260317_232139_949694.jpg,0.2,0.0
20260317_232139_989700,img_20260317_232139_989700.jpg,0.2,0.0
20260317_232140_040662,img_20260317_232140_040662.jpg,0.2,0.0
20260317_232140_090456,img_20260317_232140_090456.jpg,0.2,0.0
20260317_232140_153932,img_20260317_232140_153932.jpg,0.2,0.0
20260317_232140_203824,img_20260317_232140_203824.jpg,0.2,0.0
20260317_232140_244992,img_20260317_232140_244992.jpg,0.2,0.0
20260317_232140_293587,img_20260317_232140_293587.jpg,0.2,0.0
20260317_232140_345606,img_20260317_232140_345606.jpg,0.2,0.0
20260317_232140_406146,img_20260317_232140_406146.jpg,0.2,0.0
20260317_232140_446153,img_20260317_232140_446153.jpg,0.2,0.0
20260317_232140_507146,img_20260317_232140_507146.jpg,0.2,0.0
20260317_232140_558718,img_20260317_232140_558718.jpg,0.2,0.0
20260317_232140_601135,img_20260317_232140_601135.jpg,0.2,0.0
20260317_232140_648377,img_20260317_232140_648377.jpg,0.2,0.0
20260317_232140_710495,img_20260317_232140_710495.jpg,0.2,0.0
20260317_232140_750910,img_20260317_232140_750910.jpg,0.2,0.0
20260317_232140_802803,img_20260317_232140_802803.jpg,0.2,0.0
20260317_232140_863728,img_20260317_232140_863728.jpg,0.2,0.0
20260317_232140_903918,img_20260317_232140_903918.jpg,0.2,0.0
20260317_232140_964572,img_20260317_232140_964572.jpg,0.2,0.0
20260317_232141_004809,img_20260317_232141_004809.jpg,0.2,0.0
20260317_232141_055572,img_20260317_232141_055572.jpg,0.2,0.0
20260317_232141_105365,img_20260317_232141_105365.jpg,0.2,0.0
20260317_232141_168652,img_20260317_232141_168652.jpg,0.2,0.0
20260317_232141_208049,img_20260317_232141_208049.jpg,0.2,0.0
20260317_232141_257742,img_20260317_232141_257742.jpg,0.0,0.0
20260317_232141_310125,img_20260317_232141_310125.jpg,0.0,0.0
20260317_232141_372173,img_20260317_232141_372173.jpg,0.0,0.0
20260317_232141_411688,img_20260317_232141_411688.jpg,0.0,0.0
20260317_232141_470041,img_20260317_232141_470041.jpg,0.0,0.0
20260317_232141_522737,img_20260317_232141_522737.jpg,0.0,0.0
20260317_232141_575035,img_20260317_232141_575035.jpg,0.0,0.0
20260317_232141_615636,img_20260317_232141_615636.jpg,0.0,0.0
20260317_232141_664672,img_20260317_232141_664672.jpg,0.0,0.0
20260317_232141_726069,img_20260317_232141_726069.jpg,0.0,0.0
20260317_232141_777859,img_20260317_232141_777859.jpg,0.0,0.0
20260317_232141_829386,img_20260317_232141_829386.jpg,0.0,0.0
20260317_232141_868564,img_20260317_232141_868564.jpg,0.0,0.0
20260317_232141_920716,img_20260317_232141_920716.jpg,0.0,0.0
20260317_232141_971647,img_20260317_232141_971647.jpg,0.0,0.0
20260317_232142_033020,img_20260317_232142_033020.jpg,0.0,0.0
20260317_232142_072429,img_20260317_232142_072429.jpg,0.0,0.0
20260317_232142_122483,img_20260317_232142_122483.jpg,0.0,0.0
20260317_232142_183297,img_20260317_232142_183297.jpg,0.0,0.0
20260317_232142_226146,img_20260317_232142_226146.jpg,0.0,0.0
20260317_232142_273821,img_20260317_232142_273821.jpg,0.0,0.0
20260317_232142_336631,img_20260317_232142_336631.jpg,0.0,0.0
20260317_232142_377430,img_20260317_232142_377430.jpg,0.0,0.0
20260317_232142_428457,img_20260317_232142_428457.jpg,0.0,0.0
20260317_232142_479263,img_20260317_232142_479263.jpg,0.0,0.0
20260317_232142_540885,img_20260317_232142_540885.jpg,0.0,0.0
20260317_232142_590780,img_20260317_232142_590780.jpg,0.0,0.0
20260317_232142_642223,img_20260317_232142_642223.jpg,0.0,0.0
20260317_232142_682294,img_20260317_232142_682294.jpg,0.0,0.0
20260317_232142_752389,img_20260317_232142_752389.jpg,0.0,0.0
20260317_232142_783729,img_20260317_232142_783729.jpg,0.0,0.0
20260317_232142_834485,img_20260317_232142_834485.jpg,0.0,0.0
20260317_232142_887968,img_20260317_232142_887968.jpg,0.0,0.0
20260317_232142_948497,img_20260317_232142_948497.jpg,0.0,0.0
20260317_232142_988913,img_20260317_232142_988913.jpg,0.0,0.0
20260317_232143_038990,img_20260317_232143_038990.jpg,0.0,0.0
20260317_232143_102345,img_20260317_232143_102345.jpg,0.0,0.0
20260317_232143_140597,img_20260317_232143_140597.jpg,0.0,0.0
20260317_232143_191274,img_20260317_232143_191274.jpg,0.0,0.0
20260317_232143_255746,img_20260317_232143_255746.jpg,0.0,0.0
20260317_232143_295027,img_20260317_232143_295027.jpg,0.0,0.0
20260317_232143_346238,img_20260317_232143_346238.jpg,0.0,0.0
20260317_232143_398126,img_20260317_232143_398126.jpg,0.0,0.0
20260317_232143_460108,img_20260317_232143_460108.jpg,0.0,0.0
20260317_232143_500335,img_20260317_232143_500335.jpg,0.0,0.0
20260317_232143_551126,img_20260317_232143_551126.jpg,0.0,0.0
20260317_232143_601563,img_20260317_232143_601563.jpg,0.0,0.0
20260317_232143_652185,img_20260317_232143_652185.jpg,0.0,0.0
20260317_232143_713057,img_20260317_232143_713057.jpg,0.0,0.0
20260317_232143_764500,img_20260317_232143_764500.jpg,0.0,0.0
20260317_232143_805776,img_20260317_232143_805776.jpg,0.0,0.0
20260317_232143_865044,img_20260317_232143_865044.jpg,0.0,0.0
20260317_232143_918249,img_20260317_232143_918249.jpg,0.0,0.0
20260317_232143_968543,img_20260317_232143_968543.jpg,0.0,0.0
20260317_232144_007199,img_20260317_232144_007199.jpg,0.0,0.0
20260317_232144_069557,img_20260317_232144_069557.jpg,0.0,0.0
20260317_232144_110203,img_20260317_232144_110203.jpg,0.0,0.0
20260317_232144_160327,img_20260317_232144_160327.jpg,0.0,0.0
20260317_232144_211918,img_20260317_232144_211918.jpg,0.0,0.0
20260317_232144_262176,img_20260317_232144_262176.jpg,0.0,0.0
20260317_232144_313159,img_20260317_232144_313159.jpg,0.0,0.0
20260317_232144_365488,img_20260317_232144_365488.jpg,0.0,0.0
20260317_232144_413542,img_20260317_232144_413542.jpg,0.0,0.0
20260317_232144_466009,img_20260317_232144_466009.jpg,0.0,0.0
20260317_232144_517169,img_20260317_232144_517169.jpg,0.0,0.0
20260317_232144_579685,img_20260317_232144_579685.jpg,0.0,0.0
20260317_232144_631154,img_20260317_232144_631154.jpg,0.0,0.0
20260317_232144_670103,img_20260317_232144_670103.jpg,0.0,0.0
20260317_232144_719649,img_20260317_232144_719649.jpg,0.0,0.0
20260317_232144_768452,img_20260317_232144_768452.jpg,0.0,0.0
20260317_232144_830844,img_20260317_232144_830844.jpg,0.0,0.0
20260317_232144_882160,img_20260317_232144_882160.jpg,0.0,0.0
20260317_232144_925779,img_20260317_232144_925779.jpg,0.0,0.0
20260317_232144_982318,img_20260317_232144_982318.jpg,0.0,0.0
20260317_232145_025543,img_20260317_232145_025543.jpg,0.0,0.0
20260317_232145_073192,img_20260317_232145_073192.jpg,0.0,0.0
20260317_232145_125504,img_20260317_232145_125504.jpg,0.0,0.0
20260317_232145_175040,img_20260317_232145_175040.jpg,0.0,0.0
20260317_232145_226408,img_20260317_232145_226408.jpg,0.0,0.0
20260317_232145_285063,img_20260317_232145_285063.jpg,0.0,0.0
20260317_232145_326988,img_20260317_232145_326988.jpg,0.0,0.0
20260317_232145_388386,img_20260317_232145_388386.jpg,0.0,0.0
20260317_232145_439259,img_20260317_232145_439259.jpg,0.0,0.0
20260317_232145_478335,img_20260317_232145_478335.jpg,0.0,0.0
20260317_232145_530881,img_20260317_232145_530881.jpg,0.0,0.0
20260317_232145_590533,img_20260317_232145_590533.jpg,0.0,0.0
20260317_232145_632884,img_20260317_232145_632884.jpg,0.0,0.0
20260317_232145_695327,img_20260317_232145_695327.jpg,0.0,0.0
20260317_232145_733929,img_20260317_232145_733929.jpg,0.0,0.0
20260317_232145_786208,img_20260317_232145_786208.jpg,0.0,0.0
20260317_232145_835697,img_20260317_232145_835697.jpg,0.0,0.0
20260317_232145_886731,img_20260317_232145_886731.jpg,0.0,0.0
20260317_232145_937919,img_20260317_232145_937919.jpg,0.0,0.0
20260317_232145_987154,img_20260317_232145_987154.jpg,0.0,0.0
20260317_232146_048296,img_20260317_232146_048296.jpg,0.0,0.0
20260317_232146_098524,img_20260317_232146_098524.jpg,0.0,0.0
20260317_232146_141615,img_20260317_232146_141615.jpg,0.0,0.0
20260317_232146_204352,img_20260317_232146_204352.jpg,0.0,0.0
20260317_232146_252782,img_20260317_232146_252782.jpg,0.0,0.0
20260317_232146_295013,img_20260317_232146_295013.jpg,0.0,0.0
20260317_232146_356109,img_20260317_232146_356109.jpg,0.0,0.0
20260317_232146_395915,img_20260317_232146_395915.jpg,0.0,0.0
20260317_232146_457057,img_20260317_232146_457057.jpg,0.0,0.0
20260317_232146_507948,img_20260317_232146_507948.jpg,0.0,0.0
20260317_232146_558254,img_20260317_232146_558254.jpg,0.0,0.0
20260317_232146_608539,img_20260317_232146_608539.jpg,0.0,0.0
