timestamp,image_path,linear_v,angular_w
20260317_155247_290004,img_20260317_155247_290004.jpg,0.0,0.0
20260317_155247_336039,img_20260317_155247_336039.jpg,0.0,0.0
20260317_155247_386434,img_20260317_155247_386434.jpg,0.0,0.0
20260317_155247_434949,img_20260317_155247_434949.jpg,0.0,0.0
20260317_155247_488850,img_20260317_155247_488850.jpg,0.0,0.0
20260317_155247_538620,img_20260317_155247_538620.jpg,0.0,0.0
20260317_155247_589490,img_20260317_155247_589490.jpg,0.0,0.0
20260317_155247_640947,img_20260317_155247_640947.jpg,0.0,0.0
20260317_155247_691122,img_20260317_155247_691122.jpg,0.0,0.0
20260317_155247_739983,img_20260317_155247_739983.jpg,0.0,0.0
20260317_155247_794673,img_20260317_155247_794673.jpg,0.0,0.0
20260317_155247_847535,img_20260317_155247_847535.jpg,0.0,0.0
20260317_155247_900024,img_20260317_155247_900024.jpg,0.0,0.0
20260317_155247_945434,img_20260317_155247_945434.jpg,0.0,0.0
20260317_155247_998454,img_20260317_155247_998454.jpg,0.0,0.0
20260317_155248_049897,img_20260317_155248_049897.jpg,0.0,0.0
20260317_155248_105107,img_20260317_155248_105107.jpg,0.0,0.0
20260317_155248_143230,img_20260317_155248_143230.jpg,0.0,0.0
20260317_155248_194104,img_20260317_155248_194104.jpg,0.0,0.0
20260317_155248_244222,img_20260317_155248_244222.jpg,0.0,0.0
20260317_155248_308833,img_20260317_155248_308833.jpg,0.0,0.0
20260317_155248_360732,img_20260317_155248_360732.jpg,0.0,0.0
20260317_155248_415771,img_20260317_155248_415771.jpg,0.0,0.0
20260317_155248_464679,img_20260317_155248_464679.jpg,0.0,0.0
20260317_155248_512970,img_20260317_155248_512970.jpg,0.0,0.0
20260317_155248_563780,img_20260317_155248_563780.jpg,0.0,0.0
20260317_155248_618863,img_20260317_155248_618863.jpg,0.0,0.0
20260317_155248_655527,img_20260317_155248_655527.jpg,0.0,0.0
20260317_155248_717700,img_20260317_155248_717700.jpg,0.0,0.0
20260317_155248_757886,img_20260317_155248_757886.jpg,0.0,0.0
20260317_155248_820367,img_20260317_155248_820367.jpg,0.0,0.0
20260317_155248_859088,img_20260317_155248_859088.jpg,0.0,0.0
20260317_155248_925240,img_20260317_155248_925240.jpg,0.0,0.0
20260317_155248_968696,img_20260317_155248_968696.jpg,0.0,0.0
20260317_155249_026976,img_20260317_155249_026976.jpg,0.0,0.0
20260317_155249_076329,img_20260317_155249_076329.jpg,0.0,0.0
20260317_155249_117746,img_20260317_155249_117746.jpg,0.0,0.0
20260317_155249_167066,img_20260317_155249_167066.jpg,0.0,0.0
20260317_155249_231253,img_20260317_155249_231253.jpg,0.0,0.0
20260317_155249_279575,img_20260317_155249_279575.jpg,0.0,0.0
20260317_155249_333762,img_20260317_155249_333762.jpg,0.0,0.0
20260317_155249_383447,img_20260317_155249_383447.jpg,0.0,0.0
20260317_155249_424833,img_20260317_155249_424833.jpg,0.0,0.0
20260317_155249_487218,img_20260317_155249_487218.jpg,0.0,0.0
20260317_155249_540056,img_20260317_155249_540056.jpg,0.0,0.0
20260317_155249_594158,img_20260317_155249_594158.jpg,0.0,0.0
20260317_155249_640951,img_20260317_155249_640951.jpg,0.0,0.0
20260317_155249_693233,img_20260317_155249_693233.jpg,0.0,0.0
20260317_155249_730644,img_20260317_155249_730644.jpg,0.0,0.0
20260317_155249_793733,img_20260317_155249_793733.jpg,0.0,0.0
20260317_155249_843118,img_20260317_155249_843118.jpg,0.0,0.0
20260317_155249_896317,img_20260317_155249_896317.jpg,0.0,0.0
20260317_155249_946350,img_20260317_155249_946350.jpg,0.0,0.0
20260317_155250_000037,img_20260317_155250_000037.jpg,0.0,0.0
20260317_155250_048106,img_20260317_155250_048106.jpg,0.0,0.0
20260317_155250_101739,img_20260317_155250_101739.jpg,0.0,0.0
20260317_155250_150014,img_20260317_155250_150014.jpg,0.0,0.0
20260317_155250_203870,img_20260317_155250_203870.jpg,0.0,0.0
20260317_155250_254030,img_20260317_155250_254030.jpg,0.0,0.0
20260317_155250_307665,img_20260317_155250_307665.jpg,0.0,0.0
20260317_155250_354800,img_20260317_155250_354800.jpg,0.0,0.0
20260317_155250_396238,img_20260317_155250_396238.jpg,0.0,0.0
20260317_155250_456367,img_20260317_155250_456367.jpg,0.0,0.0
20260317_155250_507308,img_20260317_155250_507308.jpg,0.0,0.0
20260317_155250_562336,img_20260317_155250_562336.jpg,0.0,0.0
20260317_155250_611763,img_20260317_155250_611763.jpg,0.0,0.0
20260317_155250_667376,img_20260317_155250_667376.jpg,0.0,0.0
20260317_155250_715171,img_20260317_155250_715171.jpg,0.0,0.0
20260317_155250_765871,img_20260317_155250_765871.jpg,0.0,0.0
20260317_155250_814097,img_20260317_155250_814097.jpg,0.0,0.0
20260317_155250_872233,img_20260317_155250_872233.jpg,0.0,0.0
20260317_155250_922849,img_20260317_155250_922849.jpg,0.0,0.0
20260317_155250_974293,img_20260317_155250_974293.jpg,0.0,0.0
20260317_155251_035402,img_20260317_155251_035402.jpg,0.0,0.0
20260317_155251_069881,img_20260317_155251_069881.jpg,0.0,0.0
20260317_155251_130124,img_20260317_155251_130124.jpg,0.0,0.0
20260317_155251_181880,img_20260317_155251_181880.jpg,0.0,0.0
20260317_155251_235755,img_20260317_155251_235755.jpg,0.0,0.0
20260317_155251_289803,img_20260317_155251_289803.jpg,0.0,0.0
20260317_155251_338409,img_20260317_155251_338409.jpg,0.0,0.0
20260317_155251_385774,img_20260317_155251_385774.jpg,0.0,0.0
20260317_155251_436190,img_20260317_155251_436190.jpg,0.0,0.0
20260317_155251_489365,img_20260317_155251_489365.jpg,0.0,0.0
20260317_155251_544125,img_20260317_155251_544125.jpg,0.0,0.0
20260317_155251_594037,img_20260317_155251_594037.jpg,0.0,0.0
20260317_155251_633117,img_20260317_155251_633117.jpg,0.0,0.0
20260317_155251_698051,img_20260317_155251_698051.jpg,0.0,0.0
20260317_155251_744314,img_20260317_155251_744314.jpg,0.0,0.0
20260317_155251_797159,img_20260317_155251_797159.jpg,0.0,0.0
20260317_155251_847028,img_20260317_155251_847028.jpg,0.0,0.0
20260317_155251_900192,img_20260317_155251_900192.jpg,0.0,0.0
20260317_155251_949303,img_20260317_155251_949303.jpg,0.0,0.0
20260317_155251_991999,img_20260317_155251_991999.jpg,0.0,0.0
20260317_155252_052591,img_20260317_155252_052591.jpg,0.0,0.0
20260317_155252_103652,img_20260317_155252_103652.jpg,0.0,0.0
20260317_155252_157919,img_20260317_155252_157919.jpg,0.0,0.0
20260317_155252_195464,img_20260317_155252_195464.jpg,0.0,0.0
20260317_155252_261638,img_20260317_155252_261638.jpg,0.0,0.0
20260317_155252_310672,img_20260317_155252_310672.jpg,0.0,0.0
20260317_155252_352880,img_20260317_155252_352880.jpg,0.0,0.0
20260317_155252_401721,img_20260317_155252_401721.jpg,0.0,0.0
20260317_155252_462826,img_20260317_155252_462826.jpg,0.0,0.0
20260317_155252_513689,img_20260317_155252_513689.jpg,0.0,0.0
20260317_155252_560259,img_20260317_155252_560259.jpg,0.0,0.0
20260317_155252_617527,img_20260317_155252_617527.jpg,0.0,0.0
20260317_155252_669665,img_20260317_155252_669665.jpg,0.0,0.0
20260317_155252_719473,img_20260317_155252_719473.jpg,0.0,0.0
20260317_155252_771472,img_20260317_155252_771472.jpg,0.0,0.0
20260317_155252_824259,img_20260317_155252_824259.jpg,0.0,0.0
20260317_155252_877899,img_20260317_155252_877899.jpg,0.0,0.0
20260317_155252_928558,img_20260317_155252_928558.jpg,0.2,0.0
20260317_155252_979438,img_20260317_155252_979438.jpg,0.2,0.0
20260317_155253_029979,img_20260317_155253_029979.jpg,0.2,0.0
20260317_155253_069088,img_20260317_155253_069088.jpg,0.2,0.0
20260317_155253_131713,img_20260317_155253_131713.jpg,0.2,0.0
20260317_155253_181553,img_20260317_155253_181553.jpg,0.2,0.0
20260317_155253_234712,img_20260317_155253_234712.jpg,0.2,0.0
20260317_155253_285464,img_20260317_155253_285464.jpg,0.2,0.0
20260317_155253_338475,img_20260317_155253_338475.jpg,0.2,0.0
20260317_155253_390077,img_20260317_155253_390077.jpg,0.2,0.0
20260317_155253_430022,img_20260317_155253_430022.jpg,0.2,0.0
20260317_155253_480334,img_20260317_155253_480334.jpg,0.2,0.0
20260317_155253_532840,img_20260317_155253_532840.jpg,0.2,0.0
20260317_155253_594735,img_20260317_155253_594735.jpg,0.2,0.0
20260317_155253_646143,img_20260317_155253_646143.jpg,0.2,0.0
20260317_155253_698113,img_20260317_155253_698113.jpg,0.2,0.0
20260317_155253_748073,img_20260317_155253_748073.jpg,0.2,0.0
20260317_155253_801607,img_20260317_155253_801607.jpg,0.2,0.0
20260317_155253_850225,img_20260317_155253_850225.jpg,0.2,0.0
20260317_155253_905276,img_20260317_155253_905276.jpg,0.2,0.0
20260317_155253_943074,img_20260317_155253_943074.jpg,0.2,0.0
20260317_155253_991409,img_20260317_155253_991409.jpg,0.2,0.0
20260317_155254_053422,img_20260317_155254_053422.jpg,0.2,0.0
20260317_155254_107858,img_20260317_155254_107858.jpg,0.2,0.0
20260317_155254_159779,img_20260317_155254_159779.jpg,0.2,0.0
20260317_155254_210697,img_20260317_155254_210697.jpg,0.2,0.0
20260317_155254_263933,img_20260317_155254_263933.jpg,0.2,0.0
20260317_155254_311038,img_20260317_155254_311038.jpg,0.2,0.0
20260317_155254_366534,img_20260317_155254_366534.jpg,0.2,0.0
20260317_155254_415162,img_20260317_155254_415162.jpg,0.2,0.0
20260317_155254_454560,img_20260317_155254_454560.jpg,0.2,0.0
20260317_155254_516783,img_20260317_155254_516783.jpg,0.2,0.0
20260317_155254_566595,img_20260317_155254_566595.jpg,0.2,0.0
20260317_155254_618983,img_20260317_155254_618983.jpg,0.2,0.0
20260317_155254_658561,img_20260317_155254_658561.jpg,0.2,0.0
20260317_155254_723816,img_20260317_155254_723816.jpg,0.2,0.0
20260317_155254_771976,img_20260317_155254_771976.jpg,0.2,0.0
20260317_155254_825955,img_20260317_155254_825955.jpg,0.2,0.0
20260317_155254_876455,img_20260317_155254_876455.jpg,0.2,0.0
20260317_155254_927522,img_20260317_155254_927522.jpg,0.2,0.0
20260317_155254_978878,img_20260317_155254_978878.jpg,0.2,0.0
20260317_155255_018140,img_20260317_155255_018140.jpg,0.2,0.0
20260317_155255_080654,img_20260317_155255_080654.jpg,0.2,0.0
20260317_155255_130517,img_20260317_155255_130517.jpg,0.2,0.0
20260317_155255_185629,img_20260317_155255_185629.jpg,0.2,0.0
20260317_155255_234773,img_20260317_155255_234773.jpg,0.2,0.0
20260317_155255_286833,img_20260317_155255_286833.jpg,0.2,0.0
20260317_155255_326131,img_20260317_155255_326131.jpg,0.2,0.0
20260317_155255_389731,img_20260317_155255_389731.jpg,0.2,0.0
20260317_155255_426123,img_20260317_155255_426123.jpg,0.2,0.0
20260317_155255_492721,img_20260317_155255_492721.jpg,0.2,0.0
20260317_155255_529368,img_20260317_155255_529368.jpg,0.2,0.0
20260317_155255_593974,img_20260317_155255_593974.jpg,0.2,0.0
20260317_155255_644356,img_20260317_155255_644356.jpg,0.2,0.0
20260317_155255_685331,img_20260317_155255_685331.jpg,0.2,0.0
20260317_155255_747294,img_20260317_155255_747294.jpg,0.2,0.0
20260317_155255_799109,img_20260317_155255_799109.jpg,0.2,0.0
20260317_155255_840337,img_20260317_155255_840337.jpg,0.2,0.0
20260317_155255_902721,img_20260317_155255_902721.jpg,0.2,0.0
20260317_155255_940861,img_20260317_155255_940861.jpg,0.2,0.0
20260317_155256_003949,img_20260317_155256_003949.jpg,0.2,0.0
20260317_155256_053920,img_20260317_155256_053920.jpg,0.2,0.0
20260317_155256_103265,img_20260317_155256_103265.jpg,0.2,0.0
20260317_155256_154681,img_20260317_155256_154681.jpg,0.2,0.0
20260317_155256_205881,img_20260317_155256_205881.jpg,0.2,0.0
20260317_155256_265896,img_20260317_155256_265896.jpg,0.2,0.0
20260317_155256_308593,img_20260317_155256_308593.jpg,0.2,0.0
20260317_155256_359323,img_20260317_155256_359323.jpg,0.2,0.0
20260317_155256_409387,img_20260317_155256_409387.jpg,0.2,0.0
20260317_155256_461314,img_20260317_155256_461314.jpg,0.2,0.0
20260317_155256_512385,img_20260317_155256_512385.jpg,0.2,0.0
20260317_155256_568532,img_20260317_155256_568532.jpg,0.2,0.0
20260317_155256_618217,img_20260317_155256_618217.jpg,0.2,0.0
20260317_155256_670558,img_20260317_155256_670558.jpg,0.2,0.0
20260317_155256_724245,img_20260317_155256_724245.jpg,0.2,0.0
20260317_155256_771653,img_20260317_155256_771653.jpg,0.2,0.0
20260317_155256_812150,img_20260317_155256_812150.jpg,0.2,0.0
20260317_155256_863195,img_20260317_155256_863195.jpg,0.2,0.0
20260317_155256_927494,img_20260317_155256_927494.jpg,0.2,0.0
20260317_155256_979914,img_20260317_155256_979914.jpg,0.2,0.0
20260317_155257_017737,img_20260317_155257_017737.jpg,0.2,0.0
20260317_155257_081480,img_20260317_155257_081480.jpg,0.2,0.0
20260317_155257_131783,img_20260317_155257_131783.jpg,0.2,0.0
20260317_155257_174687,img_20260317_155257_174687.jpg,0.2,0.0
20260317_155257_236239,img_20260317_155257_236239.jpg,0.2,0.0
20260317_155257_275048,img_20260317_155257_275048.jpg,0.2,0.0
20260317_155257_325012,img_20260317_155257_325012.jpg,0.2,0.0
20260317_155257_388183,img_20260317_155257_388183.jpg,0.2,0.0
20260317_155257_431644,img_20260317_155257_431644.jpg,0.2,0.0
20260317_155257_491223,img_20260317_155257_491223.jpg,0.2,0.0
20260317_155257_533574,img_20260317_155257_533574.jpg,0.2,0.0
20260317_155257_596322,img_20260317_155257_596322.jpg,0.2,0.0
20260317_155257_646116,img_20260317_155257_646116.jpg,0.2,0.0
20260317_155257_700903,img_20260317_155257_700903.jpg,0.2,0.0
20260317_155257_750138,img_20260317_155257_750138.jpg,0.2,0.0
20260317_155257_805358,img_20260317_155257_805358.jpg,0.2,0.0
20260317_155257_854918,img_20260317_155257_854918.jpg,0.2,0.0
20260317_155257_906704,img_20260317_155257_906704.jpg,0.2,0.0
20260317_155257_957415,img_20260317_155257_957415.jpg,0.2,0.0
20260317_155258_010799,img_20260317_155258_010799.jpg,0.2,0.0
20260317_155258_061500,img_20260317_155258_061500.jpg,0.2,0.0
20260317_155258_116762,img_20260317_155258_116762.jpg,0.2,0.0
20260317_155258_155113,img_20260317_155258_155113.jpg,0.2,0.0
20260317_155258_214630,img_20260317_155258_214630.jpg,0.2,0.0
20260317_155258_268071,img_20260317_155258_268071.jpg,0.2,0.0
20260317_155258_319358,img_20260317_155258_319358.jpg,0.2,0.0
20260317_155258_368749,img_20260317_155258_368749.jpg,0.2,0.0
20260317_155258_411537,img_20260317_155258_411537.jpg,0.2,0.0
20260317_155258_470629,img_20260317_155258_470629.jpg,0.2,0.0
20260317_155258_524574,img_20260317_155258_524574.jpg,0.2,0.0
20260317_155258_577611,img_20260317_155258_577611.jpg,0.2,0.0
20260317_155258_623529,img_20260317_155258_623529.jpg,0.2,0.0
20260317_155258_678892,img_20260317_155258_678892.jpg,0.2,0.0
20260317_155258_728708,img_20260317_155258_728708.jpg,0.2,0.0
20260317_155258_782221,img_20260317_155258_782221.jpg,0.2,0.0
20260317_155258_833511,img_20260317_155258_833511.jpg,0.2,0.0
20260317_155258_886375,img_20260317_155258_886375.jpg,0.2,0.0
20260317_155258_935194,img_20260317_155258_935194.jpg,0.2,0.0
20260317_155258_989229,img_20260317_155258_989229.jpg,0.2,0.0
20260317_155259_030242,img_20260317_155259_030242.jpg,0.2,0.0
20260317_155259_089932,img_20260317_155259_089932.jpg,0.2,0.0
20260317_155259_140920,img_20260317_155259_140920.jpg,0.2,0.0
20260317_155259_192412,img_20260317_155259_192412.jpg,0.2,0.0
20260317_155259_242144,img_20260317_155259_242144.jpg,0.2,0.0
20260317_155259_297387,img_20260317_155259_297387.jpg,0.2,0.0
20260317_155259_332841,img_20260317_155259_332841.jpg,0.2,0.0
20260317_155259_397054,img_20260317_155259_397054.jpg,0.2,0.0
20260317_155259_446887,img_20260317_155259_446887.jpg,0.2,0.0
20260317_155259_501568,img_20260317_155259_501568.jpg,0.2,0.0
20260317_155259_548956,img_20260317_155259_548956.jpg,0.2,0.0
20260317_155259_602675,img_20260317_155259_602675.jpg,0.2,0.0
20260317_155259_639523,img_20260317_155259_639523.jpg,0.2,0.0
20260317_155259_691646,img_20260317_155259_691646.jpg,0.2,0.0
20260317_155259_752039,img_20260317_155259_752039.jpg,0.2,0.0
20260317_155259_804825,img_20260317_155259_804825.jpg,0.2,0.0
20260317_155259_855881,img_20260317_155259_855881.jpg,0.2,0.0
20260317_155259_909752,img_20260317_155259_909752.jpg,0.2,0.0
20260317_155259_960554,img_20260317_155259_960554.jpg,0.2,0.0
20260317_155300_012917,img_20260317_155300_012917.jpg,0.2,0.0
20260317_155300_065082,img_20260317_155300_065082.jpg,0.2,0.0
20260317_155300_116898,img_20260317_155300_116898.jpg,0.2,0.0
20260317_155300_164591,img_20260317_155300_164591.jpg,0.2,0.0
20260317_155300_219064,img_20260317_155300_219064.jpg,0.2,0.0
20260317_155300_268652,img_20260317_155300_268652.jpg,0.2,0.0
20260317_155300_323199,img_20260317_155300_323199.jpg,0.2,0.0
20260317_155300_371178,img_20260317_155300_371178.jpg,0.2,0.0
20260317_155300_424441,img_20260317_155300_424441.jpg,0.2,0.0
20260317_155300_473934,img_20260317_155300_473934.jpg,0.2,0.0
20260317_155300_527198,img_20260317_155300_527198.jpg,0.2,0.0
20260317_155300_578096,img_20260317_155300_578096.jpg,0.2,0.0
20260317_155300_631486,img_20260317_155300_631486.jpg,0.2,0.0
20260317_155300_680707,img_20260317_155300_680707.jpg,0.2,0.0
20260317_155300_736308,img_20260317_155300_736308.jpg,0.2,0.0
20260317_155300_783892,img_20260317_155300_783892.jpg,0.2,0.0
20260317_155300_836600,img_20260317_155300_836600.jpg,0.2,0.0
20260317_155300_888230,img_20260317_155300_888230.jpg,0.2,0.0
20260317_155300_928832,img_20260317_155300_928832.jpg,0.2,0.0
20260317_155300_979049,img_20260317_155300_979049.jpg,0.2,0.0
20260317_155301_040381,img_20260317_155301_040381.jpg,0.2,0.0
20260317_155301_083310,img_20260317_155301_083310.jpg,0.2,0.0
20260317_155301_143396,img_20260317_155301_143396.jpg,0.2,0.0
20260317_155301_186848,img_20260317_155301_186848.jpg,0.2,0.0
20260317_155301_249307,img_20260317_155301_249307.jpg,0.2,0.0
20260317_155301_287968,img_20260317_155301_287968.jpg,0.2,0.0
20260317_155301_340361,img_20260317_155301_340361.jpg,0.2,0.0
20260317_155301_399748,img_20260317_155301_399748.jpg,0.2,0.0
20260317_155301_452214,img_20260317_155301_452214.jpg,0.2,0.0
20260317_155301_502265,img_20260317_155301_502265.jpg,0.2,0.0
20260317_155301_559575,img_20260317_155301_559575.jpg,0.2,0.0
20260317_155301_602816,img_20260317_155301_602816.jpg,0.2,0.0
20260317_155301_658128,img_20260317_155301_658128.jpg,0.2,0.0
20260317_155301_708380,img_20260317_155301_708380.jpg,0.2,0.0
20260317_155301_760201,img_20260317_155301_760201.jpg,0.2,0.0
20260317_155301_814737,img_20260317_155301_814737.jpg,0.2,0.0
20260317_155301_865378,img_20260317_155301_865378.jpg,0.2,0.0
20260317_155301_916967,img_20260317_155301_916967.jpg,0.2,0.0
20260317_155301_968963,img_20260317_155301_968963.jpg,0.2,0.0
20260317_155302_008730,img_20260317_155302_008730.jpg,0.2,0.0
20260317_155302_071994,img_20260317_155302_071994.jpg,0.2,0.0
20260317_155302_120776,img_20260317_155302_120776.jpg,0.2,0.0
20260317_155302_175293,img_20260317_155302_175293.jpg,0.2,0.0
20260317_155302_225395,img_20260317_155302_225395.jpg,0.2,0.0
20260317_155302_279406,img_20260317_155302_279406.jpg,0.2,0.0
20260317_155302_331424,img_20260317_155302_331424.jpg,0.2,0.0
20260317_155302_380152,img_20260317_155302_380152.jpg,0.2,0.0
20260317_155302_434938,img_20260317_155302_434938.jpg,0.2,0.0
20260317_155302_485233,img_20260317_155302_485233.jpg,0.2,0.0
20260317_155302_536857,img_20260317_155302_536857.jpg,0.2,0.0
20260317_155302_586461,img_20260317_155302_586461.jpg,0.2,0.0
20260317_155302_640259,img_20260317_155302_640259.jpg,0.2,0.0
20260317_155302_689282,img_20260317_155302_689282.jpg,0.2,0.0
20260317_155302_741377,img_20260317_155302_741377.jpg,0.2,0.0
20260317_155302_793433,img_20260317_155302_793433.jpg,0.2,0.0
20260317_155302_844353,img_20260317_155302_844353.jpg,0.2,0.0
20260317_155302_893870,img_20260317_155302_893870.jpg,0.2,0.0
20260317_155302_937469,img_20260317_155302_937469.jpg,0.2,0.0
20260317_155302_995710,img_20260317_155302_995710.jpg,0.2,0.0
20260317_155303_051241,img_20260317_155303_051241.jpg,0.2,0.0
20260317_155303_100330,img_20260317_155303_100330.jpg,0.2,0.0
20260317_155303_151079,img_20260317_155303_151079.jpg,0.2,0.0
20260317_155303_202055,img_20260317_155303_202055.jpg,0.2,0.0
20260317_155303_243779,img_20260317_155303_243779.jpg,0.2,0.0
20260317_155303_306534,img_20260317_155303_306534.jpg,0.2,0.0
20260317_155303_358622,img_20260317_155303_358622.jpg,0.2,0.0
20260317_155303_414024,img_20260317_155303_414024.jpg,0.2,0.0
20260317_155303_459855,img_20260317_155303_459855.jpg,0.2,0.0
20260317_155303_502225,img_20260317_155303_502225.jpg,0.2,0.0
20260317_155303_562581,img_20260317_155303_562581.jpg,0.2,0.0
20260317_155303_616727,img_20260317_155303_616727.jpg,0.2,0.0
20260317_155303_665775,img_20260317_155303_665775.jpg,0.2,0.0
20260317_155303_707464,img_20260317_155303_707464.jpg,0.2,0.0
20260317_155303_773037,img_20260317_155303_773037.jpg,0.2,0.0
20260317_155303_821106,img_20260317_155303_821106.jpg,0.2,0.0
20260317_155303_875857,img_20260317_155303_875857.jpg,0.2,0.0
20260317_155303_911861,img_20260317_155303_911861.jpg,0.2,0.0
20260317_155303_973644,img_20260317_155303_973644.jpg,0.2,0.0
20260317_155304_023463,img_20260317_155304_023463.jpg,0.2,0.0
20260317_155304_080178,img_20260317_155304_080178.jpg,0.2,0.0
20260317_155304_131211,img_20260317_155304_131211.jpg,0.2,0.0
20260317_155304_177763,img_20260317_155304_177763.jpg,0.2,0.0
20260317_155304_229616,img_20260317_155304_229616.jpg,0.2,0.0
20260317_155304_281769,img_20260317_155304_281769.jpg,0.2,0.0
20260317_155304_322264,img_20260317_155304_322264.jpg,0.2,0.0
20260317_155304_383385,img_20260317_155304_383385.jpg,0.2,0.0
20260317_155304_434972,img_20260317_155304_434972.jpg,0.2,0.0
20260317_155304_479053,img_20260317_155304_479053.jpg,0.2,0.0
20260317_155304_543044,img_20260317_155304_543044.jpg,0.2,0.0
20260317_155304_589681,img_20260317_155304_589681.jpg,0.2,0.0
20260317_155304_640287,img_20260317_155304_640287.jpg,0.2,0.0
20260317_155304_688567,img_20260317_155304_688567.jpg,0.2,0.0
20260317_155304_731138,img_20260317_155304_731138.jpg,0.2,0.0
20260317_155304_791829,img_20260317_155304_791829.jpg,0.2,0.0
20260317_155304_834193,img_20260317_155304_834193.jpg,0.2,0.0
20260317_155304_893741,img_20260317_155304_893741.jpg,0.2,0.0
20260317_155304_935801,img_20260317_155304_935801.jpg,0.2,0.0
20260317_155304_995589,img_20260317_155304_995589.jpg,0.2,0.0
20260317_155305_046045,img_20260317_155305_046045.jpg,0.2,0.0
20260317_155305_089844,img_20260317_155305_089844.jpg,0.2,0.0
20260317_155305_148045,img_20260317_155305_148045.jpg,0.2,0.0
20260317_155305_203853,img_20260317_155305_203853.jpg,0.2,0.0
20260317_155305_256281,img_20260317_155305_256281.jpg,0.2,0.0
20260317_155305_306034,img_20260317_155305_306034.jpg,0.2,0.0
20260317_155305_355940,img_20260317_155305_355940.jpg,0.2,0.0
20260317_155305_407831,img_20260317_155305_407831.jpg,0.2,0.0
20260317_155305_459240,img_20260317_155305_459240.jpg,0.2,0.0
20260317_155305_510953,img_20260317_155305_510953.jpg,0.2,0.0
20260317_155305_559565,img_20260317_155305_559565.jpg,0.2,0.0
20260317_155305_611477,img_20260317_155305_611477.jpg,0.2,0.0
20260317_155305_661947,img_20260317_155305_661947.jpg,0.2,0.0
20260317_155305_717017,img_20260317_155305_717017.jpg,0.2,0.0
20260317_155305_757478,img_20260317_155305_757478.jpg,0.2,0.0
20260317_155305_822425,img_20260317_155305_822425.jpg,0.2,0.0
20260317_155305_867921,img_20260317_155305_867921.jpg,0.2,0.0
20260317_155305_919384,img_20260317_155305_919384.jpg,0.2,0.0
20260317_155305_969221,img_20260317_155305_969221.jpg,0.2,0.0
20260317_155306_020753,img_20260317_155306_020753.jpg,0.2,0.0
20260317_155306_077336,img_20260317_155306_077336.jpg,0.2,0.0
20260317_155306_124651,img_20260317_155306_124651.jpg,0.2,0.0
20260317_155306_174935,img_20260317_155306_174935.jpg,0.2,0.0
20260317_155306_226868,img_20260317_155306_226868.jpg,0.2,0.0
20260317_155306_277889,img_20260317_155306_277889.jpg,0.2,0.0
20260317_155306_315539,img_20260317_155306_315539.jpg,0.2,0.0
20260317_155306_377169,img_20260317_155306_377169.jpg,0.2,0.0
20260317_155306_427446,img_20260317_155306_427446.jpg,0.2,0.0
20260317_155306_483568,img_20260317_155306_483568.jpg,0.2,0.0
20260317_155306_531272,img_20260317_155306_531272.jpg,0.2,0.0
20260317_155306_582944,img_20260317_155306_582944.jpg,0.2,0.0
20260317_155306_634501,img_20260317_155306_634501.jpg,0.2,0.0
20260317_155306_688208,img_20260317_155306_688208.jpg,0.2,0.0
20260317_155306_735983,img_20260317_155306_735983.jpg,0.2,0.0
20260317_155306_780351,img_20260317_155306_780351.jpg,0.2,0.0
20260317_155306_840734,img_20260317_155306_840734.jpg,0.2,0.0
20260317_155306_891211,img_20260317_155306_891211.jpg,0.2,0.0
20260317_155306_945137,img_20260317_155306_945137.jpg,0.2,0.0
20260317_155306_995178,img_20260317_155306_995178.jpg,0.2,0.0
20260317_155307_048186,img_20260317_155307_048186.jpg,0.2,0.0
20260317_155307_098811,img_20260317_155307_098811.jpg,0.2,0.0
20260317_155307_148809,img_20260317_155307_148809.jpg,0.2,0.0
20260317_155307_202106,img_20260317_155307_202106.jpg,0.2,0.0
20260317_155307_249942,img_20260317_155307_249942.jpg,0.2,0.0
20260317_155307_305119,img_20260317_155307_305119.jpg,0.2,0.0
20260317_155307_353764,img_20260317_155307_353764.jpg,0.2,0.0
20260317_155307_405034,img_20260317_155307_405034.jpg,0.2,0.0
20260317_155307_454141,img_20260317_155307_454141.jpg,0.2,0.0
20260317_155307_509889,img_20260317_155307_509889.jpg,0.2,0.0
20260317_155307_555339,img_20260317_155307_555339.jpg,0.2,0.0
20260317_155307_607896,img_20260317_155307_607896.jpg,0.2,0.0
20260317_155307_657707,img_20260317_155307_657707.jpg,0.2,0.0
20260317_155307_713664,img_20260317_155307_713664.jpg,0.2,0.0
20260317_155307_761441,img_20260317_155307_761441.jpg,0.2,0.0
20260317_155307_816936,img_20260317_155307_816936.jpg,0.2,0.0
20260317_155307_872162,img_20260317_155307_872162.jpg,0.2,0.0
20260317_155307_906586,img_20260317_155307_906586.jpg,0.2,0.0
20260317_155307_957532,img_20260317_155307_957532.jpg,0.2,0.0
20260317_155306_711494,img_20260317_155306_711494.jpg,0.2,0.0
20260317_155306_765056,img_20260317_155306_765056.jpg,0.2,0.0
20260317_155306_804524,img_20260317_155306_804524.jpg,0.2,0.0
20260317_155306_855456,img_20260317_155306_855456.jpg,0.2,0.0
20260317_155306_913435,img_20260317_155306_913435.jpg,0.2,0.0
20260317_155306_969839,img_20260317_155306_969839.jpg,0.2,0.0
20260317_155307_016663,img_20260317_155307_016663.jpg,0.2,0.0
20260317_155307_058480,img_20260317_155307_058480.jpg,0.2,0.0
20260317_155307_107968,img_20260317_155307_107968.jpg,0.2,0.0
20260317_155307_172950,img_20260317_155307_172950.jpg,0.2,0.0
20260317_155307_214184,img_20260317_155307_214184.jpg,0.2,0.0
20260317_155307_266343,img_20260317_155307_266343.jpg,0.2,0.0
20260317_155307_328378,img_20260317_155307_328378.jpg,0.2,0.0
20260317_155307_377560,img_20260317_155307_377560.jpg,0.2,0.0
20260317_155307_428159,img_20260317_155307_428159.jpg,0.2,0.0
20260317_155307_471294,img_20260317_155307_471294.jpg,0.2,0.0
20260317_155307_524131,img_20260317_155307_524131.jpg,0.2,0.0
20260317_155307_584349,img_20260317_155307_584349.jpg,0.2,0.0
20260317_155307_626968,img_20260317_155307_626968.jpg,0.2,0.0
20260317_155307_678054,img_20260317_155307_678054.jpg,0.2,0.0
20260317_155307_741932,img_20260317_155307_741932.jpg,0.2,0.0
20260317_155307_793739,img_20260317_155307_793739.jpg,0.2,0.0
20260317_155307_843734,img_20260317_155307_843734.jpg,0.2,0.0
20260317_155307_901212,img_20260317_155307_901212.jpg,0.2,0.0
20260317_155307_950524,img_20260317_155307_950524.jpg,0.2,0.0
20260317_155308_005729,img_20260317_155308_005729.jpg,0.2,0.0
20260317_155308_052011,img_20260317_155308_052011.jpg,0.2,0.0
20260317_155308_095223,img_20260317_155308_095223.jpg,0.2,0.0
20260317_155308_153497,img_20260317_155308_153497.jpg,0.2,0.0
20260317_155308_209353,img_20260317_155308_209353.jpg,0.2,0.0
20260317_155308_259206,img_20260317_155308_259206.jpg,0.2,0.0
20260317_155308_309336,img_20260317_155308_309336.jpg,0.2,0.0
20260317_155308_359701,img_20260317_155308_359701.jpg,0.2,0.0
20260317_155308_413031,img_20260317_155308_413031.jpg,0.2,0.0
20260317_155308_456212,img_20260317_155308_456212.jpg,0.2,0.0
20260317_155308_516210,img_20260317_155308_516210.jpg,0.2,0.0
20260317_155308_568971,img_20260317_155308_568971.jpg,0.2,0.0
20260317_155308_612831,img_20260317_155308_612831.jpg,0.2,0.0
20260317_155308_659644,img_20260317_155308_659644.jpg,0.2,0.0
20260317_155308_722092,img_20260317_155308_722092.jpg,0.2,0.0
20260317_155308_774145,img_20260317_155308_774145.jpg,0.2,0.0
20260317_155308_822566,img_20260317_155308_822566.jpg,0.2,0.0
20260317_155308_874847,img_20260317_155308_874847.jpg,0.2,0.0
20260317_155308_918951,img_20260317_155308_918951.jpg,0.2,0.0
20260317_155308_977332,img_20260317_155308_977332.jpg,0.2,0.0
20260317_155309_030898,img_20260317_155309_030898.jpg,0.2,0.0
20260317_155309_077395,img_20260317_155309_077395.jpg,0.2,0.0
20260317_155309_132966,img_20260317_155309_132966.jpg,0.2,0.0
20260317_155309_185575,img_20260317_155309_185575.jpg,0.2,0.0
20260317_155309_238502,img_20260317_155309_238502.jpg,0.2,0.0
20260317_155309_278152,img_20260317_155309_278152.jpg,0.2,0.0
20260317_155309_341990,img_20260317_155309_341990.jpg,0.2,0.0
20260317_155309_391590,img_20260317_155309_391590.jpg,0.2,0.0
20260317_155309_447448,img_20260317_155309_447448.jpg,0.2,0.0
20260317_155309_492780,img_20260317_155309_492780.jpg,0.2,0.0
20260317_155309_537844,img_20260317_155309_537844.jpg,0.2,0.0
20260317_155309_596050,img_20260317_155309_596050.jpg,0.2,0.0
20260317_155309_650371,img_20260317_155309_650371.jpg,0.2,0.0
20260317_155309_710468,img_20260317_155309_710468.jpg,0.2,0.0
20260317_155309_741001,img_20260317_155309_741001.jpg,0.2,0.0
20260317_155309_790916,img_20260317_155309_790916.jpg,0.2,0.0
20260317_155309_854886,img_20260317_155309_854886.jpg,0.2,0.0
20260317_155309_907296,img_20260317_155309_907296.jpg,0.2,0.0
20260317_155309_949582,img_20260317_155309_949582.jpg,0.2,0.0
20260317_155310_006692,img_20260317_155310_006692.jpg,0.2,0.0
20260317_155310_049996,img_20260317_155310_049996.jpg,0.2,0.0
20260317_155310_102265,img_20260317_155310_102265.jpg,0.2,0.0
20260317_155310_151848,img_20260317_155310_151848.jpg,0.2,0.0
20260317_155310_204819,img_20260317_155310_204819.jpg,0.2,0.0
20260317_155310_262101,img_20260317_155310_262101.jpg,0.2,0.0
20260317_155310_318464,img_20260317_155310_318464.jpg,0.2,0.0
20260317_155310_356108,img_20260317_155310_356108.jpg,0.2,0.0
20260317_155310_416634,img_20260317_155310_416634.jpg,0.2,0.0
20260317_155310_470135,img_20260317_155310_470135.jpg,0.2,0.0
20260317_155310_510972,img_20260317_155310_510972.jpg,0.2,0.0
20260317_155310_573115,img_20260317_155310_573115.jpg,0.2,0.0
20260317_155310_613274,img_20260317_155310_613274.jpg,0.2,0.0
20260317_155310_676555,img_20260317_155310_676555.jpg,0.2,0.0
20260317_155310_715873,img_20260317_155310_715873.jpg,0.2,0.0
20260317_155310_776561,img_20260317_155310_776561.jpg,0.2,0.0
20260317_155310_816808,img_20260317_155310_816808.jpg,0.2,0.0
20260317_155310_879511,img_20260317_155310_879511.jpg,0.2,0.0
20260317_155310_930276,img_20260317_155310_930276.jpg,0.2,0.0
20260317_155310_975165,img_20260317_155310_975165.jpg,0.2,0.0
20260317_155311_029023,img_20260317_155311_029023.jpg,0.2,0.0
20260317_155311_086361,img_20260317_155311_086361.jpg,0.2,0.0
20260317_155311_125250,img_20260317_155311_125250.jpg,0.2,0.0
20260317_155311_185930,img_20260317_155311_185930.jpg,0.2,0.0
20260317_155311_243536,img_20260317_155311_243536.jpg,0.2,0.0
20260317_155311_293173,img_20260317_155311_293173.jpg,0.2,0.0
20260317_155311_331012,img_20260317_155311_331012.jpg,0.2,0.0
20260317_155311_395533,img_20260317_155311_395533.jpg,0.2,0.0
20260317_155311_446848,img_20260317_155311_446848.jpg,0.2,0.0
20260317_155311_500748,img_20260317_155311_500748.jpg,0.2,0.0
20260317_155311_546863,img_20260317_155311_546863.jpg,0.2,0.0
20260317_155311_599872,img_20260317_155311_599872.jpg,0.2,0.0
20260317_155311_650482,img_20260317_155311_650482.jpg,0.2,0.0
20260317_155311_704285,img_20260317_155311_704285.jpg,0.2,0.0
20260317_155311_738993,img_20260317_155311_738993.jpg,0.2,0.0
20260317_155311_809633,img_20260317_155311_809633.jpg,0.2,0.0
20260317_155311_856360,img_20260317_155311_856360.jpg,0.2,0.0
20260317_155311_907242,img_20260317_155311_907242.jpg,0.2,0.0
20260317_155311_957871,img_20260317_155311_957871.jpg,0.2,0.0
20260317_155312_011285,img_20260317_155312_011285.jpg,0.2,0.0
20260317_155312_054134,img_20260317_155312_054134.jpg,0.2,0.0
20260317_155312_112823,img_20260317_155312_112823.jpg,0.2,0.0
20260317_155312_162862,img_20260317_155312_162862.jpg,0.2,0.0
20260317_155312_216297,img_20260317_155312_216297.jpg,0.2,0.0
20260317_155312_268464,img_20260317_155312_268464.jpg,0.2,0.0
20260317_155312_322037,img_20260317_155312_322037.jpg,0.2,0.0
20260317_155312_374011,img_20260317_155312_374011.jpg,0.2,0.0
20260317_155312_424124,img_20260317_155312_424124.jpg,0.2,0.0
20260317_155312_471768,img_20260317_155312_471768.jpg,0.2,0.0
20260317_155312_526063,img_20260317_155312_526063.jpg,0.2,0.0
20260317_155312_567044,img_20260317_155312_567044.jpg,0.2,0.0
20260317_155312_629038,img_20260317_155312_629038.jpg,0.2,0.0
20260317_155312_683657,img_20260317_155312_683657.jpg,0.2,0.0
20260317_155312_734753,img_20260317_155312_734753.jpg,0.2,0.0
20260317_155312_769088,img_20260317_155312_769088.jpg,0.2,0.0
20260317_155312_827874,img_20260317_155312_827874.jpg,0.2,0.0
20260317_155312_885271,img_20260317_155312_885271.jpg,0.2,0.0
20260317_155312_941962,img_20260317_155312_941962.jpg,0.2,0.0
20260317_155312_990193,img_20260317_155312_990193.jpg,0.2,0.0
20260317_155313_044298,img_20260317_155313_044298.jpg,0.2,0.0
20260317_155313_085408,img_20260317_155313_085408.jpg,0.2,0.0
20260317_155313_146886,img_20260317_155313_146886.jpg,0.2,0.0
20260317_155313_198192,img_20260317_155313_198192.jpg,0.2,0.0
20260317_155313_250288,img_20260317_155313_250288.jpg,0.2,0.0
20260317_155313_288744,img_20260317_155313_288744.jpg,0.2,0.0
20260317_155313_354287,img_20260317_155313_354287.jpg,0.2,0.0
20260317_155313_402862,img_20260317_155313_402862.jpg,0.2,0.0
20260317_155313_453708,img_20260317_155313_453708.jpg,0.2,0.0
20260317_155313_505426,img_20260317_155313_505426.jpg,0.2,0.0
20260317_155313_556396,img_20260317_155313_556396.jpg,0.2,0.0
20260317_155313_608653,img_20260317_155313_608653.jpg,0.2,0.0
20260317_155313_662461,img_20260317_155313_662461.jpg,0.2,0.0
20260317_155313_713522,img_20260317_155313_713522.jpg,0.2,0.0
20260317_155313_753986,img_20260317_155313_753986.jpg,0.2,0.0
20260317_155313_801310,img_20260317_155313_801310.jpg,0.2,0.0
20260317_155313_864989,img_20260317_155313_864989.jpg,0.2,0.0
20260317_155313_920079,img_20260317_155313_920079.jpg,0.2,0.0
20260317_155313_969742,img_20260317_155313_969742.jpg,0.2,0.0
20260317_155314_018233,img_20260317_155314_018233.jpg,0.2,0.0
20260317_155314_069773,img_20260317_155314_069773.jpg,0.2,0.0
20260317_155314_119079,img_20260317_155314_119079.jpg,0.2,0.0
20260317_155314_175460,img_20260317_155314_175460.jpg,0.2,0.0
20260317_155314_225202,img_20260317_155314_225202.jpg,0.2,0.0
20260317_155314_275968,img_20260317_155314_275968.jpg,0.2,0.0
20260317_155314_325261,img_20260317_155314_325261.jpg,0.2,0.0
20260317_155314_376445,img_20260317_155314_376445.jpg,0.2,0.0
20260317_155314_427830,img_20260317_155314_427830.jpg,0.2,0.0
20260317_155314_470509,img_20260317_155314_470509.jpg,0.2,0.0
20260317_155314_528736,img_20260317_155314_528736.jpg,0.2,0.0
20260317_155314_571919,img_20260317_155314_571919.jpg,0.2,0.0
20260317_155314_636889,img_20260317_155314_636889.jpg,0.2,0.0
20260317_155314_687857,img_20260317_155314_687857.jpg,0.2,0.0
20260317_155314_738838,img_20260317_155314_738838.jpg,0.2,0.0
20260317_155314_787309,img_20260317_155314_787309.jpg,0.2,0.0
20260317_155314_834351,img_20260317_155314_834351.jpg,0.2,0.0
20260317_155314_880386,img_20260317_155314_880386.jpg,0.2,0.0
20260317_155314_932508,img_20260317_155314_932508.jpg,0.2,0.0
20260317_155314_992108,img_20260317_155314_992108.jpg,0.2,0.0
20260317_155315_046947,img_20260317_155315_046947.jpg,0.2,0.0
20260317_155315_099602,img_20260317_155315_099602.jpg,0.2,0.0
20260317_155315_140229,img_20260317_155315_140229.jpg,0.2,0.0
20260317_155315_201599,img_20260317_155315_201599.jpg,0.2,0.0
20260317_155315_256444,img_20260317_155315_256444.jpg,0.2,0.0
20260317_155315_306117,img_20260317_155315_306117.jpg,0.2,0.0
20260317_155315_347726,img_20260317_155315_347726.jpg,0.2,0.0
20260317_155315_407235,img_20260317_155315_407235.jpg,0.2,0.0
20260317_155315_462162,img_20260317_155315_462162.jpg,0.2,0.0
20260317_155315_517521,img_20260317_155315_517521.jpg,0.2,0.0
20260317_155315_563200,img_20260317_155315_563200.jpg,0.2,0.0
20260317_155315_606460,img_20260317_155315_606460.jpg,0.2,0.0
20260317_155315_674732,img_20260317_155315_674732.jpg,0.2,0.0
20260317_155315_722320,img_20260317_155315_722320.jpg,0.2,0.0
20260317_155315_774669,img_20260317_155315_774669.jpg,0.2,0.0
20260317_155315_822439,img_20260317_155315_822439.jpg,0.2,0.0
20260317_155315_878115,img_20260317_155315_878115.jpg,0.2,0.0
20260317_155315_925367,img_20260317_155315_925367.jpg,0.2,0.0
20260317_155315_980239,img_20260317_155315_980239.jpg,0.2,0.0
20260317_155316_031086,img_20260317_155316_031086.jpg,0.2,0.0
20260317_155316_087615,img_20260317_155316_087615.jpg,0.2,0.0
20260317_155316_123477,img_20260317_155316_123477.jpg,0.2,0.0
20260317_155316_188113,img_20260317_155316_188113.jpg,0.2,0.0
20260317_155316_226881,img_20260317_155316_226881.jpg,0.2,0.0
20260317_155316_290606,img_20260317_155316_290606.jpg,0.2,0.0
20260317_155316_339854,img_20260317_155316_339854.jpg,0.2,0.0
20260317_155316_390607,img_20260317_155316_390607.jpg,0.2,0.0
20260317_155316_439233,img_20260317_155316_439233.jpg,0.2,0.0
20260317_155316_494298,img_20260317_155316_494298.jpg,0.2,0.0
20260317_155316_542720,img_20260317_155316_542720.jpg,0.2,0.0
20260317_155316_593623,img_20260317_155316_593623.jpg,0.2,0.0
20260317_155316_647191,img_20260317_155316_647191.jpg,0.2,0.0
20260317_155316_701381,img_20260317_155316_701381.jpg,0.2,0.0
20260317_155316_749513,img_20260317_155316_749513.jpg,0.2,0.0
20260317_155316_793279,img_20260317_155316_793279.jpg,0.2,0.0
20260317_155316_839285,img_20260317_155316_839285.jpg,0.2,0.0
20260317_155316_896195,img_20260317_155316_896195.jpg,0.2,0.0
20260317_155316_957921,img_20260317_155316_957921.jpg,0.2,0.0
20260317_155317_005473,img_20260317_155317_005473.jpg,0.2,0.0
20260317_155317_056663,img_20260317_155317_056663.jpg,0.2,0.0
20260317_155317_096363,img_20260317_155317_096363.jpg,0.2,0.0
20260317_155317_158494,img_20260317_155317_158494.jpg,0.2,0.0
20260317_155317_210510,img_20260317_155317_210510.jpg,0.2,0.0
20260317_155317_260758,img_20260317_155317_260758.jpg,0.2,0.0
20260317_155317_311223,img_20260317_155317_311223.jpg,0.2,0.0
20260317_155317_361220,img_20260317_155317_361220.jpg,0.2,0.0
20260317_155317_402744,img_20260317_155317_402744.jpg,0.2,0.0
20260317_155317_465424,img_20260317_155317_465424.jpg,0.2,0.0
20260317_155317_504848,img_20260317_155317_504848.jpg,0.2,0.0
20260317_155317_556472,img_20260317_155317_556472.jpg,0.2,0.0
20260317_155317_621162,img_20260317_155317_621162.jpg,0.2,0.0
20260317_155317_671040,img_20260317_155317_671040.jpg,0.2,0.0
20260317_155317_723292,img_20260317_155317_723292.jpg,0.2,0.0
20260317_155317_773944,img_20260317_155317_773944.jpg,0.2,0.0
20260317_155317_812827,img_20260317_155317_812827.jpg,0.2,0.0
20260317_155317_875138,img_20260317_155317_875138.jpg,0.2,0.0
20260317_155317_928831,img_20260317_155317_928831.jpg,0.2,0.0
20260317_155317_984500,img_20260317_155317_984500.jpg,0.2,0.0
20260317_155318_031260,img_20260317_155318_031260.jpg,0.2,0.0
20260317_155318_084081,img_20260317_155318_084081.jpg,0.2,0.0
20260317_155318_134550,img_20260317_155318_134550.jpg,0.2,0.0
20260317_155318_188461,img_20260317_155318_188461.jpg,0.2,0.0
20260317_155318_227434,img_20260317_155318_227434.jpg,0.2,0.0
20260317_155318_291704,img_20260317_155318_291704.jpg,0.2,0.0
20260317_155318_348145,img_20260317_155318_348145.jpg,0.2,0.0
20260317_155318_390850,img_20260317_155318_390850.jpg,0.2,0.0
20260317_155318_430464,img_20260317_155318_430464.jpg,0.2,0.0
20260317_155318_492680,img_20260317_155318_492680.jpg,0.2,0.0
20260317_155318_535946,img_20260317_155318_535946.jpg,0.2,0.0
20260317_155318_598730,img_20260317_155318_598730.jpg,0.2,0.0
20260317_155318_646658,img_20260317_155318_646658.jpg,0.2,0.0
20260317_155318_699491,img_20260317_155318_699491.jpg,0.2,0.0
20260317_155318_752356,img_20260317_155318_752356.jpg,0.2,0.0
20260317_155318_806959,img_20260317_155318_806959.jpg,0.2,0.0
20260317_155318_845161,img_20260317_155318_845161.jpg,0.2,0.0
20260317_155318_907973,img_20260317_155318_907973.jpg,0.2,0.0
20260317_155318_955857,img_20260317_155318_955857.jpg,0.2,0.0
20260317_155319_012907,img_20260317_155319_012907.jpg,0.2,0.0
20260317_155319_063884,img_20260317_155319_063884.jpg,0.2,0.0
20260317_155319_102962,img_20260317_155319_102962.jpg,0.2,0.0
20260317_155319_152543,img_20260317_155319_152543.jpg,0.2,0.0
20260317_155319_203466,img_20260317_155319_203466.jpg,0.2,0.0
20260317_155319_266084,img_20260317_155319_266084.jpg,0.2,0.0
20260317_155319_319174,img_20260317_155319_319174.jpg,0.2,0.0
20260317_155319_372019,img_20260317_155319_372019.jpg,0.2,0.0
20260317_155319_410224,img_20260317_155319_410224.jpg,0.2,0.0
20260317_155319_471009,img_20260317_155319_471009.jpg,0.2,0.0
20260317_155319_522758,img_20260317_155319_522758.jpg,0.2,0.0
20260317_155319_567155,img_20260317_155319_567155.jpg,0.2,0.0
20260317_155319_611283,img_20260317_155319_611283.jpg,0.2,0.0
20260317_155319_676042,img_20260317_155319_676042.jpg,0.2,0.0
20260317_155319_727215,img_20260317_155319_727215.jpg,0.2,0.0
20260317_155319_779736,img_20260317_155319_779736.jpg,0.2,0.0
20260317_155319_829769,img_20260317_155319_829769.jpg,0.2,0.0
20260317_155319_879435,img_20260317_155319_879435.jpg,0.2,0.0
20260317_155319_933501,img_20260317_155319_933501.jpg,0.2,0.0
20260317_155319_986847,img_20260317_155319_986847.jpg,0.2,0.0
20260317_155320_033809,img_20260317_155320_033809.jpg,0.2,0.0
20260317_155320_091326,img_20260317_155320_091326.jpg,0.2,0.0
20260317_155320_151025,img_20260317_155320_151025.jpg,0.2,0.0
20260317_155320_193322,img_20260317_155320_193322.jpg,0.2,0.0
20260317_155320_246879,img_20260317_155320_246879.jpg,0.2,0.0
20260317_155320_297800,img_20260317_155320_297800.jpg,0.2,0.0
20260317_155320_348684,img_20260317_155320_348684.jpg,0.2,0.0
20260317_155320_398497,img_20260317_155320_398497.jpg,0.2,0.0
20260317_155320_453039,img_20260317_155320_453039.jpg,0.2,0.0
20260317_155320_504378,img_20260317_155320_504378.jpg,0.2,0.0
20260317_155320_559195,img_20260317_155320_559195.jpg,0.2,0.0
20260317_155320_612038,img_20260317_155320_612038.jpg,0.2,0.0
20260317_155320_663036,img_20260317_155320_663036.jpg,0.2,0.0
20260317_155320_713956,img_20260317_155320_713956.jpg,0.2,0.0
20260317_155320_763850,img_20260317_155320_763850.jpg,0.2,0.0
20260317_155320_816815,img_20260317_155320_816815.jpg,0.2,0.0
20260317_155320_867307,img_20260317_155320_867307.jpg,0.2,0.0
20260317_155320_923218,img_20260317_155320_923218.jpg,0.2,0.0
20260317_155320_959046,img_20260317_155320_959046.jpg,0.2,0.0
20260317_155321_014147,img_20260317_155321_014147.jpg,0.2,0.0
20260317_155321_061081,img_20260317_155321_061081.jpg,0.2,0.0
20260317_155321_127402,img_20260317_155321_127402.jpg,0.2,0.0
20260317_155321_177051,img_20260317_155321_177051.jpg,0.2,0.0
20260317_155321_223458,img_20260317_155321_223458.jpg,0.2,0.0
20260317_155321_273921,img_20260317_155321_273921.jpg,0.2,0.0
20260317_155321_333733,img_20260317_155321_333733.jpg,0.2,0.0
20260317_155321_383211,img_20260317_155321_383211.jpg,0.2,0.0
20260317_155321_434021,img_20260317_155321_434021.jpg,0.2,0.0
20260317_155321_487569,img_20260317_155321_487569.jpg,0.2,0.0
20260317_155321_541063,img_20260317_155321_541063.jpg,0.2,0.0
20260317_155321_591832,img_20260317_155321_591832.jpg,0.2,0.0
20260317_155321_645421,img_20260317_155321_645421.jpg,0.2,0.0
20260317_155321_698222,img_20260317_155321_698222.jpg,0.2,0.0
20260317_155321_752006,img_20260317_155321_752006.jpg,0.2,0.0
20260317_155321_803495,img_20260317_155321_803495.jpg,0.2,0.0
20260317_155321_857112,img_20260317_155321_857112.jpg,0.2,0.0
20260317_155321_893707,img_20260317_155321_893707.jpg,0.2,0.0
20260317_155321_942060,img_20260317_155321_942060.jpg,0.2,0.0
20260317_155322_007039,img_20260317_155322_007039.jpg,0.2,0.0
20260317_155322_059878,img_20260317_155322_059878.jpg,0.2,0.0
20260317_155322_115145,img_20260317_155322_115145.jpg,0.2,0.0
20260317_155322_151237,img_20260317_155322_151237.jpg,0.2,0.0
20260317_155322_217987,img_20260317_155322_217987.jpg,0.2,0.0
20260317_155322_263236,img_20260317_155322_263236.jpg,0.2,0.0
20260317_155322_322423,img_20260317_155322_322423.jpg,0.2,0.0
20260317_155322_372593,img_20260317_155322_372593.jpg,0.2,0.0
20260317_155322_417655,img_20260317_155322_417655.jpg,0.2,0.0
20260317_155322_475227,img_20260317_155322_475227.jpg,0.2,0.0
20260317_155322_529063,img_20260317_155322_529063.jpg,0.2,0.0
20260317_155322_580996,img_20260317_155322_580996.jpg,0.2,0.0
20260317_155322_632391,img_20260317_155322_632391.jpg,0.2,0.0
20260317_155322_682904,img_20260317_155322_682904.jpg,0.2,0.0
20260317_155322_723345,img_20260317_155322_723345.jpg,0.2,0.0
20260317_155322_786195,img_20260317_155322_786195.jpg,0.2,0.0
20260317_155322_824892,img_20260317_155322_824892.jpg,0.2,0.0
20260317_155322_895853,img_20260317_155322_895853.jpg,0.2,0.0
20260317_155322_945090,img_20260317_155322_945090.jpg,0.2,0.0
20260317_155322_988286,img_20260317_155322_988286.jpg,0.2,0.0
20260317_155323_033373,img_20260317_155323_033373.jpg,0.2,0.0
20260317_155323_097768,img_20260317_155323_097768.jpg,0.2,0.0
20260317_155323_147369,img_20260317_155323_147369.jpg,0.2,0.0
20260317_155323_189173,img_20260317_155323_189173.jpg,0.2,0.0
20260317_155323_248919,img_20260317_155323_248919.jpg,0.2,0.0
20260317_155323_305507,img_20260317_155323_305507.jpg,0.2,0.0
20260317_155323_357722,img_20260317_155323_357722.jpg,0.2,0.0
20260317_155323_407261,img_20260317_155323_407261.jpg,0.2,0.0
20260317_155323_459211,img_20260317_155323_459211.jpg,0.2,0.0
20260317_155323_502000,img_20260317_155323_502000.jpg,0.2,0.0
20260317_155323_568931,img_20260317_155323_568931.jpg,0.2,0.0
20260317_155323_603131,img_20260317_155323_603131.jpg,0.2,0.0
20260317_155323_669671,img_20260317_155323_669671.jpg,0.2,0.0
20260317_155323_723836,img_20260317_155323_723836.jpg,0.2,0.0
20260317_155323_781278,img_20260317_155323_781278.jpg,0.2,0.0
20260317_155323_826932,img_20260317_155323_826932.jpg,0.2,0.0
20260317_155323_872887,img_20260317_155323_872887.jpg,0.2,0.0
20260317_155323_927943,img_20260317_155323_927943.jpg,0.2,0.0
20260317_155323_968640,img_20260317_155323_968640.jpg,0.2,0.0
20260317_155324_017091,img_20260317_155324_017091.jpg,0.2,0.0
20260317_155324_073329,img_20260317_155324_073329.jpg,0.2,0.0
20260317_155324_132275,img_20260317_155324_132275.jpg,0.2,0.0
20260317_155324_185660,img_20260317_155324_185660.jpg,0.2,0.0
20260317_155324_235326,img_20260317_155324_235326.jpg,0.2,0.0
20260317_155324_291467,img_20260317_155324_291467.jpg,0.2,0.0
20260317_155324_339924,img_20260317_155324_339924.jpg,0.2,0.0
20260317_155324_392099,img_20260317_155324_392099.jpg,0.2,0.0
20260317_155324_444664,img_20260317_155324_444664.jpg,0.2,0.0
20260317_155324_499179,img_20260317_155324_499179.jpg,0.2,0.0
20260317_155324_552492,img_20260317_155324_552492.jpg,0.2,0.0
20260317_155324_595201,img_20260317_155324_595201.jpg,0.2,0.0
20260317_155324_650623,img_20260317_155324_650623.jpg,0.2,0.0
20260317_155324_704943,img_20260317_155324_704943.jpg,0.2,0.0
20260317_155324_755184,img_20260317_155324_755184.jpg,0.2,0.0
20260317_155324_804898,img_20260317_155324_804898.jpg,0.2,0.0
20260317_155324_857331,img_20260317_155324_857331.jpg,0.2,0.0
20260317_155324_899972,img_20260317_155324_899972.jpg,0.2,0.0
20260317_155324_964562,img_20260317_155324_964562.jpg,0.2,0.0
20260317_155325_011026,img_20260317_155325_011026.jpg,0.2,0.0
20260317_155325_065165,img_20260317_155325_065165.jpg,0.2,0.0
20260317_155325_114305,img_20260317_155325_114305.jpg,0.2,0.0
20260317_155325_166424,img_20260317_155325_166424.jpg,0.2,0.0
20260317_155325_205812,img_20260317_155325_205812.jpg,0.2,0.0
20260317_155325_271457,img_20260317_155325_271457.jpg,0.2,0.0
20260317_155325_323357,img_20260317_155325_323357.jpg,0.2,0.0
20260317_155325_376823,img_20260317_155325_376823.jpg,0.2,0.0
20260317_155325_424873,img_20260317_155325_424873.jpg,0.2,0.0
20260317_155325_475171,img_20260317_155325_475171.jpg,0.2,0.0
20260317_155325_528110,img_20260317_155325_528110.jpg,0.2,0.0
20260317_155325_569721,img_20260317_155325_569721.jpg,0.2,0.0
20260317_155325_629028,img_20260317_155325_629028.jpg,0.2,0.0
20260317_155325_681182,img_20260317_155325_681182.jpg,0.2,0.0
20260317_155325_732516,img_20260317_155325_732516.jpg,0.2,0.0
20260317_155325_782719,img_20260317_155325_782719.jpg,0.2,0.0
20260317_155325_823992,img_20260317_155325_823992.jpg,0.2,0.0
20260317_155325_876440,img_20260317_155325_876440.jpg,0.2,0.0
20260317_155325_937774,img_20260317_155325_937774.jpg,0.2,0.0
20260317_155325_997074,img_20260317_155325_997074.jpg,0.2,0.0
20260317_155326_031566,img_20260317_155326_031566.jpg,0.2,0.0
20260317_155326_095121,img_20260317_155326_095121.jpg,0.2,0.0
20260317_155326_133057,img_20260317_155326_133057.jpg,0.2,0.0
20260317_155326_197955,img_20260317_155326_197955.jpg,0.2,0.0
20260317_155326_249563,img_20260317_155326_249563.jpg,0.2,0.0
20260317_155326_300847,img_20260317_155326_300847.jpg,0.2,0.0
20260317_155326_348097,img_20260317_155326_348097.jpg,0.2,0.0
20260317_155326_403452,img_20260317_155326_403452.jpg,0.2,0.0
20260317_155326_454107,img_20260317_155326_454107.jpg,0.2,0.0
20260317_155326_505587,img_20260317_155326_505587.jpg,0.2,0.0
20260317_155326_555972,img_20260317_155326_555972.jpg,0.2,0.0
20260317_155326_598117,img_20260317_155326_598117.jpg,0.2,0.0
20260317_155326_657736,img_20260317_155326_657736.jpg,0.2,0.0
20260317_155326_702606,img_20260317_155326_702606.jpg,0.2,0.0
20260317_155326_763188,img_20260317_155326_763188.jpg,0.2,0.0
20260317_155326_814637,img_20260317_155326_814637.jpg,0.2,0.0
20260317_155326_866077,img_20260317_155326_866077.jpg,0.2,0.0
20260317_155326_914702,img_20260317_155326_914702.jpg,0.2,0.0
20260317_155326_958643,img_20260317_155326_958643.jpg,0.2,0.0
20260317_155327_018900,img_20260317_155327_018900.jpg,0.2,0.0
20260317_155327_075920,img_20260317_155327_075920.jpg,0.2,0.0
20260317_155327_128909,img_20260317_155327_128909.jpg,0.2,0.0
20260317_155327_161146,img_20260317_155327_161146.jpg,0.2,0.0
20260317_155327_227117,img_20260317_155327_227117.jpg,0.2,0.0
20260317_155327_276505,img_20260317_155327_276505.jpg,0.2,0.0
20260317_155327_331064,img_20260317_155327_331064.jpg,0.2,0.0
20260317_155327_377723,img_20260317_155327_377723.jpg,0.2,0.0
20260317_155327_420578,img_20260317_155327_420578.jpg,0.2,0.0
20260317_155327_469132,img_20260317_155327_469132.jpg,0.2,0.0
20260317_155327_530452,img_20260317_155327_530452.jpg,0.2,0.0
20260317_155327_572416,img_20260317_155327_572416.jpg,0.2,0.0
20260317_155327_623940,img_20260317_155327_623940.jpg,0.2,0.0
20260317_155327_686770,img_20260317_155327_686770.jpg,0.2,0.0
20260317_155327_739985,img_20260317_155327_739985.jpg,0.2,0.0
20260317_155327_792156,img_20260317_155327_792156.jpg,0.2,0.0
20260317_155327_843568,img_20260317_155327_843568.jpg,0.2,0.0
20260317_155327_894764,img_20260317_155327_894764.jpg,0.2,0.0
20260317_155327_947276,img_20260317_155327_947276.jpg,0.2,0.0
20260317_155327_996381,img_20260317_155327_996381.jpg,0.2,0.0
20260317_155328_049475,img_20260317_155328_049475.jpg,0.2,0.0
20260317_155328_100280,img_20260317_155328_100280.jpg,0.2,0.0
20260317_155328_141168,img_20260317_155328_141168.jpg,0.2,0.0
20260317_155328_201061,img_20260317_155328_201061.jpg,0.2,0.0
20260317_155328_242694,img_20260317_155328_242694.jpg,0.2,0.0
20260317_155328_309200,img_20260317_155328_309200.jpg,0.2,0.0
20260317_155328_346296,img_20260317_155328_346296.jpg,0.2,0.0
20260317_155328_399291,img_20260317_155328_399291.jpg,0.2,0.0
20260317_155328_458407,img_20260317_155328_458407.jpg,0.2,0.0
20260317_155328_520869,img_20260317_155328_520869.jpg,0.2,0.0
20260317_155328_556514,img_20260317_155328_556514.jpg,0.2,0.0
20260317_155328_605251,img_20260317_155328_605251.jpg,0.2,0.0
20260317_155328_666575,img_20260317_155328_666575.jpg,0.2,0.0
20260317_155328_719500,img_20260317_155328_719500.jpg,0.2,0.0
20260317_155328_772803,img_20260317_155328_772803.jpg,0.2,0.0
20260317_155328_820362,img_20260317_155328_820362.jpg,0.2,0.0
20260317_155328_874749,img_20260317_155328_874749.jpg,0.2,0.0
20260317_155328_923767,img_20260317_155328_923767.jpg,0.2,0.0
20260317_155328_974165,img_20260317_155328_974165.jpg,0.2,0.0
20260317_155329_026205,img_20260317_155329_026205.jpg,0.2,0.0
20260317_155329_077600,img_20260317_155329_077600.jpg,0.2,0.0
20260317_155329_127839,img_20260317_155329_127839.jpg,0.2,0.0
20260317_155329_170336,img_20260317_155329_170336.jpg,0.2,0.0
20260317_155329_231783,img_20260317_155329_231783.jpg,0.2,0.0
20260317_155329_280483,img_20260317_155329_280483.jpg,0.2,0.0
20260317_155329_337001,img_20260317_155329_337001.jpg,0.2,0.0
20260317_155329_375080,img_20260317_155329_375080.jpg,0.2,0.0
20260317_155329_437901,img_20260317_155329_437901.jpg,0.2,0.0
20260317_155329_489250,img_20260317_155329_489250.jpg,0.2,0.0
20260317_155329_531693,img_20260317_155329_531693.jpg,0.2,0.0
20260317_155329_588502,img_20260317_155329_588502.jpg,0.2,0.0
20260317_155329_641720,img_20260317_155329_641720.jpg,0.2,0.0
20260317_155329_682957,img_20260317_155329_682957.jpg,0.2,0.0
20260317_155329_743882,img_20260317_155329_743882.jpg,0.2,0.0
20260317_155329_793493,img_20260317_155329_793493.jpg,0.2,0.0
20260317_155329_851572,img_20260317_155329_851572.jpg,0.2,0.0
20260317_155329_899806,img_20260317_155329_899806.jpg,0.2,0.0
20260317_155329_954794,img_20260317_155329_954794.jpg,0.2,0.0
20260317_155330_003580,img_20260317_155330_003580.jpg,0.2,0.0
20260317_155330_057443,img_20260317_155330_057443.jpg,0.2,0.0
20260317_155330_106518,img_20260317_155330_106518.jpg,0.2,0.0
20260317_155330_158318,img_20260317_155330_158318.jpg,0.2,0.0
20260317_155330_209395,img_20260317_155330_209395.jpg,0.2,0.0
20260317_155330_263481,img_20260317_155330_263481.jpg,0.2,0.0
20260317_155330_304398,img_20260317_155330_304398.jpg,0.2,0.0
20260317_155330_364870,img_20260317_155330_364870.jpg,0.2,0.0
20260317_155330_415057,img_20260317_155330_415057.jpg,0.2,0.0
20260317_155330_467473,img_20260317_155330_467473.jpg,0.2,0.0
20260317_155330_516760,img_20260317_155330_516760.jpg,0.2,0.0
20260317_155330_570414,img_20260317_155330_570414.jpg,0.2,0.0
20260317_155330_622101,img_20260317_155330_622101.jpg,0.2,0.0
20260317_155330_672679,img_20260317_155330_672679.jpg,0.2,0.0
20260317_155330_723736,img_20260317_155330_723736.jpg,0.2,0.0
20260317_155330_776980,img_20260317_155330_776980.jpg,0.2,0.0
20260317_155330_834208,img_20260317_155330_834208.jpg,0.2,0.0
20260317_155330_875123,img_20260317_155330_875123.jpg,0.2,0.0
20260317_155330_914061,img_20260317_155330_914061.jpg,0.2,0.0
20260317_155330_980880,img_20260317_155330_980880.jpg,0.2,0.0
20260317_155331_019033,img_20260317_155331_019033.jpg,0.2,0.0
20260317_155331_082634,img_20260317_155331_082634.jpg,0.2,0.0
20260317_155331_124509,img_20260317_155331_124509.jpg,0.2,0.0
20260317_155331_177258,img_20260317_155331_177258.jpg,0.2,0.0
20260317_155331_240490,img_20260317_155331_240490.jpg,0.2,0.0
20260317_155331_291034,img_20260317_155331_291034.jpg,0.2,0.0
20260317_155331_330493,img_20260317_155331_330493.jpg,0.2,0.0
20260317_155331_391809,img_20260317_155331_391809.jpg,0.2,0.0
20260317_155331_443877,img_20260317_155331_443877.jpg,0.2,0.0
20260317_155331_496506,img_20260317_155331_496506.jpg,0.2,0.0
20260317_155331_534938,img_20260317_155331_534938.jpg,0.2,0.0
20260317_155331_588625,img_20260317_155331_588625.jpg,0.2,0.0
20260317_155331_645535,img_20260317_155331_645535.jpg,0.2,0.0
20260317_155331_697652,img_20260317_155331_697652.jpg,0.2,0.0
20260317_155331_748582,img_20260317_155331_748582.jpg,0.2,0.0
20260317_155331_798798,img_20260317_155331_798798.jpg,0.2,0.0
20260317_155331_840836,img_20260317_155331_840836.jpg,0.2,0.0
20260317_155331_893029,img_20260317_155331_893029.jpg,0.2,0.0
20260317_155331_954541,img_20260317_155331_954541.jpg,0.2,0.0
20260317_155332_007008,img_20260317_155332_007008.jpg,0.2,0.0
20260317_155332_058207,img_20260317_155332_058207.jpg,0.2,0.0
20260317_155332_108612,img_20260317_155332_108612.jpg,0.2,0.0
20260317_155332_146124,img_20260317_155332_146124.jpg,0.2,0.0
20260317_155332_197858,img_20260317_155332_197858.jpg,0.2,0.0
20260317_155332_259585,img_20260317_155332_259585.jpg,0.2,0.0
20260317_155332_314560,img_20260317_155332_314560.jpg,0.2,0.0
20260317_155332_360420,img_20260317_155332_360420.jpg,0.2,0.0
20260317_155332_406650,img_20260317_155332_406650.jpg,0.2,0.0
20260317_155332_465199,img_20260317_155332_465199.jpg,0.2,0.0
20260317_155332_506774,img_20260317_155332_506774.jpg,0.2,0.0
20260317_155332_569039,img_20260317_155332_569039.jpg,0.2,0.0
20260317_155332_619907,img_20260317_155332_619907.jpg,0.2,0.0
20260317_155332_671260,img_20260317_155332_671260.jpg,0.2,0.0
20260317_155332_722733,img_20260317_155332_722733.jpg,0.2,0.0
20260317_155332_761461,img_20260317_155332_761461.jpg,0.2,0.0
20260317_155332_832681,img_20260317_155332_832681.jpg,0.2,0.0
20260317_155332_870060,img_20260317_155332_870060.jpg,0.2,0.0
20260317_155332_919510,img_20260317_155332_919510.jpg,0.2,0.0
20260317_155332_967551,img_20260317_155332_967551.jpg,0.2,0.0
20260317_155333_018988,img_20260317_155333_018988.jpg,0.2,0.0
20260317_155333_080713,img_20260317_155333_080713.jpg,0.2,0.0
20260317_155333_125567,img_20260317_155333_125567.jpg,0.2,0.0
20260317_155333_185026,img_20260317_155333_185026.jpg,0.2,0.0
20260317_155333_236010,img_20260317_155333_236010.jpg,0.2,0.0
20260317_155333_281098,img_20260317_155333_281098.jpg,0.2,0.0
20260317_155333_339361,img_20260317_155333_339361.jpg,0.2,0.0
20260317_155333_388794,img_20260317_155333_388794.jpg,0.2,0.0
20260317_155333_431074,img_20260317_155333_431074.jpg,0.2,0.0
20260317_155333_490795,img_20260317_155333_490795.jpg,0.2,0.0
20260317_155333_545877,img_20260317_155333_545877.jpg,0.2,0.0
20260317_155333_586344,img_20260317_155333_586344.jpg,0.2,0.0
20260317_155333_645908,img_20260317_155333_645908.jpg,0.2,0.0
20260317_155333_696382,img_20260317_155333_696382.jpg,0.2,0.0
20260317_155333_750288,img_20260317_155333_750288.jpg,0.2,0.0
20260317_155333_801106,img_20260317_155333_801106.jpg,0.2,0.0
20260317_155333_852856,img_20260317_155333_852856.jpg,0.2,0.0
20260317_155333_903836,img_20260317_155333_903836.jpg,0.2,0.0
20260317_155333_958557,img_20260317_155333_958557.jpg,0.2,0.0
20260317_155334_010261,img_20260317_155334_010261.jpg,0.2,0.0
20260317_155334_060733,img_20260317_155334_060733.jpg,0.2,0.0
20260317_155334_112419,img_20260317_155334_112419.jpg,0.2,0.0
20260317_155334_160150,img_20260317_155334_160150.jpg,0.2,0.0
20260317_155334_213565,img_20260317_155334_213565.jpg,0.2,0.0
20260317_155334_265571,img_20260317_155334_265571.jpg,0.2,0.0
20260317_155334_317624,img_20260317_155334_317624.jpg,0.2,0.0
20260317_155334_368023,img_20260317_155334_368023.jpg,0.2,0.0
20260317_155334_426164,img_20260317_155334_426164.jpg,0.2,0.0
20260317_155334_465431,img_20260317_155334_465431.jpg,0.2,0.0
20260317_155334_514126,img_20260317_155334_514126.jpg,0.2,0.0
20260317_155334_576188,img_20260317_155334_576188.jpg,0.2,0.0
20260317_155334_615879,img_20260317_155334_615879.jpg,0.2,0.0
20260317_155334_677940,img_20260317_155334_677940.jpg,0.2,0.0
20260317_155334_729961,img_20260317_155334_729961.jpg,0.2,0.0
20260317_155334_783100,img_20260317_155334_783100.jpg,0.2,0.0
20260317_155334_835982,img_20260317_155334_835982.jpg,0.2,0.0
20260317_155334_883126,img_20260317_155334_883126.jpg,0.2,0.0
20260317_155334_924617,img_20260317_155334_924617.jpg,0.2,0.0
20260317_155334_983526,img_20260317_155334_983526.jpg,0.2,0.0
20260317_155335_037457,img_20260317_155335_037457.jpg,0.2,0.0
20260317_155335_091777,img_20260317_155335_091777.jpg,0.2,0.0
20260317_155335_130990,img_20260317_155335_130990.jpg,0.2,0.0
20260317_155335_192164,img_20260317_155335_192164.jpg,0.2,0.0
20260317_155335_235359,img_20260317_155335_235359.jpg,0.2,0.0
20260317_155335_297276,img_20260317_155335_297276.jpg,0.2,0.0
20260317_155335_347567,img_20260317_155335_347567.jpg,0.2,0.0
20260317_155335_399446,img_20260317_155335_399446.jpg,0.2,0.0
20260317_155335_451135,img_20260317_155335_451135.jpg,0.2,0.0
20260317_155335_492570,img_20260317_155335_492570.jpg,0.2,0.0
20260317_155335_553578,img_20260317_155335_553578.jpg,0.2,0.0
20260317_155335_595238,img_20260317_155335_595238.jpg,0.2,0.0
20260317_155335_655990,img_20260317_155335_655990.jpg,0.2,0.0
20260317_155335_704169,img_20260317_155335_704169.jpg,0.2,0.0
20260317_155335_750229,img_20260317_155335_750229.jpg,0.2,0.0
20260317_155335_807389,img_20260317_155335_807389.jpg,0.2,0.0
20260317_155335_859082,img_20260317_155335_859082.jpg,0.2,0.0
20260317_155335_911494,img_20260317_155335_911494.jpg,0.2,0.0
20260317_155335_952966,img_20260317_155335_952966.jpg,0.2,0.0
20260317_155336_001688,img_20260317_155336_001688.jpg,0.2,0.0
20260317_155336_049822,img_20260317_155336_049822.jpg,0.2,0.0
20260317_155336_114323,img_20260317_155336_114323.jpg,0.2,0.0
20260317_155336_167116,img_20260317_155336_167116.jpg,0.2,0.0
20260317_155336_210054,img_20260317_155336_210054.jpg,0.2,0.0
20260317_155336_256356,img_20260317_155336_256356.jpg,0.2,0.0
20260317_155336_322829,img_20260317_155336_322829.jpg,0.2,0.0
20260317_155336_374658,img_20260317_155336_374658.jpg,0.2,0.0
20260317_155336_426781,img_20260317_155336_426781.jpg,0.2,0.0
20260317_155336_476464,img_20260317_155336_476464.jpg,0.2,0.0
20260317_155336_526634,img_20260317_155336_526634.jpg,0.2,0.0
20260317_155336_577463,img_20260317_155336_577463.jpg,0.2,0.0
20260317_155336_622888,img_20260317_155336_622888.jpg,0.2,0.0
20260317_155336_680761,img_20260317_155336_680761.jpg,0.2,0.0
20260317_155336_733736,img_20260317_155336_733736.jpg,0.2,0.0
20260317_155336_784968,img_20260317_155336_784968.jpg,0.2,0.0
20260317_155336_822598,img_20260317_155336_822598.jpg,0.2,0.0
20260317_155336_887960,img_20260317_155336_887960.jpg,0.2,0.0
20260317_155336_938305,img_20260317_155336_938305.jpg,0.2,0.0
20260317_155336_991199,img_20260317_155336_991199.jpg,0.2,0.0
20260317_155337_041528,img_20260317_155337_041528.jpg,0.2,0.0
20260317_155337_092630,img_20260317_155337_092630.jpg,0.2,0.0
20260317_155337_144948,img_20260317_155337_144948.jpg,0.2,0.0
20260317_155337_182782,img_20260317_155337_182782.jpg,0.2,0.0
20260317_155337_231640,img_20260317_155337_231640.jpg,0.2,0.0
20260317_155337_298110,img_20260317_155337_298110.jpg,0.2,0.0
20260317_155337_337477,img_20260317_155337_337477.jpg,0.2,0.0
20260317_155337_398699,img_20260317_155337_398699.jpg,0.2,0.0
20260317_155337_455790,img_20260317_155337_455790.jpg,0.2,0.0
20260317_155337_502632,img_20260317_155337_502632.jpg,0.2,0.0
20260317_155337_553109,img_20260317_155337_553109.jpg,0.2,0.0
20260317_155337_594369,img_20260317_155337_594369.jpg,0.2,0.0
20260317_155337_657813,img_20260317_155337_657813.jpg,0.2,0.0
20260317_155337_708261,img_20260317_155337_708261.jpg,0.2,0.0
20260317_155337_762214,img_20260317_155337_762214.jpg,0.2,0.0
20260317_155337_811443,img_20260317_155337_811443.jpg,0.2,0.0
20260317_155337_863952,img_20260317_155337_863952.jpg,0.2,0.0
20260317_155337_913020,img_20260317_155337_913020.jpg,0.2,0.0
20260317_155337_968088,img_20260317_155337_968088.jpg,0.2,0.0
20260317_155338_018814,img_20260317_155338_018814.jpg,0.2,0.0
20260317_155338_072904,img_20260317_155338_072904.jpg,0.2,0.0
20260317_155338_121801,img_20260317_155338_121801.jpg,0.2,0.0
20260317_155338_172594,img_20260317_155338_172594.jpg,0.2,0.0
20260317_155338_222600,img_20260317_155338_222600.jpg,0.2,0.0
20260317_155338_276267,img_20260317_155338_276267.jpg,0.2,0.0
20260317_155338_327132,img_20260317_155338_327132.jpg,0.2,0.0
20260317_155338_368767,img_20260317_155338_368767.jpg,0.2,0.0
20260317_155338_431939,img_20260317_155338_431939.jpg,0.2,0.0
20260317_155338_480644,img_20260317_155338_480644.jpg,0.2,0.0
20260317_155338_526364,img_20260317_155338_526364.jpg,0.2,0.0
20260317_155338_574739,img_20260317_155338_574739.jpg,0.2,0.0
20260317_155338_626335,img_20260317_155338_626335.jpg,0.2,0.0
20260317_155338_688939,img_20260317_155338_688939.jpg,0.2,0.0
20260317_155338_742919,img_20260317_155338_742919.jpg,0.2,0.0
20260317_155338_790013,img_20260317_155338_790013.jpg,0.2,0.0
20260317_155338_844089,img_20260317_155338_844089.jpg,0.2,0.0
20260317_155338_884023,img_20260317_155338_884023.jpg,0.2,0.0
20260317_155337_662809,img_20260317_155337_662809.jpg,0.2,0.0
20260317_155337_712719,img_20260317_155337_712719.jpg,0.2,0.0
20260317_155337_754628,img_20260317_155337_754628.jpg,0.2,0.0
20260317_155337_816165,img_20260317_155337_816165.jpg,0.2,0.0
20260317_155337_867860,img_20260317_155337_867860.jpg,0.2,0.0
20260317_155337_918880,img_20260317_155337_918880.jpg,0.2,0.0
20260317_155337_969855,img_20260317_155337_969855.jpg,0.2,0.0
20260317_155338_022646,img_20260317_155338_022646.jpg,0.2,0.0
20260317_155338_072655,img_20260317_155338_072655.jpg,0.2,0.0
20260317_155338_128149,img_20260317_155338_128149.jpg,0.2,0.0
20260317_155338_182762,img_20260317_155338_182762.jpg,0.2,0.0
20260317_155338_227962,img_20260317_155338_227962.jpg,0.2,0.0
20260317_155338_271497,img_20260317_155338_271497.jpg,0.2,0.0
20260317_155338_330593,img_20260317_155338_330593.jpg,0.2,0.0
20260317_155338_384499,img_20260317_155338_384499.jpg,0.2,0.0
20260317_155338_433515,img_20260317_155338_433515.jpg,0.2,0.0
20260317_155338_477925,img_20260317_155338_477925.jpg,0.2,0.0
20260317_155338_535838,img_20260317_155338_535838.jpg,0.2,0.0
20260317_155338_586369,img_20260317_155338_586369.jpg,0.2,0.0
20260317_155338_639405,img_20260317_155338_639405.jpg,0.2,0.0
20260317_155338_689027,img_20260317_155338_689027.jpg,0.2,0.0
20260317_155338_729228,img_20260317_155338_729228.jpg,0.2,0.0
20260317_155338_778141,img_20260317_155338_778141.jpg,0.2,0.0
20260317_155338_844002,img_20260317_155338_844002.jpg,0.2,0.0
20260317_155338_894279,img_20260317_155338_894279.jpg,0.2,0.0
20260317_155338_949127,img_20260317_155338_949127.jpg,0.2,0.0
20260317_155338_995733,img_20260317_155338_995733.jpg,0.2,0.0
20260317_155339_039913,img_20260317_155339_039913.jpg,0.2,0.0
20260317_155339_101006,img_20260317_155339_101006.jpg,0.2,0.0
20260317_155339_141460,img_20260317_155339_141460.jpg,0.2,0.0
20260317_155339_204219,img_20260317_155339_204219.jpg,0.2,0.0
20260317_155339_254037,img_20260317_155339_254037.jpg,0.2,0.0
20260317_155339_303648,img_20260317_155339_303648.jpg,0.2,0.0
20260317_155339_345826,img_20260317_155339_345826.jpg,0.2,0.0
20260317_155339_409592,img_20260317_155339_409592.jpg,0.2,0.0
20260317_155339_450535,img_20260317_155339_450535.jpg,0.2,0.0
20260317_155339_501498,img_20260317_155339_501498.jpg,0.2,0.0
20260317_155339_563240,img_20260317_155339_563240.jpg,0.2,0.0
20260317_155339_616327,img_20260317_155339_616327.jpg,0.2,0.0
20260317_155339_657393,img_20260317_155339_657393.jpg,0.2,0.0
20260317_155339_711443,img_20260317_155339_711443.jpg,0.2,0.0
20260317_155339_768086,img_20260317_155339_768086.jpg,0.2,0.0
20260317_155339_825215,img_20260317_155339_825215.jpg,0.2,0.0
20260317_155339_875645,img_20260317_155339_875645.jpg,0.2,0.0
20260317_155339_929119,img_20260317_155339_929119.jpg,0.2,0.0
20260317_155339_979158,img_20260317_155339_979158.jpg,0.2,0.0
20260317_155340_032020,img_20260317_155340_032020.jpg,0.2,0.0
20260317_155340_083880,img_20260317_155340_083880.jpg,0.2,0.0
20260317_155340_135454,img_20260317_155340_135454.jpg,0.2,0.0
20260317_155340_187561,img_20260317_155340_187561.jpg,0.2,0.0
20260317_155340_237348,img_20260317_155340_237348.jpg,0.2,0.0
20260317_155340_281206,img_20260317_155340_281206.jpg,0.2,0.0
20260317_155340_342707,img_20260317_155340_342707.jpg,0.2,0.0
20260317_155340_395027,img_20260317_155340_395027.jpg,0.2,0.0
20260317_155340_435886,img_20260317_155340_435886.jpg,0.2,0.0
20260317_155340_496860,img_20260317_155340_496860.jpg,0.2,0.0
20260317_155340_550560,img_20260317_155340_550560.jpg,0.2,0.0
20260317_155340_604042,img_20260317_155340_604042.jpg,0.2,0.0
20260317_155340_653328,img_20260317_155340_653328.jpg,0.2,0.0
20260317_155340_708894,img_20260317_155340_708894.jpg,0.2,0.0
20260317_155340_757647,img_20260317_155340_757647.jpg,0.2,0.0
20260317_155340_810234,img_20260317_155340_810234.jpg,0.2,0.0
20260317_155340_860635,img_20260317_155340_860635.jpg,0.2,0.0
20260317_155340_916334,img_20260317_155340_916334.jpg,0.2,0.0
20260317_155340_952359,img_20260317_155340_952359.jpg,0.2,0.0
20260317_155341_007395,img_20260317_155341_007395.jpg,0.2,0.0
20260317_155341_065285,img_20260317_155341_065285.jpg,0.2,0.0
20260317_155341_121652,img_20260317_155341_121652.jpg,0.2,0.0
20260317_155341_162234,img_20260317_155341_162234.jpg,0.2,0.0
20260317_155341_223909,img_20260317_155341_223909.jpg,0.2,0.0
20260317_155341_276344,img_20260317_155341_276344.jpg,0.2,0.0
20260317_155341_327524,img_20260317_155341_327524.jpg,0.2,0.0
20260317_155341_378734,img_20260317_155341_378734.jpg,0.2,0.0
20260317_155341_431665,img_20260317_155341_431665.jpg,0.2,0.0
20260317_155341_468388,img_20260317_155341_468388.jpg,0.2,0.0
20260317_155341_531092,img_20260317_155341_531092.jpg,0.2,0.0
20260317_155341_583884,img_20260317_155341_583884.jpg,0.2,0.0
20260317_155341_635747,img_20260317_155341_635747.jpg,0.2,0.0
20260317_155341_686100,img_20260317_155341_686100.jpg,0.2,0.0
20260317_155341_738984,img_20260317_155341_738984.jpg,0.2,0.0
20260317_155341_779721,img_20260317_155341_779721.jpg,0.2,0.0
20260317_155341_842864,img_20260317_155341_842864.jpg,0.2,0.0
20260317_155341_881707,img_20260317_155341_881707.jpg,0.2,0.0
20260317_155341_942880,img_20260317_155341_942880.jpg,0.2,0.0
20260317_155341_996769,img_20260317_155341_996769.jpg,0.2,0.0
20260317_155342_051730,img_20260317_155342_051730.jpg,0.2,0.0
20260317_155342_100679,img_20260317_155342_100679.jpg,0.2,0.0
20260317_155342_147834,img_20260317_155342_147834.jpg,0.2,0.0
20260317_155342_198900,img_20260317_155342_198900.jpg,0.2,0.0
20260317_155342_252092,img_20260317_155342_252092.jpg,0.2,0.0
20260317_155342_306301,img_20260317_155342_306301.jpg,0.2,0.0
20260317_155342_352098,img_20260317_155342_352098.jpg,0.2,0.0
20260317_155342_397544,img_20260317_155342_397544.jpg,0.2,0.0
20260317_155342_457816,img_20260317_155342_457816.jpg,0.2,0.0
20260317_155342_509210,img_20260317_155342_509210.jpg,0.2,0.0
20260317_155342_562218,img_20260317_155342_562218.jpg,0.2,0.0
20260317_155342_612516,img_20260317_155342_612516.jpg,0.2,0.0
20260317_155342_666140,img_20260317_155342_666140.jpg,0.2,0.0
20260317_155342_714421,img_20260317_155342_714421.jpg,0.2,0.0
20260317_155342_765019,img_20260317_155342_765019.jpg,0.2,0.0
20260317_155342_807702,img_20260317_155342_807702.jpg,0.2,0.0
20260317_155342_870657,img_20260317_155342_870657.jpg,0.2,0.0
20260317_155342_910515,img_20260317_155342_910515.jpg,0.2,0.0
20260317_155342_976880,img_20260317_155342_976880.jpg,0.2,0.0
20260317_155343_025309,img_20260317_155343_025309.jpg,0.2,0.0
20260317_155343_081333,img_20260317_155343_081333.jpg,0.2,0.0
20260317_155343_130733,img_20260317_155343_130733.jpg,0.2,0.0
20260317_155343_186857,img_20260317_155343_186857.jpg,0.2,0.0
20260317_155343_222791,img_20260317_155343_222791.jpg,0.2,0.0
20260317_155343_288594,img_20260317_155343_288594.jpg,0.2,0.0
20260317_155343_337053,img_20260317_155343_337053.jpg,0.2,0.0
20260317_155343_393411,img_20260317_155343_393411.jpg,0.2,0.0
20260317_155343_442065,img_20260317_155343_442065.jpg,0.2,0.0
20260317_155343_495013,img_20260317_155343_495013.jpg,0.2,0.0
20260317_155343_545322,img_20260317_155343_545322.jpg,0.2,0.0
20260317_155343_596253,img_20260317_155343_596253.jpg,0.2,0.0
20260317_155343_649377,img_20260317_155343_649377.jpg,0.2,0.0
20260317_155343_700955,img_20260317_155343_700955.jpg,0.2,0.0
20260317_155343_746439,img_20260317_155343_746439.jpg,0.2,0.0
20260317_155343_793487,img_20260317_155343_793487.jpg,0.2,0.0
20260317_155343_838844,img_20260317_155343_838844.jpg,0.2,0.0
20260317_155343_902866,img_20260317_155343_902866.jpg,0.2,0.0
20260317_155343_948151,img_20260317_155343_948151.jpg,0.2,0.0
20260317_155344_003479,img_20260317_155344_003479.jpg,0.2,0.0
20260317_155344_065728,img_20260317_155344_065728.jpg,0.2,0.0
20260317_155344_106680,img_20260317_155344_106680.jpg,0.2,0.0
20260317_155344_161766,img_20260317_155344_161766.jpg,0.2,0.0
20260317_155344_214019,img_20260317_155344_214019.jpg,0.2,0.0
20260317_155344_267994,img_20260317_155344_267994.jpg,0.2,0.0
20260317_155344_308295,img_20260317_155344_308295.jpg,0.2,0.0
20260317_155344_361111,img_20260317_155344_361111.jpg,0.2,0.0
20260317_155344_419793,img_20260317_155344_419793.jpg,0.2,0.0
20260317_155344_463703,img_20260317_155344_463703.jpg,0.2,0.0
20260317_155344_525004,img_20260317_155344_525004.jpg,0.2,0.0
20260317_155344_567790,img_20260317_155344_567790.jpg,0.2,0.0
20260317_155344_630296,img_20260317_155344_630296.jpg,0.2,0.0
20260317_155344_668801,img_20260317_155344_668801.jpg,0.2,0.0
20260317_155344_732212,img_20260317_155344_732212.jpg,0.2,0.0
20260317_155344_769937,img_20260317_155344_769937.jpg,0.2,0.0
20260317_155344_824263,img_20260317_155344_824263.jpg,0.2,0.0
20260317_155344_885124,img_20260317_155344_885124.jpg,0.2,0.0
20260317_155344_938353,img_20260317_155344_938353.jpg,0.2,0.0
20260317_155344_987990,img_20260317_155344_987990.jpg,0.2,0.0
20260317_155345_043368,img_20260317_155345_043368.jpg,0.2,0.0
20260317_155345_078423,img_20260317_155345_078423.jpg,0.2,0.0
20260317_155345_145074,img_20260317_155345_145074.jpg,0.2,0.0
20260317_155345_185299,img_20260317_155345_185299.jpg,0.2,0.0
20260317_155345_248767,img_20260317_155345_248767.jpg,0.2,0.0
20260317_155345_302840,img_20260317_155345_302840.jpg,0.2,0.0
20260317_155345_344823,img_20260317_155345_344823.jpg,0.2,0.0
20260317_155345_392772,img_20260317_155345_392772.jpg,0.2,0.0
20260317_155345_457607,img_20260317_155345_457607.jpg,0.2,0.0
20260317_155345_506326,img_20260317_155345_506326.jpg,0.2,0.0
20260317_155345_561628,img_20260317_155345_561628.jpg,0.2,0.0
20260317_155345_611339,img_20260317_155345_611339.jpg,0.2,0.0
20260317_155345_665789,img_20260317_155345_665789.jpg,0.2,0.0
20260317_155345_715356,img_20260317_155345_715356.jpg,0.2,0.0
20260317_155345_766566,img_20260317_155345_766566.jpg,0.2,0.0
20260317_155345_816005,img_20260317_155345_816005.jpg,0.2,0.0
20260317_155345_858760,img_20260317_155345_858760.jpg,0.2,0.0
20260317_155345_928195,img_20260317_155345_928195.jpg,0.2,0.0
20260317_155345_958034,img_20260317_155345_958034.jpg,0.2,0.0
20260317_155346_021755,img_20260317_155346_021755.jpg,0.2,0.0
20260317_155346_070542,img_20260317_155346_070542.jpg,0.2,0.0
20260317_155346_126759,img_20260317_155346_126759.jpg,0.2,0.0
20260317_155346_165003,img_20260317_155346_165003.jpg,0.2,0.0
20260317_155346_226518,img_20260317_155346_226518.jpg,0.2,0.0
20260317_155346_278712,img_20260317_155346_278712.jpg,0.2,0.0
20260317_155346_332717,img_20260317_155346_332717.jpg,0.2,0.0
20260317_155346_381979,img_20260317_155346_381979.jpg,0.2,0.0
20260317_155346_435865,img_20260317_155346_435865.jpg,0.2,0.0
20260317_155346_474044,img_20260317_155346_474044.jpg,0.2,0.0
20260317_155346_530102,img_20260317_155346_530102.jpg,0.2,0.0
20260317_155346_579885,img_20260317_155346_579885.jpg,0.2,0.0
20260317_155346_644451,img_20260317_155346_644451.jpg,0.2,0.0
20260317_155346_694106,img_20260317_155346_694106.jpg,0.2,0.0
20260317_155346_749923,img_20260317_155346_749923.jpg,0.2,0.0
20260317_155346_799897,img_20260317_155346_799897.jpg,0.2,0.0
20260317_155346_837838,img_20260317_155346_837838.jpg,0.2,0.0
20260317_155346_890945,img_20260317_155346_890945.jpg,0.2,0.0
20260317_155346_942826,img_20260317_155346_942826.jpg,0.2,0.0
20260317_155347_013091,img_20260317_155347_013091.jpg,0.2,0.0
20260317_155347_057468,img_20260317_155347_057468.jpg,0.2,0.0
20260317_155347_107426,img_20260317_155347_107426.jpg,0.2,0.0
20260317_155347_159580,img_20260317_155347_159580.jpg,0.2,0.0
20260317_155347_211607,img_20260317_155347_211607.jpg,0.2,0.0
20260317_155347_248632,img_20260317_155347_248632.jpg,0.2,0.0
20260317_155347_314694,img_20260317_155347_314694.jpg,0.2,0.0
20260317_155347_354082,img_20260317_155347_354082.jpg,0.2,0.0
20260317_155347_416868,img_20260317_155347_416868.jpg,0.2,0.0
20260317_155347_462762,img_20260317_155347_462762.jpg,0.2,0.0
20260317_155347_522670,img_20260317_155347_522670.jpg,0.2,0.0
20260317_155347_574176,img_20260317_155347_574176.jpg,0.2,0.0
20260317_155347_626333,img_20260317_155347_626333.jpg,0.2,0.0
20260317_155347_679118,img_20260317_155347_679118.jpg,0.2,0.0
20260317_155347_732596,img_20260317_155347_732596.jpg,0.2,0.0
20260317_155347_783810,img_20260317_155347_783810.jpg,0.2,0.0
20260317_155347_834629,img_20260317_155347_834629.jpg,0.2,0.0
20260317_155347_886537,img_20260317_155347_886537.jpg,0.2,0.0
20260317_155347_940686,img_20260317_155347_940686.jpg,0.2,0.0
20260317_155347_991947,img_20260317_155347_991947.jpg,0.2,0.0
20260317_155348_033074,img_20260317_155348_033074.jpg,0.2,0.0
20260317_155348_082924,img_20260317_155348_082924.jpg,0.2,0.0
20260317_155348_139772,img_20260317_155348_139772.jpg,0.2,0.0
20260317_155348_199489,img_20260317_155348_199489.jpg,0.2,0.0
20260317_155348_253041,img_20260317_155348_253041.jpg,0.2,0.0
20260317_155348_302713,img_20260317_155348_302713.jpg,0.2,0.0
20260317_155348_354565,img_20260317_155348_354565.jpg,0.2,0.0
20260317_155348_405604,img_20260317_155348_405604.jpg,0.2,0.0
20260317_155348_458749,img_20260317_155348_458749.jpg,0.2,0.0
20260317_155348_499724,img_20260317_155348_499724.jpg,0.2,0.0
20260317_155348_565763,img_20260317_155348_565763.jpg,0.2,0.0
20260317_155348_614988,img_20260317_155348_614988.jpg,0.2,0.0
20260317_155348_671115,img_20260317_155348_671115.jpg,0.2,0.0
20260317_155348_723414,img_20260317_155348_723414.jpg,0.2,0.0
20260317_155348_773079,img_20260317_155348_773079.jpg,0.2,0.0
20260317_155348_822952,img_20260317_155348_822952.jpg,0.2,0.0
20260317_155348_873102,img_20260317_155348_873102.jpg,0.2,0.0
20260317_155348_926615,img_20260317_155348_926615.jpg,0.2,0.0
20260317_155348_978336,img_20260317_155348_978336.jpg,0.2,0.0
20260317_155349_033109,img_20260317_155349_033109.jpg,0.2,0.0
20260317_155349_072038,img_20260317_155349_072038.jpg,0.2,0.0
20260317_155349_121083,img_20260317_155349_121083.jpg,0.2,0.0
20260317_155349_186192,img_20260317_155349_186192.jpg,0.2,0.0
20260317_155349_238314,img_20260317_155349_238314.jpg,0.2,0.0
20260317_155349_291812,img_20260317_155349_291812.jpg,0.2,0.0
20260317_155349_343381,img_20260317_155349_343381.jpg,0.2,0.0
20260317_155349_391832,img_20260317_155349_391832.jpg,0.2,0.0
20260317_155349_450207,img_20260317_155349_450207.jpg,0.2,0.0
20260317_155349_490925,img_20260317_155349_490925.jpg,0.2,0.0
20260317_155349_546704,img_20260317_155349_546704.jpg,0.2,0.0
20260317_155349_595198,img_20260317_155349_595198.jpg,0.2,0.0
20260317_155349_649866,img_20260317_155349_649866.jpg,0.2,0.0
20260317_155349_699801,img_20260317_155349_699801.jpg,0.2,0.0
20260317_155349_750656,img_20260317_155349_750656.jpg,0.2,0.0
20260317_155349_800124,img_20260317_155349_800124.jpg,0.2,0.0
20260317_155349_840867,img_20260317_155349_840867.jpg,0.2,0.0
20260317_155349_903153,img_20260317_155349_903153.jpg,0.2,0.0
20260317_155349_955306,img_20260317_155349_955306.jpg,0.2,0.0
20260317_155350_006000,img_20260317_155350_006000.jpg,0.2,0.0
20260317_155350_060105,img_20260317_155350_060105.jpg,0.2,0.0
20260317_155350_111543,img_20260317_155350_111543.jpg,0.2,0.0
20260317_155350_160450,img_20260317_155350_160450.jpg,0.2,0.0
20260317_155350_214644,img_20260317_155350_214644.jpg,0.2,0.0
20260317_155350_266753,img_20260317_155350_266753.jpg,0.2,0.0
20260317_155350_316826,img_20260317_155350_316826.jpg,0.2,0.0
20260317_155350_369089,img_20260317_155350_369089.jpg,0.2,0.0
20260317_155350_411949,img_20260317_155350_411949.jpg,0.2,0.0
20260317_155350_462295,img_20260317_155350_462295.jpg,0.2,0.0
20260317_155350_526064,img_20260317_155350_526064.jpg,0.2,0.0
20260317_155350_581647,img_20260317_155350_581647.jpg,0.2,0.0
20260317_155350_628534,img_20260317_155350_628534.jpg,0.2,0.0
20260317_155350_670337,img_20260317_155350_670337.jpg,0.2,0.0
20260317_155350_731113,img_20260317_155350_731113.jpg,0.2,0.0
20260317_155350_783482,img_20260317_155350_783482.jpg,0.2,0.0
20260317_155350_834159,img_20260317_155350_834159.jpg,0.2,0.0
20260317_155350_877252,img_20260317_155350_877252.jpg,0.2,0.0
20260317_155350_929893,img_20260317_155350_929893.jpg,0.2,0.0
20260317_155350_987623,img_20260317_155350_987623.jpg,0.2,0.0
20260317_155351_042100,img_20260317_155351_042100.jpg,0.2,0.0
20260317_155351_081406,img_20260317_155351_081406.jpg,0.2,0.0
20260317_155351_144211,img_20260317_155351_144211.jpg,0.2,0.0
20260317_155351_197837,img_20260317_155351_197837.jpg,0.2,0.0
20260317_155351_243012,img_20260317_155351_243012.jpg,0.2,0.0
20260317_155351_293147,img_20260317_155351_293147.jpg,0.2,0.0
20260317_155351_348061,img_20260317_155351_348061.jpg,0.2,0.0
20260317_155351_398235,img_20260317_155351_398235.jpg,0.2,0.0
20260317_155351_453176,img_20260317_155351_453176.jpg,0.2,0.0
20260317_155351_501332,img_20260317_155351_501332.jpg,0.2,0.0
20260317_155351_556555,img_20260317_155351_556555.jpg,0.2,0.0
20260317_155351_607264,img_20260317_155351_607264.jpg,0.2,0.0
20260317_155351_661309,img_20260317_155351_661309.jpg,0.2,0.0
20260317_155351_711731,img_20260317_155351_711731.jpg,0.2,0.0
20260317_155351_765027,img_20260317_155351_765027.jpg,0.2,0.0
20260317_155351_812799,img_20260317_155351_812799.jpg,0.2,0.0
20260317_155351_866682,img_20260317_155351_866682.jpg,0.2,0.0
20260317_155351_915469,img_20260317_155351_915469.jpg,0.2,0.0
20260317_155351_957887,img_20260317_155351_957887.jpg,0.2,0.0
20260317_155352_017359,img_20260317_155352_017359.jpg,0.2,0.0
20260317_155352_072417,img_20260317_155352_072417.jpg,0.2,0.0
20260317_155352_125180,img_20260317_155352_125180.jpg,0.2,0.0
20260317_155352_176074,img_20260317_155352_176074.jpg,0.2,0.0
20260317_155352_230390,img_20260317_155352_230390.jpg,0.2,0.0
20260317_155352_280485,img_20260317_155352_280485.jpg,0.2,0.0
20260317_155352_335878,img_20260317_155352_335878.jpg,0.2,0.0
20260317_155352_384399,img_20260317_155352_384399.jpg,0.2,0.0
20260317_155352_425568,img_20260317_155352_425568.jpg,0.2,0.0
20260317_155352_478266,img_20260317_155352_478266.jpg,0.2,0.0
20260317_155352_538062,img_20260317_155352_538062.jpg,0.2,0.0
20260317_155352_593432,img_20260317_155352_593432.jpg,0.2,0.0
20260317_155352_642952,img_20260317_155352_642952.jpg,0.2,0.0
20260317_155352_696891,img_20260317_155352_696891.jpg,0.2,0.0
20260317_155352_749556,img_20260317_155352_749556.jpg,0.2,0.0
20260317_155352_799384,img_20260317_155352_799384.jpg,0.2,0.0
20260317_155352_836589,img_20260317_155352_836589.jpg,0.2,0.0
20260317_155352_901900,img_20260317_155352_901900.jpg,0.2,0.0
20260317_155352_957354,img_20260317_155352_957354.jpg,0.2,0.0
20260317_155353_009373,img_20260317_155353_009373.jpg,0.2,0.0
20260317_155353_061285,img_20260317_155353_061285.jpg,0.2,0.0
20260317_155353_119331,img_20260317_155353_119331.jpg,0.2,0.0
20260317_155353_168351,img_20260317_155353_168351.jpg,0.2,0.0
20260317_155353_212900,img_20260317_155353_212900.jpg,0.2,0.0
20260317_155353_268136,img_20260317_155353_268136.jpg,0.2,0.0
20260317_155353_320417,img_20260317_155353_320417.jpg,0.2,0.0
20260317_155353_373551,img_20260317_155353_373551.jpg,0.2,0.0
20260317_155353_412494,img_20260317_155353_412494.jpg,0.2,0.0
20260317_155353_477738,img_20260317_155353_477738.jpg,0.2,0.0
20260317_155353_527543,img_20260317_155353_527543.jpg,0.2,0.0
20260317_155353_584068,img_20260317_155353_584068.jpg,0.2,0.0
20260317_155353_630397,img_20260317_155353_630397.jpg,0.2,0.0
20260317_155353_682754,img_20260317_155353_682754.jpg,0.2,0.0
20260317_155353_731912,img_20260317_155353_731912.jpg,0.2,0.0
20260317_155353_774440,img_20260317_155353_774440.jpg,0.2,0.0
20260317_155353_834883,img_20260317_155353_834883.jpg,0.2,0.0
20260317_155353_886748,img_20260317_155353_886748.jpg,0.2,0.0
20260317_155353_926386,img_20260317_155353_926386.jpg,0.2,0.0
20260317_155353_979588,img_20260317_155353_979588.jpg,0.2,0.0
20260317_155354_041168,img_20260317_155354_041168.jpg,0.2,0.0
20260317_155354_094400,img_20260317_155354_094400.jpg,0.2,0.0
20260317_155354_144446,img_20260317_155354_144446.jpg,0.2,0.0
20260317_155354_198578,img_20260317_155354_198578.jpg,0.2,0.0
20260317_155354_249187,img_20260317_155354_249187.jpg,0.2,0.0
20260317_155354_291854,img_20260317_155354_291854.jpg,0.2,0.0
20260317_155354_353653,img_20260317_155354_353653.jpg,0.2,0.0
20260317_155354_406396,img_20260317_155354_406396.jpg,0.2,0.0
20260317_155354_446813,img_20260317_155354_446813.jpg,0.2,0.0
20260317_155354_496392,img_20260317_155354_496392.jpg,0.2,0.0
20260317_155354_550892,img_20260317_155354_550892.jpg,0.2,0.0
20260317_155354_612789,img_20260317_155354_612789.jpg,0.2,0.0
20260317_155354_656715,img_20260317_155354_656715.jpg,0.2,0.0
20260317_155354_718151,img_20260317_155354_718151.jpg,0.2,0.0
20260317_155354_772667,img_20260317_155354_772667.jpg,0.2,0.0
20260317_155354_823015,img_20260317_155354_823015.jpg,0.2,0.0
20260317_155354_873075,img_20260317_155354_873075.jpg,0.2,0.0
20260317_155354_929235,img_20260317_155354_929235.jpg,0.2,0.0
20260317_155354_984149,img_20260317_155354_984149.jpg,0.2,0.0
20260317_155355_028631,img_20260317_155355_028631.jpg,0.2,0.0
20260317_155355_079212,img_20260317_155355_079212.jpg,0.2,0.0
20260317_155355_133549,img_20260317_155355_133549.jpg,0.2,0.0
20260317_155355_187647,img_20260317_155355_187647.jpg,0.2,0.0
20260317_155355_223838,img_20260317_155355_223838.jpg,0.2,0.0
20260317_155355_293362,img_20260317_155355_293362.jpg,0.2,0.0
20260317_155355_341751,img_20260317_155355_341751.jpg,0.2,0.0
20260317_155355_393646,img_20260317_155355_393646.jpg,0.2,0.0
20260317_155355_441904,img_20260317_155355_441904.jpg,0.2,0.0
20260317_155355_497107,img_20260317_155355_497107.jpg,0.2,0.0
20260317_155355_546825,img_20260317_155355_546825.jpg,0.2,0.0
20260317_155355_586551,img_20260317_155355_586551.jpg,0.2,0.0
20260317_155355_648484,img_20260317_155355_648484.jpg,0.2,0.0
20260317_155355_689076,img_20260317_155355_689076.jpg,0.2,0.0
20260317_155355_755037,img_20260317_155355_755037.jpg,0.2,0.0
20260317_155355_803090,img_20260317_155355_803090.jpg,0.2,0.0
20260317_155355_857196,img_20260317_155355_857196.jpg,0.2,0.0
20260317_155355_905857,img_20260317_155355_905857.jpg,0.2,0.0
20260317_155355_957829,img_20260317_155355_957829.jpg,0.2,0.0
20260317_155356_006710,img_20260317_155356_006710.jpg,0.2,0.0
20260317_155356_061756,img_20260317_155356_061756.jpg,0.2,0.0
20260317_155356_112738,img_20260317_155356_112738.jpg,0.2,0.0
20260317_155356_163729,img_20260317_155356_163729.jpg,0.2,0.0
20260317_155356_203903,img_20260317_155356_203903.jpg,0.2,0.0
20260317_155356_269147,img_20260317_155356_269147.jpg,0.2,0.0
20260317_155356_306694,img_20260317_155356_306694.jpg,0.2,0.0
20260317_155356_371883,img_20260317_155356_371883.jpg,0.2,0.0
20260317_155356_421714,img_20260317_155356_421714.jpg,0.2,0.0
20260317_155356_475210,img_20260317_155356_475210.jpg,0.2,0.0
20260317_155356_536370,img_20260317_155356_536370.jpg,0.2,0.0
20260317_155356_569124,img_20260317_155356_569124.jpg,0.2,0.0
20260317_155356_626135,img_20260317_155356_626135.jpg,0.2,0.0
20260317_155356_679514,img_20260317_155356_679514.jpg,0.2,0.0
20260317_155356_729975,img_20260317_155356_729975.jpg,0.2,0.0
20260317_155356_783542,img_20260317_155356_783542.jpg,0.2,0.0
20260317_155356_835720,img_20260317_155356_835720.jpg,0.2,0.0
20260317_155356_882266,img_20260317_155356_882266.jpg,0.2,0.0
20260317_155356_933689,img_20260317_155356_933689.jpg,0.2,0.0
20260317_155356_987050,img_20260317_155356_987050.jpg,0.2,0.0
20260317_155357_037162,img_20260317_155357_037162.jpg,0.2,0.0
20260317_155357_091536,img_20260317_155357_091536.jpg,0.2,0.0
20260317_155357_132317,img_20260317_155357_132317.jpg,0.2,0.0
20260317_155357_182940,img_20260317_155357_182940.jpg,0.2,0.0
20260317_155357_248336,img_20260317_155357_248336.jpg,0.2,0.0
20260317_155357_301260,img_20260317_155357_301260.jpg,0.2,0.0
20260317_155357_339690,img_20260317_155357_339690.jpg,0.2,0.0
20260317_155357_406817,img_20260317_155357_406817.jpg,0.2,0.0
20260317_155357_455903,img_20260317_155357_455903.jpg,0.2,0.0
20260317_155357_507058,img_20260317_155357_507058.jpg,0.2,0.0
20260317_155357_556321,img_20260317_155357_556321.jpg,0.2,0.0
20260317_155357_608120,img_20260317_155357_608120.jpg,0.2,0.0
20260317_155357_657726,img_20260317_155357_657726.jpg,0.2,0.0
20260317_155357_709371,img_20260317_155357_709371.jpg,0.2,0.0
20260317_155357_760047,img_20260317_155357_760047.jpg,0.2,0.0
20260317_155357_813171,img_20260317_155357_813171.jpg,0.2,0.0
20260317_155357_865039,img_20260317_155357_865039.jpg,0.2,0.0
20260317_155357_915505,img_20260317_155357_915505.jpg,0.2,0.0
20260317_155357_964186,img_20260317_155357_964186.jpg,0.2,0.0
20260317_155358_020083,img_20260317_155358_020083.jpg,0.2,0.0
20260317_155358_072096,img_20260317_155358_072096.jpg,0.2,0.0
20260317_155358_123306,img_20260317_155358_123306.jpg,0.2,0.0
20260317_155358_164103,img_20260317_155358_164103.jpg,0.2,0.0
20260317_155358_223780,img_20260317_155358_223780.jpg,0.2,0.0
20260317_155358_274943,img_20260317_155358_274943.jpg,0.2,0.0
20260317_155358_333623,img_20260317_155358_333623.jpg,0.2,0.0
20260317_155358_384381,img_20260317_155358_384381.jpg,0.2,0.0
20260317_155358_434534,img_20260317_155358_434534.jpg,0.2,0.0
20260317_155358_474492,img_20260317_155358_474492.jpg,0.2,0.0
20260317_155358_537600,img_20260317_155358_537600.jpg,0.2,0.0
20260317_155358_589556,img_20260317_155358_589556.jpg,0.2,0.0
20260317_155358_639656,img_20260317_155358_639656.jpg,0.2,0.0
20260317_155358_689160,img_20260317_155358_689160.jpg,0.2,0.0
20260317_155358_730759,img_20260317_155358_730759.jpg,0.2,0.0
20260317_155358_782799,img_20260317_155358_782799.jpg,0.2,0.0
20260317_155358_846615,img_20260317_155358_846615.jpg,0.2,0.0
20260317_155358_892618,img_20260317_155358_892618.jpg,0.2,0.0
20260317_155358_943959,img_20260317_155358_943959.jpg,0.2,0.0
20260317_155358_986774,img_20260317_155358_986774.jpg,0.2,0.0
20260317_155359_046104,img_20260317_155359_046104.jpg,0.2,0.0
20260317_155359_099879,img_20260317_155359_099879.jpg,0.2,0.0
20260317_155359_137109,img_20260317_155359_137109.jpg,0.2,0.0
20260317_155359_199557,img_20260317_155359_199557.jpg,0.2,0.0
20260317_155359_250861,img_20260317_155359_250861.jpg,0.2,0.0
20260317_155359_306671,img_20260317_155359_306671.jpg,0.2,0.0
20260317_155359_342598,img_20260317_155359_342598.jpg,0.2,0.0
20260317_155359_408146,img_20260317_155359_408146.jpg,0.2,0.0
20260317_155359_457910,img_20260317_155359_457910.jpg,0.2,0.0
20260317_155359_509456,img_20260317_155359_509456.jpg,0.2,0.0
20260317_155359_565416,img_20260317_155359_565416.jpg,0.2,0.0
20260317_155359_615933,img_20260317_155359_615933.jpg,0.2,0.0
20260317_155359_667505,img_20260317_155359_667505.jpg,0.2,0.0
20260317_155359_718074,img_20260317_155359_718074.jpg,0.2,0.0
20260317_155359_771306,img_20260317_155359_771306.jpg,0.2,0.0
20260317_155359_818426,img_20260317_155359_818426.jpg,0.2,0.0
20260317_155359_874094,img_20260317_155359_874094.jpg,0.2,0.0
20260317_155359_925231,img_20260317_155359_925231.jpg,0.2,0.0
20260317_155359_975425,img_20260317_155359_975425.jpg,0.2,0.0
20260317_155400_027133,img_20260317_155400_027133.jpg,0.2,0.0
20260317_155400_066730,img_20260317_155400_066730.jpg,0.2,0.0
20260317_155400_116053,img_20260317_155400_116053.jpg,0.2,0.0
20260317_155400_169256,img_20260317_155400_169256.jpg,0.2,0.0
20260317_155400_220095,img_20260317_155400_220095.jpg,0.2,0.0
20260317_155400_284897,img_20260317_155400_284897.jpg,0.2,0.0
20260317_155400_333486,img_20260317_155400_333486.jpg,0.2,0.0
20260317_155400_386969,img_20260317_155400_386969.jpg,0.2,0.0
20260317_155400_440387,img_20260317_155400_440387.jpg,0.2,0.0
20260317_155400_491433,img_20260317_155400_491433.jpg,0.2,0.0
20260317_155400_538918,img_20260317_155400_538918.jpg,0.2,0.0
20260317_155400_589456,img_20260317_155400_589456.jpg,0.2,0.0
20260317_155400_633329,img_20260317_155400_633329.jpg,0.2,0.0
20260317_155400_693077,img_20260317_155400_693077.jpg,0.2,0.0
20260317_155400_744228,img_20260317_155400_744228.jpg,0.2,0.0
20260317_155400_794014,img_20260317_155400_794014.jpg,0.2,0.0
20260317_155400_844553,img_20260317_155400_844553.jpg,0.2,0.0
20260317_155400_898631,img_20260317_155400_898631.jpg,0.2,0.0
20260317_155400_950852,img_20260317_155400_950852.jpg,0.2,0.0
20260317_155400_997294,img_20260317_155400_997294.jpg,0.2,0.0
20260317_155401_050539,img_20260317_155401_050539.jpg,0.2,0.0
20260317_155401_101445,img_20260317_155401_101445.jpg,0.2,0.0
20260317_155401_153374,img_20260317_155401_153374.jpg,0.2,0.0
20260317_155401_196502,img_20260317_155401_196502.jpg,0.2,0.0
20260317_155401_259622,img_20260317_155401_259622.jpg,0.2,0.0
20260317_155401_302445,img_20260317_155401_302445.jpg,0.2,0.0
20260317_155401_365854,img_20260317_155401_365854.jpg,0.2,0.0
20260317_155401_402831,img_20260317_155401_402831.jpg,0.2,0.0
20260317_155401_461025,img_20260317_155401_461025.jpg,0.2,0.0
20260317_155401_521588,img_20260317_155401_521588.jpg,0.2,0.0
20260317_155401_574398,img_20260317_155401_574398.jpg,0.2,0.0
20260317_155401_622398,img_20260317_155401_622398.jpg,0.2,0.0
20260317_155401_676451,img_20260317_155401_676451.jpg,0.2,0.0
20260317_155401_725166,img_20260317_155401_725166.jpg,0.2,0.0
20260317_155401_779387,img_20260317_155401_779387.jpg,0.2,0.0
20260317_155401_817320,img_20260317_155401_817320.jpg,0.2,0.0
20260317_155401_879537,img_20260317_155401_879537.jpg,0.2,0.0
20260317_155401_920276,img_20260317_155401_920276.jpg,0.2,0.0
20260317_155401_988534,img_20260317_155401_988534.jpg,0.2,0.0
20260317_155402_037833,img_20260317_155402_037833.jpg,0.2,0.0
20260317_155402_087800,img_20260317_155402_087800.jpg,0.2,0.0
20260317_155402_132131,img_20260317_155402_132131.jpg,0.2,0.0
20260317_155402_191050,img_20260317_155402_191050.jpg,0.2,0.0
20260317_155402_228952,img_20260317_155402_228952.jpg,0.2,0.0
20260317_155402_293653,img_20260317_155402_293653.jpg,0.2,0.0
20260317_155402_346625,img_20260317_155402_346625.jpg,0.2,0.0
20260317_155402_386392,img_20260317_155402_386392.jpg,0.2,0.0
20260317_155402_452119,img_20260317_155402_452119.jpg,0.2,0.0
20260317_155402_504198,img_20260317_155402_504198.jpg,0.2,0.0
20260317_155402_552767,img_20260317_155402_552767.jpg,0.2,0.0
20260317_155402_606009,img_20260317_155402_606009.jpg,0.2,0.0
20260317_155402_646411,img_20260317_155402_646411.jpg,0.2,0.0
20260317_155402_695157,img_20260317_155402_695157.jpg,0.2,0.0
20260317_155402_759950,img_20260317_155402_759950.jpg,0.2,0.0
20260317_155402_811858,img_20260317_155402_811858.jpg,0.2,0.0
20260317_155402_850612,img_20260317_155402_850612.jpg,0.2,0.0
20260317_155402_913198,img_20260317_155402_913198.jpg,0.2,0.0
20260317_155402_953980,img_20260317_155402_953980.jpg,0.2,0.0
20260317_155403_018651,img_20260317_155403_018651.jpg,0.2,0.0
20260317_155403_066906,img_20260317_155403_066906.jpg,0.2,0.0
20260317_155403_119295,img_20260317_155403_119295.jpg,0.2,0.0
20260317_155403_170218,img_20260317_155403_170218.jpg,0.2,0.0
20260317_155403_209631,img_20260317_155403_209631.jpg,0.2,0.0
20260317_155403_261719,img_20260317_155403_261719.jpg,0.2,0.0
20260317_155403_322940,img_20260317_155403_322940.jpg,0.2,0.0
20260317_155403_374925,img_20260317_155403_374925.jpg,0.2,0.0
20260317_155403_424345,img_20260317_155403_424345.jpg,0.2,0.0
20260317_155403_469476,img_20260317_155403_469476.jpg,0.2,0.0
20260317_155403_530242,img_20260317_155403_530242.jpg,0.2,0.0
20260317_155403_582650,img_20260317_155403_582650.jpg,0.2,0.0
20260317_155403_634776,img_20260317_155403_634776.jpg,0.2,0.0
20260317_155403_687191,img_20260317_155403_687191.jpg,0.2,0.0
20260317_155403_725770,img_20260317_155403_725770.jpg,0.2,0.0
20260317_155403_791728,img_20260317_155403_791728.jpg,0.2,0.0
20260317_155403_831027,img_20260317_155403_831027.jpg,0.2,0.0
20260317_155403_891882,img_20260317_155403_891882.jpg,0.2,0.0
20260317_155403_940170,img_20260317_155403_940170.jpg,0.2,0.0
20260317_155403_990374,img_20260317_155403_990374.jpg,0.2,0.0
20260317_155404_046210,img_20260317_155404_046210.jpg,0.2,0.0
20260317_155404_095781,img_20260317_155404_095781.jpg,0.2,0.0
20260317_155404_147575,img_20260317_155404_147575.jpg,0.2,0.0
20260317_155404_197716,img_20260317_155404_197716.jpg,0.2,0.0
20260317_155404_235235,img_20260317_155404_235235.jpg,0.2,0.0
20260317_155404_298665,img_20260317_155404_298665.jpg,0.2,0.0
20260317_155404_351164,img_20260317_155404_351164.jpg,0.2,0.0
20260317_155404_408298,img_20260317_155404_408298.jpg,0.2,0.0
20260317_155404_447157,img_20260317_155404_447157.jpg,0.2,0.0
20260317_155404_508510,img_20260317_155404_508510.jpg,0.2,0.0
20260317_155404_561688,img_20260317_155404_561688.jpg,0.2,0.0
20260317_155404_616167,img_20260317_155404_616167.jpg,0.2,0.0
20260317_155404_662973,img_20260317_155404_662973.jpg,0.2,0.0
20260317_155404_712417,img_20260317_155404_712417.jpg,0.2,0.0
20260317_155404_771448,img_20260317_155404_771448.jpg,0.2,0.0
20260317_155404_820456,img_20260317_155404_820456.jpg,0.2,0.0
20260317_155404_857883,img_20260317_155404_857883.jpg,0.2,0.0
20260317_155404_909264,img_20260317_155404_909264.jpg,0.2,0.0
20260317_155404_972782,img_20260317_155404_972782.jpg,0.2,0.0
20260317_155405_025953,img_20260317_155405_025953.jpg,0.2,0.0
20260317_155405_083237,img_20260317_155405_083237.jpg,0.2,0.0
20260317_155405_122199,img_20260317_155405_122199.jpg,0.2,0.0
20260317_155405_178375,img_20260317_155405_178375.jpg,0.2,0.0
20260317_155405_230901,img_20260317_155405_230901.jpg,0.2,0.0
20260317_155405_283405,img_20260317_155405_283405.jpg,0.2,0.0
20260317_155405_333541,img_20260317_155405_333541.jpg,0.2,0.0
20260317_155405_385922,img_20260317_155405_385922.jpg,0.2,0.0
20260317_155405_445080,img_20260317_155405_445080.jpg,0.2,0.0
20260317_155405_497718,img_20260317_155405_497718.jpg,0.2,0.0
20260317_155405_547000,img_20260317_155405_547000.jpg,0.2,0.0
20260317_155405_594647,img_20260317_155405_594647.jpg,0.2,0.0
20260317_155405_649668,img_20260317_155405_649668.jpg,0.2,0.0
20260317_155405_699838,img_20260317_155405_699838.jpg,0.2,0.0
20260317_155405_741662,img_20260317_155405_741662.jpg,0.2,0.0
20260317_155405_802189,img_20260317_155405_802189.jpg,0.2,0.0
20260317_155405_847855,img_20260317_155405_847855.jpg,0.2,0.0
20260317_155405_910643,img_20260317_155405_910643.jpg,0.2,0.0
20260317_155405_965672,img_20260317_155405_965672.jpg,0.2,0.0
20260317_155406_008552,img_20260317_155406_008552.jpg,0.2,0.0
20260317_155406_069667,img_20260317_155406_069667.jpg,0.2,0.0
20260317_155406_120802,img_20260317_155406_120802.jpg,0.2,0.0
20260317_155406_173474,img_20260317_155406_173474.jpg,0.2,0.0
20260317_155406_226030,img_20260317_155406_226030.jpg,0.2,0.0
20260317_155406_281659,img_20260317_155406_281659.jpg,0.2,0.0
20260317_155406_333246,img_20260317_155406_333246.jpg,0.2,0.0
20260317_155406_384101,img_20260317_155406_384101.jpg,0.2,0.0
20260317_155406_436864,img_20260317_155406_436864.jpg,0.2,0.0
20260317_155406_491040,img_20260317_155406_491040.jpg,0.2,0.0
20260317_155406_545267,img_20260317_155406_545267.jpg,0.2,0.0
20260317_155406_587898,img_20260317_155406_587898.jpg,0.2,0.0
20260317_155406_646097,img_20260317_155406_646097.jpg,0.2,0.0
20260317_155406_703574,img_20260317_155406_703574.jpg,0.2,0.0
20260317_155406_754626,img_20260317_155406_754626.jpg,0.2,0.0
20260317_155406_802615,img_20260317_155406_802615.jpg,0.2,0.0
20260317_155406_856847,img_20260317_155406_856847.jpg,0.2,0.0
20260317_155406_907172,img_20260317_155406_907172.jpg,0.2,0.0
20260317_155406_959603,img_20260317_155406_959603.jpg,0.2,0.0
20260317_155407_017172,img_20260317_155407_017172.jpg,0.2,0.0
20260317_155407_078579,img_20260317_155407_078579.jpg,0.2,0.0
20260317_155407_123867,img_20260317_155407_123867.jpg,0.2,0.0
20260317_155407_173412,img_20260317_155407_173412.jpg,0.2,0.0
20260317_155407_229020,img_20260317_155407_229020.jpg,0.2,0.0
20260317_155407_273519,img_20260317_155407_273519.jpg,0.2,0.0
20260317_155407_330945,img_20260317_155407_330945.jpg,0.2,0.0
20260317_155407_382089,img_20260317_155407_382089.jpg,0.2,0.0
20260317_155407_437963,img_20260317_155407_437963.jpg,0.2,0.0
20260317_155407_476940,img_20260317_155407_476940.jpg,0.2,0.0
20260317_155407_546833,img_20260317_155407_546833.jpg,0.2,0.0
20260317_155407_600720,img_20260317_155407_600720.jpg,0.2,0.0
20260317_155407_650698,img_20260317_155407_650698.jpg,0.2,0.0
20260317_155407_695045,img_20260317_155407_695045.jpg,0.2,0.0
20260317_155407_746736,img_20260317_155407_746736.jpg,0.2,0.0
20260317_155407_810811,img_20260317_155407_810811.jpg,0.2,0.0
20260317_155407_851857,img_20260317_155407_851857.jpg,0.2,0.0
20260317_155407_914860,img_20260317_155407_914860.jpg,0.2,0.0
20260317_155407_956116,img_20260317_155407_956116.jpg,0.2,0.0
20260317_155408_019561,img_20260317_155408_019561.jpg,0.2,0.0
20260317_155408_060347,img_20260317_155408_060347.jpg,0.2,0.0
20260317_155408_124125,img_20260317_155408_124125.jpg,0.2,0.0
20260317_155408_163593,img_20260317_155408_163593.jpg,0.2,0.0
20260317_155408_226772,img_20260317_155408_226772.jpg,0.2,0.0
20260317_155408_277366,img_20260317_155408_277366.jpg,0.2,0.0
20260317_155408_319578,img_20260317_155408_319578.jpg,0.2,0.0
20260317_155408_382363,img_20260317_155408_382363.jpg,0.2,0.0
20260317_155408_423634,img_20260317_155408_423634.jpg,0.2,0.0
20260317_155408_486037,img_20260317_155408_486037.jpg,0.2,0.0
20260317_155408_536611,img_20260317_155408_536611.jpg,0.2,0.0
20260317_155408_588137,img_20260317_155408_588137.jpg,0.2,0.0
20260317_155408_638659,img_20260317_155408_638659.jpg,0.2,0.0
20260317_155408_695468,img_20260317_155408_695468.jpg,0.2,0.0
20260317_155408_747035,img_20260317_155408_747035.jpg,0.2,0.0
20260317_155408_788895,img_20260317_155408_788895.jpg,0.2,0.0
20260317_155408_838835,img_20260317_155408_838835.jpg,0.2,0.0
20260317_155408_902088,img_20260317_155408_902088.jpg,0.2,0.0
20260317_155408_956052,img_20260317_155408_956052.jpg,0.2,0.0
20260317_155408_997392,img_20260317_155408_997392.jpg,0.2,0.0
20260317_155409_056413,img_20260317_155409_056413.jpg,0.2,0.0
20260317_155409_111793,img_20260317_155409_111793.jpg,0.2,0.0
20260317_155409_153671,img_20260317_155409_153671.jpg,0.2,0.0
20260317_155409_203228,img_20260317_155409_203228.jpg,0.2,0.0
20260317_155409_264589,img_20260317_155409_264589.jpg,0.2,0.0
20260317_155409_318674,img_20260317_155409_318674.jpg,0.2,0.0
20260317_155409_372416,img_20260317_155409_372416.jpg,0.2,0.0
20260317_155409_425711,img_20260317_155409_425711.jpg,0.2,0.0
20260317_155409_464548,img_20260317_155409_464548.jpg,0.2,0.0
20260317_155409_527909,img_20260317_155409_527909.jpg,0.2,0.0
20260317_155409_579418,img_20260317_155409_579418.jpg,0.2,0.0
20260317_155409_634636,img_20260317_155409_634636.jpg,0.2,0.0
20260317_155409_673156,img_20260317_155409_673156.jpg,0.2,0.0
20260317_155409_740927,img_20260317_155409_740927.jpg,0.2,0.0
20260317_155409_781169,img_20260317_155409_781169.jpg,0.2,0.0
20260317_155409_843877,img_20260317_155409_843877.jpg,0.2,0.0
20260317_155408_551567,img_20260317_155408_551567.jpg,0.2,0.0
20260317_155408_612666,img_20260317_155408_612666.jpg,0.2,0.0
20260317_155408_665776,img_20260317_155408_665776.jpg,0.2,0.0
20260317_155408_720832,img_20260317_155408_720832.jpg,0.2,0.0
20260317_155408_762532,img_20260317_155408_762532.jpg,0.2,0.0
20260317_155408_821450,img_20260317_155408_821450.jpg,0.2,0.0
20260317_155408_884494,img_20260317_155408_884494.jpg,0.2,0.0
20260317_155408_936149,img_20260317_155408_936149.jpg,0.2,0.0
20260317_155408_987846,img_20260317_155408_987846.jpg,0.2,0.0
20260317_155409_036895,img_20260317_155409_036895.jpg,0.2,0.0
20260317_155409_088096,img_20260317_155409_088096.jpg,0.2,0.0
20260317_155409_126727,img_20260317_155409_126727.jpg,0.2,0.0
20260317_155409_193013,img_20260317_155409_193013.jpg,0.2,0.0
20260317_155409_242080,img_20260317_155409_242080.jpg,0.2,0.0
20260317_155409_297080,img_20260317_155409_297080.jpg,0.2,0.0
20260317_155409_341703,img_20260317_155409_341703.jpg,0.2,0.0
20260317_155409_393430,img_20260317_155409_393430.jpg,0.2,0.0
20260317_155409_455439,img_20260317_155409_455439.jpg,0.2,0.0
20260317_155409_510220,img_20260317_155409_510220.jpg,0.2,0.0
20260317_155409_560621,img_20260317_155409_560621.jpg,0.2,0.0
20260317_155409_613945,img_20260317_155409_613945.jpg,0.2,0.0
20260317_155409_671236,img_20260317_155409_671236.jpg,0.2,0.0
20260317_155409_719404,img_20260317_155409_719404.jpg,0.2,0.0
20260317_155409_770109,img_20260317_155409_770109.jpg,0.2,0.0
20260317_155409_811312,img_20260317_155409_811312.jpg,0.2,0.0
20260317_155409_875339,img_20260317_155409_875339.jpg,0.2,0.0
20260317_155409_926301,img_20260317_155409_926301.jpg,0.2,0.0
20260317_155409_981782,img_20260317_155409_981782.jpg,0.2,0.0
20260317_155410_032002,img_20260317_155410_032002.jpg,0.2,0.0
20260317_155410_078930,img_20260317_155410_078930.jpg,0.2,0.0
20260317_155410_148572,img_20260317_155410_148572.jpg,0.2,0.0
20260317_155410_191402,img_20260317_155410_191402.jpg,0.2,0.0
20260317_155410_228923,img_20260317_155410_228923.jpg,0.2,0.0
20260317_155410_282840,img_20260317_155410_282840.jpg,0.2,0.0
20260317_155410_344746,img_20260317_155410_344746.jpg,0.2,0.0
20260317_155410_398534,img_20260317_155410_398534.jpg,0.2,0.0
20260317_155410_448050,img_20260317_155410_448050.jpg,0.2,0.0
20260317_155410_500921,img_20260317_155410_500921.jpg,0.2,0.0
20260317_155410_551181,img_20260317_155410_551181.jpg,0.2,0.0
20260317_155410_605262,img_20260317_155410_605262.jpg,0.2,0.0
20260317_155410_655224,img_20260317_155410_655224.jpg,0.2,0.0
20260317_155410_698710,img_20260317_155410_698710.jpg,0.2,0.0
20260317_155410_759509,img_20260317_155410_759509.jpg,0.2,0.0
20260317_155410_807342,img_20260317_155410_807342.jpg,0.2,0.0
20260317_155410_856526,img_20260317_155410_856526.jpg,0.2,0.0
20260317_155410_915727,img_20260317_155410_915727.jpg,0.2,0.0
20260317_155410_957448,img_20260317_155410_957448.jpg,0.2,0.0
20260317_155411_019608,img_20260317_155411_019608.jpg,0.2,0.0
20260317_155411_059972,img_20260317_155411_059972.jpg,0.2,0.0
20260317_155411_125072,img_20260317_155411_125072.jpg,0.2,0.0
20260317_155411_175364,img_20260317_155411_175364.jpg,0.2,0.0
20260317_155411_232472,img_20260317_155411_232472.jpg,0.2,0.0
20260317_155411_269557,img_20260317_155411_269557.jpg,0.2,0.0
20260317_155411_325500,img_20260317_155411_325500.jpg,0.2,0.0
20260317_155411_383301,img_20260317_155411_383301.jpg,0.2,0.0
20260317_155411_436051,img_20260317_155411_436051.jpg,0.2,0.0
20260317_155411_476290,img_20260317_155411_476290.jpg,0.2,0.0
20260317_155411_539171,img_20260317_155411_539171.jpg,0.2,0.0
20260317_155411_581886,img_20260317_155411_581886.jpg,0.2,0.0
20260317_155411_630817,img_20260317_155411_630817.jpg,0.2,0.0
20260317_155411_693709,img_20260317_155411_693709.jpg,0.2,0.0
20260317_155411_735994,img_20260317_155411_735994.jpg,0.2,0.0
20260317_155411_802200,img_20260317_155411_802200.jpg,0.2,0.0
20260317_155411_847501,img_20260317_155411_847501.jpg,0.2,0.0
20260317_155411_901284,img_20260317_155411_901284.jpg,0.2,0.0
20260317_155411_952075,img_20260317_155411_952075.jpg,0.2,0.0
20260317_155412_005298,img_20260317_155412_005298.jpg,0.2,0.0
20260317_155412_052342,img_20260317_155412_052342.jpg,0.2,0.0
20260317_155412_110509,img_20260317_155412_110509.jpg,0.2,0.0
20260317_155412_152240,img_20260317_155412_152240.jpg,0.2,0.0
20260317_155412_214921,img_20260317_155412_214921.jpg,0.2,0.0
20260317_155412_254986,img_20260317_155412_254986.jpg,0.2,0.0
20260317_155412_320208,img_20260317_155412_320208.jpg,0.2,0.0
20260317_155412_360134,img_20260317_155412_360134.jpg,0.2,0.0
20260317_155412_423117,img_20260317_155412_423117.jpg,0.2,0.0
20260317_155412_474055,img_20260317_155412_474055.jpg,0.2,0.0
20260317_155412_527125,img_20260317_155412_527125.jpg,0.2,0.0
20260317_155412_578769,img_20260317_155412_578769.jpg,0.2,0.0
20260317_155412_632700,img_20260317_155412_632700.jpg,0.2,0.0
20260317_155412_682382,img_20260317_155412_682382.jpg,0.2,0.0
20260317_155412_734467,img_20260317_155412_734467.jpg,0.2,0.0
20260317_155412_775373,img_20260317_155412_775373.jpg,0.2,0.0
20260317_155412_841106,img_20260317_155412_841106.jpg,0.2,0.0
20260317_155412_891858,img_20260317_155412_891858.jpg,0.2,0.0
20260317_155412_944707,img_20260317_155412_944707.jpg,0.2,0.0
20260317_155412_982484,img_20260317_155412_982484.jpg,0.2,0.0
20260317_155413_045758,img_20260317_155413_045758.jpg,0.2,0.0
20260317_155413_087785,img_20260317_155413_087785.jpg,0.2,0.0
20260317_155413_143568,img_20260317_155413_143568.jpg,0.2,0.0
20260317_155413_203963,img_20260317_155413_203963.jpg,0.2,0.0
20260317_155413_249114,img_20260317_155413_249114.jpg,0.2,0.0
20260317_155413_315096,img_20260317_155413_315096.jpg,0.2,0.0
20260317_155413_358623,img_20260317_155413_358623.jpg,0.2,0.0
20260317_155413_412519,img_20260317_155413_412519.jpg,0.2,0.0
20260317_155413_450841,img_20260317_155413_450841.jpg,0.2,0.0
20260317_155413_515279,img_20260317_155413_515279.jpg,0.2,0.0
20260317_155413_568346,img_20260317_155413_568346.jpg,0.2,0.0
20260317_155413_623155,img_20260317_155413_623155.jpg,0.2,0.0
20260317_155413_676546,img_20260317_155413_676546.jpg,0.2,0.0
20260317_155413_727677,img_20260317_155413_727677.jpg,0.2,0.0
20260317_155413_777275,img_20260317_155413_777275.jpg,0.2,0.0
20260317_155413_820512,img_20260317_155413_820512.jpg,0.2,0.0
20260317_155413_883726,img_20260317_155413_883726.jpg,0.2,0.0
20260317_155413_931809,img_20260317_155413_931809.jpg,0.2,0.0
20260317_155413_986393,img_20260317_155413_986393.jpg,0.2,0.0
20260317_155414_037896,img_20260317_155414_037896.jpg,0.2,0.0
20260317_155414_092150,img_20260317_155414_092150.jpg,0.2,0.0
20260317_155414_143379,img_20260317_155414_143379.jpg,0.2,0.0
20260317_155414_227921,img_20260317_155414_227921.jpg,0.2,0.0
20260317_155414_311288,img_20260317_155414_311288.jpg,0.2,0.0
20260317_155414_388424,img_20260317_155414_388424.jpg,0.2,0.0
20260317_155414_445932,img_20260317_155414_445932.jpg,0.2,0.0
20260317_155414_532388,img_20260317_155414_532388.jpg,0.2,0.0
20260317_155414_599423,img_20260317_155414_599423.jpg,0.2,0.0
20260317_155414_674046,img_20260317_155414_674046.jpg,0.2,0.0
20260317_155414_754301,img_20260317_155414_754301.jpg,0.2,0.0
20260317_155414_846823,img_20260317_155414_846823.jpg,0.2,0.0
20260317_155414_905095,img_20260317_155414_905095.jpg,0.2,0.0
20260317_155414_983527,img_20260317_155414_983527.jpg,0.2,0.0
20260317_155415_053301,img_20260317_155415_053301.jpg,0.2,0.0
20260317_155415_123812,img_20260317_155415_123812.jpg,0.2,0.0
20260317_155415_193007,img_20260317_155415_193007.jpg,0.2,0.0
20260317_155415_265434,img_20260317_155415_265434.jpg,0.2,0.0
20260317_155415_331701,img_20260317_155415_331701.jpg,0.2,0.0
20260317_155415_380569,img_20260317_155415_380569.jpg,0.2,0.0
20260317_155415_455910,img_20260317_155415_455910.jpg,0.2,0.0
20260317_155415_512174,img_20260317_155415_512174.jpg,0.2,0.0
20260317_155415_553362,img_20260317_155415_553362.jpg,0.2,0.0
20260317_155415_606880,img_20260317_155415_606880.jpg,0.2,0.0
20260317_155415_644036,img_20260317_155415_644036.jpg,0.2,0.0
20260317_155415_705729,img_20260317_155415_705729.jpg,0.2,0.0
20260317_155415_746233,img_20260317_155415_746233.jpg,0.2,0.0
20260317_155415_812594,img_20260317_155415_812594.jpg,0.2,0.0
20260317_155415_864089,img_20260317_155415_864089.jpg,0.2,0.0
20260317_155415_917651,img_20260317_155415_917651.jpg,0.2,0.0
20260317_155415_969752,img_20260317_155415_969752.jpg,0.2,0.0
20260317_155416_021418,img_20260317_155416_021418.jpg,0.2,0.0
20260317_155416_057519,img_20260317_155416_057519.jpg,0.2,0.0
20260317_155416_111691,img_20260317_155416_111691.jpg,0.2,0.0
20260317_155416_164917,img_20260317_155416_164917.jpg,0.2,0.0
20260317_155416_231204,img_20260317_155416_231204.jpg,0.2,0.0
20260317_155416_286661,img_20260317_155416_286661.jpg,0.2,0.0
20260317_155416_324490,img_20260317_155416_324490.jpg,0.2,0.0
20260317_155416_374888,img_20260317_155416_374888.jpg,0.2,0.0
20260317_155416_427707,img_20260317_155416_427707.jpg,0.2,0.0
20260317_155416_481721,img_20260317_155416_481721.jpg,0.2,0.0
20260317_155416_542739,img_20260317_155416_542739.jpg,0.2,0.0
20260317_155416_596428,img_20260317_155416_596428.jpg,0.2,0.0
20260317_155416_636237,img_20260317_155416_636237.jpg,0.2,0.0
20260317_155416_704111,img_20260317_155416_704111.jpg,0.2,0.0
20260317_155416_747263,img_20260317_155416_747263.jpg,0.2,0.0
20260317_155416_789133,img_20260317_155416_789133.jpg,0.2,0.0
20260317_155416_850440,img_20260317_155416_850440.jpg,0.2,0.0
20260317_155416_893940,img_20260317_155416_893940.jpg,0.2,0.0
20260317_155416_958907,img_20260317_155416_958907.jpg,0.2,0.0
20260317_155416_999552,img_20260317_155416_999552.jpg,0.2,0.0
20260317_155417_064722,img_20260317_155417_064722.jpg,0.2,0.0
20260317_155417_117544,img_20260317_155417_117544.jpg,0.2,0.0
20260317_155417_170282,img_20260317_155417_170282.jpg,0.2,0.0
20260317_155417_221501,img_20260317_155417_221501.jpg,0.2,0.0
20260317_155417_274053,img_20260317_155417_274053.jpg,0.2,0.0
20260317_155417_312526,img_20260317_155417_312526.jpg,0.2,0.0
20260317_155417_368393,img_20260317_155417_368393.jpg,0.2,0.0
20260317_155417_425979,img_20260317_155417_425979.jpg,0.2,0.0
20260317_155417_486254,img_20260317_155417_486254.jpg,0.2,0.0
20260317_155417_538231,img_20260317_155417_538231.jpg,0.2,0.0
20260317_155417_583461,img_20260317_155417_583461.jpg,0.2,0.0
20260317_155417_639086,img_20260317_155417_639086.jpg,0.2,0.0
20260317_155417_692141,img_20260317_155417_692141.jpg,0.2,0.0
20260317_155417_745798,img_20260317_155417_745798.jpg,0.2,0.0
20260317_155417_789187,img_20260317_155417_789187.jpg,0.2,0.0
20260317_155417_852509,img_20260317_155417_852509.jpg,0.2,0.0
20260317_155417_901817,img_20260317_155417_901817.jpg,0.2,0.0
20260317_155417_957153,img_20260317_155417_957153.jpg,0.2,0.0
20260317_155418_006705,img_20260317_155418_006705.jpg,0.2,0.0
20260317_155418_061491,img_20260317_155418_061491.jpg,0.2,0.0
20260317_155418_111594,img_20260317_155418_111594.jpg,0.2,0.0
20260317_155418_166633,img_20260317_155418_166633.jpg,0.2,0.0
20260317_155418_221765,img_20260317_155418_221765.jpg,0.2,0.0
20260317_155418_259018,img_20260317_155418_259018.jpg,0.2,0.0
20260317_155418_321466,img_20260317_155418_321466.jpg,0.2,0.0
20260317_155418_363221,img_20260317_155418_363221.jpg,0.2,0.0
20260317_155418_427261,img_20260317_155418_427261.jpg,0.2,0.0
20260317_155418_477264,img_20260317_155418_477264.jpg,0.2,0.0
20260317_155418_521738,img_20260317_155418_521738.jpg,0.2,0.0
20260317_155418_583925,img_20260317_155418_583925.jpg,0.2,0.0
20260317_155418_637356,img_20260317_155418_637356.jpg,0.2,0.0
20260317_155418_692575,img_20260317_155418_692575.jpg,0.2,0.0
20260317_155418_744275,img_20260317_155418_744275.jpg,0.2,0.0
20260317_155418_797854,img_20260317_155418_797854.jpg,0.2,0.0
20260317_155418_834206,img_20260317_155418_834206.jpg,0.2,0.0
20260317_155418_904936,img_20260317_155418_904936.jpg,0.2,0.0
20260317_155418_955874,img_20260317_155418_955874.jpg,0.2,0.0
20260317_155419_007203,img_20260317_155419_007203.jpg,0.2,0.0
20260317_155419_057903,img_20260317_155419_057903.jpg,0.2,0.0
20260317_155419_110471,img_20260317_155419_110471.jpg,0.2,0.0
20260317_155419_165389,img_20260317_155419_165389.jpg,0.2,0.0
20260317_155419_216431,img_20260317_155419_216431.jpg,0.2,0.0
20260317_155419_268833,img_20260317_155419_268833.jpg,0.2,0.0
20260317_155419_324208,img_20260317_155419_324208.jpg,0.2,0.0
20260317_155419_363004,img_20260317_155419_363004.jpg,0.2,0.0
20260317_155419_415108,img_20260317_155419_415108.jpg,0.2,0.0
20260317_155419_466276,img_20260317_155419_466276.jpg,0.2,0.0
20260317_155419_533649,img_20260317_155419_533649.jpg,0.2,0.0
20260317_155419_585027,img_20260317_155419_585027.jpg,0.2,0.0
20260317_155419_629309,img_20260317_155419_629309.jpg,0.2,0.0
20260317_155419_688547,img_20260317_155419_688547.jpg,0.2,0.0
20260317_155419_740273,img_20260317_155419_740273.jpg,0.2,0.0
20260317_155419_793038,img_20260317_155419_793038.jpg,0.2,0.0
20260317_155419_832729,img_20260317_155419_832729.jpg,0.2,0.0
20260317_155419_897944,img_20260317_155419_897944.jpg,0.2,0.0
20260317_155419_944570,img_20260317_155419_944570.jpg,0.2,0.0
20260317_155420_000223,img_20260317_155420_000223.jpg,0.2,0.0
20260317_155420_053192,img_20260317_155420_053192.jpg,0.2,0.0
20260317_155420_097147,img_20260317_155420_097147.jpg,0.2,0.0
20260317_155420_155041,img_20260317_155420_155041.jpg,0.2,0.0
20260317_155420_211060,img_20260317_155420_211060.jpg,0.2,0.0
20260317_155420_255387,img_20260317_155420_255387.jpg,0.2,0.0
20260317_155420_316288,img_20260317_155420_316288.jpg,0.2,0.0
20260317_155420_356702,img_20260317_155420_356702.jpg,0.2,0.0
20260317_155420_422463,img_20260317_155420_422463.jpg,0.2,0.0
20260317_155420_470110,img_20260317_155420_470110.jpg,0.2,0.0
20260317_155420_526188,img_20260317_155420_526188.jpg,0.2,0.0
20260317_155420_575819,img_20260317_155420_575819.jpg,0.2,0.0
20260317_155420_627035,img_20260317_155420_627035.jpg,0.2,0.0
20260317_155420_676583,img_20260317_155420_676583.jpg,0.2,0.0
20260317_155420_731434,img_20260317_155420_731434.jpg,0.2,0.0
20260317_155420_773209,img_20260317_155420_773209.jpg,0.2,0.0
20260317_155420_836320,img_20260317_155420_836320.jpg,0.2,0.0
20260317_155420_886137,img_20260317_155420_886137.jpg,0.2,0.0
20260317_155420_941162,img_20260317_155420_941162.jpg,0.2,0.0
20260317_155420_989504,img_20260317_155420_989504.jpg,0.2,0.0
20260317_155421_042106,img_20260317_155421_042106.jpg,0.2,0.0
20260317_155421_095113,img_20260317_155421_095113.jpg,0.2,0.0
20260317_155421_149674,img_20260317_155421_149674.jpg,0.2,0.0
20260317_155421_200250,img_20260317_155421_200250.jpg,0.2,0.0
20260317_155421_245326,img_20260317_155421_245326.jpg,0.2,0.0
20260317_155421_305118,img_20260317_155421_305118.jpg,0.2,0.0
20260317_155421_358138,img_20260317_155421_358138.jpg,0.2,0.0
20260317_155421_400558,img_20260317_155421_400558.jpg,0.2,0.0
20260317_155421_467966,img_20260317_155421_467966.jpg,0.2,0.0
20260317_155421_512924,img_20260317_155421_512924.jpg,0.2,0.0
20260317_155421_565605,img_20260317_155421_565605.jpg,0.2,0.0
20260317_155421_615123,img_20260317_155421_615123.jpg,0.2,0.0
20260317_155421_660508,img_20260317_155421_660508.jpg,0.2,0.0
20260317_155421_721143,img_20260317_155421_721143.jpg,0.2,0.0
20260317_155421_774472,img_20260317_155421_774472.jpg,0.2,0.0
20260317_155421_828973,img_20260317_155421_828973.jpg,0.2,0.0
20260317_155421_877628,img_20260317_155421_877628.jpg,0.2,0.0
20260317_155421_929567,img_20260317_155421_929567.jpg,0.2,0.0
20260317_155421_969915,img_20260317_155421_969915.jpg,0.2,0.0
20260317_155422_036369,img_20260317_155422_036369.jpg,0.2,0.0
20260317_155422_071892,img_20260317_155422_071892.jpg,0.2,0.0
20260317_155422_125448,img_20260317_155422_125448.jpg,0.2,0.0
20260317_155422_176310,img_20260317_155422_176310.jpg,0.2,0.0
20260317_155422_240111,img_20260317_155422_240111.jpg,0.2,0.0
20260317_155422_282346,img_20260317_155422_282346.jpg,0.2,0.0
20260317_155422_335990,img_20260317_155422_335990.jpg,0.2,0.0
20260317_155422_397869,img_20260317_155422_397869.jpg,0.2,0.0
20260317_155422_451327,img_20260317_155422_451327.jpg,0.2,0.0
20260317_155422_500723,img_20260317_155422_500723.jpg,0.2,0.0
20260317_155422_556088,img_20260317_155422_556088.jpg,0.2,0.0
20260317_155422_606730,img_20260317_155422_606730.jpg,0.2,0.0
20260317_155422_657800,img_20260317_155422_657800.jpg,0.2,0.0
20260317_155422_698343,img_20260317_155422_698343.jpg,0.2,0.0
20260317_155422_762795,img_20260317_155422_762795.jpg,0.2,0.0
20260317_155422_811935,img_20260317_155422_811935.jpg,0.2,0.0
20260317_155422_864868,img_20260317_155422_864868.jpg,0.2,0.0
20260317_155422_923578,img_20260317_155422_923578.jpg,0.2,0.0
20260317_155422_970745,img_20260317_155422_970745.jpg,0.2,0.0
20260317_155423_018598,img_20260317_155423_018598.jpg,0.2,0.0
20260317_155423_062984,img_20260317_155423_062984.jpg,0.2,0.0
20260317_155423_125034,img_20260317_155423_125034.jpg,0.2,0.0
20260317_155423_175401,img_20260317_155423_175401.jpg,0.2,0.0
20260317_155423_218821,img_20260317_155423_218821.jpg,0.2,0.0
20260317_155423_266748,img_20260317_155423_266748.jpg,0.2,0.0
20260317_155423_329631,img_20260317_155423_329631.jpg,0.2,0.0
20260317_155423_384534,img_20260317_155423_384534.jpg,0.2,0.0
20260317_155423_437058,img_20260317_155423_437058.jpg,0.2,0.0
20260317_155423_474162,img_20260317_155423_474162.jpg,0.2,0.0
20260317_155423_525588,img_20260317_155423_525588.jpg,0.2,0.0
20260317_155423_588167,img_20260317_155423_588167.jpg,0.2,0.0
20260317_155423_633663,img_20260317_155423_633663.jpg,0.2,0.0
20260317_155423_694713,img_20260317_155423_694713.jpg,0.2,0.0
20260317_155423_749262,img_20260317_155423_749262.jpg,0.2,0.0
20260317_155423_792583,img_20260317_155423_792583.jpg,0.2,0.0
20260317_155423_850322,img_20260317_155423_850322.jpg,0.2,0.0
20260317_155423_904151,img_20260317_155423_904151.jpg,0.2,0.0
20260317_155423_958740,img_20260317_155423_958740.jpg,0.2,0.0
20260317_155424_006803,img_20260317_155424_006803.jpg,0.2,0.0
20260317_155424_061532,img_20260317_155424_061532.jpg,0.2,0.0
20260317_155424_109690,img_20260317_155424_109690.jpg,0.2,0.0
20260317_155424_167925,img_20260317_155424_167925.jpg,0.2,0.0
20260317_155424_218197,img_20260317_155424_218197.jpg,0.2,0.0
20260317_155424_270668,img_20260317_155424_270668.jpg,0.2,0.0
20260317_155424_311650,img_20260317_155424_311650.jpg,0.2,0.0
20260317_155424_375725,img_20260317_155424_375725.jpg,0.2,0.0
20260317_155424_419372,img_20260317_155424_419372.jpg,0.2,0.0
20260317_155424_479657,img_20260317_155424_479657.jpg,0.2,0.0
20260317_155424_525908,img_20260317_155424_525908.jpg,0.2,0.0
20260317_155424_581119,img_20260317_155424_581119.jpg,0.2,0.0
20260317_155424_621736,img_20260317_155424_621736.jpg,0.2,0.0
20260317_155424_691191,img_20260317_155424_691191.jpg,0.2,0.0
20260317_155424_731476,img_20260317_155424_731476.jpg,0.2,0.0
20260317_155424_785171,img_20260317_155424_785171.jpg,0.2,0.0
20260317_155424_847692,img_20260317_155424_847692.jpg,0.2,0.0
20260317_155424_898664,img_20260317_155424_898664.jpg,0.2,0.0
20260317_155424_941872,img_20260317_155424_941872.jpg,0.2,0.0
20260317_155424_993150,img_20260317_155424_993150.jpg,0.2,0.0
20260317_155425_054432,img_20260317_155425_054432.jpg,0.2,0.0
20260317_155425_107595,img_20260317_155425_107595.jpg,0.2,0.0
20260317_155425_158962,img_20260317_155425_158962.jpg,0.2,0.0
20260317_155425_202578,img_20260317_155425_202578.jpg,0.2,0.0
20260317_155425_263424,img_20260317_155425_263424.jpg,0.2,0.0
20260317_155425_306844,img_20260317_155425_306844.jpg,0.2,0.0
20260317_155425_370568,img_20260317_155425_370568.jpg,0.2,0.0
20260317_155425_409165,img_20260317_155425_409165.jpg,0.2,0.0
20260317_155425_461541,img_20260317_155425_461541.jpg,0.2,0.0
20260317_155425_524020,img_20260317_155425_524020.jpg,0.2,0.0
20260317_155425_575688,img_20260317_155425_575688.jpg,0.2,0.0
20260317_155425_625965,img_20260317_155425_625965.jpg,0.2,0.0
20260317_155425_679061,img_20260317_155425_679061.jpg,0.2,0.0
20260317_155425_739874,img_20260317_155425_739874.jpg,0.2,0.0
20260317_155425_784553,img_20260317_155425_784553.jpg,0.2,0.0
20260317_155425_832346,img_20260317_155425_832346.jpg,0.2,0.0
20260317_155425_886717,img_20260317_155425_886717.jpg,0.2,0.0
20260317_155425_929248,img_20260317_155425_929248.jpg,0.2,0.0
20260317_155425_995089,img_20260317_155425_995089.jpg,0.2,0.0
20260317_155426_045518,img_20260317_155426_045518.jpg,0.2,0.0
20260317_155426_087756,img_20260317_155426_087756.jpg,0.2,0.0
20260317_155426_149796,img_20260317_155426_149796.jpg,0.2,0.0
20260317_155426_201990,img_20260317_155426_201990.jpg,0.2,0.0
20260317_155426_255920,img_20260317_155426_255920.jpg,0.2,0.0
20260317_155426_296694,img_20260317_155426_296694.jpg,0.2,0.0
20260317_155426_347736,img_20260317_155426_347736.jpg,0.2,0.0
20260317_155426_409314,img_20260317_155426_409314.jpg,0.2,0.0
20260317_155426_464791,img_20260317_155426_464791.jpg,0.2,0.0
20260317_155426_502595,img_20260317_155426_502595.jpg,0.2,0.0
20260317_155426_565744,img_20260317_155426_565744.jpg,0.2,0.0
20260317_155426_615619,img_20260317_155426_615619.jpg,0.2,0.0
20260317_155426_659575,img_20260317_155426_659575.jpg,0.2,0.0
20260317_155426_709908,img_20260317_155426_709908.jpg,0.2,0.0
20260317_155426_772033,img_20260317_155426_772033.jpg,0.2,0.0
20260317_155426_817995,img_20260317_155426_817995.jpg,0.2,0.0
20260317_155426_876547,img_20260317_155426_876547.jpg,0.2,0.0
20260317_155426_915637,img_20260317_155426_915637.jpg,0.2,0.0
20260317_155426_982141,img_20260317_155426_982141.jpg,0.2,0.0
20260317_155427_039112,img_20260317_155427_039112.jpg,0.2,0.0
20260317_155427_085810,img_20260317_155427_085810.jpg,0.2,0.0
20260317_155427_136298,img_20260317_155427_136298.jpg,0.2,0.0
20260317_155427_187073,img_20260317_155427_187073.jpg,0.2,0.0
20260317_155427_242826,img_20260317_155427_242826.jpg,0.2,0.0
20260317_155427_295472,img_20260317_155427_295472.jpg,0.2,0.0
20260317_155427_344937,img_20260317_155427_344937.jpg,0.2,0.0
20260317_155427_397085,img_20260317_155427_397085.jpg,0.2,0.0
20260317_155427_448087,img_20260317_155427_448087.jpg,0.2,0.0
20260317_155427_500380,img_20260317_155427_500380.jpg,0.2,0.0
20260317_155427_552139,img_20260317_155427_552139.jpg,0.2,0.0
20260317_155427_606708,img_20260317_155427_606708.jpg,0.2,0.0
20260317_155427_655405,img_20260317_155427_655405.jpg,0.2,0.0
20260317_155427_710449,img_20260317_155427_710449.jpg,0.2,0.0
20260317_155427_759789,img_20260317_155427_759789.jpg,0.2,0.0
20260317_155427_811686,img_20260317_155427_811686.jpg,0.2,0.0
20260317_155427_855487,img_20260317_155427_855487.jpg,0.2,0.0
20260317_155427_907336,img_20260317_155427_907336.jpg,0.2,0.0
20260317_155427_968876,img_20260317_155427_968876.jpg,0.2,0.0
20260317_155428_023439,img_20260317_155428_023439.jpg,0.2,0.0
20260317_155428_073815,img_20260317_155428_073815.jpg,0.2,0.0
20260317_155428_129584,img_20260317_155428_129584.jpg,0.2,0.0
20260317_155428_183831,img_20260317_155428_183831.jpg,0.2,0.0
20260317_155428_232533,img_20260317_155428_232533.jpg,0.2,0.0
20260317_155428_289857,img_20260317_155428_289857.jpg,0.2,0.0
20260317_155428_334474,img_20260317_155428_334474.jpg,0.2,0.0
20260317_155428_389818,img_20260317_155428_389818.jpg,0.2,0.0
20260317_155428_436015,img_20260317_155428_436015.jpg,0.2,0.0
20260317_155428_486726,img_20260317_155428_486726.jpg,0.2,0.0
20260317_155428_536177,img_20260317_155428_536177.jpg,0.2,0.0
20260317_155428_579747,img_20260317_155428_579747.jpg,0.2,0.0
20260317_155428_641705,img_20260317_155428_641705.jpg,0.2,0.0
20260317_155428_694926,img_20260317_155428_694926.jpg,0.2,0.0
20260317_155428_750339,img_20260317_155428_750339.jpg,0.2,0.0
20260317_155428_799679,img_20260317_155428_799679.jpg,0.2,0.0
20260317_155428_851543,img_20260317_155428_851543.jpg,0.2,0.0
20260317_155428_890580,img_20260317_155428_890580.jpg,0.2,0.0
20260317_155428_955789,img_20260317_155428_955789.jpg,0.2,0.0
20260317_155429_005497,img_20260317_155429_005497.jpg,0.2,0.0
20260317_155429_048787,img_20260317_155429_048787.jpg,0.2,0.0
20260317_155429_097824,img_20260317_155429_097824.jpg,0.2,0.0
20260317_155429_158537,img_20260317_155429_158537.jpg,0.2,0.0
20260317_155429_202752,img_20260317_155429_202752.jpg,0.2,0.0
20260317_155429_254368,img_20260317_155429_254368.jpg,0.2,0.0
20260317_155429_315560,img_20260317_155429_315560.jpg,0.2,0.0
20260317_155429_359753,img_20260317_155429_359753.jpg,0.2,0.0
20260317_155429_409245,img_20260317_155429_409245.jpg,0.2,0.0
20260317_155429_460817,img_20260317_155429_460817.jpg,0.2,0.0
20260317_155429_521165,img_20260317_155429_521165.jpg,0.2,0.0
20260317_155429_575401,img_20260317_155429_575401.jpg,0.2,0.0
20260317_155429_625034,img_20260317_155429_625034.jpg,0.2,0.0
20260317_155429_678115,img_20260317_155429_678115.jpg,0.2,0.0
20260317_155429_735207,img_20260317_155429_735207.jpg,0.2,0.0
20260317_155429_780344,img_20260317_155429_780344.jpg,0.2,0.0
20260317_155429_829009,img_20260317_155429_829009.jpg,0.2,0.0
20260317_155429_885285,img_20260317_155429_885285.jpg,0.2,0.0
20260317_155429_936783,img_20260317_155429_936783.jpg,0.2,0.0
20260317_155429_991221,img_20260317_155429_991221.jpg,0.2,0.0
20260317_155430_042806,img_20260317_155430_042806.jpg,0.2,0.0
20260317_155430_094518,img_20260317_155430_094518.jpg,0.2,0.0
20260317_155430_143509,img_20260317_155430_143509.jpg,0.2,0.0
20260317_155430_196620,img_20260317_155430_196620.jpg,0.2,0.0
20260317_155430_247641,img_20260317_155430_247641.jpg,0.2,0.0
20260317_155430_303586,img_20260317_155430_303586.jpg,0.2,0.0
20260317_155430_352049,img_20260317_155430_352049.jpg,0.2,0.0
20260317_155430_406236,img_20260317_155430_406236.jpg,0.2,0.0
20260317_155430_446532,img_20260317_155430_446532.jpg,0.2,0.0
20260317_155430_508007,img_20260317_155430_508007.jpg,0.2,0.0
20260317_155430_560208,img_20260317_155430_560208.jpg,0.2,0.0
20260317_155430_613912,img_20260317_155430_613912.jpg,0.2,0.0
20260317_155430_665292,img_20260317_155430_665292.jpg,0.2,0.0
20260317_155430_706312,img_20260317_155430_706312.jpg,0.2,0.0
20260317_155430_759965,img_20260317_155430_759965.jpg,0.2,0.0
20260317_155430_812499,img_20260317_155430_812499.jpg,0.2,0.0
20260317_155430_867999,img_20260317_155430_867999.jpg,0.2,0.0
20260317_155430_929194,img_20260317_155430_929194.jpg,0.2,0.0
20260317_155430_982448,img_20260317_155430_982448.jpg,0.2,0.0
20260317_155431_037118,img_20260317_155431_037118.jpg,0.2,0.0
20260317_155431_084878,img_20260317_155431_084878.jpg,0.2,0.0
20260317_155431_121504,img_20260317_155431_121504.jpg,0.2,0.0
20260317_155431_173459,img_20260317_155431_173459.jpg,0.2,0.0
20260317_155431_226400,img_20260317_155431_226400.jpg,0.2,0.0
20260317_155431_281171,img_20260317_155431_281171.jpg,0.2,0.0
20260317_155431_332341,img_20260317_155431_332341.jpg,0.2,0.0
20260317_155431_385417,img_20260317_155431_385417.jpg,0.2,0.0
20260317_155431_444336,img_20260317_155431_444336.jpg,0.2,0.0
20260317_155431_498250,img_20260317_155431_498250.jpg,0.2,0.0
20260317_155431_548529,img_20260317_155431_548529.jpg,0.2,0.0
20260317_155431_606991,img_20260317_155431_606991.jpg,0.2,0.0
20260317_155431_653892,img_20260317_155431_653892.jpg,0.2,0.0
20260317_155431_698573,img_20260317_155431_698573.jpg,0.2,0.0
20260317_155431_746997,img_20260317_155431_746997.jpg,0.2,0.0
20260317_155431_808881,img_20260317_155431_808881.jpg,0.2,0.0
20260317_155431_861968,img_20260317_155431_861968.jpg,0.2,0.0
20260317_155431_916549,img_20260317_155431_916549.jpg,0.2,0.0
20260317_155431_956952,img_20260317_155431_956952.jpg,0.2,0.0
20260317_155432_022997,img_20260317_155432_022997.jpg,0.2,0.0
20260317_155432_074858,img_20260317_155432_074858.jpg,0.2,0.0
20260317_155432_133625,img_20260317_155432_133625.jpg,0.2,0.0
20260317_155432_168077,img_20260317_155432_168077.jpg,0.2,0.0
20260317_155432_234259,img_20260317_155432_234259.jpg,0.2,0.0
20260317_155432_282618,img_20260317_155432_282618.jpg,0.2,0.0
20260317_155432_334397,img_20260317_155432_334397.jpg,0.2,0.0
20260317_155432_383738,img_20260317_155432_383738.jpg,0.2,0.0
20260317_155432_440375,img_20260317_155432_440375.jpg,0.2,0.0
20260317_155432_489750,img_20260317_155432_489750.jpg,0.2,0.0
20260317_155432_545143,img_20260317_155432_545143.jpg,0.2,0.0
20260317_155432_595853,img_20260317_155432_595853.jpg,0.2,0.0
20260317_155432_640705,img_20260317_155432_640705.jpg,0.2,0.0
20260317_155432_701619,img_20260317_155432_701619.jpg,0.2,0.0
20260317_155432_745188,img_20260317_155432_745188.jpg,0.2,0.0
20260317_155432_807832,img_20260317_155432_807832.jpg,0.2,0.0
20260317_155432_848230,img_20260317_155432_848230.jpg,0.2,0.0
20260317_155432_909276,img_20260317_155432_909276.jpg,0.2,0.0
20260317_155432_961450,img_20260317_155432_961450.jpg,0.2,0.0
20260317_155433_004936,img_20260317_155433_004936.jpg,0.2,0.0
20260317_155433_053944,img_20260317_155433_053944.jpg,0.2,0.0
20260317_155433_105997,img_20260317_155433_105997.jpg,0.2,0.0
20260317_155433_172174,img_20260317_155433_172174.jpg,0.2,0.0
20260317_155433_224057,img_20260317_155433_224057.jpg,0.2,0.0
20260317_155433_273253,img_20260317_155433_273253.jpg,0.2,0.0
20260317_155433_328067,img_20260317_155433_328067.jpg,0.2,0.0
20260317_155433_372392,img_20260317_155433_372392.jpg,0.2,0.0
20260317_155433_431239,img_20260317_155433_431239.jpg,0.2,0.0
20260317_155433_472851,img_20260317_155433_472851.jpg,0.2,0.0
20260317_155433_535151,img_20260317_155433_535151.jpg,0.2,0.0
20260317_155433_586984,img_20260317_155433_586984.jpg,0.2,0.0
20260317_155433_639411,img_20260317_155433_639411.jpg,0.2,0.0
20260317_155433_685339,img_20260317_155433_685339.jpg,0.2,0.0
20260317_155433_742279,img_20260317_155433_742279.jpg,0.2,0.0
20260317_155433_796538,img_20260317_155433_796538.jpg,0.2,0.0
20260317_155433_848731,img_20260317_155433_848731.jpg,0.2,0.0
20260317_155433_900928,img_20260317_155433_900928.jpg,0.2,0.0
20260317_155433_943283,img_20260317_155433_943283.jpg,0.2,0.0
20260317_155434_003526,img_20260317_155434_003526.jpg,0.2,0.0
20260317_155434_042898,img_20260317_155434_042898.jpg,0.2,0.0
20260317_155434_095037,img_20260317_155434_095037.jpg,0.2,0.0
20260317_155434_143903,img_20260317_155434_143903.jpg,0.2,0.0
20260317_155434_211652,img_20260317_155434_211652.jpg,0.2,0.0
20260317_155434_263225,img_20260317_155434_263225.jpg,0.2,0.0
20260317_155434_304348,img_20260317_155434_304348.jpg,0.2,0.0
20260317_155434_366002,img_20260317_155434_366002.jpg,0.2,0.0
20260317_155434_417748,img_20260317_155434_417748.jpg,0.2,0.0
20260317_155434_476848,img_20260317_155434_476848.jpg,0.2,0.0
20260317_155434_523559,img_20260317_155434_523559.jpg,0.2,0.0
20260317_155434_564086,img_20260317_155434_564086.jpg,0.2,0.0
20260317_155434_627443,img_20260317_155434_627443.jpg,0.2,0.0
20260317_155434_677714,img_20260317_155434_677714.jpg,0.2,0.0
20260317_155434_729152,img_20260317_155434_729152.jpg,0.2,0.0
20260317_155434_781659,img_20260317_155434_781659.jpg,0.2,0.0
20260317_155434_839539,img_20260317_155434_839539.jpg,0.2,0.0
20260317_155434_898027,img_20260317_155434_898027.jpg,0.2,0.0
20260317_155434_933721,img_20260317_155434_933721.jpg,0.2,0.0
20260317_155434_988378,img_20260317_155434_988378.jpg,0.2,0.0
20260317_155435_040349,img_20260317_155435_040349.jpg,0.2,0.0
20260317_155435_104096,img_20260317_155435_104096.jpg,0.2,0.0
20260317_155435_145171,img_20260317_155435_145171.jpg,0.2,0.0
20260317_155435_209300,img_20260317_155435_209300.jpg,0.2,0.0
20260317_155435_250397,img_20260317_155435_250397.jpg,0.2,0.0
20260317_155435_302618,img_20260317_155435_302618.jpg,0.2,0.0
20260317_155435_366961,img_20260317_155435_366961.jpg,0.2,0.0
20260317_155435_418411,img_20260317_155435_418411.jpg,0.2,0.0
20260317_155435_467009,img_20260317_155435_467009.jpg,0.2,0.0
20260317_155435_519680,img_20260317_155435_519680.jpg,0.2,0.0
20260317_155435_572904,img_20260317_155435_572904.jpg,0.2,0.0
20260317_155435_621823,img_20260317_155435_621823.jpg,0.2,0.0
20260317_155435_674941,img_20260317_155435_674941.jpg,0.2,0.0
20260317_155435_718251,img_20260317_155435_718251.jpg,0.2,0.0
20260317_155435_773979,img_20260317_155435_773979.jpg,0.2,0.0
20260317_155435_828670,img_20260317_155435_828670.jpg,0.2,0.0
20260317_155435_888949,img_20260317_155435_888949.jpg,0.2,0.0
20260317_155435_941985,img_20260317_155435_941985.jpg,0.2,0.0
20260317_155435_995373,img_20260317_155435_995373.jpg,0.2,0.0
20260317_155436_047261,img_20260317_155436_047261.jpg,0.2,0.0
20260317_155436_101181,img_20260317_155436_101181.jpg,0.2,0.0
20260317_155436_148725,img_20260317_155436_148725.jpg,0.2,0.0
20260317_155436_202375,img_20260317_155436_202375.jpg,0.2,0.0
20260317_155436_255409,img_20260317_155436_255409.jpg,0.2,0.0
20260317_155436_302776,img_20260317_155436_302776.jpg,0.2,0.0
20260317_155436_350837,img_20260317_155436_350837.jpg,0.2,0.0
20260317_155436_411891,img_20260317_155436_411891.jpg,0.2,0.0
20260317_155436_452797,img_20260317_155436_452797.jpg,0.2,0.0
20260317_155436_504491,img_20260317_155436_504491.jpg,0.2,0.0
20260317_155436_566727,img_20260317_155436_566727.jpg,0.2,0.0
20260317_155436_619907,img_20260317_155436_619907.jpg,0.2,0.0
20260317_155436_671529,img_20260317_155436_671529.jpg,0.2,0.0
20260317_155436_714884,img_20260317_155436_714884.jpg,0.2,0.0
20260317_155436_771347,img_20260317_155436_771347.jpg,0.2,0.0
20260317_155436_823753,img_20260317_155436_823753.jpg,0.2,0.0
20260317_155436_868725,img_20260317_155436_868725.jpg,0.2,0.0
20260317_155436_928890,img_20260317_155436_928890.jpg,0.2,0.0
20260317_155436_973471,img_20260317_155436_973471.jpg,0.2,0.0
20260317_155437_033236,img_20260317_155437_033236.jpg,0.2,0.0
20260317_155437_085022,img_20260317_155437_085022.jpg,0.2,0.0
20260317_155437_137346,img_20260317_155437_137346.jpg,0.2,0.0
20260317_155437_187561,img_20260317_155437_187561.jpg,0.2,0.0
20260317_155437_240871,img_20260317_155437_240871.jpg,0.2,0.0
20260317_155437_279342,img_20260317_155437_279342.jpg,0.2,0.0
20260317_155437_342076,img_20260317_155437_342076.jpg,0.2,0.0
20260317_155437_394280,img_20260317_155437_394280.jpg,0.2,0.0
20260317_155437_449343,img_20260317_155437_449343.jpg,0.2,0.0
20260317_155437_496101,img_20260317_155437_496101.jpg,0.2,0.0
20260317_155437_550358,img_20260317_155437_550358.jpg,0.2,0.0
20260317_155437_589751,img_20260317_155437_589751.jpg,0.2,0.0
20260317_155437_655337,img_20260317_155437_655337.jpg,0.2,0.0
20260317_155437_706373,img_20260317_155437_706373.jpg,0.2,0.0
20260317_155437_758159,img_20260317_155437_758159.jpg,0.2,0.0
20260317_155437_808113,img_20260317_155437_808113.jpg,0.2,0.0
20260317_155437_861786,img_20260317_155437_861786.jpg,0.2,0.0
20260317_155437_912041,img_20260317_155437_912041.jpg,0.2,0.0
20260317_155437_964711,img_20260317_155437_964711.jpg,0.2,0.0
20260317_155438_004988,img_20260317_155438_004988.jpg,0.2,0.0
20260317_155438_055003,img_20260317_155438_055003.jpg,0.2,0.0
20260317_155438_118274,img_20260317_155438_118274.jpg,0.2,0.0
20260317_155438_170025,img_20260317_155438_170025.jpg,0.2,0.0
20260317_155438_225595,img_20260317_155438_225595.jpg,0.2,0.0
20260317_155438_264141,img_20260317_155438_264141.jpg,0.2,0.0
20260317_155438_326572,img_20260317_155438_326572.jpg,0.2,0.0
20260317_155438_378631,img_20260317_155438_378631.jpg,0.2,0.0
20260317_155438_431786,img_20260317_155438_431786.jpg,0.2,0.0
20260317_155438_478405,img_20260317_155438_478405.jpg,0.2,0.0
20260317_155438_536964,img_20260317_155438_536964.jpg,0.2,0.0
20260317_155438_576653,img_20260317_155438_576653.jpg,0.2,0.0
20260317_155438_629908,img_20260317_155438_629908.jpg,0.2,0.0
20260317_155438_681391,img_20260317_155438_681391.jpg,0.2,0.0
20260317_155438_745635,img_20260317_155438_745635.jpg,0.2,0.0
20260317_155438_801435,img_20260317_155438_801435.jpg,0.2,0.0
20260317_155438_850908,img_20260317_155438_850908.jpg,0.2,0.0
20260317_155438_901344,img_20260317_155438_901344.jpg,0.2,0.0
20260317_155438_954589,img_20260317_155438_954589.jpg,0.2,0.0
20260317_155439_008775,img_20260317_155439_008775.jpg,0.2,0.0
20260317_155439_046008,img_20260317_155439_046008.jpg,0.2,0.0
20260317_155439_110574,img_20260317_155439_110574.jpg,0.2,0.0
20260317_155439_148981,img_20260317_155439_148981.jpg,0.2,0.0
20260317_155439_203123,img_20260317_155439_203123.jpg,0.2,0.0
20260317_155439_259963,img_20260317_155439_259963.jpg,0.2,0.0
20260317_155439_316109,img_20260317_155439_316109.jpg,0.2,0.0
20260317_155439_354056,img_20260317_155439_354056.jpg,0.2,0.0
20260317_155439_413803,img_20260317_155439_413803.jpg,0.2,0.0
20260317_155439_464157,img_20260317_155439_464157.jpg,0.2,0.0
20260317_155439_519443,img_20260317_155439_519443.jpg,0.2,0.0
20260317_155439_569499,img_20260317_155439_569499.jpg,0.2,0.0
20260317_155439_621669,img_20260317_155439_621669.jpg,0.2,0.0
20260317_155439_664913,img_20260317_155439_664913.jpg,0.2,0.0
20260317_155439_719549,img_20260317_155439_719549.jpg,0.2,0.0
20260317_155439_778518,img_20260317_155439_778518.jpg,0.2,0.0
20260317_155439_833215,img_20260317_155439_833215.jpg,0.2,0.0
20260317_155439_871601,img_20260317_155439_871601.jpg,0.2,0.0
20260317_155439_936996,img_20260317_155439_936996.jpg,0.2,0.0
20260317_155439_992076,img_20260317_155439_992076.jpg,0.2,0.0
20260317_155440_040203,img_20260317_155440_040203.jpg,0.2,0.0
20260317_155440_091283,img_20260317_155440_091283.jpg,0.2,0.0
20260317_155440_140266,img_20260317_155440_140266.jpg,0.2,0.0
20260317_155440_185376,img_20260317_155440_185376.jpg,0.2,0.0
20260317_155440_245186,img_20260317_155440_245186.jpg,0.2,0.0
20260317_155440_286913,img_20260317_155440_286913.jpg,0.2,0.0
20260317_155440_350566,img_20260317_155440_350566.jpg,0.2,0.0
20260317_155440_399113,img_20260317_155440_399113.jpg,0.2,0.0
20260317_155440_441384,img_20260317_155440_441384.jpg,0.2,0.0
20260317_155440_505212,img_20260317_155440_505212.jpg,0.2,0.0
20260317_155440_558381,img_20260317_155440_558381.jpg,0.2,0.0
20260317_155440_606667,img_20260317_155440_606667.jpg,0.2,0.0
20260317_155440_656892,img_20260317_155440_656892.jpg,0.2,0.0
20260317_155440_707788,img_20260317_155440_707788.jpg,0.2,0.0
20260317_155440_760055,img_20260317_155440_760055.jpg,0.2,0.0
20260317_155439_563481,img_20260317_155439_563481.jpg,0.2,0.0
20260317_155439_618485,img_20260317_155439_618485.jpg,0.2,0.0
20260317_155439_666677,img_20260317_155439_666677.jpg,0.2,0.0
20260317_155439_717413,img_20260317_155439_717413.jpg,0.2,0.0
20260317_155439_768405,img_20260317_155439_768405.jpg,0.2,0.0
20260317_155439_813940,img_20260317_155439_813940.jpg,0.2,0.0
20260317_155439_862680,img_20260317_155439_862680.jpg,0.2,0.0
20260317_155439_925491,img_20260317_155439_925491.jpg,0.2,0.0
20260317_155439_975752,img_20260317_155439_975752.jpg,0.2,0.0
20260317_155440_032583,img_20260317_155440_032583.jpg,0.2,0.0
20260317_155440_088100,img_20260317_155440_088100.jpg,0.2,0.0
20260317_155440_124097,img_20260317_155440_124097.jpg,0.2,0.0
20260317_155440_182603,img_20260317_155440_182603.jpg,0.2,0.0
20260317_155440_236377,img_20260317_155440_236377.jpg,0.2,0.0
20260317_155440_289646,img_20260317_155440_289646.jpg,0.2,0.0
20260317_155440_341652,img_20260317_155440_341652.jpg,0.2,0.0
20260317_155440_380625,img_20260317_155440_380625.jpg,0.2,0.0
20260317_155440_430954,img_20260317_155440_430954.jpg,0.2,0.0
20260317_155440_494661,img_20260317_155440_494661.jpg,0.2,0.0
20260317_155440_547235,img_20260317_155440_547235.jpg,0.2,0.0
20260317_155440_584835,img_20260317_155440_584835.jpg,0.2,0.0
20260317_155440_648055,img_20260317_155440_648055.jpg,0.2,0.0
20260317_155440_689743,img_20260317_155440_689743.jpg,0.2,0.0
20260317_155440_754982,img_20260317_155440_754982.jpg,0.2,0.0
20260317_155440_794437,img_20260317_155440_794437.jpg,0.2,0.0
20260317_155440_863029,img_20260317_155440_863029.jpg,0.2,0.0
20260317_155440_909565,img_20260317_155440_909565.jpg,0.2,0.0
20260317_155440_952939,img_20260317_155440_952939.jpg,0.2,0.0
20260317_155441_001483,img_20260317_155441_001483.jpg,0.2,0.0
20260317_155441_064862,img_20260317_155441_064862.jpg,0.2,0.0
20260317_155441_118434,img_20260317_155441_118434.jpg,0.2,0.0
20260317_155441_171234,img_20260317_155441_171234.jpg,0.2,0.0
20260317_155441_211510,img_20260317_155441_211510.jpg,0.2,0.0
20260317_155441_275073,img_20260317_155441_275073.jpg,0.2,0.0
20260317_155441_330309,img_20260317_155441_330309.jpg,0.2,0.0
20260317_155441_380487,img_20260317_155441_380487.jpg,0.2,0.0
20260317_155441_427327,img_20260317_155441_427327.jpg,0.2,0.0
20260317_155441_469310,img_20260317_155441_469310.jpg,0.2,0.0
20260317_155441_522539,img_20260317_155441_522539.jpg,0.2,0.0
20260317_155441_585059,img_20260317_155441_585059.jpg,0.2,0.0
20260317_155441_627510,img_20260317_155441_627510.jpg,0.2,0.0
20260317_155441_677218,img_20260317_155441_677218.jpg,0.2,0.0
20260317_155441_726621,img_20260317_155441_726621.jpg,0.2,0.0
20260317_155441_777628,img_20260317_155441_777628.jpg,0.2,0.0
20260317_155441_844288,img_20260317_155441_844288.jpg,0.2,0.0
20260317_155441_903417,img_20260317_155441_903417.jpg,0.2,0.0
20260317_155441_949327,img_20260317_155441_949327.jpg,0.2,0.0
20260317_155442_003992,img_20260317_155442_003992.jpg,0.2,0.0
20260317_155442_052308,img_20260317_155442_052308.jpg,0.2,0.0
20260317_155442_106553,img_20260317_155442_106553.jpg,0.2,0.0
20260317_155442_147136,img_20260317_155442_147136.jpg,0.2,0.0
20260317_155442_208166,img_20260317_155442_208166.jpg,0.2,0.0
20260317_155442_259549,img_20260317_155442_259549.jpg,0.2,0.0
20260317_155442_303949,img_20260317_155442_303949.jpg,0.2,0.0
20260317_155442_353108,img_20260317_155442_353108.jpg,0.2,0.0
20260317_155442_419972,img_20260317_155442_419972.jpg,0.2,0.0
20260317_155442_468321,img_20260317_155442_468321.jpg,0.2,0.0
20260317_155442_510233,img_20260317_155442_510233.jpg,0.2,0.0
20260317_155442_571130,img_20260317_155442_571130.jpg,0.2,0.0
20260317_155442_615323,img_20260317_155442_615323.jpg,0.2,0.0
20260317_155442_675610,img_20260317_155442_675610.jpg,0.2,0.0
20260317_155442_722967,img_20260317_155442_722967.jpg,0.2,0.0
20260317_155442_778008,img_20260317_155442_778008.jpg,0.2,0.0
20260317_155442_820277,img_20260317_155442_820277.jpg,0.2,0.0
20260317_155442_885615,img_20260317_155442_885615.jpg,0.2,0.0
20260317_155442_935160,img_20260317_155442_935160.jpg,0.2,0.0
20260317_155442_989418,img_20260317_155442_989418.jpg,0.2,0.0
20260317_155443_036671,img_20260317_155443_036671.jpg,0.2,0.0
20260317_155443_088127,img_20260317_155443_088127.jpg,0.2,0.0
20260317_155443_138519,img_20260317_155443_138519.jpg,0.2,0.0
20260317_155443_189171,img_20260317_155443_189171.jpg,0.2,0.0
20260317_155443_240349,img_20260317_155443_240349.jpg,0.2,0.0
20260317_155443_282642,img_20260317_155443_282642.jpg,0.2,0.0
20260317_155443_330470,img_20260317_155443_330470.jpg,0.2,0.0
20260317_155443_394184,img_20260317_155443_394184.jpg,0.2,0.0
20260317_155443_438324,img_20260317_155443_438324.jpg,0.2,0.0
20260317_155443_503179,img_20260317_155443_503179.jpg,0.2,0.0
20260317_155443_540777,img_20260317_155443_540777.jpg,0.2,0.0
20260317_155443_605061,img_20260317_155443_605061.jpg,0.2,0.0
20260317_155443_644320,img_20260317_155443_644320.jpg,0.2,0.0
20260317_155443_699138,img_20260317_155443_699138.jpg,0.2,0.0
20260317_155443_757887,img_20260317_155443_757887.jpg,0.2,0.0
20260317_155443_798198,img_20260317_155443_798198.jpg,0.2,0.0
20260317_155443_853367,img_20260317_155443_853367.jpg,0.2,0.0
20260317_155443_901055,img_20260317_155443_901055.jpg,0.2,0.0
20260317_155443_963282,img_20260317_155443_963282.jpg,0.2,0.0
20260317_155444_016392,img_20260317_155444_016392.jpg,0.2,0.0
20260317_155444_068998,img_20260317_155444_068998.jpg,0.2,0.0
20260317_155444_109034,img_20260317_155444_109034.jpg,0.2,0.0
20260317_155444_172920,img_20260317_155444_172920.jpg,0.2,0.0
20260317_155444_214330,img_20260317_155444_214330.jpg,0.2,0.0
20260317_155444_279444,img_20260317_155444_279444.jpg,0.2,0.0
20260317_155444_328370,img_20260317_155444_328370.jpg,0.2,0.0
20260317_155444_379826,img_20260317_155444_379826.jpg,0.2,0.0
20260317_155444_433206,img_20260317_155444_433206.jpg,0.2,0.0
20260317_155444_486761,img_20260317_155444_486761.jpg,0.2,0.0
20260317_155444_535468,img_20260317_155444_535468.jpg,0.2,0.0
20260317_155444_588292,img_20260317_155444_588292.jpg,0.2,0.0
20260317_155444_627509,img_20260317_155444_627509.jpg,0.2,0.0
20260317_155444_680358,img_20260317_155444_680358.jpg,0.2,0.0
20260317_155444_731400,img_20260317_155444_731400.jpg,0.2,0.0
20260317_155444_785104,img_20260317_155444_785104.jpg,0.2,0.0
20260317_155444_835792,img_20260317_155444_835792.jpg,0.2,0.0
20260317_155444_892603,img_20260317_155444_892603.jpg,0.2,0.0
20260317_155444_953850,img_20260317_155444_953850.jpg,0.2,0.0
20260317_155445_000880,img_20260317_155445_000880.jpg,0.2,0.0
20260317_155445_052497,img_20260317_155445_052497.jpg,0.2,0.0
20260317_155445_101516,img_20260317_155445_101516.jpg,0.2,0.0
20260317_155445_156520,img_20260317_155445_156520.jpg,0.2,0.0
20260317_155445_207393,img_20260317_155445_207393.jpg,0.2,0.0
20260317_155445_248459,img_20260317_155445_248459.jpg,0.2,0.0
20260317_155445_307554,img_20260317_155445_307554.jpg,0.2,0.0
20260317_155445_358502,img_20260317_155445_358502.jpg,0.2,0.0
20260317_155445_413201,img_20260317_155445_413201.jpg,0.2,0.0
20260317_155445_460520,img_20260317_155445_460520.jpg,0.2,0.0
20260317_155445_516901,img_20260317_155445_516901.jpg,0.2,0.0
20260317_155445_569308,img_20260317_155445_569308.jpg,0.2,0.0
20260317_155445_621532,img_20260317_155445_621532.jpg,0.2,0.0
20260317_155445_672266,img_20260317_155445_672266.jpg,0.2,0.0
20260317_155445_723800,img_20260317_155445_723800.jpg,0.2,0.0
20260317_155445_776046,img_20260317_155445_776046.jpg,0.2,0.0
20260317_155445_815256,img_20260317_155445_815256.jpg,0.2,0.0
20260317_155445_875982,img_20260317_155445_875982.jpg,0.2,0.0
20260317_155445_928371,img_20260317_155445_928371.jpg,0.2,0.0
20260317_155445_975772,img_20260317_155445_975772.jpg,0.2,0.0
20260317_155446_034101,img_20260317_155446_034101.jpg,0.2,0.0
20260317_155446_077032,img_20260317_155446_077032.jpg,0.2,0.0
20260317_155446_147406,img_20260317_155446_147406.jpg,0.2,0.0
20260317_155446_187775,img_20260317_155446_187775.jpg,0.2,0.0
20260317_155446_241433,img_20260317_155446_241433.jpg,0.2,0.0
20260317_155446_283881,img_20260317_155446_283881.jpg,0.2,0.0
20260317_155446_347709,img_20260317_155446_347709.jpg,0.2,0.0
20260317_155446_399511,img_20260317_155446_399511.jpg,0.2,0.0
20260317_155446_443213,img_20260317_155446_443213.jpg,0.2,0.0
20260317_155446_489614,img_20260317_155446_489614.jpg,0.2,0.0
20260317_155446_543073,img_20260317_155446_543073.jpg,0.2,0.0
20260317_155446_605503,img_20260317_155446_605503.jpg,0.2,0.0
20260317_155446_657035,img_20260317_155446_657035.jpg,0.2,0.0
20260317_155446_707499,img_20260317_155446_707499.jpg,0.2,0.0
20260317_155446_748993,img_20260317_155446_748993.jpg,0.2,0.0
20260317_155446_807398,img_20260317_155446_807398.jpg,0.2,0.0
20260317_155446_851039,img_20260317_155446_851039.jpg,0.2,0.0
20260317_155446_915262,img_20260317_155446_915262.jpg,0.2,0.0
20260317_155446_973414,img_20260317_155446_973414.jpg,0.2,0.0
20260317_155447_026979,img_20260317_155447_026979.jpg,0.2,0.0
20260317_155447_079460,img_20260317_155447_079460.jpg,0.2,0.0
20260317_155447_128139,img_20260317_155447_128139.jpg,0.2,0.0
20260317_155447_179791,img_20260317_155447_179791.jpg,0.2,0.0
20260317_155447_230642,img_20260317_155447_230642.jpg,0.2,0.0
20260317_155447_286793,img_20260317_155447_286793.jpg,0.2,0.0
20260317_155447_342342,img_20260317_155447_342342.jpg,0.2,0.0
20260317_155447_387951,img_20260317_155447_387951.jpg,0.2,0.0
20260317_155447_440185,img_20260317_155447_440185.jpg,0.2,0.0
20260317_155447_481195,img_20260317_155447_481195.jpg,0.2,0.0
20260317_155447_543292,img_20260317_155447_543292.jpg,0.2,0.0
20260317_155447_595557,img_20260317_155447_595557.jpg,0.2,0.0
20260317_155447_647376,img_20260317_155447_647376.jpg,0.2,0.0
20260317_155447_687075,img_20260317_155447_687075.jpg,0.2,0.0
20260317_155447_748723,img_20260317_155447_748723.jpg,0.2,0.0
20260317_155447_801395,img_20260317_155447_801395.jpg,0.2,0.0
20260317_155447_853805,img_20260317_155447_853805.jpg,0.2,0.0
20260317_155447_905458,img_20260317_155447_905458.jpg,0.2,0.0
20260317_155447_955710,img_20260317_155447_955710.jpg,0.2,0.0
20260317_155448_004522,img_20260317_155448_004522.jpg,0.2,0.0
20260317_155448_062957,img_20260317_155448_062957.jpg,0.2,0.1
20260317_155448_105225,img_20260317_155448_105225.jpg,0.2,0.0
20260317_155448_166433,img_20260317_155448_166433.jpg,0.2,0.0
20260317_155448_215947,img_20260317_155448_215947.jpg,0.2,0.0
20260317_155448_269480,img_20260317_155448_269480.jpg,0.2,0.0
20260317_155448_324763,img_20260317_155448_324763.jpg,0.2,0.0
20260317_155448_372609,img_20260317_155448_372609.jpg,0.2,0.0
20260317_155448_420819,img_20260317_155448_420819.jpg,0.2,0.0
20260317_155448_475493,img_20260317_155448_475493.jpg,0.2,0.0
20260317_155448_524131,img_20260317_155448_524131.jpg,0.2,0.0
20260317_155448_578715,img_20260317_155448_578715.jpg,0.2,0.0
20260317_155448_630039,img_20260317_155448_630039.jpg,0.2,0.0
20260317_155448_681895,img_20260317_155448_681895.jpg,0.2,0.0
20260317_155448_732669,img_20260317_155448_732669.jpg,0.2,0.0
20260317_155448_785240,img_20260317_155448_785240.jpg,0.2,0.0
20260317_155448_824503,img_20260317_155448_824503.jpg,0.2,0.0
20260317_155448_888331,img_20260317_155448_888331.jpg,0.2,0.0
20260317_155448_929062,img_20260317_155448_929062.jpg,0.2,0.0
20260317_155448_991103,img_20260317_155448_991103.jpg,0.2,0.0
20260317_155449_043912,img_20260317_155449_043912.jpg,0.2,0.0
20260317_155449_095846,img_20260317_155449_095846.jpg,0.2,0.0
20260317_155449_150155,img_20260317_155449_150155.jpg,0.2,0.0
20260317_155449_204945,img_20260317_155449_204945.jpg,0.2,0.0
20260317_155449_251163,img_20260317_155449_251163.jpg,0.2,0.0
20260317_155449_294131,img_20260317_155449_294131.jpg,0.2,0.0
20260317_155449_362149,img_20260317_155449_362149.jpg,0.2,0.0
20260317_155449_404753,img_20260317_155449_404753.jpg,0.2,0.0
20260317_155449_457707,img_20260317_155449_457707.jpg,0.2,0.0
20260317_155449_509334,img_20260317_155449_509334.jpg,0.2,0.0
20260317_155449_561598,img_20260317_155449_561598.jpg,0.2,0.0
20260317_155449_599978,img_20260317_155449_599978.jpg,0.2,0.0
20260317_155449_667252,img_20260317_155449_667252.jpg,0.2,0.0
20260317_155449_720444,img_20260317_155449_720444.jpg,0.2,0.0
20260317_155449_770516,img_20260317_155449_770516.jpg,0.2,0.0
20260317_155449_820440,img_20260317_155449_820440.jpg,0.2,0.0
20260317_155449_865416,img_20260317_155449_865416.jpg,0.2,0.0
20260317_155449_925279,img_20260317_155449_925279.jpg,0.2,0.0
20260317_155449_980360,img_20260317_155449_980360.jpg,0.2,0.0
20260317_155450_031541,img_20260317_155450_031541.jpg,0.2,0.0
20260317_155450_080264,img_20260317_155450_080264.jpg,0.2,0.0
20260317_155450_131849,img_20260317_155450_131849.jpg,0.2,0.0
20260317_155450_184964,img_20260317_155450_184964.jpg,0.2,0.0
20260317_155450_238014,img_20260317_155450_238014.jpg,0.2,0.0
20260317_155450_294164,img_20260317_155450_294164.jpg,0.2,0.0
20260317_155450_345121,img_20260317_155450_345121.jpg,0.2,0.0
20260317_155450_402426,img_20260317_155450_402426.jpg,0.2,0.0
20260317_155450_445922,img_20260317_155450_445922.jpg,0.2,0.0
20260317_155450_488064,img_20260317_155450_488064.jpg,0.2,0.0
20260317_155450_548066,img_20260317_155450_548066.jpg,0.2,0.0
20260317_155450_602397,img_20260317_155450_602397.jpg,0.2,0.0
20260317_155450_655506,img_20260317_155450_655506.jpg,0.2,0.0
20260317_155450_706223,img_20260317_155450_706223.jpg,0.2,0.0
20260317_155450_758393,img_20260317_155450_758393.jpg,0.2,0.0
20260317_155450_813021,img_20260317_155450_813021.jpg,0.2,0.0
20260317_155450_867424,img_20260317_155450_867424.jpg,0.2,0.0
20260317_155450_915136,img_20260317_155450_915136.jpg,0.2,0.0
20260317_155450_968734,img_20260317_155450_968734.jpg,0.2,0.0
20260317_155451_016881,img_20260317_155451_016881.jpg,0.2,0.0
20260317_155451_073093,img_20260317_155451_073093.jpg,0.2,0.0
20260317_155451_114743,img_20260317_155451_114743.jpg,0.2,0.0
20260317_155451_179327,img_20260317_155451_179327.jpg,0.2,0.0
20260317_155451_230494,img_20260317_155451_230494.jpg,0.2,0.0
20260317_155451_283139,img_20260317_155451_283139.jpg,0.2,0.0
20260317_155451_323113,img_20260317_155451_323113.jpg,0.2,0.0
20260317_155451_390143,img_20260317_155451_390143.jpg,0.2,0.0
20260317_155451_440986,img_20260317_155451_440986.jpg,0.2,0.0
20260317_155451_489821,img_20260317_155451_489821.jpg,0.2,0.0
20260317_155451_543076,img_20260317_155451_543076.jpg,0.2,0.0
20260317_155451_594382,img_20260317_155451_594382.jpg,0.2,0.0
20260317_155451_638057,img_20260317_155451_638057.jpg,0.2,0.0
20260317_155451_700482,img_20260317_155451_700482.jpg,0.2,0.0
20260317_155451_755900,img_20260317_155451_755900.jpg,0.2,0.0
20260317_155451_796575,img_20260317_155451_796575.jpg,0.2,0.0
20260317_155451_855901,img_20260317_155451_855901.jpg,0.2,0.0
20260317_155451_898708,img_20260317_155451_898708.jpg,0.2,0.0
20260317_155451_963449,img_20260317_155451_963449.jpg,0.2,0.0
20260317_155452_017393,img_20260317_155452_017393.jpg,0.2,0.0
20260317_155452_066772,img_20260317_155452_066772.jpg,0.2,0.0
20260317_155452_115197,img_20260317_155452_115197.jpg,0.2,0.0
20260317_155452_156120,img_20260317_155452_156120.jpg,0.2,0.0
20260317_155452_217936,img_20260317_155452_217936.jpg,0.2,0.0
20260317_155452_273247,img_20260317_155452_273247.jpg,0.2,0.0
20260317_155452_318351,img_20260317_155452_318351.jpg,0.2,0.0
20260317_155452_376224,img_20260317_155452_376224.jpg,0.2,0.0
20260317_155452_429325,img_20260317_155452_429325.jpg,0.2,0.0
20260317_155452_484110,img_20260317_155452_484110.jpg,0.2,0.0
20260317_155452_534544,img_20260317_155452_534544.jpg,0.2,0.0
20260317_155452_586616,img_20260317_155452_586616.jpg,0.2,0.0
20260317_155452_637647,img_20260317_155452_637647.jpg,0.2,0.0
20260317_155452_689591,img_20260317_155452_689591.jpg,0.2,0.0
20260317_155452_735754,img_20260317_155452_735754.jpg,0.2,0.0
20260317_155452_794654,img_20260317_155452_794654.jpg,0.2,0.0
20260317_155452_836009,img_20260317_155452_836009.jpg,0.2,0.0
20260317_155452_900463,img_20260317_155452_900463.jpg,0.2,0.0
20260317_155452_950114,img_20260317_155452_950114.jpg,0.2,0.0
20260317_155453_003752,img_20260317_155453_003752.jpg,0.2,0.0
20260317_155453_044472,img_20260317_155453_044472.jpg,0.2,0.0
20260317_155453_097708,img_20260317_155453_097708.jpg,0.2,0.0
20260317_155453_145454,img_20260317_155453_145454.jpg,0.2,0.0
20260317_155453_209610,img_20260317_155453_209610.jpg,0.2,0.0
20260317_155453_262072,img_20260317_155453_262072.jpg,0.2,0.0
20260317_155453_307442,img_20260317_155453_307442.jpg,0.2,0.0
20260317_155453_355443,img_20260317_155453_355443.jpg,0.2,0.0
20260317_155453_417056,img_20260317_155453_417056.jpg,0.2,0.1
20260317_155453_458428,img_20260317_155453_458428.jpg,0.2,0.1
20260317_155453_522305,img_20260317_155453_522305.jpg,0.2,0.0
20260317_155453_574227,img_20260317_155453_574227.jpg,0.2,0.0
20260317_155453_616744,img_20260317_155453_616744.jpg,0.2,0.0
20260317_155453_676012,img_20260317_155453_676012.jpg,0.2,0.0
20260317_155453_719444,img_20260317_155453_719444.jpg,0.2,0.0
20260317_155453_783175,img_20260317_155453_783175.jpg,0.2,0.0
20260317_155453_839814,img_20260317_155453_839814.jpg,0.2,0.0
20260317_155453_887228,img_20260317_155453_887228.jpg,0.2,0.0
20260317_155453_926573,img_20260317_155453_926573.jpg,0.2,0.0
20260317_155453_979198,img_20260317_155453_979198.jpg,0.2,0.0
20260317_155454_042866,img_20260317_155454_042866.jpg,0.2,0.0
20260317_155454_089372,img_20260317_155454_089372.jpg,0.2,0.0
20260317_155454_145575,img_20260317_155454_145575.jpg,0.2,0.0
20260317_155454_200366,img_20260317_155454_200366.jpg,0.2,0.0
20260317_155454_253931,img_20260317_155454_253931.jpg,0.2,0.0
20260317_155454_300918,img_20260317_155454_300918.jpg,0.2,0.0
20260317_155454_346914,img_20260317_155454_346914.jpg,0.2,0.0
20260317_155454_404040,img_20260317_155454_404040.jpg,0.2,0.0
20260317_155454_457116,img_20260317_155454_457116.jpg,0.2,0.0
20260317_155454_499964,img_20260317_155454_499964.jpg,0.2,0.0
20260317_155454_559306,img_20260317_155454_559306.jpg,0.2,0.0
20260317_155454_611559,img_20260317_155454_611559.jpg,0.2,0.0
20260317_155454_664761,img_20260317_155454_664761.jpg,0.2,0.0
20260317_155454_715314,img_20260317_155454_715314.jpg,0.2,0.0
20260317_155454_769878,img_20260317_155454_769878.jpg,0.2,0.0
20260317_155454_816779,img_20260317_155454_816779.jpg,0.2,0.0
20260317_155454_871625,img_20260317_155454_871625.jpg,0.2,0.0
20260317_155454_920569,img_20260317_155454_920569.jpg,0.2,0.0
20260317_155454_963747,img_20260317_155454_963747.jpg,0.2,0.0
20260317_155455_023198,img_20260317_155455_023198.jpg,0.2,0.0
20260317_155455_064557,img_20260317_155455_064557.jpg,0.2,0.0
20260317_155455_120288,img_20260317_155455_120288.jpg,0.2,0.0
20260317_155455_186481,img_20260317_155455_186481.jpg,0.2,0.0
20260317_155455_232623,img_20260317_155455_232623.jpg,0.2,0.0
20260317_155455_283226,img_20260317_155455_283226.jpg,0.2,0.0
20260317_155455_337574,img_20260317_155455_337574.jpg,0.2,0.0
20260317_155455_390323,img_20260317_155455_390323.jpg,0.2,0.0
20260317_155455_429289,img_20260317_155455_429289.jpg,0.2,0.0
20260317_155455_495077,img_20260317_155455_495077.jpg,0.2,0.0
20260317_155455_544802,img_20260317_155455_544802.jpg,0.2,0.0
20260317_155455_596355,img_20260317_155455_596355.jpg,0.2,0.0
20260317_155455_641416,img_20260317_155455_641416.jpg,0.2,0.0
20260317_155455_702034,img_20260317_155455_702034.jpg,0.2,0.0
20260317_155455_741214,img_20260317_155455_741214.jpg,0.2,0.0
20260317_155455_807561,img_20260317_155455_807561.jpg,0.2,0.0
20260317_155455_844837,img_20260317_155455_844837.jpg,0.2,0.0
20260317_155455_910711,img_20260317_155455_910711.jpg,0.2,0.0
20260317_155455_961878,img_20260317_155455_961878.jpg,0.2,0.0
20260317_155456_017723,img_20260317_155456_017723.jpg,0.2,0.0
20260317_155456_064169,img_20260317_155456_064169.jpg,0.2,0.0
20260317_155456_119438,img_20260317_155456_119438.jpg,0.2,0.0
20260317_155456_177288,img_20260317_155456_177288.jpg,0.2,0.0
20260317_155456_223145,img_20260317_155456_223145.jpg,0.2,0.0
20260317_155456_264235,img_20260317_155456_264235.jpg,0.2,0.0
20260317_155456_327763,img_20260317_155456_327763.jpg,0.2,0.0
20260317_155456_384160,img_20260317_155456_384160.jpg,0.2,0.0
20260317_155456_436155,img_20260317_155456_436155.jpg,0.2,0.0
20260317_155456_476056,img_20260317_155456_476056.jpg,0.2,0.0
20260317_155456_539444,img_20260317_155456_539444.jpg,0.2,0.0
20260317_155456_588187,img_20260317_155456_588187.jpg,0.2,0.0
20260317_155456_641749,img_20260317_155456_641749.jpg,0.2,0.0
20260317_155456_691285,img_20260317_155456_691285.jpg,0.2,0.0
20260317_155456_734325,img_20260317_155456_734325.jpg,0.2,0.0
20260317_155456_796234,img_20260317_155456_796234.jpg,0.2,0.0
20260317_155456_850248,img_20260317_155456_850248.jpg,0.2,0.0
20260317_155456_894231,img_20260317_155456_894231.jpg,0.2,0.0
20260317_155456_944278,img_20260317_155456_944278.jpg,0.2,0.0
20260317_155457_005843,img_20260317_155457_005843.jpg,0.2,0.0
20260317_155457_059655,img_20260317_155457_059655.jpg,0.2,0.0
20260317_155457_107919,img_20260317_155457_107919.jpg,0.2,0.0
20260317_155457_159523,img_20260317_155457_159523.jpg,0.2,0.0
20260317_155457_210425,img_20260317_155457_210425.jpg,0.2,0.0
20260317_155457_262043,img_20260317_155457_262043.jpg,0.2,0.0
20260317_155457_301448,img_20260317_155457_301448.jpg,0.2,0.0
20260317_155457_357153,img_20260317_155457_357153.jpg,0.2,0.0
20260317_155457_411605,img_20260317_155457_411605.jpg,0.2,0.0
20260317_155457_461449,img_20260317_155457_461449.jpg,0.2,0.0
20260317_155457_513499,img_20260317_155457_513499.jpg,0.2,0.0
20260317_155457_577288,img_20260317_155457_577288.jpg,0.2,0.0
20260317_155457_630368,img_20260317_155457_630368.jpg,0.2,0.0
20260317_155457_669164,img_20260317_155457_669164.jpg,0.2,0.0
20260317_155457_730656,img_20260317_155457_730656.jpg,0.2,0.0
20260317_155457_783853,img_20260317_155457_783853.jpg,0.2,0.0
20260317_155457_832758,img_20260317_155457_832758.jpg,0.2,0.0
20260317_155457_891196,img_20260317_155457_891196.jpg,0.2,0.0
20260317_155457_931696,img_20260317_155457_931696.jpg,0.2,0.0
20260317_155457_993722,img_20260317_155457_993722.jpg,0.2,0.0
20260317_155458_047837,img_20260317_155458_047837.jpg,0.2,0.0
20260317_155458_092181,img_20260317_155458_092181.jpg,0.2,0.0
20260317_155458_149407,img_20260317_155458_149407.jpg,0.2,0.0
20260317_155458_199470,img_20260317_155458_199470.jpg,0.2,0.0
20260317_155458_255259,img_20260317_155458_255259.jpg,0.2,0.0
20260317_155458_293258,img_20260317_155458_293258.jpg,0.2,0.0
20260317_155458_353988,img_20260317_155458_353988.jpg,0.2,0.0
20260317_155458_397198,img_20260317_155458_397198.jpg,0.2,0.0
20260317_155458_448369,img_20260317_155458_448369.jpg,0.2,0.0
20260317_155458_496041,img_20260317_155458_496041.jpg,0.2,0.0
20260317_155458_560744,img_20260317_155458_560744.jpg,0.2,0.0
20260317_155458_617528,img_20260317_155458_617528.jpg,0.2,0.0
20260317_155458_663461,img_20260317_155458_663461.jpg,0.2,0.0
20260317_155458_713700,img_20260317_155458_713700.jpg,0.2,0.0
20260317_155458_757272,img_20260317_155458_757272.jpg,0.2,0.0
20260317_155458_819698,img_20260317_155458_819698.jpg,0.2,0.0
20260317_155458_869733,img_20260317_155458_869733.jpg,0.2,0.0
20260317_155458_926740,img_20260317_155458_926740.jpg,0.2,0.0
20260317_155458_966379,img_20260317_155458_966379.jpg,0.2,0.0
20260317_155459_030175,img_20260317_155459_030175.jpg,0.2,0.0
20260317_155459_067718,img_20260317_155459_067718.jpg,0.2,0.0
20260317_155459_123863,img_20260317_155459_123863.jpg,0.2,0.0
20260317_155459_181630,img_20260317_155459_181630.jpg,0.2,0.0
20260317_155459_236817,img_20260317_155459_236817.jpg,0.2,0.0
20260317_155459_287351,img_20260317_155459_287351.jpg,0.2,0.0
20260317_155459_338357,img_20260317_155459_338357.jpg,0.2,0.0
20260317_155459_388854,img_20260317_155459_388854.jpg,0.2,0.0
20260317_155459_443188,img_20260317_155459_443188.jpg,0.2,0.0
20260317_155459_483131,img_20260317_155459_483131.jpg,0.2,0.0
20260317_155459_533791,img_20260317_155459_533791.jpg,0.2,0.0
20260317_155459_596255,img_20260317_155459_596255.jpg,0.2,0.0
20260317_155459_650737,img_20260317_155459_650737.jpg,0.2,0.0
20260317_155459_706655,img_20260317_155459_706655.jpg,0.2,0.0
20260317_155459_752653,img_20260317_155459_752653.jpg,0.2,0.0
20260317_155459_804671,img_20260317_155459_804671.jpg,0.2,0.0
20260317_155459_857176,img_20260317_155459_857176.jpg,0.2,0.0
20260317_155459_910594,img_20260317_155459_910594.jpg,0.2,0.0
20260317_155459_960397,img_20260317_155459_960397.jpg,0.2,0.0
20260317_155500_011364,img_20260317_155500_011364.jpg,0.2,0.0
20260317_155500_050202,img_20260317_155500_050202.jpg,0.2,0.0
20260317_155500_115171,img_20260317_155500_115171.jpg,0.2,0.0
20260317_155500_168841,img_20260317_155500_168841.jpg,0.2,0.0
20260317_155500_220907,img_20260317_155500_220907.jpg,0.2,0.0
20260317_155500_262647,img_20260317_155500_262647.jpg,0.2,0.0
20260317_155500_311287,img_20260317_155500_311287.jpg,0.2,0.0
20260317_155500_366071,img_20260317_155500_366071.jpg,0.2,0.0
20260317_155500_425423,img_20260317_155500_425423.jpg,0.2,0.0
20260317_155500_466540,img_20260317_155500_466540.jpg,0.2,0.0
20260317_155500_518625,img_20260317_155500_518625.jpg,0.2,0.0
20260317_155500_587077,img_20260317_155500_587077.jpg,0.2,0.0
20260317_155500_637968,img_20260317_155500_637968.jpg,0.2,0.0
20260317_155500_688995,img_20260317_155500_688995.jpg,0.2,0.0
20260317_155500_734272,img_20260317_155500_734272.jpg,0.2,0.0
20260317_155500_794759,img_20260317_155500_794759.jpg,0.2,0.0
20260317_155500_848156,img_20260317_155500_848156.jpg,0.2,0.0
20260317_155500_888945,img_20260317_155500_888945.jpg,0.2,0.0
20260317_155500_953850,img_20260317_155500_953850.jpg,0.2,0.0
20260317_155500_998737,img_20260317_155500_998737.jpg,0.2,0.0
20260317_155501_054082,img_20260317_155501_054082.jpg,0.2,0.0
20260317_155501_095002,img_20260317_155501_095002.jpg,0.2,0.0
20260317_155501_142140,img_20260317_155501_142140.jpg,0.2,0.0
20260317_155501_202748,img_20260317_155501_202748.jpg,0.2,0.0
20260317_155501_256450,img_20260317_155501_256450.jpg,0.2,0.0
20260317_155501_299383,img_20260317_155501_299383.jpg,0.2,0.0
20260317_155501_358844,img_20260317_155501_358844.jpg,0.2,0.0
20260317_155501_408446,img_20260317_155501_408446.jpg,0.2,0.0
20260317_155501_463982,img_20260317_155501_463982.jpg,0.2,0.0
20260317_155501_501437,img_20260317_155501_501437.jpg,0.2,0.0
20260317_155501_565321,img_20260317_155501_565321.jpg,0.2,0.0
20260317_155501_614978,img_20260317_155501_614978.jpg,0.2,0.0
20260317_155501_670390,img_20260317_155501_670390.jpg,0.2,0.0
20260317_155501_708144,img_20260317_155501_708144.jpg,0.2,0.0
20260317_155501_770173,img_20260317_155501_770173.jpg,0.2,0.0
20260317_155501_814082,img_20260317_155501_814082.jpg,0.2,0.0
20260317_155501_867036,img_20260317_155501_867036.jpg,0.2,0.0
20260317_155501_928030,img_20260317_155501_928030.jpg,0.2,0.0
20260317_155501_988141,img_20260317_155501_988141.jpg,0.2,0.0
20260317_155502_033402,img_20260317_155502_033402.jpg,0.2,0.0
20260317_155502_078078,img_20260317_155502_078078.jpg,0.2,0.0
20260317_155502_140076,img_20260317_155502_140076.jpg,0.2,0.0
20260317_155502_192312,img_20260317_155502_192312.jpg,0.2,0.0
20260317_155502_232328,img_20260317_155502_232328.jpg,0.2,0.0
20260317_155502_293776,img_20260317_155502_293776.jpg,0.2,0.0
20260317_155502_344727,img_20260317_155502_344727.jpg,0.2,0.0
20260317_155502_398125,img_20260317_155502_398125.jpg,0.2,0.0
20260317_155502_441462,img_20260317_155502_441462.jpg,0.2,0.0
20260317_155502_491567,img_20260317_155502_491567.jpg,0.2,0.0
20260317_155502_543129,img_20260317_155502_543129.jpg,0.2,0.0
20260317_155502_608778,img_20260317_155502_608778.jpg,0.2,0.0
20260317_155502_661776,img_20260317_155502_661776.jpg,0.2,0.0
20260317_155502_714245,img_20260317_155502_714245.jpg,0.2,0.0
20260317_155502_764977,img_20260317_155502_764977.jpg,0.2,0.0
20260317_155502_817081,img_20260317_155502_817081.jpg,0.2,0.0
20260317_155502_870715,img_20260317_155502_870715.jpg,0.2,0.0
20260317_155502_914156,img_20260317_155502_914156.jpg,0.2,0.0
20260317_155502_979260,img_20260317_155502_979260.jpg,0.2,0.0
20260317_155503_027832,img_20260317_155503_027832.jpg,0.2,0.0
20260317_155503_069941,img_20260317_155503_069941.jpg,0.2,0.0
20260317_155503_131410,img_20260317_155503_131410.jpg,0.2,0.0
20260317_155503_170449,img_20260317_155503_170449.jpg,0.2,0.0
20260317_155503_229085,img_20260317_155503_229085.jpg,0.2,0.0
20260317_155503_288928,img_20260317_155503_288928.jpg,0.2,0.0
20260317_155503_340464,img_20260317_155503_340464.jpg,0.2,0.0
20260317_155503_396103,img_20260317_155503_396103.jpg,0.2,0.0
20260317_155503_446683,img_20260317_155503_446683.jpg,0.2,0.0
20260317_155503_500386,img_20260317_155503_500386.jpg,0.2,0.0
20260317_155503_550494,img_20260317_155503_550494.jpg,0.2,0.0
20260317_155503_592418,img_20260317_155503_592418.jpg,0.2,0.0
20260317_155503_654801,img_20260317_155503_654801.jpg,0.2,0.0
20260317_155503_711913,img_20260317_155503_711913.jpg,0.2,0.0
20260317_155503_764979,img_20260317_155503_764979.jpg,0.2,0.0
20260317_155503_805979,img_20260317_155503_805979.jpg,0.2,0.0
20260317_155503_870675,img_20260317_155503_870675.jpg,0.2,0.0
20260317_155503_921908,img_20260317_155503_921908.jpg,0.2,0.0
20260317_155503_975037,img_20260317_155503_975037.jpg,0.2,0.0
20260317_155504_031598,img_20260317_155504_031598.jpg,0.2,0.0
20260317_155504_080950,img_20260317_155504_080950.jpg,0.2,0.0
20260317_155504_123248,img_20260317_155504_123248.jpg,0.2,0.0
20260317_155504_183266,img_20260317_155504_183266.jpg,0.2,0.0
20260317_155504_235386,img_20260317_155504_235386.jpg,0.2,0.0
20260317_155504_294239,img_20260317_155504_294239.jpg,0.2,0.0
20260317_155504_333165,img_20260317_155504_333165.jpg,0.2,0.0
20260317_155504_385500,img_20260317_155504_385500.jpg,0.2,0.0
20260317_155504_454194,img_20260317_155504_454194.jpg,0.2,0.0
20260317_155504_493041,img_20260317_155504_493041.jpg,0.2,0.0
20260317_155504_549958,img_20260317_155504_549958.jpg,0.2,0.0
20260317_155504_612634,img_20260317_155504_612634.jpg,0.2,0.0
20260317_155504_661992,img_20260317_155504_661992.jpg,0.2,0.0
20260317_155504_704822,img_20260317_155504_704822.jpg,0.2,0.0
20260317_155504_764895,img_20260317_155504_764895.jpg,0.2,0.0
20260317_155504_821368,img_20260317_155504_821368.jpg,0.2,0.0
20260317_155504_879034,img_20260317_155504_879034.jpg,0.2,0.0
20260317_155504_933815,img_20260317_155504_933815.jpg,0.2,0.0
20260317_155504_983556,img_20260317_155504_983556.jpg,0.2,0.0
20260317_155505_027758,img_20260317_155505_027758.jpg,0.2,0.0
20260317_155505_090029,img_20260317_155505_090029.jpg,0.2,0.0
20260317_155505_142331,img_20260317_155505_142331.jpg,0.2,0.0
20260317_155505_187567,img_20260317_155505_187567.jpg,0.2,0.0
20260317_155505_251281,img_20260317_155505_251281.jpg,0.2,0.0
20260317_155505_303629,img_20260317_155505_303629.jpg,0.2,0.0
20260317_155505_360215,img_20260317_155505_360215.jpg,0.2,0.0
20260317_155505_409365,img_20260317_155505_409365.jpg,0.2,0.0
20260317_155505_464814,img_20260317_155505_464814.jpg,0.2,0.0
20260317_155505_509031,img_20260317_155505_509031.jpg,0.2,0.0
20260317_155505_572269,img_20260317_155505_572269.jpg,0.2,0.0
20260317_155505_617745,img_20260317_155505_617745.jpg,0.2,0.0
20260317_155505_671830,img_20260317_155505_671830.jpg,0.2,0.0
20260317_155505_732356,img_20260317_155505_732356.jpg,0.2,0.0
20260317_155505_789126,img_20260317_155505_789126.jpg,0.2,0.0
20260317_155505_827941,img_20260317_155505_827941.jpg,0.2,0.0
20260317_155505_892596,img_20260317_155505_892596.jpg,0.2,0.0
20260317_155505_948465,img_20260317_155505_948465.jpg,0.2,0.0
20260317_155506_002905,img_20260317_155506_002905.jpg,0.2,0.0
20260317_155506_046796,img_20260317_155506_046796.jpg,0.2,0.0
20260317_155506_110876,img_20260317_155506_110876.jpg,0.2,0.0
20260317_155506_165201,img_20260317_155506_165201.jpg,0.2,0.0
20260317_155506_212566,img_20260317_155506_212566.jpg,0.2,0.0
20260317_155506_255753,img_20260317_155506_255753.jpg,0.2,0.0
20260317_155506_301968,img_20260317_155506_301968.jpg,0.2,0.0
20260317_155506_364530,img_20260317_155506_364530.jpg,0.2,0.0
20260317_155506_416224,img_20260317_155506_416224.jpg,0.2,0.0
20260317_155506_467854,img_20260317_155506_467854.jpg,0.2,0.0
20260317_155506_521080,img_20260317_155506_521080.jpg,0.2,0.0
20260317_155506_575571,img_20260317_155506_575571.jpg,0.2,0.0
20260317_155506_630910,img_20260317_155506_630910.jpg,0.2,0.0
20260317_155506_680846,img_20260317_155506_680846.jpg,0.2,0.0
20260317_155506_728025,img_20260317_155506_728025.jpg,0.2,0.0
20260317_155506_769711,img_20260317_155506_769711.jpg,0.2,0.0
20260317_155506_837043,img_20260317_155506_837043.jpg,0.2,0.0
20260317_155506_879259,img_20260317_155506_879259.jpg,0.2,0.0
20260317_155506_948761,img_20260317_155506_948761.jpg,0.2,0.0
20260317_155506_996470,img_20260317_155506_996470.jpg,0.2,0.0
20260317_155507_050269,img_20260317_155507_050269.jpg,0.2,0.0
20260317_155507_087961,img_20260317_155507_087961.jpg,0.2,0.0
20260317_155507_154561,img_20260317_155507_154561.jpg,0.2,0.0
20260317_155507_208023,img_20260317_155507_208023.jpg,0.2,0.0
20260317_155507_260554,img_20260317_155507_260554.jpg,0.2,0.0
20260317_155507_305870,img_20260317_155507_305870.jpg,0.2,0.0
20260317_155507_357217,img_20260317_155507_357217.jpg,0.2,0.0
20260317_155507_410568,img_20260317_155507_410568.jpg,0.2,0.0
20260317_155507_466571,img_20260317_155507_466571.jpg,0.2,0.0
20260317_155507_504556,img_20260317_155507_504556.jpg,0.2,0.0
20260317_155507_565500,img_20260317_155507_565500.jpg,0.2,0.0
20260317_155507_616814,img_20260317_155507_616814.jpg,0.2,0.0
20260317_155507_672699,img_20260317_155507_672699.jpg,0.2,0.0
20260317_155507_726381,img_20260317_155507_726381.jpg,0.2,0.0
20260317_155507_777138,img_20260317_155507_777138.jpg,0.2,0.0
20260317_155507_829245,img_20260317_155507_829245.jpg,0.2,0.0
20260317_155507_880724,img_20260317_155507_880724.jpg,0.2,0.0
20260317_155507_935549,img_20260317_155507_935549.jpg,0.2,0.0
20260317_155507_990639,img_20260317_155507_990639.jpg,0.2,0.0
20260317_155508_042042,img_20260317_155508_042042.jpg,0.2,0.0
20260317_155508_098377,img_20260317_155508_098377.jpg,0.2,0.0
20260317_155508_139177,img_20260317_155508_139177.jpg,0.2,0.0
20260317_155508_203517,img_20260317_155508_203517.jpg,0.2,0.0
20260317_155508_253657,img_20260317_155508_253657.jpg,0.2,0.0
20260317_155508_294990,img_20260317_155508_294990.jpg,0.2,0.0
20260317_155508_345717,img_20260317_155508_345717.jpg,0.2,0.0
20260317_155508_407827,img_20260317_155508_407827.jpg,0.2,0.0
20260317_155508_460431,img_20260317_155508_460431.jpg,0.2,0.0
20260317_155508_518191,img_20260317_155508_518191.jpg,0.2,0.0
20260317_155508_566596,img_20260317_155508_566596.jpg,0.2,0.0
20260317_155508_619059,img_20260317_155508_619059.jpg,0.2,0.0
20260317_155508_657715,img_20260317_155508_657715.jpg,0.2,0.0
20260317_155508_724004,img_20260317_155508_724004.jpg,0.2,0.0
20260317_155508_766401,img_20260317_155508_766401.jpg,0.2,0.0
20260317_155508_827189,img_20260317_155508_827189.jpg,0.2,0.0
20260317_155508_876591,img_20260317_155508_876591.jpg,0.2,0.0
20260317_155508_932577,img_20260317_155508_932577.jpg,0.2,0.0
20260317_155508_985782,img_20260317_155508_985782.jpg,0.2,0.0
20260317_155509_039819,img_20260317_155509_039819.jpg,0.2,0.0
20260317_155509_080177,img_20260317_155509_080177.jpg,0.2,0.0
20260317_155509_145919,img_20260317_155509_145919.jpg,0.2,0.0
20260317_155509_200152,img_20260317_155509_200152.jpg,0.2,0.0
20260317_155509_241563,img_20260317_155509_241563.jpg,0.2,0.0
20260317_155509_300370,img_20260317_155509_300370.jpg,0.2,0.0
20260317_155509_350254,img_20260317_155509_350254.jpg,0.2,0.0
20260317_155509_402254,img_20260317_155509_402254.jpg,0.2,0.0
20260317_155509_454696,img_20260317_155509_454696.jpg,0.2,0.0
20260317_155509_506576,img_20260317_155509_506576.jpg,0.2,0.0
20260317_155509_565063,img_20260317_155509_565063.jpg,0.2,0.0
20260317_155509_614618,img_20260317_155509_614618.jpg,0.2,0.0
20260317_155509_654570,img_20260317_155509_654570.jpg,0.2,0.0
20260317_155509_712396,img_20260317_155509_712396.jpg,0.2,0.0
20260317_155509_765951,img_20260317_155509_765951.jpg,0.2,0.0
20260317_155509_821889,img_20260317_155509_821889.jpg,0.2,0.0
20260317_155509_870089,img_20260317_155509_870089.jpg,0.2,0.0
20260317_155509_924366,img_20260317_155509_924366.jpg,0.2,0.0
20260317_155509_976142,img_20260317_155509_976142.jpg,0.2,0.0
20260317_155510_040313,img_20260317_155510_040313.jpg,0.2,0.0
20260317_155510_087550,img_20260317_155510_087550.jpg,0.2,0.0
20260317_155510_133884,img_20260317_155510_133884.jpg,0.2,0.0
20260317_155510_173338,img_20260317_155510_173338.jpg,0.2,0.0
20260317_155510_225738,img_20260317_155510_225738.jpg,0.2,0.0
20260317_155510_287647,img_20260317_155510_287647.jpg,0.2,0.0
20260317_155510_343378,img_20260317_155510_343378.jpg,0.2,0.0
20260317_155510_380339,img_20260317_155510_380339.jpg,0.2,0.0
20260317_155510_443404,img_20260317_155510_443404.jpg,0.2,0.0
20260317_155510_493437,img_20260317_155510_493437.jpg,0.2,0.0
20260317_155510_550145,img_20260317_155510_550145.jpg,0.2,0.0
20260317_155510_590002,img_20260317_155510_590002.jpg,0.2,0.0
20260317_155510_657992,img_20260317_155510_657992.jpg,0.2,0.0
20260317_155510_709235,img_20260317_155510_709235.jpg,0.2,0.0
20260317_155510_761971,img_20260317_155510_761971.jpg,0.2,0.0
20260317_155510_815060,img_20260317_155510_815060.jpg,0.2,0.0
20260317_155510_869892,img_20260317_155510_869892.jpg,0.2,0.0
20260317_155510_931559,img_20260317_155510_931559.jpg,0.2,0.0
20260317_155510_971594,img_20260317_155510_971594.jpg,0.2,0.0
20260317_155511_024234,img_20260317_155511_024234.jpg,0.2,0.0
20260317_155511_072145,img_20260317_155511_072145.jpg,0.2,0.0
20260317_155511_142941,img_20260317_155511_142941.jpg,0.2,0.0
20260317_155511_192507,img_20260317_155511_192507.jpg,0.2,0.0
20260317_155511_243432,img_20260317_155511_243432.jpg,0.2,0.0
20260317_155511_293079,img_20260317_155511_293079.jpg,0.2,0.0
20260317_155511_337894,img_20260317_155511_337894.jpg,0.2,0.0
20260317_155511_400776,img_20260317_155511_400776.jpg,0.2,0.0
20260317_155511_450835,img_20260317_155511_450835.jpg,0.2,0.0
20260317_155511_504915,img_20260317_155511_504915.jpg,0.2,0.0
20260317_155511_556314,img_20260317_155511_556314.jpg,0.2,0.0
20260317_155511_608585,img_20260317_155511_608585.jpg,0.2,0.0
20260317_155511_660581,img_20260317_155511_660581.jpg,0.2,0.0
20260317_155511_706498,img_20260317_155511_706498.jpg,0.2,0.0
20260317_155511_769684,img_20260317_155511_769684.jpg,0.2,0.0
20260317_155510_511247,img_20260317_155510_511247.jpg,0.2,0.0
20260317_155510_563935,img_20260317_155510_563935.jpg,0.2,0.0
20260317_155510_625911,img_20260317_155510_625911.jpg,0.2,0.0
20260317_155510_677346,img_20260317_155510_677346.jpg,0.2,0.0
20260317_155510_714944,img_20260317_155510_714944.jpg,0.2,0.0
20260317_155510_780174,img_20260317_155510_780174.jpg,0.2,0.0
20260317_155510_818181,img_20260317_155510_818181.jpg,0.2,0.0
20260317_155510_883309,img_20260317_155510_883309.jpg,0.2,0.0
20260317_155510_936463,img_20260317_155510_936463.jpg,0.2,0.0
20260317_155510_988780,img_20260317_155510_988780.jpg,0.2,0.0
20260317_155511_040681,img_20260317_155511_040681.jpg,0.2,0.0
20260317_155511_089635,img_20260317_155511_089635.jpg,0.2,0.0
20260317_155511_144116,img_20260317_155511_144116.jpg,0.2,0.0
20260317_155511_193425,img_20260317_155511_193425.jpg,0.2,0.0
20260317_155511_236377,img_20260317_155511_236377.jpg,0.2,0.0
20260317_155511_285018,img_20260317_155511_285018.jpg,0.2,0.0
20260317_155511_349176,img_20260317_155511_349176.jpg,0.2,0.0
20260317_155511_401506,img_20260317_155511_401506.jpg,0.2,0.0
20260317_155511_444041,img_20260317_155511_444041.jpg,0.2,0.0
20260317_155511_503671,img_20260317_155511_503671.jpg,0.2,0.0
20260317_155511_557129,img_20260317_155511_557129.jpg,0.2,0.0
20260317_155511_600660,img_20260317_155511_600660.jpg,0.2,0.0
20260317_155511_660491,img_20260317_155511_660491.jpg,0.2,0.0
20260317_155511_714462,img_20260317_155511_714462.jpg,0.2,0.0
20260317_155511_759545,img_20260317_155511_759545.jpg,0.2,0.0
20260317_155511_819437,img_20260317_155511_819437.jpg,0.2,0.0
20260317_155511_872666,img_20260317_155511_872666.jpg,0.2,0.0
20260317_155511_926910,img_20260317_155511_926910.jpg,0.2,0.0
20260317_155511_978883,img_20260317_155511_978883.jpg,0.2,0.0
20260317_155512_019100,img_20260317_155512_019100.jpg,0.2,0.0
20260317_155512_079810,img_20260317_155512_079810.jpg,0.2,0.0
20260317_155512_131211,img_20260317_155512_131211.jpg,0.2,0.0
20260317_155512_182728,img_20260317_155512_182728.jpg,0.2,0.0
20260317_155512_221319,img_20260317_155512_221319.jpg,0.2,0.0
20260317_155512_284216,img_20260317_155512_284216.jpg,0.2,0.0
20260317_155512_342293,img_20260317_155512_342293.jpg,0.2,0.0
20260317_155512_378821,img_20260317_155512_378821.jpg,0.2,0.0
20260317_155512_426892,img_20260317_155512_426892.jpg,0.2,0.0
20260317_155512_493408,img_20260317_155512_493408.jpg,0.2,0.0
20260317_155512_543988,img_20260317_155512_543988.jpg,0.2,0.0
20260317_155512_597019,img_20260317_155512_597019.jpg,0.2,0.0
20260317_155512_646988,img_20260317_155512_646988.jpg,0.2,0.0
20260317_155512_701471,img_20260317_155512_701471.jpg,0.2,0.0
20260317_155512_749044,img_20260317_155512_749044.jpg,0.2,0.0
20260317_155512_803708,img_20260317_155512_803708.jpg,0.2,0.0
20260317_155512_851608,img_20260317_155512_851608.jpg,0.2,0.0
20260317_155512_905929,img_20260317_155512_905929.jpg,0.2,0.0
20260317_155512_954014,img_20260317_155512_954014.jpg,0.2,0.0
20260317_155512_996551,img_20260317_155512_996551.jpg,0.2,0.0
20260317_155513_055109,img_20260317_155513_055109.jpg,0.2,0.0
20260317_155513_107732,img_20260317_155513_107732.jpg,0.2,0.0
20260317_155513_162800,img_20260317_155513_162800.jpg,0.2,0.0
20260317_155513_212116,img_20260317_155513_212116.jpg,0.2,0.0
20260317_155513_265706,img_20260317_155513_265706.jpg,0.2,0.0
20260317_155513_322303,img_20260317_155513_322303.jpg,0.2,0.0
20260317_155513_357172,img_20260317_155513_357172.jpg,0.2,0.0
20260317_155513_406966,img_20260317_155513_406966.jpg,0.2,0.0
20260317_155513_466861,img_20260317_155513_466861.jpg,0.2,0.0
20260317_155513_526959,img_20260317_155513_526959.jpg,0.2,0.0
20260317_155513_571774,img_20260317_155513_571774.jpg,0.2,0.0
20260317_155513_616863,img_20260317_155513_616863.jpg,0.2,0.0
20260317_155513_674285,img_20260317_155513_674285.jpg,0.2,0.0
20260317_155513_725025,img_20260317_155513_725025.jpg,0.2,0.0
20260317_155513_777652,img_20260317_155513_777652.jpg,0.2,0.0
20260317_155513_827364,img_20260317_155513_827364.jpg,0.2,0.0
20260317_155513_881292,img_20260317_155513_881292.jpg,0.2,0.0
20260317_155513_933114,img_20260317_155513_933114.jpg,0.2,0.0
20260317_155513_983747,img_20260317_155513_983747.jpg,0.2,0.0
20260317_155514_035904,img_20260317_155514_035904.jpg,0.2,0.0
20260317_155514_086710,img_20260317_155514_086710.jpg,0.2,0.0
20260317_155514_139301,img_20260317_155514_139301.jpg,0.2,0.0
20260317_155514_181046,img_20260317_155514_181046.jpg,0.2,0.0
20260317_155514_241777,img_20260317_155514_241777.jpg,0.2,0.0
20260317_155514_294012,img_20260317_155514_294012.jpg,0.2,0.0
20260317_155514_353630,img_20260317_155514_353630.jpg,0.2,0.0
20260317_155514_398265,img_20260317_155514_398265.jpg,0.2,0.0
20260317_155514_451932,img_20260317_155514_451932.jpg,0.2,0.0
20260317_155514_503383,img_20260317_155514_503383.jpg,0.2,0.0
20260317_155514_556592,img_20260317_155514_556592.jpg,0.2,0.0
20260317_155514_607030,img_20260317_155514_607030.jpg,0.2,0.0
20260317_155514_658416,img_20260317_155514_658416.jpg,0.2,0.0
20260317_155514_708968,img_20260317_155514_708968.jpg,0.2,0.0
20260317_155514_751720,img_20260317_155514_751720.jpg,0.2,0.0
20260317_155514_810623,img_20260317_155514_810623.jpg,0.2,0.0
20260317_155514_862633,img_20260317_155514_862633.jpg,0.2,0.0
20260317_155514_913120,img_20260317_155514_913120.jpg,0.2,0.0
20260317_155514_964241,img_20260317_155514_964241.jpg,0.2,0.0
20260317_155515_014441,img_20260317_155515_014441.jpg,0.2,0.0
20260317_155515_064967,img_20260317_155515_064967.jpg,0.2,0.0
20260317_155515_118294,img_20260317_155515_118294.jpg,0.2,0.0
20260317_155515_157295,img_20260317_155515_157295.jpg,0.2,0.0
20260317_155515_221820,img_20260317_155515_221820.jpg,0.2,0.0
20260317_155515_268968,img_20260317_155515_268968.jpg,0.2,0.0
20260317_155515_325527,img_20260317_155515_325527.jpg,0.2,0.0
20260317_155515_372462,img_20260317_155515_372462.jpg,0.2,0.0
20260317_155515_428760,img_20260317_155515_428760.jpg,0.2,0.0
20260317_155515_476906,img_20260317_155515_476906.jpg,0.2,0.0
20260317_155515_531124,img_20260317_155515_531124.jpg,0.2,0.0
20260317_155515_572103,img_20260317_155515_572103.jpg,0.2,0.0
20260317_155515_632487,img_20260317_155515_632487.jpg,0.2,0.0
20260317_155515_680374,img_20260317_155515_680374.jpg,0.2,0.0
20260317_155515_725032,img_20260317_155515_725032.jpg,0.2,0.0
20260317_155515_773733,img_20260317_155515_773733.jpg,0.2,0.0
20260317_155515_834567,img_20260317_155515_834567.jpg,0.2,0.0
20260317_155515_885749,img_20260317_155515_885749.jpg,0.2,0.0
20260317_155515_930989,img_20260317_155515_930989.jpg,0.2,0.0
20260317_155515_989414,img_20260317_155515_989414.jpg,0.2,0.0
20260317_155516_038999,img_20260317_155516_038999.jpg,0.2,0.0
20260317_155516_087204,img_20260317_155516_087204.jpg,0.2,0.0
20260317_155516_142540,img_20260317_155516_142540.jpg,0.2,0.0
20260317_155516_186020,img_20260317_155516_186020.jpg,0.2,0.0
20260317_155516_249599,img_20260317_155516_249599.jpg,0.2,0.0
20260317_155516_288489,img_20260317_155516_288489.jpg,0.2,0.0
20260317_155516_354440,img_20260317_155516_354440.jpg,0.2,0.0
20260317_155516_405654,img_20260317_155516_405654.jpg,0.2,0.0
20260317_155516_456539,img_20260317_155516_456539.jpg,0.2,0.0
20260317_155516_508164,img_20260317_155516_508164.jpg,0.2,0.0
20260317_155516_561109,img_20260317_155516_561109.jpg,0.2,0.0
20260317_155516_609558,img_20260317_155516_609558.jpg,0.2,0.0
20260317_155516_663895,img_20260317_155516_663895.jpg,0.2,0.0
20260317_155516_714154,img_20260317_155516_714154.jpg,0.2,0.0
20260317_155516_769825,img_20260317_155516_769825.jpg,0.2,0.0
20260317_155516_815056,img_20260317_155516_815056.jpg,0.2,0.0
20260317_155516_867892,img_20260317_155516_867892.jpg,0.2,0.0
20260317_155516_915997,img_20260317_155516_915997.jpg,0.2,0.0
20260317_155516_969324,img_20260317_155516_969324.jpg,0.2,0.0
20260317_155517_019131,img_20260317_155517_019131.jpg,0.2,0.0
20260317_155517_073819,img_20260317_155517_073819.jpg,0.2,0.0
20260317_155517_122341,img_20260317_155517_122341.jpg,0.2,0.0
20260317_155517_167633,img_20260317_155517_167633.jpg,0.2,0.0
20260317_155517_214383,img_20260317_155517_214383.jpg,0.2,0.0
20260317_155517_276038,img_20260317_155517_276038.jpg,0.2,0.0
20260317_155517_318057,img_20260317_155517_318057.jpg,0.2,0.0
20260317_155517_373672,img_20260317_155517_373672.jpg,0.2,0.0
20260317_155517_436622,img_20260317_155517_436622.jpg,0.2,0.0
20260317_155517_483162,img_20260317_155517_483162.jpg,0.2,0.0
20260317_155517_535731,img_20260317_155517_535731.jpg,0.2,0.0
20260317_155517_586970,img_20260317_155517_586970.jpg,0.2,0.0
20260317_155517_639114,img_20260317_155517_639114.jpg,0.2,0.0
20260317_155517_688862,img_20260317_155517_688862.jpg,0.2,0.0
20260317_155517_732193,img_20260317_155517_732193.jpg,0.2,0.0
20260317_155517_782698,img_20260317_155517_782698.jpg,0.2,0.0
20260317_155517_841081,img_20260317_155517_841081.jpg,0.2,0.0
20260317_155517_896258,img_20260317_155517_896258.jpg,0.2,0.0
20260317_155517_946776,img_20260317_155517_946776.jpg,0.2,0.0
20260317_155517_997217,img_20260317_155517_997217.jpg,0.2,0.0
20260317_155518_049752,img_20260317_155518_049752.jpg,0.2,0.0
20260317_155518_102362,img_20260317_155518_102362.jpg,0.2,0.0
20260317_155518_153725,img_20260317_155518_153725.jpg,0.2,0.0
20260317_155518_205408,img_20260317_155518_205408.jpg,0.2,0.0
20260317_155518_244668,img_20260317_155518_244668.jpg,0.2,0.0
20260317_155518_309127,img_20260317_155518_309127.jpg,0.2,0.0
20260317_155518_363606,img_20260317_155518_363606.jpg,0.2,0.0
20260317_155518_411773,img_20260317_155518_411773.jpg,0.2,0.0
20260317_155518_460034,img_20260317_155518_460034.jpg,0.2,0.0
20260317_155518_511137,img_20260317_155518_511137.jpg,0.2,0.0
20260317_155518_562891,img_20260317_155518_562891.jpg,0.2,0.0
20260317_155518_608797,img_20260317_155518_608797.jpg,0.2,0.0
20260317_155518_666391,img_20260317_155518_666391.jpg,0.2,0.0
20260317_155518_720290,img_20260317_155518_720290.jpg,0.2,0.0
20260317_155518_773541,img_20260317_155518_773541.jpg,0.2,0.0
20260317_155518_822274,img_20260317_155518_822274.jpg,0.2,0.0
20260317_155518_873054,img_20260317_155518_873054.jpg,0.2,0.0
20260317_155518_922734,img_20260317_155518_922734.jpg,0.2,0.0
20260317_155518_975348,img_20260317_155518_975348.jpg,0.2,0.0
20260317_155519_024196,img_20260317_155519_024196.jpg,0.2,0.0
20260317_155519_079354,img_20260317_155519_079354.jpg,0.2,0.0
20260317_155519_132496,img_20260317_155519_132496.jpg,0.2,0.0
20260317_155519_180367,img_20260317_155519_180367.jpg,0.2,0.0
20260317_155519_230749,img_20260317_155519_230749.jpg,0.2,0.0
20260317_155519_282714,img_20260317_155519_282714.jpg,0.2,0.0
20260317_155519_326721,img_20260317_155519_326721.jpg,0.2,0.0
20260317_155519_380510,img_20260317_155519_380510.jpg,0.2,0.0
20260317_155519_435257,img_20260317_155519_435257.jpg,0.2,0.0
20260317_155519_487650,img_20260317_155519_487650.jpg,0.2,0.0
20260317_155519_537465,img_20260317_155519_537465.jpg,0.2,0.0
20260317_155519_591478,img_20260317_155519_591478.jpg,0.2,0.0
20260317_155519_644415,img_20260317_155519_644415.jpg,0.2,0.0
20260317_155519_694352,img_20260317_155519_694352.jpg,0.2,0.0
20260317_155519_745447,img_20260317_155519_745447.jpg,0.2,0.0
20260317_155519_787932,img_20260317_155519_787932.jpg,0.2,0.0
20260317_155519_842921,img_20260317_155519_842921.jpg,0.2,0.0
20260317_155519_901651,img_20260317_155519_901651.jpg,0.2,0.0
20260317_155519_942205,img_20260317_155519_942205.jpg,0.2,0.0
20260317_155520_004941,img_20260317_155520_004941.jpg,0.2,0.0
20260317_155520_046662,img_20260317_155520_046662.jpg,0.2,0.0
20260317_155520_109952,img_20260317_155520_109952.jpg,0.2,0.0
20260317_155520_149977,img_20260317_155520_149977.jpg,0.2,0.0
20260317_155520_204171,img_20260317_155520_204171.jpg,0.2,0.0
20260317_155520_266473,img_20260317_155520_266473.jpg,0.2,0.0
20260317_155520_321598,img_20260317_155520_321598.jpg,0.2,0.0
20260317_155520_364999,img_20260317_155520_364999.jpg,0.2,0.0
20260317_155520_413256,img_20260317_155520_413256.jpg,0.2,0.0
20260317_155520_472524,img_20260317_155520_472524.jpg,0.2,0.0
20260317_155520_525305,img_20260317_155520_525305.jpg,0.2,0.0
20260317_155520_577462,img_20260317_155520_577462.jpg,0.2,0.0
20260317_155520_627533,img_20260317_155520_627533.jpg,0.2,0.0
20260317_155520_681585,img_20260317_155520_681585.jpg,0.2,0.0
20260317_155520_732919,img_20260317_155520_732919.jpg,0.2,0.0
20260317_155520_786376,img_20260317_155520_786376.jpg,0.2,0.0
20260317_155520_838236,img_20260317_155520_838236.jpg,0.2,0.0
20260317_155520_887283,img_20260317_155520_887283.jpg,0.2,0.0
20260317_155520_944634,img_20260317_155520_944634.jpg,0.2,0.0
20260317_155520_991984,img_20260317_155520_991984.jpg,0.2,0.0
20260317_155521_047393,img_20260317_155521_047393.jpg,0.2,0.0
20260317_155521_096549,img_20260317_155521_096549.jpg,0.2,0.0
20260317_155521_138282,img_20260317_155521_138282.jpg,0.2,0.0
20260317_155521_187847,img_20260317_155521_187847.jpg,0.2,0.0
20260317_155521_250834,img_20260317_155521_250834.jpg,0.2,0.0
20260317_155521_310269,img_20260317_155521_310269.jpg,0.2,0.0
20260317_155521_356251,img_20260317_155521_356251.jpg,0.2,0.0
20260317_155521_410490,img_20260317_155521_410490.jpg,0.2,0.0
20260317_155521_456606,img_20260317_155521_456606.jpg,0.2,0.0
20260317_155521_511011,img_20260317_155521_511011.jpg,0.2,0.0
20260317_155521_558003,img_20260317_155521_558003.jpg,0.2,0.0
20260317_155521_611099,img_20260317_155521_611099.jpg,0.2,0.0
20260317_155521_652629,img_20260317_155521_652629.jpg,0.2,0.0
20260317_155521_717366,img_20260317_155521_717366.jpg,0.2,0.0
20260317_155521_766121,img_20260317_155521_766121.jpg,0.2,0.0
20260317_155521_819041,img_20260317_155521_819041.jpg,0.2,0.0
20260317_155521_867594,img_20260317_155521_867594.jpg,0.2,0.0
20260317_155521_922538,img_20260317_155521_922538.jpg,0.2,0.0
20260317_155521_971247,img_20260317_155521_971247.jpg,0.2,0.0
20260317_155522_025467,img_20260317_155522_025467.jpg,0.2,0.0
20260317_155522_076794,img_20260317_155522_076794.jpg,0.2,0.0
20260317_155522_131375,img_20260317_155522_131375.jpg,0.2,0.0
20260317_155522_180747,img_20260317_155522_180747.jpg,0.2,0.0
20260317_155522_240677,img_20260317_155522_240677.jpg,0.2,0.0
20260317_155522_287634,img_20260317_155522_287634.jpg,0.2,0.0
20260317_155522_342158,img_20260317_155522_342158.jpg,0.2,0.0
20260317_155522_395313,img_20260317_155522_395313.jpg,0.2,0.0
20260317_155522_444155,img_20260317_155522_444155.jpg,0.2,0.0
20260317_155522_497991,img_20260317_155522_497991.jpg,0.2,0.0
20260317_155522_533551,img_20260317_155522_533551.jpg,0.2,0.0
20260317_155522_596351,img_20260317_155522_596351.jpg,0.2,0.0
20260317_155522_649010,img_20260317_155522_649010.jpg,0.2,0.0
20260317_155522_690734,img_20260317_155522_690734.jpg,0.2,0.0
20260317_155522_751085,img_20260317_155522_751085.jpg,0.2,0.0
20260317_155522_800254,img_20260317_155522_800254.jpg,0.2,0.0
20260317_155522_854946,img_20260317_155522_854946.jpg,0.2,0.0
20260317_155522_894751,img_20260317_155522_894751.jpg,0.2,0.0
20260317_155522_962320,img_20260317_155522_962320.jpg,0.2,0.0
20260317_155523_008228,img_20260317_155523_008228.jpg,0.2,0.0
20260317_155523_062480,img_20260317_155523_062480.jpg,0.2,0.0
20260317_155523_115772,img_20260317_155523_115772.jpg,0.2,0.0
20260317_155523_166315,img_20260317_155523_166315.jpg,0.2,0.0
20260317_155523_215748,img_20260317_155523_215748.jpg,0.2,0.0
20260317_155523_262072,img_20260317_155523_262072.jpg,0.2,0.0
20260317_155523_320141,img_20260317_155523_320141.jpg,0.2,0.0
20260317_155523_377869,img_20260317_155523_377869.jpg,0.2,0.0
20260317_155523_429282,img_20260317_155523_429282.jpg,0.2,0.0
20260317_155523_479054,img_20260317_155523_479054.jpg,0.2,0.0
20260317_155523_531792,img_20260317_155523_531792.jpg,0.2,0.0
20260317_155523_578849,img_20260317_155523_578849.jpg,0.2,0.0
20260317_155523_617773,img_20260317_155523_617773.jpg,0.2,0.0
20260317_155523_681394,img_20260317_155523_681394.jpg,0.2,0.0
20260317_155523_736783,img_20260317_155523_736783.jpg,0.2,0.0
20260317_155523_788413,img_20260317_155523_788413.jpg,0.2,0.0
20260317_155523_837746,img_20260317_155523_837746.jpg,0.2,0.0
20260317_155523_890718,img_20260317_155523_890718.jpg,0.2,0.0
20260317_155523_930136,img_20260317_155523_930136.jpg,0.2,0.0
20260317_155523_993977,img_20260317_155523_993977.jpg,0.2,0.0
20260317_155524_030246,img_20260317_155524_030246.jpg,0.2,0.0
20260317_155524_098951,img_20260317_155524_098951.jpg,0.2,0.0
20260317_155524_145004,img_20260317_155524_145004.jpg,0.2,0.0
20260317_155524_204577,img_20260317_155524_204577.jpg,0.2,0.0
20260317_155524_253483,img_20260317_155524_253483.jpg,0.2,0.0
20260317_155524_307983,img_20260317_155524_307983.jpg,0.2,0.0
20260317_155524_365871,img_20260317_155524_365871.jpg,0.2,0.0
20260317_155524_397401,img_20260317_155524_397401.jpg,0.2,0.0
20260317_155524_444044,img_20260317_155524_444044.jpg,0.2,0.0
20260317_155524_510624,img_20260317_155524_510624.jpg,0.2,0.0
20260317_155524_560402,img_20260317_155524_560402.jpg,0.2,0.0
20260317_155524_614295,img_20260317_155524_614295.jpg,0.2,0.0
20260317_155524_654567,img_20260317_155524_654567.jpg,0.2,0.0
20260317_155524_716998,img_20260317_155524_716998.jpg,0.2,0.1
20260317_155524_767912,img_20260317_155524_767912.jpg,0.2,0.1
20260317_155524_825843,img_20260317_155524_825843.jpg,0.2,0.0
20260317_155524_862246,img_20260317_155524_862246.jpg,0.2,0.0
20260317_155524_926438,img_20260317_155524_926438.jpg,0.2,0.0
20260317_155524_974598,img_20260317_155524_974598.jpg,0.2,0.0
20260317_155525_029844,img_20260317_155525_029844.jpg,0.2,0.0
20260317_155525_080532,img_20260317_155525_080532.jpg,0.2,0.0
20260317_155525_134141,img_20260317_155525_134141.jpg,0.2,0.0
20260317_155525_183573,img_20260317_155525_183573.jpg,0.2,0.0
20260317_155525_235677,img_20260317_155525_235677.jpg,0.2,0.0
20260317_155525_286794,img_20260317_155525_286794.jpg,0.2,0.0
20260317_155525_342990,img_20260317_155525_342990.jpg,0.2,0.0
20260317_155525_393830,img_20260317_155525_393830.jpg,0.2,0.0
20260317_155525_455080,img_20260317_155525_455080.jpg,0.2,0.0
20260317_155525_499546,img_20260317_155525_499546.jpg,0.2,0.0
20260317_155525_548557,img_20260317_155525_548557.jpg,0.2,0.0
20260317_155525_597690,img_20260317_155525_597690.jpg,0.2,0.0
20260317_155525_651028,img_20260317_155525_651028.jpg,0.2,0.0
20260317_155525_688560,img_20260317_155525_688560.jpg,0.2,0.0
20260317_155525_756895,img_20260317_155525_756895.jpg,0.2,0.0
20260317_155525_803950,img_20260317_155525_803950.jpg,0.2,0.0
20260317_155525_858238,img_20260317_155525_858238.jpg,0.2,0.0
20260317_155525_908051,img_20260317_155525_908051.jpg,0.2,0.0
20260317_155525_963701,img_20260317_155525_963701.jpg,0.2,0.0
20260317_155526_014882,img_20260317_155526_014882.jpg,0.2,0.0
20260317_155526_065685,img_20260317_155526_065685.jpg,0.2,0.0
20260317_155526_113608,img_20260317_155526_113608.jpg,0.2,0.0
20260317_155526_166664,img_20260317_155526_166664.jpg,0.2,0.0
20260317_155526_220624,img_20260317_155526_220624.jpg,0.2,0.0
20260317_155526_270505,img_20260317_155526_270505.jpg,0.2,0.0
20260317_155526_322143,img_20260317_155526_322143.jpg,0.2,0.0
20260317_155526_375484,img_20260317_155526_375484.jpg,0.2,0.0
20260317_155526_428898,img_20260317_155526_428898.jpg,0.2,0.0
20260317_155526_485378,img_20260317_155526_485378.jpg,0.2,0.0
20260317_155526_527782,img_20260317_155526_527782.jpg,0.2,0.0
20260317_155526_579676,img_20260317_155526_579676.jpg,0.2,0.0
20260317_155526_633108,img_20260317_155526_633108.jpg,0.2,0.0
20260317_155526_687600,img_20260317_155526_687600.jpg,0.2,0.0
20260317_155526_737948,img_20260317_155526_737948.jpg,0.2,0.0
20260317_155526_781666,img_20260317_155526_781666.jpg,0.2,0.0
20260317_155526_846984,img_20260317_155526_846984.jpg,0.2,0.0
20260317_155526_889880,img_20260317_155526_889880.jpg,0.2,0.0
20260317_155526_952204,img_20260317_155526_952204.jpg,0.2,0.0
20260317_155527_001926,img_20260317_155527_001926.jpg,0.2,0.0
20260317_155527_045264,img_20260317_155527_045264.jpg,0.2,0.0
20260317_155527_104652,img_20260317_155527_104652.jpg,0.2,0.0
20260317_155527_156635,img_20260317_155527_156635.jpg,0.2,0.0
20260317_155527_202109,img_20260317_155527_202109.jpg,0.2,0.0
20260317_155527_255248,img_20260317_155527_255248.jpg,0.2,0.0
20260317_155527_306854,img_20260317_155527_306854.jpg,0.2,0.0
20260317_155527_350279,img_20260317_155527_350279.jpg,0.2,0.0
20260317_155527_401702,img_20260317_155527_401702.jpg,0.2,0.0
20260317_155527_461491,img_20260317_155527_461491.jpg,0.2,0.0
20260317_155527_516587,img_20260317_155527_516587.jpg,0.2,0.0
20260317_155527_571057,img_20260317_155527_571057.jpg,0.2,0.0
20260317_155527_617474,img_20260317_155527_617474.jpg,0.2,0.0
20260317_155527_667220,img_20260317_155527_667220.jpg,0.2,0.0
20260317_155527_718302,img_20260317_155527_718302.jpg,0.2,0.0
20260317_155527_772013,img_20260317_155527_772013.jpg,0.2,0.0
20260317_155527_826108,img_20260317_155527_826108.jpg,0.2,0.0
20260317_155527_861814,img_20260317_155527_861814.jpg,0.2,0.0
20260317_155527_925146,img_20260317_155527_925146.jpg,0.2,0.0
20260317_155527_982461,img_20260317_155527_982461.jpg,0.2,0.0
20260317_155528_029197,img_20260317_155528_029197.jpg,0.2,0.0
20260317_155528_081348,img_20260317_155528_081348.jpg,0.2,0.0
20260317_155528_132499,img_20260317_155528_132499.jpg,0.2,0.0
20260317_155528_181489,img_20260317_155528_181489.jpg,0.2,0.0
20260317_155528_232302,img_20260317_155528_232302.jpg,0.2,0.0
20260317_155528_287395,img_20260317_155528_287395.jpg,0.2,0.0
20260317_155528_338294,img_20260317_155528_338294.jpg,0.2,0.0
20260317_155528_392357,img_20260317_155528_392357.jpg,0.2,0.0
20260317_155528_444964,img_20260317_155528_444964.jpg,0.2,0.0
20260317_155528_495599,img_20260317_155528_495599.jpg,0.2,0.0
20260317_155528_549208,img_20260317_155528_549208.jpg,0.2,0.0
20260317_155528_592273,img_20260317_155528_592273.jpg,0.2,0.0
20260317_155528_645924,img_20260317_155528_645924.jpg,0.2,0.0
20260317_155528_699039,img_20260317_155528_699039.jpg,0.2,0.0
20260317_155528_754238,img_20260317_155528_754238.jpg,0.2,0.0
20260317_155528_803461,img_20260317_155528_803461.jpg,0.2,0.0
20260317_155528_856411,img_20260317_155528_856411.jpg,0.2,0.0
20260317_155528_907156,img_20260317_155528_907156.jpg,0.2,0.0
20260317_155528_943763,img_20260317_155528_943763.jpg,0.2,0.0
20260317_155529_005576,img_20260317_155529_005576.jpg,0.2,0.0
20260317_155529_050651,img_20260317_155529_050651.jpg,0.2,0.0
20260317_155529_113014,img_20260317_155529_113014.jpg,0.2,0.0
20260317_155529_163755,img_20260317_155529_163755.jpg,0.2,0.0
20260317_155529_219311,img_20260317_155529_219311.jpg,0.2,0.0
20260317_155529_266994,img_20260317_155529_266994.jpg,0.2,0.0
20260317_155529_320932,img_20260317_155529_320932.jpg,0.2,0.0
20260317_155529_358124,img_20260317_155529_358124.jpg,0.2,0.0
20260317_155529_419135,img_20260317_155529_419135.jpg,0.2,0.0
20260317_155529_460561,img_20260317_155529_460561.jpg,0.2,0.0
20260317_155529_525524,img_20260317_155529_525524.jpg,0.2,0.0
20260317_155529_578400,img_20260317_155529_578400.jpg,0.2,0.0
20260317_155529_616918,img_20260317_155529_616918.jpg,0.2,0.0
20260317_155529_668323,img_20260317_155529_668323.jpg,0.2,0.0
20260317_155529_730015,img_20260317_155529_730015.jpg,0.2,0.0
20260317_155529_782539,img_20260317_155529_782539.jpg,0.2,0.0
20260317_155529_832523,img_20260317_155529_832523.jpg,0.2,0.0
20260317_155529_885355,img_20260317_155529_885355.jpg,0.2,0.0
20260317_155529_930414,img_20260317_155529_930414.jpg,0.2,0.0
20260317_155529_989162,img_20260317_155529_989162.jpg,0.2,0.0
20260317_155530_043823,img_20260317_155530_043823.jpg,0.2,0.0
20260317_155530_096870,img_20260317_155530_096870.jpg,0.2,0.0
20260317_155530_149632,img_20260317_155530_149632.jpg,0.2,0.0
20260317_155530_203919,img_20260317_155530_203919.jpg,0.2,0.0
20260317_155530_242232,img_20260317_155530_242232.jpg,0.2,0.0
20260317_155530_305374,img_20260317_155530_305374.jpg,0.2,0.0
20260317_155530_362120,img_20260317_155530_362120.jpg,0.2,0.0
20260317_155530_407355,img_20260317_155530_407355.jpg,0.2,0.0
20260317_155530_448476,img_20260317_155530_448476.jpg,0.2,0.0
20260317_155530_511174,img_20260317_155530_511174.jpg,0.2,0.0
20260317_155530_565276,img_20260317_155530_565276.jpg,0.2,0.0
20260317_155530_621912,img_20260317_155530_621912.jpg,0.2,0.0
20260317_155530_668764,img_20260317_155530_668764.jpg,0.2,0.0
20260317_155530_717101,img_20260317_155530_717101.jpg,0.2,0.0
20260317_155530_768620,img_20260317_155530_768620.jpg,0.2,0.0
20260317_155530_807827,img_20260317_155530_807827.jpg,0.2,0.0
20260317_155530_871355,img_20260317_155530_871355.jpg,0.2,0.0
20260317_155530_923309,img_20260317_155530_923309.jpg,0.2,0.0
20260317_155530_975729,img_20260317_155530_975729.jpg,0.2,0.0
20260317_155531_022730,img_20260317_155531_022730.jpg,0.2,0.0
20260317_155531_076390,img_20260317_155531_076390.jpg,0.2,0.0
20260317_155531_128235,img_20260317_155531_128235.jpg,0.2,0.0
20260317_155531_177542,img_20260317_155531_177542.jpg,0.2,0.0
20260317_155531_227351,img_20260317_155531_227351.jpg,0.2,0.0
20260317_155531_281802,img_20260317_155531_281802.jpg,0.2,0.0
20260317_155531_333643,img_20260317_155531_333643.jpg,0.2,0.0
20260317_155531_387037,img_20260317_155531_387037.jpg,0.2,0.0
20260317_155531_438862,img_20260317_155531_438862.jpg,0.2,0.0
20260317_155531_475239,img_20260317_155531_475239.jpg,0.2,0.0
20260317_155531_536031,img_20260317_155531_536031.jpg,0.2,0.0
20260317_155531_577894,img_20260317_155531_577894.jpg,0.2,0.0
20260317_155531_639863,img_20260317_155531_639863.jpg,0.2,0.0
20260317_155531_682509,img_20260317_155531_682509.jpg,0.2,0.0
20260317_155531_741901,img_20260317_155531_741901.jpg,0.2,0.0
20260317_155531_792604,img_20260317_155531_792604.jpg,0.2,0.0
20260317_155531_843926,img_20260317_155531_843926.jpg,0.2,0.0
20260317_155531_892982,img_20260317_155531_892982.jpg,0.2,0.0
20260317_155531_949658,img_20260317_155531_949658.jpg,0.2,0.0
20260317_155531_998426,img_20260317_155531_998426.jpg,0.2,0.0
20260317_155532_041348,img_20260317_155532_041348.jpg,0.2,0.0
20260317_155532_097869,img_20260317_155532_097869.jpg,0.2,0.0
20260317_155532_142258,img_20260317_155532_142258.jpg,0.2,0.0
20260317_155532_207523,img_20260317_155532_207523.jpg,0.2,0.0
20260317_155532_253023,img_20260317_155532_253023.jpg,0.2,0.0
20260317_155532_298302,img_20260317_155532_298302.jpg,0.2,0.0
20260317_155532_362767,img_20260317_155532_362767.jpg,0.2,0.0
20260317_155532_399916,img_20260317_155532_399916.jpg,0.2,0.0
20260317_155532_451339,img_20260317_155532_451339.jpg,0.2,0.0
20260317_155532_503892,img_20260317_155532_503892.jpg,0.2,0.0
20260317_155532_566701,img_20260317_155532_566701.jpg,0.2,0.0
20260317_155532_615993,img_20260317_155532_615993.jpg,0.2,0.0
20260317_155532_671754,img_20260317_155532_671754.jpg,0.2,0.0
20260317_155532_720517,img_20260317_155532_720517.jpg,0.2,0.0
20260317_155532_774041,img_20260317_155532_774041.jpg,0.2,0.0
20260317_155532_826163,img_20260317_155532_826163.jpg,0.2,0.0
20260317_155532_869461,img_20260317_155532_869461.jpg,0.2,0.0
20260317_155532_928896,img_20260317_155532_928896.jpg,0.2,0.0
20260317_155532_979570,img_20260317_155532_979570.jpg,0.2,0.0
20260317_155533_031457,img_20260317_155533_031457.jpg,0.2,0.0
20260317_155533_070437,img_20260317_155533_070437.jpg,0.2,0.0
20260317_155533_130544,img_20260317_155533_130544.jpg,0.2,0.0
20260317_155533_187573,img_20260317_155533_187573.jpg,0.2,0.0
20260317_155533_234019,img_20260317_155533_234019.jpg,0.2,0.0
20260317_155533_273775,img_20260317_155533_273775.jpg,0.2,0.0
20260317_155533_337670,img_20260317_155533_337670.jpg,0.2,0.0
20260317_155533_387796,img_20260317_155533_387796.jpg,0.2,0.0
20260317_155533_444671,img_20260317_155533_444671.jpg,0.2,0.0
20260317_155533_494195,img_20260317_155533_494195.jpg,0.2,0.0
20260317_155533_546670,img_20260317_155533_546670.jpg,0.2,0.0
20260317_155533_598308,img_20260317_155533_598308.jpg,0.2,0.0
20260317_155533_649391,img_20260317_155533_649391.jpg,0.2,0.0
20260317_155533_701483,img_20260317_155533_701483.jpg,0.2,0.0
20260317_155533_761002,img_20260317_155533_761002.jpg,0.2,0.0
20260317_155533_808459,img_20260317_155533_808459.jpg,0.2,0.0
20260317_155533_857924,img_20260317_155533_857924.jpg,0.2,0.0
20260317_155533_912286,img_20260317_155533_912286.jpg,0.2,0.0
20260317_155533_970697,img_20260317_155533_970697.jpg,0.2,0.0
20260317_155534_017022,img_20260317_155534_017022.jpg,0.2,0.0
20260317_155534_064234,img_20260317_155534_064234.jpg,0.2,0.0
20260317_155534_118382,img_20260317_155534_118382.jpg,0.2,0.0
20260317_155534_163414,img_20260317_155534_163414.jpg,0.2,0.0
20260317_155534_221536,img_20260317_155534_221536.jpg,0.2,0.0
20260317_155534_269205,img_20260317_155534_269205.jpg,0.2,0.0
20260317_155534_331358,img_20260317_155534_331358.jpg,0.2,0.0
20260317_155534_368437,img_20260317_155534_368437.jpg,0.2,0.0
20260317_155534_425055,img_20260317_155534_425055.jpg,0.2,0.0
20260317_155534_479405,img_20260317_155534_479405.jpg,0.2,0.0
20260317_155534_523624,img_20260317_155534_523624.jpg,0.2,0.0
20260317_155534_576433,img_20260317_155534_576433.jpg,0.2,0.0
20260317_155534_639022,img_20260317_155534_639022.jpg,0.2,0.0
20260317_155534_695732,img_20260317_155534_695732.jpg,0.2,0.0
20260317_155534_743820,img_20260317_155534_743820.jpg,0.2,0.0
20260317_155534_783670,img_20260317_155534_783670.jpg,0.2,0.0
20260317_155534_846805,img_20260317_155534_846805.jpg,0.2,0.0
20260317_155534_898084,img_20260317_155534_898084.jpg,0.2,0.0
20260317_155534_951452,img_20260317_155534_951452.jpg,0.2,0.0
20260317_155534_986020,img_20260317_155534_986020.jpg,0.2,0.0
20260317_155535_045567,img_20260317_155535_045567.jpg,0.2,0.0
20260317_155535_112725,img_20260317_155535_112725.jpg,0.2,0.0
20260317_155535_162939,img_20260317_155535_162939.jpg,0.2,0.0
20260317_155535_206677,img_20260317_155535_206677.jpg,0.2,0.0
20260317_155535_256425,img_20260317_155535_256425.jpg,0.2,0.0
20260317_155535_308872,img_20260317_155535_308872.jpg,0.2,0.0
20260317_155535_367559,img_20260317_155535_367559.jpg,0.2,0.0
20260317_155535_405318,img_20260317_155535_405318.jpg,0.2,0.0
20260317_155535_461032,img_20260317_155535_461032.jpg,0.2,0.0
20260317_155535_502116,img_20260317_155535_502116.jpg,0.2,0.0
20260317_155535_562224,img_20260317_155535_562224.jpg,0.2,0.0
20260317_155535_616121,img_20260317_155535_616121.jpg,0.2,0.0
20260317_155535_658568,img_20260317_155535_658568.jpg,0.2,0.0
20260317_155535_709278,img_20260317_155535_709278.jpg,0.2,0.0
20260317_155535_771454,img_20260317_155535_771454.jpg,0.2,0.0
20260317_155535_823498,img_20260317_155535_823498.jpg,0.2,0.0
20260317_155535_878347,img_20260317_155535_878347.jpg,0.2,0.0
20260317_155535_930655,img_20260317_155535_930655.jpg,0.2,0.0
20260317_155535_972070,img_20260317_155535_972070.jpg,0.2,0.0
20260317_155536_026315,img_20260317_155536_026315.jpg,0.2,0.0
20260317_155536_075197,img_20260317_155536_075197.jpg,0.2,0.0
20260317_155536_135904,img_20260317_155536_135904.jpg,0.2,0.0
20260317_155536_174154,img_20260317_155536_174154.jpg,0.2,0.0
20260317_155536_227701,img_20260317_155536_227701.jpg,0.2,0.0
20260317_155536_285820,img_20260317_155536_285820.jpg,0.2,0.0
20260317_155536_339229,img_20260317_155536_339229.jpg,0.2,0.0
20260317_155536_378247,img_20260317_155536_378247.jpg,0.2,0.0
20260317_155536_444267,img_20260317_155536_444267.jpg,0.2,0.0
20260317_155536_491301,img_20260317_155536_491301.jpg,0.2,0.0
20260317_155536_543543,img_20260317_155536_543543.jpg,0.2,0.0
20260317_155536_594650,img_20260317_155536_594650.jpg,0.2,0.0
20260317_155536_648339,img_20260317_155536_648339.jpg,0.2,0.0
20260317_155536_706072,img_20260317_155536_706072.jpg,0.2,0.0
20260317_155536_753145,img_20260317_155536_753145.jpg,0.2,0.0
20260317_155536_803057,img_20260317_155536_803057.jpg,0.2,0.0
20260317_155536_851762,img_20260317_155536_851762.jpg,0.2,0.0
20260317_155536_893756,img_20260317_155536_893756.jpg,0.2,0.0
20260317_155536_955956,img_20260317_155536_955956.jpg,0.2,0.0
20260317_155537_008092,img_20260317_155537_008092.jpg,0.2,0.0
20260317_155537_065169,img_20260317_155537_065169.jpg,0.2,0.0
20260317_155537_100696,img_20260317_155537_100696.jpg,0.2,0.0
20260317_155537_166629,img_20260317_155537_166629.jpg,0.2,0.0
20260317_155537_216226,img_20260317_155537_216226.jpg,0.2,0.0
20260317_155537_267640,img_20260317_155537_267640.jpg,0.2,0.0
20260317_155537_316489,img_20260317_155537_316489.jpg,0.2,0.0
20260317_155537_370506,img_20260317_155537_370506.jpg,0.2,0.0
20260317_155537_418600,img_20260317_155537_418600.jpg,0.2,0.0
20260317_155537_473345,img_20260317_155537_473345.jpg,0.2,0.0
20260317_155537_529154,img_20260317_155537_529154.jpg,0.2,0.0
20260317_155537_574928,img_20260317_155537_574928.jpg,0.2,0.0
20260317_155537_626601,img_20260317_155537_626601.jpg,0.2,0.0
20260317_155537_682250,img_20260317_155537_682250.jpg,0.2,0.0
20260317_155537_724581,img_20260317_155537_724581.jpg,0.2,0.0
20260317_155537_781692,img_20260317_155537_781692.jpg,0.2,0.0
20260317_155537_834365,img_20260317_155537_834365.jpg,0.2,0.0
20260317_155537_888409,img_20260317_155537_888409.jpg,0.2,0.0
20260317_155537_938753,img_20260317_155537_938753.jpg,0.2,0.0
20260317_155537_992647,img_20260317_155537_992647.jpg,0.2,0.0
20260317_155538_038439,img_20260317_155538_038439.jpg,0.2,0.0
20260317_155538_092079,img_20260317_155538_092079.jpg,0.2,0.0
20260317_155538_144294,img_20260317_155538_144294.jpg,0.2,0.0
20260317_155538_198095,img_20260317_155538_198095.jpg,0.2,0.0
20260317_155538_236793,img_20260317_155538_236793.jpg,0.2,0.0
20260317_155538_299292,img_20260317_155538_299292.jpg,0.2,0.0
20260317_155538_353964,img_20260317_155538_353964.jpg,0.2,0.0
20260317_155538_398129,img_20260317_155538_398129.jpg,0.2,0.0
20260317_155538_449613,img_20260317_155538_449613.jpg,0.2,0.0
20260317_155538_506382,img_20260317_155538_506382.jpg,0.2,0.0
20260317_155538_556068,img_20260317_155538_556068.jpg,0.2,0.0
20260317_155538_607386,img_20260317_155538_607386.jpg,0.2,0.0
20260317_155538_659719,img_20260317_155538_659719.jpg,0.2,0.0
20260317_155538_714904,img_20260317_155538_714904.jpg,0.2,0.0
20260317_155538_762233,img_20260317_155538_762233.jpg,0.2,0.0
20260317_155538_816232,img_20260317_155538_816232.jpg,0.2,0.0
20260317_155538_865259,img_20260317_155538_865259.jpg,0.2,0.0
20260317_155538_919947,img_20260317_155538_919947.jpg,0.2,0.0
20260317_155538_968794,img_20260317_155538_968794.jpg,0.2,0.0
20260317_155539_024155,img_20260317_155539_024155.jpg,0.2,0.0
20260317_155539_071204,img_20260317_155539_071204.jpg,0.2,0.0
20260317_155539_125102,img_20260317_155539_125102.jpg,0.2,0.0
20260317_155539_166035,img_20260317_155539_166035.jpg,0.2,0.0
20260317_155539_232406,img_20260317_155539_232406.jpg,0.2,0.0
20260317_155539_273936,img_20260317_155539_273936.jpg,0.2,0.0
20260317_155539_331153,img_20260317_155539_331153.jpg,0.2,0.0
20260317_155539_381360,img_20260317_155539_381360.jpg,0.2,0.0
20260317_155539_434081,img_20260317_155539_434081.jpg,0.2,0.0
20260317_155539_483770,img_20260317_155539_483770.jpg,0.2,0.0
20260317_155539_538503,img_20260317_155539_538503.jpg,0.2,0.0
20260317_155539_591842,img_20260317_155539_591842.jpg,0.2,0.0
20260317_155539_638693,img_20260317_155539_638693.jpg,0.2,0.0
20260317_155539_677213,img_20260317_155539_677213.jpg,0.2,0.0
20260317_155539_740843,img_20260317_155539_740843.jpg,0.2,0.0
20260317_155539_794628,img_20260317_155539_794628.jpg,0.2,0.0
20260317_155539_845227,img_20260317_155539_845227.jpg,0.2,0.0
20260317_155539_883959,img_20260317_155539_883959.jpg,0.2,0.0
20260317_155539_946731,img_20260317_155539_946731.jpg,0.2,0.0
20260317_155539_996570,img_20260317_155539_996570.jpg,0.2,0.0
20260317_155540_052114,img_20260317_155540_052114.jpg,0.2,0.0
20260317_155540_103302,img_20260317_155540_103302.jpg,0.2,0.0
20260317_155540_158339,img_20260317_155540_158339.jpg,0.2,0.0
20260317_155540_211735,img_20260317_155540_211735.jpg,0.2,0.0
20260317_155540_246884,img_20260317_155540_246884.jpg,0.2,0.0
20260317_155540_309017,img_20260317_155540_309017.jpg,0.2,0.0
20260317_155540_359966,img_20260317_155540_359966.jpg,0.2,0.0
20260317_155540_414781,img_20260317_155540_414781.jpg,0.2,0.0
20260317_155540_463745,img_20260317_155540_463745.jpg,0.2,0.0
20260317_155540_506565,img_20260317_155540_506565.jpg,0.2,0.0
20260317_155540_565771,img_20260317_155540_565771.jpg,0.2,0.0
20260317_155540_616709,img_20260317_155540_616709.jpg,0.2,0.0
20260317_155540_668526,img_20260317_155540_668526.jpg,0.2,0.0
20260317_155540_720141,img_20260317_155540_720141.jpg,0.2,0.0
20260317_155540_775465,img_20260317_155540_775465.jpg,0.2,0.0
20260317_155540_821780,img_20260317_155540_821780.jpg,0.2,0.0
20260317_155540_873098,img_20260317_155540_873098.jpg,0.2,0.0
20260317_155540_925604,img_20260317_155540_925604.jpg,0.2,0.0
20260317_155540_977677,img_20260317_155540_977677.jpg,0.2,0.0
20260317_155541_018522,img_20260317_155541_018522.jpg,0.2,0.0
20260317_155541_075212,img_20260317_155541_075212.jpg,0.2,0.0
20260317_155541_133691,img_20260317_155541_133691.jpg,0.2,0.0
20260317_155541_182616,img_20260317_155541_182616.jpg,0.2,0.0
20260317_155541_222883,img_20260317_155541_222883.jpg,0.2,0.0
20260317_155541_273914,img_20260317_155541_273914.jpg,0.2,0.0
20260317_155541_335836,img_20260317_155541_335836.jpg,0.2,0.0
20260317_155541_389436,img_20260317_155541_389436.jpg,0.2,0.0
20260317_155541_438614,img_20260317_155541_438614.jpg,0.2,0.0
20260317_155541_480409,img_20260317_155541_480409.jpg,0.2,0.0
20260317_155541_539140,img_20260317_155541_539140.jpg,0.2,0.0
20260317_155541_590610,img_20260317_155541_590610.jpg,0.2,0.0
20260317_155541_648552,img_20260317_155541_648552.jpg,0.2,0.0
20260317_155541_684829,img_20260317_155541_684829.jpg,0.2,0.0
20260317_155541_749112,img_20260317_155541_749112.jpg,0.2,0.0
20260317_155541_798893,img_20260317_155541_798893.jpg,0.2,0.0
20260317_155541_853370,img_20260317_155541_853370.jpg,0.2,0.0
20260317_155541_903791,img_20260317_155541_903791.jpg,0.2,0.0
20260317_155541_958273,img_20260317_155541_958273.jpg,0.2,0.0
20260317_155542_010581,img_20260317_155542_010581.jpg,0.2,0.0
20260317_155542_054945,img_20260317_155542_054945.jpg,0.2,0.0
20260317_155542_106228,img_20260317_155542_106228.jpg,0.2,0.0
20260317_155542_145190,img_20260317_155542_145190.jpg,0.2,0.0
20260317_155542_213361,img_20260317_155542_213361.jpg,0.2,0.0
20260317_155542_259798,img_20260317_155542_259798.jpg,0.2,0.0
20260317_155542_317345,img_20260317_155542_317345.jpg,0.2,0.0
20260317_155542_366461,img_20260317_155542_366461.jpg,0.2,0.0
20260317_155542_410170,img_20260317_155542_410170.jpg,0.2,0.0
20260317_155542_456774,img_20260317_155542_456774.jpg,0.2,0.0
20260317_155542_523650,img_20260317_155542_523650.jpg,0.2,0.0
20260317_155542_572757,img_20260317_155542_572757.jpg,0.2,0.0
20260317_155542_624251,img_20260317_155542_624251.jpg,0.2,0.0
20260317_155542_673580,img_20260317_155542_673580.jpg,0.2,0.0
20260317_155542_736801,img_20260317_155542_736801.jpg,0.2,0.0
20260317_155541_431230,img_20260317_155541_431230.jpg,0.2,0.0
20260317_155541_487756,img_20260317_155541_487756.jpg,0.2,0.0
20260317_155541_540149,img_20260317_155541_540149.jpg,0.2,0.0
20260317_155541_585849,img_20260317_155541_585849.jpg,0.2,0.0
20260317_155541_635138,img_20260317_155541_635138.jpg,0.2,0.0
20260317_155541_690152,img_20260317_155541_690152.jpg,0.2,0.0
20260317_155541_738297,img_20260317_155541_738297.jpg,0.2,0.0
20260317_155541_792292,img_20260317_155541_792292.jpg,0.2,0.0
20260317_155541_841707,img_20260317_155541_841707.jpg,0.2,0.0
20260317_155541_897901,img_20260317_155541_897901.jpg,0.2,0.0
20260317_155541_933405,img_20260317_155541_933405.jpg,0.2,0.0
20260317_155541_996883,img_20260317_155541_996883.jpg,0.2,0.0
20260317_155542_046125,img_20260317_155542_046125.jpg,0.2,0.0
20260317_155542_100731,img_20260317_155542_100731.jpg,0.2,0.0
20260317_155542_147798,img_20260317_155542_147798.jpg,0.2,0.0
20260317_155542_189408,img_20260317_155542_189408.jpg,0.2,0.0
20260317_155542_255266,img_20260317_155542_255266.jpg,0.2,0.0
20260317_155542_288686,img_20260317_155542_288686.jpg,0.2,0.0
20260317_155542_356742,img_20260317_155542_356742.jpg,0.2,0.0
20260317_155542_405333,img_20260317_155542_405333.jpg,0.2,0.0
20260317_155542_457873,img_20260317_155542_457873.jpg,0.2,0.0
20260317_155542_506104,img_20260317_155542_506104.jpg,0.2,0.0
20260317_155542_562514,img_20260317_155542_562514.jpg,0.2,0.0
20260317_155542_608026,img_20260317_155542_608026.jpg,0.2,0.0
20260317_155542_662181,img_20260317_155542_662181.jpg,0.2,0.0
20260317_155542_702759,img_20260317_155542_702759.jpg,0.2,0.0
20260317_155542_766336,img_20260317_155542_766336.jpg,0.2,0.0
20260317_155542_817867,img_20260317_155542_817867.jpg,0.2,0.0
20260317_155542_870341,img_20260317_155542_870341.jpg,0.2,0.0
20260317_155542_922105,img_20260317_155542_922105.jpg,0.2,0.0
20260317_155542_974559,img_20260317_155542_974559.jpg,0.2,0.0
20260317_155543_026371,img_20260317_155543_026371.jpg,0.2,0.0
20260317_155543_069311,img_20260317_155543_069311.jpg,0.2,0.0
20260317_155543_136857,img_20260317_155543_136857.jpg,0.2,0.0
20260317_155543_176756,img_20260317_155543_176756.jpg,0.2,0.0
20260317_155543_232839,img_20260317_155543_232839.jpg,0.2,0.0
20260317_155543_281747,img_20260317_155543_281747.jpg,0.2,0.0
20260317_155543_335329,img_20260317_155543_335329.jpg,0.2,0.0
20260317_155543_381470,img_20260317_155543_381470.jpg,0.2,0.0
20260317_155543_435734,img_20260317_155543_435734.jpg,0.2,0.0
20260317_155543_487707,img_20260317_155543_487707.jpg,0.2,0.0
20260317_155543_546274,img_20260317_155543_546274.jpg,0.2,0.0
20260317_155543_592652,img_20260317_155543_592652.jpg,0.2,0.0
20260317_155543_643388,img_20260317_155543_643388.jpg,0.2,0.0
20260317_155543_692258,img_20260317_155543_692258.jpg,0.2,0.0
20260317_155543_744009,img_20260317_155543_744009.jpg,0.2,0.0
20260317_155543_797226,img_20260317_155543_797226.jpg,0.2,0.0
20260317_155543_851517,img_20260317_155543_851517.jpg,0.2,0.0
20260317_155543_908558,img_20260317_155543_908558.jpg,0.2,0.0
20260317_155543_950461,img_20260317_155543_950461.jpg,0.2,0.0
20260317_155544_001878,img_20260317_155544_001878.jpg,0.2,0.0
20260317_155544_053144,img_20260317_155544_053144.jpg,0.2,0.0
20260317_155544_097980,img_20260317_155544_097980.jpg,0.2,0.0
20260317_155544_159164,img_20260317_155544_159164.jpg,0.2,0.0
20260317_155544_212080,img_20260317_155544_212080.jpg,0.2,0.0
20260317_155544_253893,img_20260317_155544_253893.jpg,0.2,0.0
20260317_155544_312774,img_20260317_155544_312774.jpg,0.2,0.0
20260317_155544_362684,img_20260317_155544_362684.jpg,0.2,0.0
20260317_155544_416057,img_20260317_155544_416057.jpg,0.2,0.0
20260317_155544_467527,img_20260317_155544_467527.jpg,0.2,0.0
20260317_155544_520173,img_20260317_155544_520173.jpg,0.2,0.0
20260317_155544_567825,img_20260317_155544_567825.jpg,0.2,0.0
20260317_155544_609476,img_20260317_155544_609476.jpg,0.2,0.0
20260317_155544_672247,img_20260317_155544_672247.jpg,0.2,0.0
20260317_155544_722805,img_20260317_155544_722805.jpg,0.2,0.0
20260317_155544_768849,img_20260317_155544_768849.jpg,0.2,0.0
20260317_155544_817470,img_20260317_155544_817470.jpg,0.2,0.0
20260317_155544_875944,img_20260317_155544_875944.jpg,0.2,0.0
20260317_155544_919221,img_20260317_155544_919221.jpg,0.2,0.0
20260317_155544_986100,img_20260317_155544_986100.jpg,0.2,0.0
20260317_155545_026889,img_20260317_155545_026889.jpg,0.2,0.0
20260317_155545_085534,img_20260317_155545_085534.jpg,0.2,0.0
20260317_155545_136064,img_20260317_155545_136064.jpg,0.2,0.0
20260317_155545_189798,img_20260317_155545_189798.jpg,0.2,0.0
20260317_155545_238454,img_20260317_155545_238454.jpg,0.2,0.0
20260317_155545_289388,img_20260317_155545_289388.jpg,0.2,0.0
20260317_155545_340334,img_20260317_155545_340334.jpg,0.2,0.0
20260317_155545_394726,img_20260317_155545_394726.jpg,0.2,0.0
20260317_155545_431520,img_20260317_155545_431520.jpg,0.2,0.0
20260317_155545_498082,img_20260317_155545_498082.jpg,0.2,0.0
20260317_155545_551573,img_20260317_155545_551573.jpg,0.2,0.0
20260317_155545_600131,img_20260317_155545_600131.jpg,0.2,0.0
20260317_155545_648293,img_20260317_155545_648293.jpg,0.2,0.0
20260317_155545_693076,img_20260317_155545_693076.jpg,0.2,0.0
20260317_155545_751331,img_20260317_155545_751331.jpg,0.2,0.0
20260317_155545_805594,img_20260317_155545_805594.jpg,0.2,0.0
20260317_155545_859158,img_20260317_155545_859158.jpg,0.2,0.0
20260317_155545_916539,img_20260317_155545_916539.jpg,0.2,0.0
20260317_155545_959200,img_20260317_155545_959200.jpg,0.2,0.0
20260317_155546_010207,img_20260317_155546_010207.jpg,0.2,0.0
20260317_155546_062581,img_20260317_155546_062581.jpg,0.2,0.0
20260317_155546_116491,img_20260317_155546_116491.jpg,0.2,0.0
20260317_155546_160915,img_20260317_155546_160915.jpg,0.2,0.0
20260317_155546_214857,img_20260317_155546_214857.jpg,0.2,0.0
20260317_155546_262384,img_20260317_155546_262384.jpg,0.2,0.0
20260317_155546_317172,img_20260317_155546_317172.jpg,0.2,0.0
20260317_155546_364691,img_20260317_155546_364691.jpg,0.2,0.0
20260317_155546_420025,img_20260317_155546_420025.jpg,0.2,0.0
20260317_155546_472312,img_20260317_155546_472312.jpg,0.2,0.0
20260317_155546_520895,img_20260317_155546_520895.jpg,0.2,0.0
20260317_155546_576295,img_20260317_155546_576295.jpg,0.2,0.0
20260317_155546_627367,img_20260317_155546_627367.jpg,0.2,0.0
20260317_155546_678326,img_20260317_155546_678326.jpg,0.2,0.0
20260317_155546_733652,img_20260317_155546_733652.jpg,0.2,0.0
20260317_155546_780523,img_20260317_155546_780523.jpg,0.2,0.0
20260317_155546_830432,img_20260317_155546_830432.jpg,0.2,0.0
20260317_155546_884669,img_20260317_155546_884669.jpg,0.2,0.0
20260317_155546_934463,img_20260317_155546_934463.jpg,0.2,0.0
20260317_155546_988437,img_20260317_155546_988437.jpg,0.2,0.0
20260317_155547_037761,img_20260317_155547_037761.jpg,0.2,0.0
20260317_155547_087995,img_20260317_155547_087995.jpg,0.2,0.0
20260317_155547_136407,img_20260317_155547_136407.jpg,0.2,0.0
20260317_155547_190060,img_20260317_155547_190060.jpg,0.2,0.0
20260317_155547_240884,img_20260317_155547_240884.jpg,0.2,0.0
20260317_155547_283295,img_20260317_155547_283295.jpg,0.2,0.0
20260317_155547_341899,img_20260317_155547_341899.jpg,0.2,0.0
20260317_155547_396531,img_20260317_155547_396531.jpg,0.2,0.0
20260317_155547_437942,img_20260317_155547_437942.jpg,0.2,0.0
20260317_155547_484861,img_20260317_155547_484861.jpg,0.2,0.0
20260317_155547_549888,img_20260317_155547_549888.jpg,0.2,0.0
20260317_155547_587943,img_20260317_155547_587943.jpg,0.2,0.0
20260317_155547_646638,img_20260317_155547_646638.jpg,0.2,0.0
20260317_155547_703843,img_20260317_155547_703843.jpg,0.2,0.0
20260317_155547_754417,img_20260317_155547_754417.jpg,0.2,0.0
20260317_155547_803065,img_20260317_155547_803065.jpg,0.2,0.0
20260317_155547_856003,img_20260317_155547_856003.jpg,0.2,0.0
20260317_155547_895418,img_20260317_155547_895418.jpg,0.2,0.0
20260317_155547_957341,img_20260317_155547_957341.jpg,0.2,0.0
20260317_155547_996549,img_20260317_155547_996549.jpg,0.2,0.0
20260317_155548_062242,img_20260317_155548_062242.jpg,0.2,0.0
20260317_155548_111601,img_20260317_155548_111601.jpg,0.2,0.0
20260317_155548_153552,img_20260317_155548_153552.jpg,0.2,0.0
20260317_155548_203082,img_20260317_155548_203082.jpg,0.2,0.0
20260317_155548_266682,img_20260317_155548_266682.jpg,0.2,0.0
20260317_155548_322913,img_20260317_155548_322913.jpg,0.2,0.0
20260317_155548_367705,img_20260317_155548_367705.jpg,0.2,0.0
20260317_155548_410806,img_20260317_155548_410806.jpg,0.2,0.0
20260317_155548_476127,img_20260317_155548_476127.jpg,0.2,0.0
20260317_155548_522521,img_20260317_155548_522521.jpg,0.2,0.0
20260317_155548_576318,img_20260317_155548_576318.jpg,0.2,0.0
20260317_155548_627957,img_20260317_155548_627957.jpg,0.2,0.0
20260317_155548_670435,img_20260317_155548_670435.jpg,0.2,0.0
20260317_155548_732158,img_20260317_155548_732158.jpg,0.2,0.0
20260317_155548_780459,img_20260317_155548_780459.jpg,0.2,0.0
20260317_155548_834918,img_20260317_155548_834918.jpg,0.2,0.0
20260317_155548_882273,img_20260317_155548_882273.jpg,0.2,0.0
20260317_155548_935978,img_20260317_155548_935978.jpg,0.2,0.0
20260317_155548_984102,img_20260317_155548_984102.jpg,0.2,0.0
20260317_155549_035462,img_20260317_155549_035462.jpg,0.2,0.0
20260317_155549_087283,img_20260317_155549_087283.jpg,0.2,0.0
20260317_155549_143514,img_20260317_155549_143514.jpg,0.2,0.0
20260317_155549_191484,img_20260317_155549_191484.jpg,0.2,0.0
20260317_155549_245128,img_20260317_155549_245128.jpg,0.2,0.0
20260317_155549_300370,img_20260317_155549_300370.jpg,0.2,0.0
20260317_155549_349644,img_20260317_155549_349644.jpg,0.2,0.0
20260317_155549_388365,img_20260317_155549_388365.jpg,0.2,0.0
20260317_155549_448082,img_20260317_155549_448082.jpg,0.2,0.0
20260317_155549_499874,img_20260317_155549_499874.jpg,0.2,0.0
20260317_155549_551149,img_20260317_155549_551149.jpg,0.2,0.0
20260317_155549_602883,img_20260317_155549_602883.jpg,0.2,0.0
20260317_155549_645821,img_20260317_155549_645821.jpg,0.2,0.0
20260317_155549_696579,img_20260317_155549_696579.jpg,0.2,0.0
20260317_155549_756042,img_20260317_155549_756042.jpg,0.2,0.0
20260317_155549_810256,img_20260317_155549_810256.jpg,0.2,0.0
20260317_155549_847107,img_20260317_155549_847107.jpg,0.2,0.0
20260317_155549_911223,img_20260317_155549_911223.jpg,0.2,0.0
20260317_155549_962675,img_20260317_155549_962675.jpg,0.2,0.0
20260317_155550_012793,img_20260317_155550_012793.jpg,0.2,0.0
20260317_155550_061040,img_20260317_155550_061040.jpg,0.2,0.0
20260317_155550_120186,img_20260317_155550_120186.jpg,0.2,0.0
20260317_155550_161663,img_20260317_155550_161663.jpg,0.2,0.0
20260317_155550_214355,img_20260317_155550_214355.jpg,0.2,0.0
20260317_155550_262349,img_20260317_155550_262349.jpg,0.2,0.0
20260317_155550_318189,img_20260317_155550_318189.jpg,0.2,0.0
20260317_155550_368710,img_20260317_155550_368710.jpg,0.2,0.0
20260317_155550_423277,img_20260317_155550_423277.jpg,0.2,0.0
20260317_155550_471976,img_20260317_155550_471976.jpg,0.2,0.0
20260317_155550_514073,img_20260317_155550_514073.jpg,0.2,0.0
20260317_155550_575631,img_20260317_155550_575631.jpg,0.2,0.0
20260317_155550_629784,img_20260317_155550_629784.jpg,0.2,0.0
20260317_155550_681086,img_20260317_155550_681086.jpg,0.2,0.0
20260317_155550_731475,img_20260317_155550_731475.jpg,0.2,0.0
20260317_155550_785498,img_20260317_155550_785498.jpg,0.2,0.0
20260317_155550_833042,img_20260317_155550_833042.jpg,0.2,0.0
20260317_155550_885608,img_20260317_155550_885608.jpg,0.2,0.0
20260317_155550_939312,img_20260317_155550_939312.jpg,0.2,0.0
20260317_155550_987490,img_20260317_155550_987490.jpg,0.2,0.0
20260317_155551_036309,img_20260317_155551_036309.jpg,0.2,0.0
20260317_155551_082163,img_20260317_155551_082163.jpg,0.2,0.0
20260317_155551_133845,img_20260317_155551_133845.jpg,0.2,0.0
20260317_155551_191884,img_20260317_155551_191884.jpg,0.2,0.0
20260317_155551_247931,img_20260317_155551_247931.jpg,0.2,0.0
20260317_155551_298205,img_20260317_155551_298205.jpg,0.2,0.0
20260317_155551_351923,img_20260317_155551_351923.jpg,0.2,0.0
20260317_155551_397930,img_20260317_155551_397930.jpg,0.2,0.0
20260317_155551_442559,img_20260317_155551_442559.jpg,0.2,0.0
20260317_155551_503419,img_20260317_155551_503419.jpg,0.2,0.0
20260317_155551_543796,img_20260317_155551_543796.jpg,0.2,0.0
20260317_155551_604407,img_20260317_155551_604407.jpg,0.2,0.0
20260317_155551_653251,img_20260317_155551_653251.jpg,0.2,0.0
20260317_155551_707392,img_20260317_155551_707392.jpg,0.2,0.0
20260317_155551_758042,img_20260317_155551_758042.jpg,0.2,0.0
20260317_155551_813685,img_20260317_155551_813685.jpg,0.2,0.0
20260317_155551_865553,img_20260317_155551_865553.jpg,0.2,0.0
20260317_155551_910088,img_20260317_155551_910088.jpg,0.2,0.0
20260317_155551_959981,img_20260317_155551_959981.jpg,0.2,0.0
20260317_155552_002220,img_20260317_155552_002220.jpg,0.2,0.0
20260317_155552_064918,img_20260317_155552_064918.jpg,0.2,-0.1
20260317_155552_117525,img_20260317_155552_117525.jpg,0.2,0.0
20260317_155552_176364,img_20260317_155552_176364.jpg,0.2,0.0
20260317_155552_222805,img_20260317_155552_222805.jpg,0.2,0.0
20260317_155552_265821,img_20260317_155552_265821.jpg,0.2,0.0
20260317_155552_328005,img_20260317_155552_328005.jpg,0.2,0.0
20260317_155552_380368,img_20260317_155552_380368.jpg,0.2,0.0
20260317_155552_437433,img_20260317_155552_437433.jpg,0.2,-0.1
20260317_155552_484986,img_20260317_155552_484986.jpg,0.2,-0.1
20260317_155552_542215,img_20260317_155552_542215.jpg,0.2,-0.1
20260317_155552_581177,img_20260317_155552_581177.jpg,0.2,-0.1
20260317_155552_642771,img_20260317_155552_642771.jpg,0.2,-0.1
20260317_155552_696091,img_20260317_155552_696091.jpg,0.2,0.0
20260317_155552_745145,img_20260317_155552_745145.jpg,0.2,0.0
20260317_155552_806172,img_20260317_155552_806172.jpg,0.2,0.0
20260317_155552_852454,img_20260317_155552_852454.jpg,0.2,0.0
20260317_155552_908271,img_20260317_155552_908271.jpg,0.2,0.0
20260317_155552_947592,img_20260317_155552_947592.jpg,0.2,-0.1
20260317_155553_011576,img_20260317_155553_011576.jpg,0.2,-0.1
20260317_155553_060279,img_20260317_155553_060279.jpg,0.2,-0.1
20260317_155553_114928,img_20260317_155553_114928.jpg,0.2,-0.1
20260317_155553_164286,img_20260317_155553_164286.jpg,0.2,0.0
20260317_155553_215006,img_20260317_155553_215006.jpg,0.2,0.0
20260317_155553_254301,img_20260317_155553_254301.jpg,0.2,0.0
20260317_155553_317671,img_20260317_155553_317671.jpg,0.2,0.0
20260317_155553_356284,img_20260317_155553_356284.jpg,0.2,0.0
20260317_155553_423921,img_20260317_155553_423921.jpg,0.2,-0.1
20260317_155553_474302,img_20260317_155553_474302.jpg,0.2,-0.1
20260317_155553_527263,img_20260317_155553_527263.jpg,0.2,-0.1
20260317_155553_569137,img_20260317_155553_569137.jpg,0.2,-0.1
20260317_155553_627817,img_20260317_155553_627817.jpg,0.2,0.0
20260317_155553_662223,img_20260317_155553_662223.jpg,0.2,0.0
20260317_155553_729224,img_20260317_155553_729224.jpg,0.2,0.0
20260317_155553_783454,img_20260317_155553_783454.jpg,0.2,0.0
20260317_155553_843244,img_20260317_155553_843244.jpg,0.2,-0.1
20260317_155553_887447,img_20260317_155553_887447.jpg,0.2,-0.1
20260317_155553_932015,img_20260317_155553_932015.jpg,0.2,-0.1
20260317_155553_990464,img_20260317_155553_990464.jpg,0.2,-0.1
20260317_155554_041958,img_20260317_155554_041958.jpg,0.2,0.0
20260317_155554_097953,img_20260317_155554_097953.jpg,0.2,0.0
20260317_155554_145356,img_20260317_155554_145356.jpg,0.2,0.0
20260317_155554_197030,img_20260317_155554_197030.jpg,0.2,-0.1
20260317_155554_249972,img_20260317_155554_249972.jpg,0.2,-0.1
20260317_155554_301509,img_20260317_155554_301509.jpg,0.2,-0.1
20260317_155554_338233,img_20260317_155554_338233.jpg,0.2,-0.1
20260317_155554_404005,img_20260317_155554_404005.jpg,0.2,0.0
20260317_155554_462025,img_20260317_155554_462025.jpg,0.2,0.0
20260317_155554_509715,img_20260317_155554_509715.jpg,0.2,0.0
20260317_155554_557783,img_20260317_155554_557783.jpg,0.2,-0.1
20260317_155554_595768,img_20260317_155554_595768.jpg,0.2,-0.1
20260317_155554_646319,img_20260317_155554_646319.jpg,0.2,-0.1
20260317_155554_713718,img_20260317_155554_713718.jpg,0.2,-0.1
20260317_155554_766178,img_20260317_155554_766178.jpg,0.2,0.0
20260317_155554_816217,img_20260317_155554_816217.jpg,0.2,0.0
20260317_155554_853702,img_20260317_155554_853702.jpg,0.2,0.0
20260317_155554_918970,img_20260317_155554_918970.jpg,0.2,-0.1
20260317_155554_970368,img_20260317_155554_970368.jpg,0.2,-0.1
20260317_155555_020902,img_20260317_155555_020902.jpg,0.2,-0.1
20260317_155555_073165,img_20260317_155555_073165.jpg,0.2,0.0
20260317_155555_122776,img_20260317_155555_122776.jpg,0.2,0.0
20260317_155555_181797,img_20260317_155555_181797.jpg,0.2,0.0
20260317_155555_216391,img_20260317_155555_216391.jpg,0.2,-0.1
20260317_155555_279649,img_20260317_155555_279649.jpg,0.2,-0.1
20260317_155555_328680,img_20260317_155555_328680.jpg,0.2,-0.1
20260317_155555_386207,img_20260317_155555_386207.jpg,0.2,-0.1
20260317_155555_441317,img_20260317_155555_441317.jpg,0.2,0.0
20260317_155555_484529,img_20260317_155555_484529.jpg,0.2,0.0
20260317_155555_527993,img_20260317_155555_527993.jpg,0.2,-0.1
20260317_155555_587731,img_20260317_155555_587731.jpg,0.2,-0.1
20260317_155555_637210,img_20260317_155555_637210.jpg,0.2,-0.1
20260317_155555_693459,img_20260317_155555_693459.jpg,0.2,-0.1
20260317_155555_741604,img_20260317_155555_741604.jpg,0.2,-0.1
20260317_155555_796834,img_20260317_155555_796834.jpg,0.2,-0.1
20260317_155555_845456,img_20260317_155555_845456.jpg,0.2,0.0
20260317_155555_902477,img_20260317_155555_902477.jpg,0.2,0.0
20260317_155555_951963,img_20260317_155555_951963.jpg,0.2,0.0
20260317_155555_992898,img_20260317_155555_992898.jpg,0.2,0.0
20260317_155556_053920,img_20260317_155556_053920.jpg,0.2,-0.1
20260317_155556_104854,img_20260317_155556_104854.jpg,0.2,-0.1
20260317_155556_155475,img_20260317_155556_155475.jpg,0.2,-0.1
20260317_155556_205751,img_20260317_155556_205751.jpg,0.2,0.0
20260317_155556_258242,img_20260317_155556_258242.jpg,0.2,0.0
20260317_155556_314740,img_20260317_155556_314740.jpg,0.2,0.0
20260317_155556_358820,img_20260317_155556_358820.jpg,0.2,0.0
20260317_155556_413423,img_20260317_155556_413423.jpg,0.2,-0.1
20260317_155556_462714,img_20260317_155556_462714.jpg,0.2,-0.1
20260317_155556_515472,img_20260317_155556_515472.jpg,0.2,-0.1
20260317_155556_565404,img_20260317_155556_565404.jpg,0.2,-0.1
20260317_155556_620165,img_20260317_155556_620165.jpg,0.2,0.0
20260317_155556_668445,img_20260317_155556_668445.jpg,0.2,0.0
20260317_155556_712841,img_20260317_155556_712841.jpg,0.2,-0.1
20260317_155556_800095,img_20260317_155556_800095.jpg,0.2,-0.1
20260317_155556_830197,img_20260317_155556_830197.jpg,0.2,-0.1
20260317_155556_882381,img_20260317_155556_882381.jpg,0.2,-0.1
20260317_155556_929132,img_20260317_155556_929132.jpg,0.2,-0.1
20260317_155556_975604,img_20260317_155556_975604.jpg,0.2,-0.1
20260317_155557_033356,img_20260317_155557_033356.jpg,0.2,-0.1
20260317_155557_086366,img_20260317_155557_086366.jpg,0.2,0.0
20260317_155557_140199,img_20260317_155557_140199.jpg,0.2,0.0
20260317_155557_189800,img_20260317_155557_189800.jpg,0.2,0.0
20260317_155557_238963,img_20260317_155557_238963.jpg,0.2,0.0
20260317_155557_289067,img_20260317_155557_289067.jpg,0.2,-0.1
20260317_155557_340619,img_20260317_155557_340619.jpg,0.2,-0.1
20260317_155557_397892,img_20260317_155557_397892.jpg,0.2,-0.1
20260317_155557_447085,img_20260317_155557_447085.jpg,0.2,0.0
20260317_155557_501382,img_20260317_155557_501382.jpg,0.2,0.0
20260317_155557_542896,img_20260317_155557_542896.jpg,0.2,-0.1
20260317_155557_605145,img_20260317_155557_605145.jpg,0.2,-0.1
20260317_155557_654384,img_20260317_155557_654384.jpg,0.2,-0.1
20260317_155557_696061,img_20260317_155557_696061.jpg,0.2,-0.1
20260317_155557_752470,img_20260317_155557_752470.jpg,0.2,-0.1
20260317_155557_811239,img_20260317_155557_811239.jpg,0.2,-0.1
20260317_155557_861803,img_20260317_155557_861803.jpg,0.2,-0.1
20260317_155557_913619,img_20260317_155557_913619.jpg,0.2,-0.1
20260317_155557_965137,img_20260317_155557_965137.jpg,0.2,-0.1
20260317_155558_025288,img_20260317_155558_025288.jpg,0.2,0.0
20260317_155558_069073,img_20260317_155558_069073.jpg,0.2,0.0
20260317_155558_117031,img_20260317_155558_117031.jpg,0.2,0.0
20260317_155558_157912,img_20260317_155558_157912.jpg,0.2,0.0
20260317_155558_222156,img_20260317_155558_222156.jpg,0.2,0.0
20260317_155558_265059,img_20260317_155558_265059.jpg,0.2,0.0
20260317_155558_329470,img_20260317_155558_329470.jpg,0.2,0.0
20260317_155558_378373,img_20260317_155558_378373.jpg,0.2,0.0
20260317_155558_429510,img_20260317_155558_429510.jpg,0.2,0.0
20260317_155558_483555,img_20260317_155558_483555.jpg,0.2,-0.1
20260317_155558_534529,img_20260317_155558_534529.jpg,0.2,-0.1
20260317_155558_583583,img_20260317_155558_583583.jpg,0.2,0.0
20260317_155558_635661,img_20260317_155558_635661.jpg,0.2,0.0
20260317_155558_689160,img_20260317_155558_689160.jpg,0.2,0.0
20260317_155558_727909,img_20260317_155558_727909.jpg,0.2,0.0
20260317_155558_776862,img_20260317_155558_776862.jpg,0.2,0.0
20260317_155558_838708,img_20260317_155558_838708.jpg,0.2,-0.1
20260317_155558_890630,img_20260317_155558_890630.jpg,0.2,-0.1
20260317_155558_931339,img_20260317_155558_931339.jpg,0.2,-0.1
20260317_155559_002159,img_20260317_155559_002159.jpg,0.2,-0.1
20260317_155559_031772,img_20260317_155559_031772.jpg,0.2,-0.1
20260317_155559_095792,img_20260317_155559_095792.jpg,0.2,-0.1
20260317_155559_147896,img_20260317_155559_147896.jpg,0.2,-0.1
20260317_155559_199383,img_20260317_155559_199383.jpg,0.2,-0.1
20260317_155559_240977,img_20260317_155559_240977.jpg,0.2,0.0
20260317_155559_303442,img_20260317_155559_303442.jpg,0.2,0.0
20260317_155559_352948,img_20260317_155559_352948.jpg,0.2,0.0
20260317_155559_405501,img_20260317_155559_405501.jpg,0.2,0.0
20260317_155559_455676,img_20260317_155559_455676.jpg,0.2,0.0
20260317_155559_506750,img_20260317_155559_506750.jpg,0.2,0.0
20260317_155559_558321,img_20260317_155559_558321.jpg,0.2,0.0
20260317_155559_609155,img_20260317_155559_609155.jpg,0.2,0.0
20260317_155559_653715,img_20260317_155559_653715.jpg,0.2,-0.1
20260317_155559_714669,img_20260317_155559_714669.jpg,0.2,-0.1
20260317_155559_755820,img_20260317_155559_755820.jpg,0.2,-0.1
20260317_155559_819239,img_20260317_155559_819239.jpg,0.2,0.0
20260317_155559_876132,img_20260317_155559_876132.jpg,0.2,0.0
20260317_155559_926933,img_20260317_155559_926933.jpg,0.2,0.0
20260317_155559_978654,img_20260317_155559_978654.jpg,0.2,0.0
20260317_155600_028625,img_20260317_155600_028625.jpg,0.2,0.0
20260317_155600_082919,img_20260317_155600_082919.jpg,0.2,-0.1
20260317_155600_132692,img_20260317_155600_132692.jpg,0.2,-0.1
20260317_155600_185976,img_20260317_155600_185976.jpg,0.2,-0.1
20260317_155600_236874,img_20260317_155600_236874.jpg,0.2,0.0
20260317_155600_285868,img_20260317_155600_285868.jpg,0.2,0.0
20260317_155600_337222,img_20260317_155600_337222.jpg,0.2,0.0
20260317_155600_387163,img_20260317_155600_387163.jpg,0.2,-0.1
20260317_155600_437497,img_20260317_155600_437497.jpg,0.2,-0.1
20260317_155600_491125,img_20260317_155600_491125.jpg,0.2,-0.1
20260317_155600_546694,img_20260317_155600_546694.jpg,0.2,-0.1
20260317_155600_594443,img_20260317_155600_594443.jpg,0.2,-0.1
20260317_155600_646045,img_20260317_155600_646045.jpg,0.2,-0.1
20260317_155600_693649,img_20260317_155600_693649.jpg,0.2,-0.1
20260317_155600_735024,img_20260317_155600_735024.jpg,0.2,-0.1
20260317_155600_786996,img_20260317_155600_786996.jpg,0.2,0.0
20260317_155600_849436,img_20260317_155600_849436.jpg,0.2,0.0
20260317_155600_892097,img_20260317_155600_892097.jpg,0.2,0.0
20260317_155600_951441,img_20260317_155600_951441.jpg,0.2,0.0
20260317_155601_002634,img_20260317_155601_002634.jpg,0.2,0.0
20260317_155601_059958,img_20260317_155601_059958.jpg,0.2,0.0
20260317_155601_094497,img_20260317_155601_094497.jpg,0.2,0.0
20260317_155601_156791,img_20260317_155601_156791.jpg,0.2,0.0
20260317_155601_210490,img_20260317_155601_210490.jpg,0.2,-0.1
20260317_155601_262026,img_20260317_155601_262026.jpg,0.2,-0.1
20260317_155601_300502,img_20260317_155601_300502.jpg,0.2,-0.1
20260317_155601_365843,img_20260317_155601_365843.jpg,0.2,0.0
20260317_155601_420958,img_20260317_155601_420958.jpg,0.2,0.0
20260317_155601_464607,img_20260317_155601_464607.jpg,0.2,0.0
20260317_155601_516511,img_20260317_155601_516511.jpg,0.2,0.0
20260317_155601_573703,img_20260317_155601_573703.jpg,0.2,0.0
20260317_155601_625902,img_20260317_155601_625902.jpg,0.2,0.0
20260317_155601_670716,img_20260317_155601_670716.jpg,0.2,0.0
20260317_155601_725372,img_20260317_155601_725372.jpg,0.2,0.0
20260317_155601_773397,img_20260317_155601_773397.jpg,0.2,0.0
20260317_155601_827417,img_20260317_155601_827417.jpg,0.2,0.0
20260317_155601_878845,img_20260317_155601_878845.jpg,0.2,0.0
20260317_155601_925837,img_20260317_155601_925837.jpg,0.2,0.0
20260317_155601_981020,img_20260317_155601_981020.jpg,0.2,0.0
20260317_155602_032729,img_20260317_155602_032729.jpg,0.2,-0.1
20260317_155602_086327,img_20260317_155602_086327.jpg,0.2,-0.1
20260317_155602_140160,img_20260317_155602_140160.jpg,0.2,-0.1
20260317_155602_188435,img_20260317_155602_188435.jpg,0.2,-0.1
20260317_155602_237254,img_20260317_155602_237254.jpg,0.2,-0.1
20260317_155602_290134,img_20260317_155602_290134.jpg,0.2,-0.1
20260317_155602_331183,img_20260317_155602_331183.jpg,0.2,-0.1
20260317_155602_395742,img_20260317_155602_395742.jpg,0.2,-0.1
20260317_155602_457430,img_20260317_155602_457430.jpg,0.2,-0.1
20260317_155602_498345,img_20260317_155602_498345.jpg,0.2,-0.1
20260317_155602_547864,img_20260317_155602_547864.jpg,0.2,-0.1
20260317_155602_586829,img_20260317_155602_586829.jpg,0.2,-0.1
20260317_155602_654073,img_20260317_155602_654073.jpg,0.2,-0.1
20260317_155602_699513,img_20260317_155602_699513.jpg,0.2,0.1
20260317_155602_753719,img_20260317_155602_753719.jpg,0.2,0.1
20260317_155602_793244,img_20260317_155602_793244.jpg,0.2,0.1
20260317_155602_853523,img_20260317_155602_853523.jpg,0.2,0.1
20260317_155602_895432,img_20260317_155602_895432.jpg,0.2,0.1
20260317_155602_955382,img_20260317_155602_955382.jpg,0.2,0.1
20260317_155603_006644,img_20260317_155603_006644.jpg,0.2,0.1
20260317_155603_047667,img_20260317_155603_047667.jpg,0.2,0.1
20260317_155603_107514,img_20260317_155603_107514.jpg,0.2,0.0
20260317_155603_159841,img_20260317_155603_159841.jpg,0.2,0.0
20260317_155603_213917,img_20260317_155603_213917.jpg,0.2,0.0
20260317_155603_268232,img_20260317_155603_268232.jpg,0.2,0.0
20260317_155603_301840,img_20260317_155603_301840.jpg,0.2,0.0
20260317_155603_360562,img_20260317_155603_360562.jpg,0.2,0.0
20260317_155603_405496,img_20260317_155603_405496.jpg,0.2,0.0
20260317_155603_458277,img_20260317_155603_458277.jpg,0.2,0.0
20260317_155603_517076,img_20260317_155603_517076.jpg,0.2,0.0
20260317_155603_572328,img_20260317_155603_572328.jpg,0.2,0.0
20260317_155603_624759,img_20260317_155603_624759.jpg,0.2,-0.1
20260317_155603_678197,img_20260317_155603_678197.jpg,0.2,-0.1
20260317_155603_720347,img_20260317_155603_720347.jpg,0.2,-0.1
20260317_155603_777556,img_20260317_155603_777556.jpg,0.2,0.0
20260317_155603_829008,img_20260317_155603_829008.jpg,0.2,0.0
20260317_155603_884439,img_20260317_155603_884439.jpg,0.2,0.0
20260317_155603_946092,img_20260317_155603_946092.jpg,0.2,0.0
20260317_155603_979241,img_20260317_155603_979241.jpg,0.2,0.0
20260317_155604_035501,img_20260317_155604_035501.jpg,0.2,-0.1
20260317_155604_085806,img_20260317_155604_085806.jpg,0.2,-0.1
20260317_155604_140305,img_20260317_155604_140305.jpg,0.2,0.0
20260317_155604_187774,img_20260317_155604_187774.jpg,0.2,0.0
20260317_155604_238089,img_20260317_155604_238089.jpg,0.2,0.0
20260317_155604_290522,img_20260317_155604_290522.jpg,0.2,0.0
20260317_155604_341607,img_20260317_155604_341607.jpg,0.2,-0.1
20260317_155604_390467,img_20260317_155604_390467.jpg,0.2,-0.1
20260317_155604_446079,img_20260317_155604_446079.jpg,0.2,-0.1
20260317_155604_495359,img_20260317_155604_495359.jpg,0.2,0.0
20260317_155604_551446,img_20260317_155604_551446.jpg,0.2,0.0
20260317_155604_604121,img_20260317_155604_604121.jpg,0.2,0.0
20260317_155604_655053,img_20260317_155604_655053.jpg,0.2,0.0
20260317_155604_717772,img_20260317_155604_717772.jpg,0.2,-0.1
20260317_155604_763630,img_20260317_155604_763630.jpg,0.2,-0.1
20260317_155604_813641,img_20260317_155604_813641.jpg,0.2,-0.1
20260317_155604_854830,img_20260317_155604_854830.jpg,0.2,0.0
20260317_155604_912766,img_20260317_155604_912766.jpg,0.2,0.0
20260317_155604_962832,img_20260317_155604_962832.jpg,0.2,0.0
20260317_155605_009462,img_20260317_155605_009462.jpg,0.2,0.0
20260317_155605_068514,img_20260317_155605_068514.jpg,0.2,0.0
20260317_155605_120238,img_20260317_155605_120238.jpg,0.2,0.0
20260317_155605_173311,img_20260317_155605_173311.jpg,0.2,0.0
20260317_155605_212865,img_20260317_155605_212865.jpg,0.2,0.0
20260317_155605_278971,img_20260317_155605_278971.jpg,0.2,-0.1
20260317_155605_331706,img_20260317_155605_331706.jpg,0.2,-0.1
20260317_155605_382629,img_20260317_155605_382629.jpg,0.2,0.0
20260317_155605_430650,img_20260317_155605_430650.jpg,0.2,0.0
20260317_155605_483152,img_20260317_155605_483152.jpg,0.2,0.0
20260317_155605_535021,img_20260317_155605_535021.jpg,0.2,0.0
20260317_155605_587435,img_20260317_155605_587435.jpg,0.2,0.0
20260317_155605_636764,img_20260317_155605_636764.jpg,0.2,-0.1
20260317_155605_692009,img_20260317_155605_692009.jpg,0.2,0.0
20260317_155605_738865,img_20260317_155605_738865.jpg,0.2,0.0
20260317_155605_781820,img_20260317_155605_781820.jpg,0.2,0.0
20260317_155605_833717,img_20260317_155605_833717.jpg,0.2,0.0
20260317_155605_884712,img_20260317_155605_884712.jpg,0.2,0.0
20260317_155605_950038,img_20260317_155605_950038.jpg,0.2,0.0
20260317_155605_998769,img_20260317_155605_998769.jpg,0.2,0.0
20260317_155606_038862,img_20260317_155606_038862.jpg,0.2,0.0
20260317_155606_091278,img_20260317_155606_091278.jpg,0.2,0.0
20260317_155606_139698,img_20260317_155606_139698.jpg,0.2,-0.1
20260317_155606_207007,img_20260317_155606_207007.jpg,0.2,-0.1
20260317_155606_250707,img_20260317_155606_250707.jpg,0.2,0.0
20260317_155606_294721,img_20260317_155606_294721.jpg,0.2,0.0
20260317_155606_344083,img_20260317_155606_344083.jpg,0.2,0.0
20260317_155606_408434,img_20260317_155606_408434.jpg,0.2,0.0
20260317_155606_461059,img_20260317_155606_461059.jpg,0.2,0.0
20260317_155606_503648,img_20260317_155606_503648.jpg,0.2,0.0
20260317_155606_550442,img_20260317_155606_550442.jpg,0.2,-0.1
20260317_155606_601453,img_20260317_155606_601453.jpg,0.2,0.0
20260317_155606_652926,img_20260317_155606_652926.jpg,0.2,0.0
20260317_155606_720828,img_20260317_155606_720828.jpg,0.2,0.0
20260317_155606_757536,img_20260317_155606_757536.jpg,0.2,0.0
20260317_155606_822094,img_20260317_155606_822094.jpg,0.2,0.0
20260317_155606_871011,img_20260317_155606_871011.jpg,0.2,-0.1
20260317_155606_915798,img_20260317_155606_915798.jpg,0.2,-0.1
20260317_155606_974573,img_20260317_155606_974573.jpg,0.2,0.0
20260317_155607_023757,img_20260317_155607_023757.jpg,0.2,0.0
20260317_155607_081537,img_20260317_155607_081537.jpg,0.2,0.0
20260317_155607_137313,img_20260317_155607_137313.jpg,0.2,-0.1
20260317_155607_179201,img_20260317_155607_179201.jpg,0.2,-0.1
20260317_155607_232888,img_20260317_155607_232888.jpg,0.2,-0.1
20260317_155607_281408,img_20260317_155607_281408.jpg,0.2,-0.1
20260317_155607_323242,img_20260317_155607_323242.jpg,0.2,-0.1
20260317_155607_387923,img_20260317_155607_387923.jpg,0.2,0.0
20260317_155607_443384,img_20260317_155607_443384.jpg,0.2,0.0
20260317_155607_491109,img_20260317_155607_491109.jpg,0.2,0.0
20260317_155607_540230,img_20260317_155607_540230.jpg,0.2,0.0
20260317_155607_590635,img_20260317_155607_590635.jpg,0.2,0.0
20260317_155607_642402,img_20260317_155607_642402.jpg,0.2,0.0
20260317_155607_694477,img_20260317_155607_694477.jpg,0.2,0.0
20260317_155607_745317,img_20260317_155607_745317.jpg,0.2,0.0
20260317_155607_801387,img_20260317_155607_801387.jpg,0.2,-0.1
20260317_155607_848519,img_20260317_155607_848519.jpg,0.2,-0.1
20260317_155607_903064,img_20260317_155607_903064.jpg,0.2,-0.1
20260317_155607_952335,img_20260317_155607_952335.jpg,0.2,0.0
20260317_155608_007333,img_20260317_155608_007333.jpg,0.2,0.0
20260317_155608_060555,img_20260317_155608_060555.jpg,0.2,0.0
20260317_155608_108695,img_20260317_155608_108695.jpg,0.2,0.0
20260317_155608_161760,img_20260317_155608_161760.jpg,0.2,-0.1
20260317_155608_199868,img_20260317_155608_199868.jpg,0.2,-0.1
20260317_155608_266207,img_20260317_155608_266207.jpg,0.2,-0.1
20260317_155608_316282,img_20260317_155608_316282.jpg,0.2,0.0
20260317_155608_370061,img_20260317_155608_370061.jpg,0.2,0.0
20260317_155608_421083,img_20260317_155608_421083.jpg,0.2,0.0
20260317_155608_470597,img_20260317_155608_470597.jpg,0.2,0.0
20260317_155608_508943,img_20260317_155608_508943.jpg,0.2,-0.1
20260317_155608_571036,img_20260317_155608_571036.jpg,0.2,-0.1
20260317_155608_625106,img_20260317_155608_625106.jpg,0.2,-0.1
20260317_155608_677234,img_20260317_155608_677234.jpg,0.2,0.0
20260317_155608_727934,img_20260317_155608_727934.jpg,0.2,0.0
20260317_155608_784853,img_20260317_155608_784853.jpg,0.2,0.0
20260317_155608_843137,img_20260317_155608_843137.jpg,0.2,0.0
20260317_155608_879156,img_20260317_155608_879156.jpg,0.2,0.0
20260317_155608_929044,img_20260317_155608_929044.jpg,0.2,0.0
20260317_155608_983127,img_20260317_155608_983127.jpg,0.2,-0.1
20260317_155609_034081,img_20260317_155609_034081.jpg,0.2,-0.1
20260317_155609_086941,img_20260317_155609_086941.jpg,0.2,-0.1
20260317_155609_135175,img_20260317_155609_135175.jpg,0.2,0.0
20260317_155609_194061,img_20260317_155609_194061.jpg,0.2,0.0
20260317_155609_239804,img_20260317_155609_239804.jpg,0.2,0.0
20260317_155609_283475,img_20260317_155609_283475.jpg,0.2,0.0
20260317_155609_342490,img_20260317_155609_342490.jpg,0.2,0.0
20260317_155609_390570,img_20260317_155609_390570.jpg,0.2,0.0
20260317_155609_446048,img_20260317_155609_446048.jpg,0.2,0.0
20260317_155609_483224,img_20260317_155609_483224.jpg,0.2,0.0
20260317_155609_547006,img_20260317_155609_547006.jpg,0.2,0.0
20260317_155609_597779,img_20260317_155609_597779.jpg,0.2,0.0
20260317_155609_648289,img_20260317_155609_648289.jpg,0.2,0.0
20260317_155609_703357,img_20260317_155609_703357.jpg,0.2,-0.1
20260317_155609_750160,img_20260317_155609_750160.jpg,0.2,0.0
20260317_155609_802282,img_20260317_155609_802282.jpg,0.2,0.0
20260317_155609_844072,img_20260317_155609_844072.jpg,0.2,0.0
20260317_155609_907047,img_20260317_155609_907047.jpg,0.2,0.0
20260317_155609_958100,img_20260317_155609_958100.jpg,0.2,0.0
20260317_155610_013646,img_20260317_155610_013646.jpg,0.2,0.0
20260317_155610_065968,img_20260317_155610_065968.jpg,0.2,0.0
20260317_155610_114119,img_20260317_155610_114119.jpg,0.2,0.0
20260317_155610_153702,img_20260317_155610_153702.jpg,0.2,-0.1
20260317_155610_216716,img_20260317_155610_216716.jpg,0.2,0.0
20260317_155610_267308,img_20260317_155610_267308.jpg,0.2,0.0
20260317_155610_312775,img_20260317_155610_312775.jpg,0.2,0.0
20260317_155610_369569,img_20260317_155610_369569.jpg,0.2,0.0
20260317_155610_411582,img_20260317_155610_411582.jpg,0.2,0.0
20260317_155610_475799,img_20260317_155610_475799.jpg,0.2,0.0
20260317_155610_535076,img_20260317_155610_535076.jpg,0.2,-0.1
20260317_155610_566896,img_20260317_155610_566896.jpg,0.2,-0.1
20260317_155610_619499,img_20260317_155610_619499.jpg,0.2,0.0
20260317_155610_675240,img_20260317_155610_675240.jpg,0.2,0.0
20260317_155610_721453,img_20260317_155610_721453.jpg,0.2,0.0
20260317_155610_781961,img_20260317_155610_781961.jpg,0.2,0.0
20260317_155610_830241,img_20260317_155610_830241.jpg,0.2,0.0
20260317_155610_883333,img_20260317_155610_883333.jpg,0.2,-0.1
20260317_155610_930356,img_20260317_155610_930356.jpg,0.2,-0.1
20260317_155610_986623,img_20260317_155610_986623.jpg,0.2,-0.1
20260317_155611_036980,img_20260317_155611_036980.jpg,0.2,0.0
20260317_155611_090764,img_20260317_155611_090764.jpg,0.2,0.0
20260317_155611_142209,img_20260317_155611_142209.jpg,0.2,0.0
20260317_155611_193938,img_20260317_155611_193938.jpg,0.2,0.0
20260317_155611_245899,img_20260317_155611_245899.jpg,0.2,0.0
20260317_155611_295320,img_20260317_155611_295320.jpg,0.2,0.0
20260317_155611_352116,img_20260317_155611_352116.jpg,0.2,0.0
20260317_155611_408268,img_20260317_155611_408268.jpg,0.2,0.0
20260317_155611_453847,img_20260317_155611_453847.jpg,0.2,0.0
20260317_155611_500816,img_20260317_155611_500816.jpg,0.2,-0.1
20260317_155611_542295,img_20260317_155611_542295.jpg,0.2,-0.1
20260317_155611_607458,img_20260317_155611_607458.jpg,0.2,0.0
20260317_155611_662364,img_20260317_155611_662364.jpg,0.2,0.0
20260317_155611_709989,img_20260317_155611_709989.jpg,0.2,0.0
20260317_155611_751406,img_20260317_155611_751406.jpg,0.2,0.0
20260317_155611_811584,img_20260317_155611_811584.jpg,0.2,0.0
20260317_155611_870100,img_20260317_155611_870100.jpg,0.2,-0.1
20260317_155611_923680,img_20260317_155611_923680.jpg,0.2,-0.1
20260317_155611_961458,img_20260317_155611_961458.jpg,0.2,0.0
20260317_155612_024366,img_20260317_155612_024366.jpg,0.2,0.0
20260317_155612_064631,img_20260317_155612_064631.jpg,0.2,0.0
20260317_155612_128165,img_20260317_155612_128165.jpg,0.2,0.0
20260317_155612_179394,img_20260317_155612_179394.jpg,0.2,0.0
20260317_155612_230789,img_20260317_155612_230789.jpg,0.2,0.0
20260317_155612_269275,img_20260317_155612_269275.jpg,0.2,0.0
20260317_155612_327553,img_20260317_155612_327553.jpg,0.2,0.0
20260317_155612_390798,img_20260317_155612_390798.jpg,0.2,-0.1
20260317_155612_428292,img_20260317_155612_428292.jpg,0.2,-0.1
20260317_155612_483143,img_20260317_155612_483143.jpg,0.2,0.0
20260317_155612_536859,img_20260317_155612_536859.jpg,0.2,0.0
20260317_155612_580051,img_20260317_155612_580051.jpg,0.2,0.0
20260317_155612_640706,img_20260317_155612_640706.jpg,0.2,0.0
20260317_155612_693988,img_20260317_155612_693988.jpg,0.2,0.0
20260317_155612_746069,img_20260317_155612_746069.jpg,0.2,0.0
20260317_155612_793575,img_20260317_155612_793575.jpg,0.2,-0.1
20260317_155612_833507,img_20260317_155612_833507.jpg,0.2,-0.1
20260317_155612_896738,img_20260317_155612_896738.jpg,0.2,0.0
20260317_155612_937519,img_20260317_155612_937519.jpg,0.2,0.0
20260317_155613_000213,img_20260317_155613_000213.jpg,0.2,0.0
20260317_155613_051923,img_20260317_155613_051923.jpg,0.2,0.0
20260317_155613_103433,img_20260317_155613_103433.jpg,0.2,0.0
20260317_155613_151557,img_20260317_155613_151557.jpg,0.2,0.0
20260317_155613_213685,img_20260317_155613_213685.jpg,0.2,0.0
20260317_155613_247427,img_20260317_155613_247427.jpg,0.2,0.0
20260317_155613_305399,img_20260317_155613_305399.jpg,0.2,-0.1
20260317_155613_356597,img_20260317_155613_356597.jpg,0.2,0.0
20260317_155613_406744,img_20260317_155613_406744.jpg,0.2,0.0
20260317_155613_466071,img_20260317_155613_466071.jpg,0.2,0.0
20260317_155613_518040,img_20260317_155613_518040.jpg,0.2,0.0
20260317_155613_567763,img_20260317_155613_567763.jpg,0.2,0.0
20260317_155613_620573,img_20260317_155613_620573.jpg,0.2,-0.1
20260317_155612_342333,img_20260317_155612_342333.jpg,0.2,-0.1
20260317_155612_393818,img_20260317_155612_393818.jpg,0.2,-0.1
20260317_155612_448363,img_20260317_155612_448363.jpg,0.2,-0.1
20260317_155612_493457,img_20260317_155612_493457.jpg,0.2,0.0
20260317_155612_556842,img_20260317_155612_556842.jpg,0.2,0.0
20260317_155612_598332,img_20260317_155612_598332.jpg,0.2,0.0
20260317_155612_652917,img_20260317_155612_652917.jpg,0.2,0.0
20260317_155612_704170,img_20260317_155612_704170.jpg,0.2,0.0
20260317_155612_747619,img_20260317_155612_747619.jpg,0.2,0.0
20260317_155612_806661,img_20260317_155612_806661.jpg,0.2,0.0
20260317_155612_857655,img_20260317_155612_857655.jpg,0.2,0.0
20260317_155612_910366,img_20260317_155612_910366.jpg,0.2,-0.1
20260317_155612_948180,img_20260317_155612_948180.jpg,0.2,-0.1
20260317_155613_003975,img_20260317_155613_003975.jpg,0.2,-0.1
20260317_155613_062341,img_20260317_155613_062341.jpg,0.2,0.0
20260317_155613_120418,img_20260317_155613_120418.jpg,0.2,0.0
20260317_155613_158851,img_20260317_155613_158851.jpg,0.2,0.0
20260317_155613_220165,img_20260317_155613_220165.jpg,0.2,0.0
20260317_155613_271869,img_20260317_155613_271869.jpg,0.2,0.0
20260317_155613_324670,img_20260317_155613_324670.jpg,0.2,0.0
20260317_155613_379031,img_20260317_155613_379031.jpg,0.2,0.0
20260317_155613_426573,img_20260317_155613_426573.jpg,0.2,-0.1
20260317_155613_479990,img_20260317_155613_479990.jpg,0.2,-0.1
20260317_155613_517710,img_20260317_155613_517710.jpg,0.2,-0.1
20260317_155613_576373,img_20260317_155613_576373.jpg,0.2,0.0
20260317_155613_618816,img_20260317_155613_618816.jpg,0.2,0.0
20260317_155613_674762,img_20260317_155613_674762.jpg,0.2,0.0
20260317_155613_735122,img_20260317_155613_735122.jpg,0.2,0.0
20260317_155613_788693,img_20260317_155613_788693.jpg,0.2,0.0
20260317_155613_827767,img_20260317_155613_827767.jpg,0.2,-0.1
20260317_155613_880206,img_20260317_155613_880206.jpg,0.2,-0.1
20260317_155613_940878,img_20260317_155613_940878.jpg,0.2,0.0
20260317_155613_998301,img_20260317_155613_998301.jpg,0.2,0.0
20260317_155614_054492,img_20260317_155614_054492.jpg,0.2,0.0
20260317_155614_102536,img_20260317_155614_102536.jpg,0.2,0.0
20260317_155614_148354,img_20260317_155614_148354.jpg,0.2,0.0
20260317_155614_199941,img_20260317_155614_199941.jpg,0.2,0.0
20260317_155614_254221,img_20260317_155614_254221.jpg,0.2,0.0
20260317_155614_307543,img_20260317_155614_307543.jpg,0.2,-0.1
20260317_155614_358761,img_20260317_155614_358761.jpg,0.2,0.0
20260317_155614_408795,img_20260317_155614_408795.jpg,0.2,0.0
20260317_155614_447340,img_20260317_155614_447340.jpg,0.2,0.0
20260317_155614_509017,img_20260317_155614_509017.jpg,0.2,0.0
20260317_155614_547238,img_20260317_155614_547238.jpg,0.2,0.0
20260317_155614_612198,img_20260317_155614_612198.jpg,0.2,0.0
20260317_155614_650083,img_20260317_155614_650083.jpg,0.2,0.0
20260317_155614_715274,img_20260317_155614_715274.jpg,0.2,0.0
20260317_155614_769577,img_20260317_155614_769577.jpg,0.2,0.0
20260317_155614_821348,img_20260317_155614_821348.jpg,0.2,0.0
20260317_155614_874378,img_20260317_155614_874378.jpg,0.2,-0.1
20260317_155614_921529,img_20260317_155614_921529.jpg,0.2,0.0
20260317_155614_959208,img_20260317_155614_959208.jpg,0.2,0.0
20260317_155615_023185,img_20260317_155615_023185.jpg,0.2,0.0
20260317_155615_068064,img_20260317_155615_068064.jpg,0.2,0.0
20260317_155615_132841,img_20260317_155615_132841.jpg,0.2,0.0
20260317_155615_181193,img_20260317_155615_181193.jpg,0.2,0.0
20260317_155615_236335,img_20260317_155615_236335.jpg,0.2,0.0
20260317_155615_284446,img_20260317_155615_284446.jpg,0.2,-0.1
20260317_155615_337368,img_20260317_155615_337368.jpg,0.2,-0.1
20260317_155615_376300,img_20260317_155615_376300.jpg,0.2,0.0
20260317_155615_427165,img_20260317_155615_427165.jpg,0.2,0.0
20260317_155615_489946,img_20260317_155615_489946.jpg,0.2,0.0
20260317_155615_544616,img_20260317_155615_544616.jpg,0.2,0.0
20260317_155615_589974,img_20260317_155615_589974.jpg,0.2,0.0
20260317_155615_644527,img_20260317_155615_644527.jpg,0.2,0.0
20260317_155615_687308,img_20260317_155615_687308.jpg,0.2,-0.1
20260317_155615_749798,img_20260317_155615_749798.jpg,0.2,-0.1
20260317_155615_791218,img_20260317_155615_791218.jpg,0.2,0.0
20260317_155615_851830,img_20260317_155615_851830.jpg,0.2,0.0
20260317_155615_899863,img_20260317_155615_899863.jpg,0.2,0.0
20260317_155615_951988,img_20260317_155615_951988.jpg,0.2,0.0
20260317_155616_002488,img_20260317_155616_002488.jpg,0.2,0.0
20260317_155616_054547,img_20260317_155616_054547.jpg,0.2,-0.1
20260317_155616_107769,img_20260317_155616_107769.jpg,0.2,-0.1
20260317_155616_165237,img_20260317_155616_165237.jpg,0.2,0.0
20260317_155616_220008,img_20260317_155616_220008.jpg,0.2,0.0
20260317_155616_266132,img_20260317_155616_266132.jpg,0.2,0.0
20260317_155616_313398,img_20260317_155616_313398.jpg,0.2,0.0
20260317_155616_356614,img_20260317_155616_356614.jpg,0.2,0.0
20260317_155616_417740,img_20260317_155616_417740.jpg,0.2,0.0
20260317_155616_465634,img_20260317_155616_465634.jpg,0.2,-0.1
20260317_155616_510672,img_20260317_155616_510672.jpg,0.2,-0.1
20260317_155616_572521,img_20260317_155616_572521.jpg,0.2,0.0
20260317_155616_623348,img_20260317_155616_623348.jpg,0.2,0.0
20260317_155616_679908,img_20260317_155616_679908.jpg,0.2,0.0
20260317_155616_716600,img_20260317_155616_716600.jpg,0.2,0.0
20260317_155616_774368,img_20260317_155616_774368.jpg,0.2,-0.1
20260317_155616_826734,img_20260317_155616_826734.jpg,0.2,-0.1
20260317_155616_880229,img_20260317_155616_880229.jpg,0.2,-0.1
20260317_155616_930587,img_20260317_155616_930587.jpg,0.2,-0.1
20260317_155616_987388,img_20260317_155616_987388.jpg,0.2,-0.1
20260317_155617_046871,img_20260317_155617_046871.jpg,0.2,0.0
20260317_155617_088301,img_20260317_155617_088301.jpg,0.2,0.0
20260317_155617_130523,img_20260317_155617_130523.jpg,0.2,0.0
20260317_155617_191750,img_20260317_155617_191750.jpg,0.2,0.0
20260317_155617_242453,img_20260317_155617_242453.jpg,0.2,0.0
20260317_155617_295730,img_20260317_155617_295730.jpg,0.2,0.0
20260317_155617_347367,img_20260317_155617_347367.jpg,0.2,0.0
20260317_155617_403669,img_20260317_155617_403669.jpg,0.2,0.0
20260317_155617_448954,img_20260317_155617_448954.jpg,0.2,0.0
20260317_155617_505979,img_20260317_155617_505979.jpg,0.2,0.0
20260317_155617_543671,img_20260317_155617_543671.jpg,0.2,-0.1
20260317_155617_604529,img_20260317_155617_604529.jpg,0.2,-0.1
20260317_155617_655291,img_20260317_155617_655291.jpg,0.2,-0.1
20260317_155617_711876,img_20260317_155617_711876.jpg,0.2,0.0
20260317_155617_765853,img_20260317_155617_765853.jpg,0.2,0.0
20260317_155617_809595,img_20260317_155617_809595.jpg,0.2,0.0
20260317_155617_852388,img_20260317_155617_852388.jpg,0.2,0.0
20260317_155617_913918,img_20260317_155617_913918.jpg,0.2,0.0
20260317_155617_969767,img_20260317_155617_969767.jpg,0.2,0.0
20260317_155618_010031,img_20260317_155618_010031.jpg,0.2,0.0
20260317_155618_068621,img_20260317_155618_068621.jpg,0.2,0.0
20260317_155618_121951,img_20260317_155618_121951.jpg,0.2,0.0
20260317_155618_169912,img_20260317_155618_169912.jpg,0.2,0.0
20260317_155618_224350,img_20260317_155618_224350.jpg,0.2,0.0
20260317_155618_266466,img_20260317_155618_266466.jpg,0.2,0.0
20260317_155618_328734,img_20260317_155618_328734.jpg,0.2,0.0
20260317_155618_367197,img_20260317_155618_367197.jpg,0.2,0.0
20260317_155618_429533,img_20260317_155618_429533.jpg,0.2,0.0
20260317_155618_480644,img_20260317_155618_480644.jpg,0.2,-0.1
20260317_155618_539705,img_20260317_155618_539705.jpg,0.2,-0.1
20260317_155618_581221,img_20260317_155618_581221.jpg,0.2,0.0
20260317_155618_637567,img_20260317_155618_637567.jpg,0.2,0.0
20260317_155618_675582,img_20260317_155618_675582.jpg,0.2,0.0
20260317_155618_741674,img_20260317_155618_741674.jpg,0.2,0.0
20260317_155618_780156,img_20260317_155618_780156.jpg,0.2,0.0
20260317_155618_842932,img_20260317_155618_842932.jpg,0.2,0.0
20260317_155618_893058,img_20260317_155618_893058.jpg,0.2,-0.1
20260317_155618_949928,img_20260317_155618_949928.jpg,0.2,0.0
20260317_155618_985529,img_20260317_155618_985529.jpg,0.2,0.0
20260317_155619_047940,img_20260317_155619_047940.jpg,0.2,0.0
20260317_155619_092018,img_20260317_155619_092018.jpg,0.2,0.0
20260317_155619_154305,img_20260317_155619_154305.jpg,0.2,0.0
20260317_155619_204424,img_20260317_155619_204424.jpg,0.2,0.0
20260317_155619_257554,img_20260317_155619_257554.jpg,0.2,-0.1
20260317_155619_294796,img_20260317_155619_294796.jpg,0.2,-0.1
20260317_155619_347968,img_20260317_155619_347968.jpg,0.2,-0.1
20260317_155619_413922,img_20260317_155619_413922.jpg,0.2,0.0
20260317_155619_458634,img_20260317_155619_458634.jpg,0.2,0.0
20260317_155619_523455,img_20260317_155619_523455.jpg,0.2,0.0
20260317_155619_570774,img_20260317_155619_570774.jpg,0.2,0.0
20260317_155619_621853,img_20260317_155619_621853.jpg,0.2,-0.1
20260317_155619_668436,img_20260317_155619_668436.jpg,0.2,-0.1
20260317_155619_715135,img_20260317_155619_715135.jpg,0.2,-0.1
20260317_155619_769105,img_20260317_155619_769105.jpg,0.2,0.0
20260317_155619_831256,img_20260317_155619_831256.jpg,0.2,0.0
20260317_155619_883640,img_20260317_155619_883640.jpg,0.2,0.0
20260317_155619_931460,img_20260317_155619_931460.jpg,0.2,0.0
20260317_155619_984924,img_20260317_155619_984924.jpg,0.2,0.0
20260317_155620_033705,img_20260317_155620_033705.jpg,0.2,0.0
20260317_155620_084985,img_20260317_155620_084985.jpg,0.2,0.0
20260317_155620_137715,img_20260317_155620_137715.jpg,0.2,0.0
20260317_155620_190279,img_20260317_155620_190279.jpg,0.2,-0.1
20260317_155620_230479,img_20260317_155620_230479.jpg,0.2,0.0
20260317_155620_300623,img_20260317_155620_300623.jpg,0.2,0.0
20260317_155620_355363,img_20260317_155620_355363.jpg,0.2,0.0
20260317_155620_396555,img_20260317_155620_396555.jpg,0.2,0.0
20260317_155620_447913,img_20260317_155620_447913.jpg,0.2,0.0
20260317_155620_493264,img_20260317_155620_493264.jpg,0.2,0.0
20260317_155620_557927,img_20260317_155620_557927.jpg,0.2,-0.1
20260317_155620_609804,img_20260317_155620_609804.jpg,0.2,-0.1
20260317_155620_659902,img_20260317_155620_659902.jpg,0.2,0.0
20260317_155620_711520,img_20260317_155620_711520.jpg,0.2,0.0
20260317_155620_762487,img_20260317_155620_762487.jpg,0.2,0.0
20260317_155620_813200,img_20260317_155620_813200.jpg,0.2,0.0
20260317_155620_872191,img_20260317_155620_872191.jpg,0.2,0.0
20260317_155620_908299,img_20260317_155620_908299.jpg,0.2,-0.1
20260317_155620_966924,img_20260317_155620_966924.jpg,0.2,-0.1
20260317_155621_021237,img_20260317_155621_021237.jpg,0.2,0.0
20260317_155621_071685,img_20260317_155621_071685.jpg,0.2,0.0
20260317_155621_122508,img_20260317_155621_122508.jpg,0.2,0.0
20260317_155621_187198,img_20260317_155621_187198.jpg,0.2,0.0
20260317_155621_231464,img_20260317_155621_231464.jpg,0.2,0.0
20260317_155621_276525,img_20260317_155621_276525.jpg,0.2,0.0
20260317_155621_328398,img_20260317_155621_328398.jpg,0.2,0.0
20260317_155621_378480,img_20260317_155621_378480.jpg,0.2,0.0
20260317_155621_430319,img_20260317_155621_430319.jpg,0.2,0.0
20260317_155621_480697,img_20260317_155621_480697.jpg,0.2,-0.1
20260317_155621_531190,img_20260317_155621_531190.jpg,0.2,-0.1
20260317_155621_586307,img_20260317_155621_586307.jpg,0.2,0.0
20260317_155621_627502,img_20260317_155621_627502.jpg,0.2,0.0
20260317_155621_689241,img_20260317_155621_689241.jpg,0.2,0.0
20260317_155621_742420,img_20260317_155621_742420.jpg,0.2,0.0
20260317_155621_793417,img_20260317_155621_793417.jpg,0.2,0.0
20260317_155621_842063,img_20260317_155621_842063.jpg,0.2,0.0
20260317_155621_897137,img_20260317_155621_897137.jpg,0.2,-0.1
20260317_155621_949817,img_20260317_155621_949817.jpg,0.2,-0.1
20260317_155622_003784,img_20260317_155622_003784.jpg,0.2,0.0
20260317_155622_063146,img_20260317_155622_063146.jpg,0.2,0.0
20260317_155622_105533,img_20260317_155622_105533.jpg,0.2,0.0
20260317_155622_144951,img_20260317_155622_144951.jpg,0.2,0.0
20260317_155622_204130,img_20260317_155622_204130.jpg,0.2,0.0
20260317_155622_246190,img_20260317_155622_246190.jpg,0.2,0.0
20260317_155622_309160,img_20260317_155622_309160.jpg,0.2,0.0
20260317_155622_357132,img_20260317_155622_357132.jpg,0.2,0.0
20260317_155622_402441,img_20260317_155622_402441.jpg,0.2,0.0
20260317_155622_464248,img_20260317_155622_464248.jpg,0.2,-0.1
20260317_155622_501522,img_20260317_155622_501522.jpg,0.2,-0.1
20260317_155622_555289,img_20260317_155622_555289.jpg,0.2,0.0
20260317_155622_613414,img_20260317_155622_613414.jpg,0.2,0.0
20260317_155622_666726,img_20260317_155622_666726.jpg,0.2,0.0
20260317_155622_716330,img_20260317_155622_716330.jpg,0.2,0.0
20260317_155622_770315,img_20260317_155622_770315.jpg,0.2,0.0
20260317_155622_809544,img_20260317_155622_809544.jpg,0.2,-0.1
20260317_155622_874935,img_20260317_155622_874935.jpg,0.2,-0.1
20260317_155622_912857,img_20260317_155622_912857.jpg,0.2,0.0
20260317_155622_981353,img_20260317_155622_981353.jpg,0.2,0.0
20260317_155623_029014,img_20260317_155623_029014.jpg,0.2,0.0
20260317_155623_083943,img_20260317_155623_083943.jpg,0.2,0.0
20260317_155623_139104,img_20260317_155623_139104.jpg,0.2,0.0
20260317_155623_173570,img_20260317_155623_173570.jpg,0.2,0.0
20260317_155623_234586,img_20260317_155623_234586.jpg,0.2,-0.1
20260317_155623_287983,img_20260317_155623_287983.jpg,0.2,0.0
20260317_155623_340827,img_20260317_155623_340827.jpg,0.2,0.0
20260317_155623_381313,img_20260317_155623_381313.jpg,0.2,0.0
20260317_155623_445136,img_20260317_155623_445136.jpg,0.2,0.0
20260317_155623_497704,img_20260317_155623_497704.jpg,0.2,0.0
20260317_155623_547482,img_20260317_155623_547482.jpg,0.2,-0.1
20260317_155623_597408,img_20260317_155623_597408.jpg,0.2,-0.1
20260317_155623_638318,img_20260317_155623_638318.jpg,0.2,-0.1
20260317_155623_703781,img_20260317_155623_703781.jpg,0.2,0.0
20260317_155623_758121,img_20260317_155623_758121.jpg,0.2,0.0
20260317_155623_810723,img_20260317_155623_810723.jpg,0.2,0.0
20260317_155623_859342,img_20260317_155623_859342.jpg,0.2,0.0
20260317_155623_910853,img_20260317_155623_910853.jpg,0.2,0.0
20260317_155623_977703,img_20260317_155623_977703.jpg,0.2,-0.1
20260317_155624_014166,img_20260317_155624_014166.jpg,0.2,-0.1
20260317_155624_070308,img_20260317_155624_070308.jpg,0.2,0.0
20260317_155624_107698,img_20260317_155624_107698.jpg,0.2,0.0
20260317_155624_172917,img_20260317_155624_172917.jpg,0.2,0.0
20260317_155624_222909,img_20260317_155624_222909.jpg,0.2,0.0
20260317_155624_271438,img_20260317_155624_271438.jpg,0.2,0.0
20260317_155624_312095,img_20260317_155624_312095.jpg,0.2,0.0
20260317_155624_371993,img_20260317_155624_371993.jpg,0.2,0.0
20260317_155624_423538,img_20260317_155624_423538.jpg,0.2,-0.1
20260317_155624_479046,img_20260317_155624_479046.jpg,0.2,0.0
20260317_155624_527369,img_20260317_155624_527369.jpg,0.2,0.0
20260317_155624_587009,img_20260317_155624_587009.jpg,0.2,0.0
20260317_155624_619812,img_20260317_155624_619812.jpg,0.2,0.0
20260317_155624_673534,img_20260317_155624_673534.jpg,0.2,0.0
20260317_155624_743665,img_20260317_155624_743665.jpg,0.2,-0.1
20260317_155624_791090,img_20260317_155624_791090.jpg,0.2,-0.1
20260317_155624_827765,img_20260317_155624_827765.jpg,0.2,-0.1
20260317_155624_891836,img_20260317_155624_891836.jpg,0.2,0.0
20260317_155624_942479,img_20260317_155624_942479.jpg,0.2,0.0
20260317_155624_982471,img_20260317_155624_982471.jpg,0.2,0.0
20260317_155625_032252,img_20260317_155625_032252.jpg,0.2,0.0
20260317_155625_095109,img_20260317_155625_095109.jpg,0.2,0.0
20260317_155625_137605,img_20260317_155625_137605.jpg,0.2,-0.1
20260317_155625_206695,img_20260317_155625_206695.jpg,0.2,-0.1
20260317_155625_251258,img_20260317_155625_251258.jpg,0.2,0.0
20260317_155625_303818,img_20260317_155625_303818.jpg,0.2,0.0
20260317_155625_353137,img_20260317_155625_353137.jpg,0.2,0.0
20260317_155625_405644,img_20260317_155625_405644.jpg,0.2,0.0
20260317_155625_458896,img_20260317_155625_458896.jpg,0.2,-0.1
20260317_155625_507977,img_20260317_155625_507977.jpg,0.2,-0.1
20260317_155625_558100,img_20260317_155625_558100.jpg,0.2,0.0
20260317_155625_610210,img_20260317_155625_610210.jpg,0.2,0.0
20260317_155625_660203,img_20260317_155625_660203.jpg,0.2,0.0
20260317_155625_702365,img_20260317_155625_702365.jpg,0.2,0.0
20260317_155625_765691,img_20260317_155625_765691.jpg,0.2,0.0
20260317_155625_818653,img_20260317_155625_818653.jpg,0.2,-0.1
20260317_155625_859403,img_20260317_155625_859403.jpg,0.2,-0.1
20260317_155625_930753,img_20260317_155625_930753.jpg,0.2,0.0
20260317_155625_961274,img_20260317_155625_961274.jpg,0.2,0.0
20260317_155626_022005,img_20260317_155626_022005.jpg,0.2,0.0
20260317_155626_066004,img_20260317_155626_066004.jpg,0.2,0.0
20260317_155626_122255,img_20260317_155626_122255.jpg,0.2,0.0
20260317_155626_168630,img_20260317_155626_168630.jpg,0.2,-0.1
20260317_155626_225845,img_20260317_155626_225845.jpg,0.2,-0.1
20260317_155626_280914,img_20260317_155626_280914.jpg,0.2,0.0
20260317_155626_326111,img_20260317_155626_326111.jpg,0.2,0.0
20260317_155626_376941,img_20260317_155626_376941.jpg,0.2,0.0
20260317_155626_431950,img_20260317_155626_431950.jpg,0.2,0.0
20260317_155626_493000,img_20260317_155626_493000.jpg,0.2,-0.1
20260317_155626_542154,img_20260317_155626_542154.jpg,0.2,-0.1
20260317_155626_586560,img_20260317_155626_586560.jpg,0.2,0.0
20260317_155626_635836,img_20260317_155626_635836.jpg,0.2,0.0
20260317_155626_700909,img_20260317_155626_700909.jpg,0.2,0.0
20260317_155626_748990,img_20260317_155626_748990.jpg,0.2,0.0
20260317_155626_811679,img_20260317_155626_811679.jpg,0.2,0.0
20260317_155626_857115,img_20260317_155626_857115.jpg,0.2,0.0
20260317_155626_908627,img_20260317_155626_908627.jpg,0.2,-0.1
20260317_155626_953994,img_20260317_155626_953994.jpg,0.2,0.0
20260317_155627_008326,img_20260317_155627_008326.jpg,0.2,0.0
20260317_155627_063979,img_20260317_155627_063979.jpg,0.2,0.0
20260317_155627_116097,img_20260317_155627_116097.jpg,0.2,0.0
20260317_155627_154481,img_20260317_155627_154481.jpg,0.2,0.0
20260317_155627_217198,img_20260317_155627_217198.jpg,0.2,0.0
20260317_155627_272232,img_20260317_155627_272232.jpg,0.2,0.0
20260317_155627_322479,img_20260317_155627_322479.jpg,0.2,0.0
20260317_155627_358379,img_20260317_155627_358379.jpg,0.2,-0.1
20260317_155627_422734,img_20260317_155627_422734.jpg,0.2,-0.1
20260317_155627_489493,img_20260317_155627_489493.jpg,0.2,0.0
20260317_155627_515078,img_20260317_155627_515078.jpg,0.2,0.0
20260317_155627_573778,img_20260317_155627_573778.jpg,0.2,0.0
20260317_155627_615570,img_20260317_155627_615570.jpg,0.2,0.0
20260317_155627_668337,img_20260317_155627_668337.jpg,0.2,0.0
20260317_155627_728704,img_20260317_155627_728704.jpg,0.2,-0.1
20260317_155627_785342,img_20260317_155627_785342.jpg,0.2,-0.1
20260317_155627_834359,img_20260317_155627_834359.jpg,0.2,0.0
20260317_155627_884611,img_20260317_155627_884611.jpg,0.2,0.0
20260317_155627_932457,img_20260317_155627_932457.jpg,0.2,0.0
20260317_155627_983066,img_20260317_155627_983066.jpg,0.2,0.0
20260317_155628_036005,img_20260317_155628_036005.jpg,0.2,0.0
20260317_155628_091554,img_20260317_155628_091554.jpg,0.2,-0.1
20260317_155628_140813,img_20260317_155628_140813.jpg,0.2,0.0
20260317_155628_190779,img_20260317_155628_190779.jpg,0.2,0.0
20260317_155628_243050,img_20260317_155628_243050.jpg,0.2,0.0
20260317_155628_298466,img_20260317_155628_298466.jpg,0.2,0.0
20260317_155628_350354,img_20260317_155628_350354.jpg,0.2,0.0
20260317_155628_400894,img_20260317_155628_400894.jpg,0.2,-0.1
20260317_155628_442139,img_20260317_155628_442139.jpg,0.2,-0.1
20260317_155628_500791,img_20260317_155628_500791.jpg,0.2,-0.1
20260317_155628_545241,img_20260317_155628_545241.jpg,0.2,0.0
20260317_155628_611448,img_20260317_155628_611448.jpg,0.2,0.0
20260317_155628_658670,img_20260317_155628_658670.jpg,0.2,0.0
20260317_155628_714118,img_20260317_155628_714118.jpg,0.2,0.0
20260317_155628_768273,img_20260317_155628_768273.jpg,0.2,0.0
20260317_155628_807406,img_20260317_155628_807406.jpg,0.2,0.0
20260317_155628_854308,img_20260317_155628_854308.jpg,0.2,0.0
20260317_155628_904502,img_20260317_155628_904502.jpg,0.2,0.0
20260317_155628_967515,img_20260317_155628_967515.jpg,0.2,-0.1
20260317_155629_023185,img_20260317_155629_023185.jpg,0.2,0.0
20260317_155629_063039,img_20260317_155629_063039.jpg,0.2,0.0
20260317_155629_128132,img_20260317_155629_128132.jpg,0.2,0.0
20260317_155629_175935,img_20260317_155629_175935.jpg,0.2,0.0
20260317_155629_232462,img_20260317_155629_232462.jpg,0.2,0.0
20260317_155629_279969,img_20260317_155629_279969.jpg,0.2,0.0
20260317_155629_337126,img_20260317_155629_337126.jpg,0.2,0.0
20260317_155629_384729,img_20260317_155629_384729.jpg,0.2,-0.1
20260317_155629_436090,img_20260317_155629_436090.jpg,0.2,-0.1
20260317_155629_489488,img_20260317_155629_489488.jpg,0.2,0.0
20260317_155629_541814,img_20260317_155629_541814.jpg,0.2,0.0
20260317_155629_594504,img_20260317_155629_594504.jpg,0.2,0.0
20260317_155629_645947,img_20260317_155629_645947.jpg,0.2,0.0
20260317_155629_698258,img_20260317_155629_698258.jpg,0.2,-0.1
20260317_155629_749747,img_20260317_155629_749747.jpg,0.2,-0.1
20260317_155629_799296,img_20260317_155629_799296.jpg,0.2,0.0
20260317_155629_850865,img_20260317_155629_850865.jpg,0.2,0.0
20260317_155629_903521,img_20260317_155629_903521.jpg,0.2,0.0
20260317_155629_941775,img_20260317_155629_941775.jpg,0.2,0.0
20260317_155630_003482,img_20260317_155630_003482.jpg,0.2,0.0
20260317_155630_047421,img_20260317_155630_047421.jpg,0.2,0.0
20260317_155630_112296,img_20260317_155630_112296.jpg,0.2,-0.1
20260317_155630_153546,img_20260317_155630_153546.jpg,0.2,-0.1
20260317_155630_218751,img_20260317_155630_218751.jpg,0.2,0.0
20260317_155630_276080,img_20260317_155630_276080.jpg,0.2,0.0
20260317_155630_306986,img_20260317_155630_306986.jpg,0.2,0.0
20260317_155630_363791,img_20260317_155630_363791.jpg,0.2,0.0
20260317_155630_413287,img_20260317_155630_413287.jpg,0.2,0.0
20260317_155630_470885,img_20260317_155630_470885.jpg,0.2,0.0
20260317_155630_521982,img_20260317_155630_521982.jpg,0.2,-0.1
20260317_155630_567273,img_20260317_155630_567273.jpg,0.2,-0.1
20260317_155630_614919,img_20260317_155630_614919.jpg,0.2,0.0
20260317_155630_676480,img_20260317_155630_676480.jpg,0.2,0.0
20260317_155630_726775,img_20260317_155630_726775.jpg,0.2,0.0
20260317_155630_783539,img_20260317_155630_783539.jpg,0.2,0.0
20260317_155630_820163,img_20260317_155630_820163.jpg,0.2,0.0
20260317_155630_880476,img_20260317_155630_880476.jpg,0.2,0.0
20260317_155630_936205,img_20260317_155630_936205.jpg,0.2,0.0
20260317_155630_985914,img_20260317_155630_985914.jpg,0.2,0.0
20260317_155631_035452,img_20260317_155631_035452.jpg,0.2,-0.1
20260317_155631_086100,img_20260317_155631_086100.jpg,0.2,-0.1
20260317_155631_138684,img_20260317_155631_138684.jpg,0.2,0.0
20260317_155631_184011,img_20260317_155631_184011.jpg,0.2,0.0
20260317_155631_247197,img_20260317_155631_247197.jpg,0.2,0.0
20260317_155631_292407,img_20260317_155631_292407.jpg,0.2,0.0
20260317_155631_347026,img_20260317_155631_347026.jpg,0.2,0.0
20260317_155631_397819,img_20260317_155631_397819.jpg,0.2,-0.1
20260317_155631_441914,img_20260317_155631_441914.jpg,0.2,-0.1
20260317_155631_502101,img_20260317_155631_502101.jpg,0.2,0.0
20260317_155631_544765,img_20260317_155631_544765.jpg,0.2,0.0
20260317_155631_605779,img_20260317_155631_605779.jpg,0.2,0.0
20260317_155631_657385,img_20260317_155631_657385.jpg,0.2,0.0
20260317_155631_699738,img_20260317_155631_699738.jpg,0.2,0.0
20260317_155631_759130,img_20260317_155631_759130.jpg,0.2,-0.1
20260317_155631_811826,img_20260317_155631_811826.jpg,0.2,-0.1
20260317_155631_870275,img_20260317_155631_870275.jpg,0.2,0.0
20260317_155631_915035,img_20260317_155631_915035.jpg,0.2,0.0
20260317_155631_968462,img_20260317_155631_968462.jpg,0.2,0.0
20260317_155632_029987,img_20260317_155632_029987.jpg,0.2,0.0
20260317_155632_072981,img_20260317_155632_072981.jpg,0.2,-0.1
20260317_155632_121024,img_20260317_155632_121024.jpg,0.2,-0.1
20260317_155632_176087,img_20260317_155632_176087.jpg,0.2,0.0
20260317_155632_228823,img_20260317_155632_228823.jpg,0.2,0.0
20260317_155632_270506,img_20260317_155632_270506.jpg,0.2,0.0
20260317_155632_329128,img_20260317_155632_329128.jpg,0.2,0.0
20260317_155632_385764,img_20260317_155632_385764.jpg,0.2,0.0
20260317_155632_434629,img_20260317_155632_434629.jpg,0.2,0.0
20260317_155632_485099,img_20260317_155632_485099.jpg,0.2,0.0
20260317_155632_538695,img_20260317_155632_538695.jpg,0.2,0.0
20260317_155632_585819,img_20260317_155632_585819.jpg,0.2,0.0
20260317_155632_626651,img_20260317_155632_626651.jpg,0.2,0.0
20260317_155632_688312,img_20260317_155632_688312.jpg,0.2,-0.1
20260317_155632_727921,img_20260317_155632_727921.jpg,0.2,-0.1
20260317_155632_791451,img_20260317_155632_791451.jpg,0.2,0.0
20260317_155632_839973,img_20260317_155632_839973.jpg,0.2,0.0
20260317_155632_881289,img_20260317_155632_881289.jpg,0.2,0.0
20260317_155632_941590,img_20260317_155632_941590.jpg,0.2,0.0
20260317_155632_983353,img_20260317_155632_983353.jpg,0.2,0.0
20260317_155633_049750,img_20260317_155633_049750.jpg,0.2,0.0
20260317_155633_106281,img_20260317_155633_106281.jpg,0.2,0.0
20260317_155633_151529,img_20260317_155633_151529.jpg,0.2,-0.1
20260317_155633_193229,img_20260317_155633_193229.jpg,0.2,-0.1
20260317_155633_242907,img_20260317_155633_242907.jpg,0.2,0.0
20260317_155633_296944,img_20260317_155633_296944.jpg,0.2,0.0
20260317_155633_355111,img_20260317_155633_355111.jpg,0.2,0.0
20260317_155633_412289,img_20260317_155633_412289.jpg,0.2,0.0
20260317_155633_464163,img_20260317_155633_464163.jpg,0.2,-0.1
20260317_155633_518080,img_20260317_155633_518080.jpg,0.2,-0.1
20260317_155633_566697,img_20260317_155633_566697.jpg,0.2,0.0
20260317_155633_620189,img_20260317_155633_620189.jpg,0.2,0.0
20260317_155633_672589,img_20260317_155633_672589.jpg,0.2,0.0
20260317_155633_720332,img_20260317_155633_720332.jpg,0.2,0.0
20260317_155633_800730,img_20260317_155633_800730.jpg,0.2,0.0
20260317_155633_849039,img_20260317_155633_849039.jpg,0.2,-0.1
20260317_155633_895764,img_20260317_155633_895764.jpg,0.2,-0.1
20260317_155633_937439,img_20260317_155633_937439.jpg,0.2,0.0
20260317_155634_000686,img_20260317_155634_000686.jpg,0.2,0.0
20260317_155634_042345,img_20260317_155634_042345.jpg,0.2,0.0
20260317_155634_107802,img_20260317_155634_107802.jpg,0.2,0.0
20260317_155634_161443,img_20260317_155634_161443.jpg,0.2,0.0
20260317_155634_210124,img_20260317_155634_210124.jpg,0.2,-0.1
20260317_155634_265651,img_20260317_155634_265651.jpg,0.2,-0.1
20260317_155634_307014,img_20260317_155634_307014.jpg,0.2,0.0
20260317_155634_367551,img_20260317_155634_367551.jpg,0.2,0.0
20260317_155634_420858,img_20260317_155634_420858.jpg,0.2,0.0
20260317_155634_477756,img_20260317_155634_477756.jpg,0.2,0.0
20260317_155634_544441,img_20260317_155634_544441.jpg,0.2,-0.1
20260317_155634_593917,img_20260317_155634_593917.jpg,0.2,-0.1
20260317_155634_628423,img_20260317_155634_628423.jpg,0.2,-0.1
20260317_155634_682247,img_20260317_155634_682247.jpg,0.2,0.0
20260317_155634_732823,img_20260317_155634_732823.jpg,0.2,0.0
20260317_155634_794852,img_20260317_155634_794852.jpg,0.2,0.0
20260317_155634_850408,img_20260317_155634_850408.jpg,0.2,0.0
20260317_155634_905687,img_20260317_155634_905687.jpg,0.2,0.0
20260317_155634_954568,img_20260317_155634_954568.jpg,0.2,-0.1
20260317_155635_004563,img_20260317_155635_004563.jpg,0.2,-0.1
20260317_155635_054889,img_20260317_155635_054889.jpg,0.2,-0.1
20260317_155635_097828,img_20260317_155635_097828.jpg,0.2,0.0
20260317_155635_163426,img_20260317_155635_163426.jpg,0.2,0.0
20260317_155635_216790,img_20260317_155635_216790.jpg,0.2,0.0
20260317_155635_266476,img_20260317_155635_266476.jpg,0.2,0.0
20260317_155635_316901,img_20260317_155635_316901.jpg,0.2,-0.1
20260317_155635_358195,img_20260317_155635_358195.jpg,0.2,-0.1
20260317_155635_425589,img_20260317_155635_425589.jpg,0.2,0.0
20260317_155635_472833,img_20260317_155635_472833.jpg,0.2,0.0
20260317_155635_528363,img_20260317_155635_528363.jpg,0.2,0.0
20260317_155635_580067,img_20260317_155635_580067.jpg,0.2,0.0
20260317_155635_633070,img_20260317_155635_633070.jpg,0.2,-0.1
20260317_155635_682679,img_20260317_155635_682679.jpg,0.2,-0.1
20260317_155635_743508,img_20260317_155635_743508.jpg,0.2,0.0
20260317_155635_793273,img_20260317_155635_793273.jpg,0.2,0.0
20260317_155635_845231,img_20260317_155635_845231.jpg,0.2,0.0
20260317_155635_905513,img_20260317_155635_905513.jpg,0.2,-0.1
20260317_155635_953430,img_20260317_155635_953430.jpg,0.2,-0.1
20260317_155636_000026,img_20260317_155636_000026.jpg,0.2,-0.1
20260317_155636_052913,img_20260317_155636_052913.jpg,0.2,0.0
20260317_155636_092077,img_20260317_155636_092077.jpg,0.2,0.0
20260317_155636_156185,img_20260317_155636_156185.jpg,0.2,0.0
20260317_155636_208499,img_20260317_155636_208499.jpg,0.2,0.0
20260317_155636_256144,img_20260317_155636_256144.jpg,0.2,0.0
20260317_155636_313503,img_20260317_155636_313503.jpg,0.2,0.0
20260317_155636_367444,img_20260317_155636_367444.jpg,0.2,0.0
20260317_155636_423725,img_20260317_155636_423725.jpg,0.2,0.0
20260317_155636_470254,img_20260317_155636_470254.jpg,0.2,0.0
20260317_155636_522307,img_20260317_155636_522307.jpg,0.2,0.0
20260317_155636_578393,img_20260317_155636_578393.jpg,0.2,-0.1
20260317_155636_627406,img_20260317_155636_627406.jpg,0.2,-0.1
20260317_155636_675946,img_20260317_155636_675946.jpg,0.2,0.0
20260317_155636_726989,img_20260317_155636_726989.jpg,0.2,0.0
20260317_155636_784387,img_20260317_155636_784387.jpg,0.2,0.0
20260317_155636_823398,img_20260317_155636_823398.jpg,0.2,0.0
20260317_155636_885213,img_20260317_155636_885213.jpg,0.2,0.0
20260317_155636_939619,img_20260317_155636_939619.jpg,0.2,0.0
20260317_155637_000340,img_20260317_155637_000340.jpg,0.2,-0.1
20260317_155637_053251,img_20260317_155637_053251.jpg,0.2,0.0
20260317_155637_103299,img_20260317_155637_103299.jpg,0.2,0.0
20260317_155637_156090,img_20260317_155637_156090.jpg,0.2,0.0
20260317_155637_202972,img_20260317_155637_202972.jpg,0.2,0.0
20260317_155637_245264,img_20260317_155637_245264.jpg,0.2,0.0
20260317_155637_310715,img_20260317_155637_310715.jpg,0.2,0.0
20260317_155637_361232,img_20260317_155637_361232.jpg,0.2,-0.1
20260317_155637_418929,img_20260317_155637_418929.jpg,0.2,-0.1
20260317_155637_481444,img_20260317_155637_481444.jpg,0.2,0.0
20260317_155637_522488,img_20260317_155637_522488.jpg,0.2,0.0
20260317_155637_569828,img_20260317_155637_569828.jpg,0.2,0.0
20260317_155637_613703,img_20260317_155637_613703.jpg,0.2,0.0
20260317_155637_674515,img_20260317_155637_674515.jpg,0.2,0.0
20260317_155637_726349,img_20260317_155637_726349.jpg,0.2,0.0
20260317_155637_783286,img_20260317_155637_783286.jpg,0.2,-0.1
20260317_155637_838506,img_20260317_155637_838506.jpg,0.2,-0.1
20260317_155637_883741,img_20260317_155637_883741.jpg,0.2,-0.1
20260317_155637_926528,img_20260317_155637_926528.jpg,0.2,-0.1
20260317_155637_989278,img_20260317_155637_989278.jpg,0.2,-0.1
20260317_155638_040757,img_20260317_155638_040757.jpg,0.2,-0.1
20260317_155638_096457,img_20260317_155638_096457.jpg,0.2,-0.1
20260317_155638_144095,img_20260317_155638_144095.jpg,0.2,-0.1
20260317_155638_182629,img_20260317_155638_182629.jpg,0.2,-0.1
20260317_155638_245431,img_20260317_155638_245431.jpg,0.2,0.0
20260317_155638_295135,img_20260317_155638_295135.jpg,0.2,0.0
20260317_155638_350724,img_20260317_155638_350724.jpg,0.2,0.0
20260317_155638_390009,img_20260317_155638_390009.jpg,0.2,0.0
20260317_155638_453836,img_20260317_155638_453836.jpg,0.2,0.0
20260317_155638_510528,img_20260317_155638_510528.jpg,0.2,0.0
20260317_155638_551177,img_20260317_155638_551177.jpg,0.2,0.0
20260317_155638_608755,img_20260317_155638_608755.jpg,0.2,0.0
20260317_155638_652184,img_20260317_155638_652184.jpg,0.2,0.0
20260317_155638_715625,img_20260317_155638_715625.jpg,0.2,0.0
20260317_155638_769294,img_20260317_155638_769294.jpg,0.2,0.0
20260317_155638_812070,img_20260317_155638_812070.jpg,0.2,0.0
20260317_155638_869272,img_20260317_155638_869272.jpg,0.2,0.0
20260317_155638_922205,img_20260317_155638_922205.jpg,0.2,0.0
20260317_155638_964745,img_20260317_155638_964745.jpg,0.2,0.0
20260317_155639_029621,img_20260317_155639_029621.jpg,0.2,0.0
20260317_155639_082925,img_20260317_155639_082925.jpg,0.2,0.0
20260317_155639_120503,img_20260317_155639_120503.jpg,0.2,0.0
20260317_155639_167585,img_20260317_155639_167585.jpg,0.2,0.0
20260317_155639_234294,img_20260317_155639_234294.jpg,0.2,0.0
20260317_155639_274934,img_20260317_155639_274934.jpg,0.2,0.0
20260317_155639_337617,img_20260317_155639_337617.jpg,0.2,0.0
20260317_155639_391909,img_20260317_155639_391909.jpg,0.2,0.0
20260317_155639_439818,img_20260317_155639_439818.jpg,0.2,0.0
20260317_155639_490494,img_20260317_155639_490494.jpg,0.2,0.0
20260317_155639_544734,img_20260317_155639_544734.jpg,0.2,0.1
20260317_155639_597080,img_20260317_155639_597080.jpg,0.2,0.0
20260317_155639_647979,img_20260317_155639_647979.jpg,0.2,0.0
20260317_155639_700017,img_20260317_155639_700017.jpg,0.2,0.0
20260317_155639_749340,img_20260317_155639_749340.jpg,0.2,0.0
20260317_155639_801440,img_20260317_155639_801440.jpg,0.2,0.0
20260317_155639_853458,img_20260317_155639_853458.jpg,0.2,0.0
20260317_155639_894874,img_20260317_155639_894874.jpg,0.2,0.0
20260317_155639_959536,img_20260317_155639_959536.jpg,0.2,0.0
20260317_155640_009018,img_20260317_155640_009018.jpg,0.2,0.0
20260317_155640_058235,img_20260317_155640_058235.jpg,0.2,0.0
20260317_155640_124766,img_20260317_155640_124766.jpg,0.2,0.0
20260317_155640_164800,img_20260317_155640_164800.jpg,0.2,0.0
20260317_155640_219302,img_20260317_155640_219302.jpg,0.2,0.0
20260317_155640_257578,img_20260317_155640_257578.jpg,0.2,0.0
20260317_155640_323339,img_20260317_155640_323339.jpg,0.2,0.0
20260317_155640_365110,img_20260317_155640_365110.jpg,0.2,0.0
20260317_155640_424714,img_20260317_155640_424714.jpg,0.2,0.0
20260317_155640_465385,img_20260317_155640_465385.jpg,0.2,-0.1
20260317_155640_526671,img_20260317_155640_526671.jpg,0.2,0.0
20260317_155640_575517,img_20260317_155640_575517.jpg,0.2,0.0
20260317_155640_623841,img_20260317_155640_623841.jpg,0.2,0.0
20260317_155640_694808,img_20260317_155640_694808.jpg,0.2,0.0
20260317_155640_734318,img_20260317_155640_734318.jpg,0.2,0.0
20260317_155640_776330,img_20260317_155640_776330.jpg,0.2,0.0
20260317_155640_836348,img_20260317_155640_836348.jpg,0.2,0.0
20260317_155640_889525,img_20260317_155640_889525.jpg,0.2,0.0
20260317_155640_939756,img_20260317_155640_939756.jpg,0.2,0.0
20260317_155640_994488,img_20260317_155640_994488.jpg,0.2,0.0
20260317_155641_046800,img_20260317_155641_046800.jpg,0.2,0.0
20260317_155641_087555,img_20260317_155641_087555.jpg,0.2,0.0
20260317_155641_141818,img_20260317_155641_141818.jpg,0.2,0.0
20260317_155641_190029,img_20260317_155641_190029.jpg,0.2,0.0
20260317_155641_249666,img_20260317_155641_249666.jpg,0.2,-0.1
20260317_155641_305065,img_20260317_155641_305065.jpg,0.2,-0.1
20260317_155641_350797,img_20260317_155641_350797.jpg,0.2,0.0
20260317_155641_407064,img_20260317_155641_407064.jpg,0.2,0.0
20260317_155641_457644,img_20260317_155641_457644.jpg,0.2,0.0
20260317_155641_503100,img_20260317_155641_503100.jpg,0.2,0.0
20260317_155641_574670,img_20260317_155641_574670.jpg,0.2,-0.1
20260317_155641_620396,img_20260317_155641_620396.jpg,0.2,-0.1
20260317_155641_659516,img_20260317_155641_659516.jpg,0.2,-0.1
20260317_155641_723622,img_20260317_155641_723622.jpg,0.2,0.0
20260317_155641_772631,img_20260317_155641_772631.jpg,0.2,0.0
20260317_155641_824377,img_20260317_155641_824377.jpg,0.2,0.0
20260317_155641_866410,img_20260317_155641_866410.jpg,0.2,0.0
20260317_155641_930517,img_20260317_155641_930517.jpg,0.2,0.0
20260317_155641_980368,img_20260317_155641_980368.jpg,0.2,-0.1
20260317_155642_025499,img_20260317_155642_025499.jpg,0.2,0.0
20260317_155642_085641,img_20260317_155642_085641.jpg,0.2,0.0
20260317_155642_125698,img_20260317_155642_125698.jpg,0.2,0.0
20260317_155642_189219,img_20260317_155642_189219.jpg,0.2,0.0
20260317_155642_243571,img_20260317_155642_243571.jpg,0.2,-0.1
20260317_155642_285190,img_20260317_155642_285190.jpg,0.2,-0.1
20260317_155642_357414,img_20260317_155642_357414.jpg,0.2,-0.1
20260317_155642_398619,img_20260317_155642_398619.jpg,0.2,0.0
20260317_155642_447955,img_20260317_155642_447955.jpg,0.2,0.0
20260317_155642_502306,img_20260317_155642_502306.jpg,0.2,0.0
20260317_155642_553718,img_20260317_155642_553718.jpg,0.2,0.0
20260317_155642_608114,img_20260317_155642_608114.jpg,0.2,0.0
20260317_155642_657353,img_20260317_155642_657353.jpg,0.2,0.0
20260317_155642_711270,img_20260317_155642_711270.jpg,0.2,0.0
20260317_155642_761672,img_20260317_155642_761672.jpg,0.2,-0.1
20260317_155642_801849,img_20260317_155642_801849.jpg,0.2,-0.1
20260317_155642_862853,img_20260317_155642_862853.jpg,0.2,-0.1
20260317_155642_912821,img_20260317_155642_912821.jpg,0.2,-0.1
20260317_155642_972152,img_20260317_155642_972152.jpg,0.2,-0.1
20260317_155643_028521,img_20260317_155643_028521.jpg,0.2,-0.1
20260317_155643_072902,img_20260317_155643_072902.jpg,0.2,-0.1
20260317_155643_125940,img_20260317_155643_125940.jpg,0.2,-0.1
20260317_155643_178850,img_20260317_155643_178850.jpg,0.2,0.0
20260317_155643_230930,img_20260317_155643_230930.jpg,0.2,0.0
20260317_155643_268310,img_20260317_155643_268310.jpg,0.2,0.0
20260317_155643_330779,img_20260317_155643_330779.jpg,0.2,0.0
20260317_155643_373138,img_20260317_155643_373138.jpg,0.2,-0.1
20260317_155643_439217,img_20260317_155643_439217.jpg,0.2,-0.1
20260317_155643_480201,img_20260317_155643_480201.jpg,0.2,-0.1
20260317_155643_542142,img_20260317_155643_542142.jpg,0.2,-0.1
20260317_155643_580362,img_20260317_155643_580362.jpg,0.2,-0.1
20260317_155643_643601,img_20260317_155643_643601.jpg,0.2,-0.1
20260317_155643_704141,img_20260317_155643_704141.jpg,0.2,0.0
20260317_155643_747691,img_20260317_155643_747691.jpg,0.2,0.0
20260317_155643_795409,img_20260317_155643_795409.jpg,0.2,0.0
20260317_155643_834602,img_20260317_155643_834602.jpg,0.2,0.0
20260317_155643_896249,img_20260317_155643_896249.jpg,0.2,0.0
20260317_155643_950296,img_20260317_155643_950296.jpg,0.2,0.0
20260317_155643_991061,img_20260317_155643_991061.jpg,0.2,0.0
20260317_155644_043170,img_20260317_155644_043170.jpg,0.2,0.0
20260317_155644_106257,img_20260317_155644_106257.jpg,0.2,0.0
20260317_155644_160469,img_20260317_155644_160469.jpg,0.2,0.0
20260317_155644_215437,img_20260317_155644_215437.jpg,0.2,-0.1
20260317_155644_252342,img_20260317_155644_252342.jpg,0.2,-0.1
20260317_155644_313233,img_20260317_155644_313233.jpg,0.2,-0.1
20260317_155644_355419,img_20260317_155644_355419.jpg,0.2,0.0
20260317_155644_418837,img_20260317_155644_418837.jpg,0.2,0.0
20260317_155644_466359,img_20260317_155644_466359.jpg,0.2,0.0
20260317_155644_519149,img_20260317_155644_519149.jpg,0.2,0.0
20260317_155643_330516,img_20260317_155643_330516.jpg,0.2,0.0
20260317_155643_381702,img_20260317_155643_381702.jpg,0.2,0.0
20260317_155643_431090,img_20260317_155643_431090.jpg,0.2,0.0
20260317_155643_485916,img_20260317_155643_485916.jpg,0.2,0.0
20260317_155643_539459,img_20260317_155643_539459.jpg,0.2,-0.1
20260317_155643_579362,img_20260317_155643_579362.jpg,0.2,-0.1
20260317_155643_640644,img_20260317_155643_640644.jpg,0.2,-0.1
20260317_155643_681472,img_20260317_155643_681472.jpg,0.2,-0.1
20260317_155643_738639,img_20260317_155643_738639.jpg,0.2,0.0
20260317_155643_805763,img_20260317_155643_805763.jpg,0.2,0.0
20260317_155643_851142,img_20260317_155643_851142.jpg,0.2,0.0
20260317_155643_902048,img_20260317_155643_902048.jpg,0.2,0.0
20260317_155643_941473,img_20260317_155643_941473.jpg,0.2,0.0
20260317_155644_009277,img_20260317_155644_009277.jpg,0.2,0.0
20260317_155644_053896,img_20260317_155644_053896.jpg,0.2,-0.1
20260317_155644_109285,img_20260317_155644_109285.jpg,0.2,-0.1
20260317_155644_159853,img_20260317_155644_159853.jpg,0.2,-0.1
20260317_155644_214806,img_20260317_155644_214806.jpg,0.2,-0.1
20260317_155644_265566,img_20260317_155644_265566.jpg,0.2,0.0
20260317_155644_305415,img_20260317_155644_305415.jpg,0.2,0.0
20260317_155644_363768,img_20260317_155644_363768.jpg,0.2,0.0
20260317_155644_405904,img_20260317_155644_405904.jpg,0.2,0.0
20260317_155644_470567,img_20260317_155644_470567.jpg,0.2,0.0
20260317_155644_518447,img_20260317_155644_518447.jpg,0.2,0.0
20260317_155644_562452,img_20260317_155644_562452.jpg,0.2,-0.1
20260317_155644_621410,img_20260317_155644_621410.jpg,0.2,-0.1
20260317_155644_671664,img_20260317_155644_671664.jpg,0.2,-0.1
20260317_155644_736306,img_20260317_155644_736306.jpg,0.2,-0.1
20260317_155644_777728,img_20260317_155644_777728.jpg,0.2,-0.1
20260317_155644_826206,img_20260317_155644_826206.jpg,0.2,-0.1
20260317_155644_879411,img_20260317_155644_879411.jpg,0.2,-0.1
20260317_155644_929401,img_20260317_155644_929401.jpg,0.2,-0.1
20260317_155644_987794,img_20260317_155644_987794.jpg,0.2,-0.1
20260317_155645_036367,img_20260317_155645_036367.jpg,0.2,0.0
20260317_155645_088552,img_20260317_155645_088552.jpg,0.2,0.0
20260317_155645_134606,img_20260317_155645_134606.jpg,0.2,0.0
20260317_155645_191004,img_20260317_155645_191004.jpg,0.2,0.0
20260317_155645_244244,img_20260317_155645_244244.jpg,0.2,0.0
20260317_155645_293466,img_20260317_155645_293466.jpg,0.2,0.0
20260317_155645_335589,img_20260317_155645_335589.jpg,0.2,0.0
20260317_155645_395121,img_20260317_155645_395121.jpg,0.2,0.0
20260317_155645_447642,img_20260317_155645_447642.jpg,0.2,0.0
20260317_155645_496710,img_20260317_155645_496710.jpg,0.2,0.0
20260317_155645_541170,img_20260317_155645_541170.jpg,0.2,0.0
20260317_155645_593237,img_20260317_155645_593237.jpg,0.2,0.0
20260317_155645_643485,img_20260317_155645_643485.jpg,0.2,0.0
20260317_155645_693005,img_20260317_155645_693005.jpg,0.2,0.0
20260317_155645_751624,img_20260317_155645_751624.jpg,0.2,0.0
20260317_155645_805791,img_20260317_155645_805791.jpg,0.2,0.0
20260317_155645_859665,img_20260317_155645_859665.jpg,0.2,0.0
20260317_155645_910845,img_20260317_155645_910845.jpg,0.2,0.0
20260317_155645_962566,img_20260317_155645_962566.jpg,0.2,0.0
20260317_155646_013358,img_20260317_155646_013358.jpg,0.2,0.0
20260317_155646_065781,img_20260317_155646_065781.jpg,0.2,0.0
20260317_155646_120212,img_20260317_155646_120212.jpg,0.2,0.0
20260317_155646_170614,img_20260317_155646_170614.jpg,0.2,0.0
20260317_155646_207009,img_20260317_155646_207009.jpg,0.2,0.0
20260317_155646_272444,img_20260317_155646_272444.jpg,0.2,0.0
20260317_155646_321691,img_20260317_155646_321691.jpg,0.2,0.0
20260317_155646_382825,img_20260317_155646_382825.jpg,0.2,0.0
20260317_155646_439551,img_20260317_155646_439551.jpg,0.2,0.0
20260317_155646_486947,img_20260317_155646_486947.jpg,0.2,0.0
20260317_155646_533774,img_20260317_155646_533774.jpg,0.2,0.0
20260317_155646_573629,img_20260317_155646_573629.jpg,0.2,0.0
20260317_155646_633518,img_20260317_155646_633518.jpg,0.2,0.0
20260317_155646_688271,img_20260317_155646_688271.jpg,0.2,0.0
20260317_155646_741147,img_20260317_155646_741147.jpg,0.2,0.0
20260317_155646_791096,img_20260317_155646_791096.jpg,0.2,0.0
20260317_155646_843217,img_20260317_155646_843217.jpg,0.2,0.0
20260317_155646_893864,img_20260317_155646_893864.jpg,0.2,0.0
20260317_155646_946206,img_20260317_155646_946206.jpg,0.2,0.0
20260317_155646_994700,img_20260317_155646_994700.jpg,0.2,0.0
20260317_155647_043322,img_20260317_155647_043322.jpg,0.2,0.0
20260317_155647_099797,img_20260317_155647_099797.jpg,0.2,0.0
20260317_155647_156882,img_20260317_155647_156882.jpg,0.2,0.0
20260317_155647_214418,img_20260317_155647_214418.jpg,0.2,0.0
20260317_155647_269608,img_20260317_155647_269608.jpg,0.2,0.0
20260317_155647_311320,img_20260317_155647_311320.jpg,0.2,-0.1
20260317_155647_359825,img_20260317_155647_359825.jpg,0.2,-0.1
20260317_155647_405051,img_20260317_155647_405051.jpg,0.2,0.0
20260317_155647_464538,img_20260317_155647_464538.jpg,0.2,0.0
20260317_155647_506400,img_20260317_155647_506400.jpg,0.2,0.0
20260317_155647_561491,img_20260317_155647_561491.jpg,0.2,0.0
20260317_155647_619607,img_20260317_155647_619607.jpg,0.2,0.0
20260317_155647_665428,img_20260317_155647_665428.jpg,0.2,0.0
20260317_155647_722893,img_20260317_155647_722893.jpg,0.2,0.0
20260317_155647_776001,img_20260317_155647_776001.jpg,0.2,0.0
20260317_155647_831429,img_20260317_155647_831429.jpg,0.2,-0.1
20260317_155647_878375,img_20260317_155647_878375.jpg,0.2,-0.1
20260317_155647_936829,img_20260317_155647_936829.jpg,0.2,-0.1
20260317_155647_995927,img_20260317_155647_995927.jpg,0.2,-0.1
20260317_155648_039245,img_20260317_155648_039245.jpg,0.2,0.0
20260317_155648_087215,img_20260317_155648_087215.jpg,0.2,0.0
20260317_155648_126247,img_20260317_155648_126247.jpg,0.2,0.0
20260317_155648_191132,img_20260317_155648_191132.jpg,0.2,0.0
20260317_155648_243401,img_20260317_155648_243401.jpg,0.2,0.0
20260317_155648_280692,img_20260317_155648_280692.jpg,0.2,0.0
20260317_155648_339856,img_20260317_155648_339856.jpg,0.2,-0.1
20260317_155648_381820,img_20260317_155648_381820.jpg,0.2,-0.1
20260317_155648_434508,img_20260317_155648_434508.jpg,0.2,-0.1
20260317_155648_482225,img_20260317_155648_482225.jpg,0.2,0.0
20260317_155648_535708,img_20260317_155648_535708.jpg,0.2,0.0
20260317_155648_598152,img_20260317_155648_598152.jpg,0.2,0.0
20260317_155648_653220,img_20260317_155648_653220.jpg,0.2,0.0
20260317_155648_714657,img_20260317_155648_714657.jpg,0.2,0.0
20260317_155648_749612,img_20260317_155648_749612.jpg,0.2,-0.1
20260317_155648_796461,img_20260317_155648_796461.jpg,0.2,-0.1
20260317_155648_850328,img_20260317_155648_850328.jpg,0.2,-0.1
20260317_155648_914018,img_20260317_155648_914018.jpg,0.2,0.0
20260317_155648_966357,img_20260317_155648_966357.jpg,0.2,0.0
20260317_155649_006138,img_20260317_155649_006138.jpg,0.2,0.0
20260317_155649_069279,img_20260317_155649_069279.jpg,0.2,0.0
20260317_155649_121871,img_20260317_155649_121871.jpg,0.2,0.0
20260317_155649_175963,img_20260317_155649_175963.jpg,0.2,-0.1
20260317_155649_224898,img_20260317_155649_224898.jpg,0.2,-0.1
20260317_155649_270505,img_20260317_155649_270505.jpg,0.2,-0.1
20260317_155649_339384,img_20260317_155649_339384.jpg,0.2,0.0
20260317_155649_379739,img_20260317_155649_379739.jpg,0.2,0.0
20260317_155649_431428,img_20260317_155649_431428.jpg,0.2,0.0
20260317_155649_469805,img_20260317_155649_469805.jpg,0.2,0.0
20260317_155649_533540,img_20260317_155649_533540.jpg,0.2,-0.1
20260317_155649_584901,img_20260317_155649_584901.jpg,0.2,-0.1
20260317_155649_636967,img_20260317_155649_636967.jpg,0.2,-0.1
20260317_155649_688867,img_20260317_155649_688867.jpg,0.2,-0.1
20260317_155649_739818,img_20260317_155649_739818.jpg,0.2,0.0
20260317_155649_788464,img_20260317_155649_788464.jpg,0.2,0.0
20260317_155649_844486,img_20260317_155649_844486.jpg,0.2,0.0
20260317_155649_893105,img_20260317_155649_893105.jpg,0.2,0.0
20260317_155649_945809,img_20260317_155649_945809.jpg,0.2,0.0
20260317_155650_005125,img_20260317_155650_005125.jpg,0.2,0.0
20260317_155650_049851,img_20260317_155650_049851.jpg,0.2,0.0
20260317_155650_099078,img_20260317_155650_099078.jpg,0.2,0.0
20260317_155650_153015,img_20260317_155650_153015.jpg,0.2,-0.1
20260317_155650_195639,img_20260317_155650_195639.jpg,0.2,-0.1
20260317_155650_246257,img_20260317_155650_246257.jpg,0.2,-0.1
20260317_155650_308490,img_20260317_155650_308490.jpg,0.2,-0.1
20260317_155650_355734,img_20260317_155650_355734.jpg,0.2,-0.1
20260317_155650_414297,img_20260317_155650_414297.jpg,0.2,-0.1
20260317_155650_465618,img_20260317_155650_465618.jpg,0.2,0.0
20260317_155650_511949,img_20260317_155650_511949.jpg,0.2,0.0
20260317_155650_559421,img_20260317_155650_559421.jpg,0.2,0.0
20260317_155650_623554,img_20260317_155650_623554.jpg,0.2,0.0
20260317_155650_664697,img_20260317_155650_664697.jpg,0.2,0.0
20260317_155650_730654,img_20260317_155650_730654.jpg,0.2,0.0
20260317_155650_786006,img_20260317_155650_786006.jpg,0.2,-0.1
20260317_155650_837193,img_20260317_155650_837193.jpg,0.2,-0.1
20260317_155650_885769,img_20260317_155650_885769.jpg,0.2,-0.1
20260317_155650_936316,img_20260317_155650_936316.jpg,0.2,-0.1
20260317_155650_975550,img_20260317_155650_975550.jpg,0.2,-0.1
20260317_155651_040338,img_20260317_155651_040338.jpg,0.2,-0.1
20260317_155651_088595,img_20260317_155651_088595.jpg,0.2,-0.1
20260317_155651_130598,img_20260317_155651_130598.jpg,0.2,-0.1
20260317_155651_194639,img_20260317_155651_194639.jpg,0.2,0.0
20260317_155651_244913,img_20260317_155651_244913.jpg,0.2,0.0
20260317_155651_287140,img_20260317_155651_287140.jpg,0.2,0.0
20260317_155651_350210,img_20260317_155651_350210.jpg,0.2,0.0
20260317_155651_402352,img_20260317_155651_402352.jpg,0.2,-0.1
20260317_155651_459515,img_20260317_155651_459515.jpg,0.2,-0.1
20260317_155651_495605,img_20260317_155651_495605.jpg,0.2,-0.1
20260317_155651_559134,img_20260317_155651_559134.jpg,0.2,-0.1
20260317_155651_599152,img_20260317_155651_599152.jpg,0.2,-0.1
20260317_155651_665824,img_20260317_155651_665824.jpg,0.2,-0.1
20260317_155651_718082,img_20260317_155651_718082.jpg,0.2,-0.1
20260317_155651_770254,img_20260317_155651_770254.jpg,0.2,-0.1
20260317_155651_809954,img_20260317_155651_809954.jpg,0.2,-0.1
20260317_155651_874931,img_20260317_155651_874931.jpg,0.2,-0.1
20260317_155651_933928,img_20260317_155651_933928.jpg,0.2,-0.1
20260317_155651_981114,img_20260317_155651_981114.jpg,0.2,-0.1
20260317_155652_029965,img_20260317_155652_029965.jpg,0.2,-0.1
20260317_155652_074104,img_20260317_155652_074104.jpg,0.2,-0.1
20260317_155652_135757,img_20260317_155652_135757.jpg,0.2,0.0
20260317_155652_187219,img_20260317_155652_187219.jpg,0.2,0.0
20260317_155652_241637,img_20260317_155652_241637.jpg,0.2,0.0
20260317_155652_275763,img_20260317_155652_275763.jpg,0.2,0.0
20260317_155652_340467,img_20260317_155652_340467.jpg,0.2,0.0
20260317_155652_390081,img_20260317_155652_390081.jpg,0.2,0.0
20260317_155652_438009,img_20260317_155652_438009.jpg,0.2,0.0
20260317_155652_496225,img_20260317_155652_496225.jpg,0.2,0.0
20260317_155652_538887,img_20260317_155652_538887.jpg,0.2,0.0
20260317_155652_600323,img_20260317_155652_600323.jpg,0.2,-0.1
20260317_155652_658828,img_20260317_155652_658828.jpg,0.2,-0.1
20260317_155652_702660,img_20260317_155652_702660.jpg,0.2,-0.1
20260317_155652_739552,img_20260317_155652_739552.jpg,0.2,-0.1
20260317_155652_793845,img_20260317_155652_793845.jpg,0.2,-0.1
20260317_155652_857290,img_20260317_155652_857290.jpg,0.2,-0.1
20260317_155652_910988,img_20260317_155652_910988.jpg,0.2,-0.1
20260317_155652_950655,img_20260317_155652_950655.jpg,0.2,0.0
20260317_155653_015986,img_20260317_155653_015986.jpg,0.2,0.0
20260317_155653_066080,img_20260317_155653_066080.jpg,0.2,0.0
20260317_155653_122368,img_20260317_155653_122368.jpg,0.2,-0.1
20260317_155653_154917,img_20260317_155653_154917.jpg,0.2,-0.1
20260317_155653_220478,img_20260317_155653_220478.jpg,0.2,-0.1
20260317_155653_278715,img_20260317_155653_278715.jpg,0.2,-0.1
20260317_155653_326395,img_20260317_155653_326395.jpg,0.2,-0.1
20260317_155653_375547,img_20260317_155653_375547.jpg,0.2,-0.1
20260317_155653_429526,img_20260317_155653_429526.jpg,0.2,-0.1
20260317_155653_480968,img_20260317_155653_480968.jpg,0.2,-0.1
20260317_155653_532837,img_20260317_155653_532837.jpg,0.2,-0.1
20260317_155653_582180,img_20260317_155653_582180.jpg,0.2,-0.1
20260317_155653_631991,img_20260317_155653_631991.jpg,0.2,-0.1
20260317_155653_682789,img_20260317_155653_682789.jpg,0.2,-0.1
20260317_155653_723313,img_20260317_155653_723313.jpg,0.2,-0.1
20260317_155653_775033,img_20260317_155653_775033.jpg,0.2,-0.1
20260317_155653_837963,img_20260317_155653_837963.jpg,0.2,-0.1
20260317_155653_881912,img_20260317_155653_881912.jpg,0.2,-0.1
20260317_155653_940473,img_20260317_155653_940473.jpg,0.2,-0.1
20260317_155653_994682,img_20260317_155653_994682.jpg,0.2,-0.1
20260317_155654_047325,img_20260317_155654_047325.jpg,0.2,-0.1
20260317_155654_100270,img_20260317_155654_100270.jpg,0.2,-0.1
20260317_155654_150564,img_20260317_155654_150564.jpg,0.2,-0.1
20260317_155654_201242,img_20260317_155654_201242.jpg,0.2,0.0
20260317_155654_254121,img_20260317_155654_254121.jpg,0.2,0.0
20260317_155654_294604,img_20260317_155654_294604.jpg,0.2,0.0
20260317_155654_354103,img_20260317_155654_354103.jpg,0.2,0.0
20260317_155654_407970,img_20260317_155654_407970.jpg,0.2,0.0
20260317_155654_450220,img_20260317_155654_450220.jpg,0.2,0.0
20260317_155654_497352,img_20260317_155654_497352.jpg,0.2,0.0
20260317_155654_565354,img_20260317_155654_565354.jpg,0.2,0.0
20260317_155654_603116,img_20260317_155654_603116.jpg,0.2,0.0
20260317_155654_658565,img_20260317_155654_658565.jpg,0.2,-0.1
20260317_155654_727100,img_20260317_155654_727100.jpg,0.2,-0.1
20260317_155654_770368,img_20260317_155654_770368.jpg,0.2,-0.1
20260317_155654_821046,img_20260317_155654_821046.jpg,0.2,-0.1
20260317_155654_870580,img_20260317_155654_870580.jpg,0.2,-0.1
20260317_155654_914773,img_20260317_155654_914773.jpg,0.2,-0.1
20260317_155654_975341,img_20260317_155654_975341.jpg,0.2,-0.1
20260317_155655_027048,img_20260317_155655_027048.jpg,0.2,-0.1
20260317_155655_074505,img_20260317_155655_074505.jpg,0.2,-0.1
20260317_155655_118276,img_20260317_155655_118276.jpg,0.2,-0.1
20260317_155655_167647,img_20260317_155655_167647.jpg,0.2,-0.1
20260317_155655_232109,img_20260317_155655_232109.jpg,0.2,-0.1
20260317_155655_285266,img_20260317_155655_285266.jpg,0.2,0.0
20260317_155655_338751,img_20260317_155655_338751.jpg,0.2,0.0
20260317_155655_386692,img_20260317_155655_386692.jpg,0.2,0.0
20260317_155655_430235,img_20260317_155655_430235.jpg,0.2,0.0
20260317_155655_488365,img_20260317_155655_488365.jpg,0.2,0.0
20260317_155655_540249,img_20260317_155655_540249.jpg,0.2,0.0
20260317_155655_596273,img_20260317_155655_596273.jpg,0.2,0.0
20260317_155655_635403,img_20260317_155655_635403.jpg,0.2,0.0
20260317_155655_690741,img_20260317_155655_690741.jpg,0.2,0.0
20260317_155655_751668,img_20260317_155655_751668.jpg,0.2,0.0
20260317_155655_808077,img_20260317_155655_808077.jpg,0.2,-0.1
20260317_155655_856613,img_20260317_155655_856613.jpg,0.2,-0.1
20260317_155655_910433,img_20260317_155655_910433.jpg,0.2,-0.1
20260317_155655_949956,img_20260317_155655_949956.jpg,0.2,-0.1
20260317_155656_010708,img_20260317_155656_010708.jpg,0.2,-0.1
20260317_155656_060013,img_20260317_155656_060013.jpg,0.2,-0.1
20260317_155656_117389,img_20260317_155656_117389.jpg,0.2,-0.1
20260317_155656_180082,img_20260317_155656_180082.jpg,0.2,-0.1
20260317_155656_215797,img_20260317_155656_215797.jpg,0.2,-0.1
20260317_155656_272897,img_20260317_155656_272897.jpg,0.2,-0.1
20260317_155656_312989,img_20260317_155656_312989.jpg,0.2,-0.1
20260317_155656_367624,img_20260317_155656_367624.jpg,0.2,-0.1
20260317_155656_426348,img_20260317_155656_426348.jpg,0.2,-0.1
20260317_155656_481694,img_20260317_155656_481694.jpg,0.2,-0.1
20260317_155656_530581,img_20260317_155656_530581.jpg,0.2,-0.1
20260317_155656_570328,img_20260317_155656_570328.jpg,0.2,-0.1
20260317_155656_632359,img_20260317_155656_632359.jpg,0.2,-0.1
20260317_155656_675280,img_20260317_155656_675280.jpg,0.2,-0.1
20260317_155656_737760,img_20260317_155656_737760.jpg,0.2,-0.1
20260317_155656_796873,img_20260317_155656_796873.jpg,0.2,-0.1
20260317_155656_839722,img_20260317_155656_839722.jpg,0.2,-0.1
20260317_155656_881856,img_20260317_155656_881856.jpg,0.2,-0.1
20260317_155656_945554,img_20260317_155656_945554.jpg,0.2,-0.1
20260317_155656_984612,img_20260317_155656_984612.jpg,0.2,-0.1
20260317_155657_053679,img_20260317_155657_053679.jpg,0.2,-0.1
20260317_155657_104380,img_20260317_155657_104380.jpg,0.2,-0.1
20260317_155657_161495,img_20260317_155657_161495.jpg,0.2,-0.1
20260317_155657_205292,img_20260317_155657_205292.jpg,0.2,-0.1
20260317_155657_259798,img_20260317_155657_259798.jpg,0.2,-0.1
20260317_155657_306268,img_20260317_155657_306268.jpg,0.2,-0.1
20260317_155657_367964,img_20260317_155657_367964.jpg,0.2,-0.1
20260317_155657_417484,img_20260317_155657_417484.jpg,0.2,-0.1
20260317_155657_470627,img_20260317_155657_470627.jpg,0.2,-0.1
20260317_155657_533460,img_20260317_155657_533460.jpg,0.2,-0.1
20260317_155657_574932,img_20260317_155657_574932.jpg,0.2,-0.1
20260317_155657_622175,img_20260317_155657_622175.jpg,0.2,-0.1
20260317_155657_682024,img_20260317_155657_682024.jpg,0.2,0.0
20260317_155657_729639,img_20260317_155657_729639.jpg,0.2,0.0
20260317_155657_783157,img_20260317_155657_783157.jpg,0.2,0.0
20260317_155657_831102,img_20260317_155657_831102.jpg,0.2,0.0
20260317_155657_888710,img_20260317_155657_888710.jpg,0.2,0.0
20260317_155657_935491,img_20260317_155657_935491.jpg,0.2,0.0
20260317_155657_988141,img_20260317_155657_988141.jpg,0.2,0.0
20260317_155658_028505,img_20260317_155658_028505.jpg,0.2,0.0
20260317_155658_079484,img_20260317_155658_079484.jpg,0.2,0.0
20260317_155658_153645,img_20260317_155658_153645.jpg,0.2,0.0
20260317_155658_189181,img_20260317_155658_189181.jpg,0.2,-0.1
20260317_155658_235163,img_20260317_155658_235163.jpg,0.2,-0.1
20260317_155658_297511,img_20260317_155658_297511.jpg,0.2,-0.1
20260317_155658_337773,img_20260317_155658_337773.jpg,0.2,-0.1
20260317_155658_392040,img_20260317_155658_392040.jpg,0.2,-0.1
20260317_155658_451714,img_20260317_155658_451714.jpg,0.2,-0.1
20260317_155658_509293,img_20260317_155658_509293.jpg,0.2,-0.1
20260317_155658_555406,img_20260317_155658_555406.jpg,0.2,-0.1
20260317_155658_610135,img_20260317_155658_610135.jpg,0.2,-0.1
20260317_155658_647601,img_20260317_155658_647601.jpg,0.2,0.0
20260317_155658_696988,img_20260317_155658_696988.jpg,0.2,0.0
20260317_155658_759314,img_20260317_155658_759314.jpg,0.2,0.0
20260317_155658_804862,img_20260317_155658_804862.jpg,0.2,0.0
20260317_155658_860108,img_20260317_155658_860108.jpg,0.2,0.0
20260317_155658_926658,img_20260317_155658_926658.jpg,0.2,0.0
20260317_155658_971594,img_20260317_155658_971594.jpg,0.2,0.0
20260317_155659_021745,img_20260317_155659_021745.jpg,0.2,0.0
20260317_155659_063247,img_20260317_155659_063247.jpg,0.2,-0.1
20260317_155659_128899,img_20260317_155659_128899.jpg,0.2,-0.1
20260317_155659_178120,img_20260317_155659_178120.jpg,0.2,-0.1
20260317_155659_231354,img_20260317_155659_231354.jpg,0.2,-0.1
20260317_155659_271114,img_20260317_155659_271114.jpg,0.2,-0.1
20260317_155659_335867,img_20260317_155659_335867.jpg,0.2,0.0
20260317_155659_375252,img_20260317_155659_375252.jpg,0.2,0.0
20260317_155659_444285,img_20260317_155659_444285.jpg,0.2,0.0
20260317_155659_502784,img_20260317_155659_502784.jpg,0.2,0.0
20260317_155659_546599,img_20260317_155659_546599.jpg,0.2,-0.1
20260317_155659_588284,img_20260317_155659_588284.jpg,0.2,-0.1
20260317_155659_648271,img_20260317_155659_648271.jpg,0.2,-0.1
20260317_155659_704263,img_20260317_155659_704263.jpg,0.2,-0.1
20260317_155659_754431,img_20260317_155659_754431.jpg,0.2,-0.1
20260317_155659_809948,img_20260317_155659_809948.jpg,0.2,-0.1
20260317_155659_860419,img_20260317_155659_860419.jpg,0.2,-0.1
20260317_155659_901065,img_20260317_155659_901065.jpg,0.2,-0.1
20260317_155659_966088,img_20260317_155659_966088.jpg,0.2,-0.1
20260317_155700_021596,img_20260317_155700_021596.jpg,0.2,0.0
20260317_155700_076176,img_20260317_155700_076176.jpg,0.2,0.0
20260317_155700_128484,img_20260317_155700_128484.jpg,0.2,0.0
20260317_155700_162847,img_20260317_155700_162847.jpg,0.2,0.0
20260317_155700_224518,img_20260317_155700_224518.jpg,0.2,0.0
20260317_155700_268430,img_20260317_155700_268430.jpg,0.2,0.0
20260317_155700_320866,img_20260317_155700_320866.jpg,0.2,0.0
20260317_155700_383059,img_20260317_155700_383059.jpg,0.2,0.0
20260317_155700_428389,img_20260317_155700_428389.jpg,0.2,0.0
20260317_155700_485263,img_20260317_155700_485263.jpg,0.2,0.0
20260317_155700_538404,img_20260317_155700_538404.jpg,0.2,0.0
20260317_155700_588464,img_20260317_155700_588464.jpg,0.2,0.0
20260317_155700_628629,img_20260317_155700_628629.jpg,0.2,0.0
20260317_155700_689449,img_20260317_155700_689449.jpg,0.2,0.0
20260317_155700_743059,img_20260317_155700_743059.jpg,0.2,0.0
20260317_155700_783715,img_20260317_155700_783715.jpg,0.2,0.0
20260317_155700_847014,img_20260317_155700_847014.jpg,0.2,0.0
20260317_155700_885065,img_20260317_155700_885065.jpg,0.2,-0.1
20260317_155700_953628,img_20260317_155700_953628.jpg,0.2,-0.1
20260317_155700_992849,img_20260317_155700_992849.jpg,0.2,-0.1
20260317_155701_047436,img_20260317_155701_047436.jpg,0.2,0.0
20260317_155701_098741,img_20260317_155701_098741.jpg,0.2,0.0
20260317_155701_159945,img_20260317_155701_159945.jpg,0.2,0.0
20260317_155701_210375,img_20260317_155701_210375.jpg,0.2,0.0
20260317_155701_261311,img_20260317_155701_261311.jpg,0.2,0.0
20260317_155701_301979,img_20260317_155701_301979.jpg,0.2,0.0
20260317_155701_355229,img_20260317_155701_355229.jpg,0.2,0.0
20260317_155701_418622,img_20260317_155701_418622.jpg,0.2,0.0
20260317_155701_465229,img_20260317_155701_465229.jpg,0.2,0.0
20260317_155701_521550,img_20260317_155701_521550.jpg,0.2,-0.1
20260317_155701_563819,img_20260317_155701_563819.jpg,0.2,-0.1
20260317_155701_638938,img_20260317_155701_638938.jpg,0.2,-0.1
20260317_155701_688469,img_20260317_155701_688469.jpg,0.2,0.0
20260317_155701_732625,img_20260317_155701_732625.jpg,0.2,0.0
20260317_155701_780028,img_20260317_155701_780028.jpg,0.2,0.0
20260317_155701_834713,img_20260317_155701_834713.jpg,0.2,0.0
20260317_155701_874381,img_20260317_155701_874381.jpg,0.2,0.0
20260317_155701_928782,img_20260317_155701_928782.jpg,0.2,0.0
20260317_155701_980085,img_20260317_155701_980085.jpg,0.2,0.0
20260317_155702_032421,img_20260317_155702_032421.jpg,0.2,0.0
20260317_155702_091908,img_20260317_155702_091908.jpg,0.2,0.0
20260317_155702_146850,img_20260317_155702_146850.jpg,0.2,0.0
20260317_155702_196983,img_20260317_155702_196983.jpg,0.2,-0.1
20260317_155702_247644,img_20260317_155702_247644.jpg,0.2,-0.1
20260317_155702_298037,img_20260317_155702_298037.jpg,0.2,-0.1
20260317_155702_350733,img_20260317_155702_350733.jpg,0.2,0.0
20260317_155702_414624,img_20260317_155702_414624.jpg,0.2,0.0
20260317_155702_449864,img_20260317_155702_449864.jpg,0.2,0.0
20260317_155702_508620,img_20260317_155702_508620.jpg,0.2,0.0
20260317_155702_559885,img_20260317_155702_559885.jpg,0.2,0.0
20260317_155702_612551,img_20260317_155702_612551.jpg,0.2,0.0
20260317_155702_664383,img_20260317_155702_664383.jpg,0.2,0.0
20260317_155702_715133,img_20260317_155702_715133.jpg,0.2,0.0
20260317_155702_765350,img_20260317_155702_765350.jpg,0.2,0.0
20260317_155702_818528,img_20260317_155702_818528.jpg,0.2,0.0
20260317_155702_870623,img_20260317_155702_870623.jpg,0.2,-0.1
20260317_155702_913460,img_20260317_155702_913460.jpg,0.2,-0.1
20260317_155702_960501,img_20260317_155702_960501.jpg,0.2,-0.1
20260317_155703_015006,img_20260317_155703_015006.jpg,0.2,0.0
20260317_155703_076113,img_20260317_155703_076113.jpg,0.2,0.0
20260317_155703_130268,img_20260317_155703_130268.jpg,0.2,0.0
20260317_155703_176856,img_20260317_155703_176856.jpg,0.2,0.0
20260317_155703_233339,img_20260317_155703_233339.jpg,0.2,0.0
20260317_155703_272660,img_20260317_155703_272660.jpg,0.2,0.0
20260317_155703_335544,img_20260317_155703_335544.jpg,0.2,0.0
20260317_155703_373190,img_20260317_155703_373190.jpg,0.2,0.0
20260317_155703_437883,img_20260317_155703_437883.jpg,0.2,0.0
20260317_155703_489537,img_20260317_155703_489537.jpg,0.2,0.0
20260317_155703_543969,img_20260317_155703_543969.jpg,0.2,0.0
20260317_155703_593401,img_20260317_155703_593401.jpg,0.2,-0.1
20260317_155703_634650,img_20260317_155703_634650.jpg,0.2,-0.1
20260317_155703_717852,img_20260317_155703_717852.jpg,0.2,-0.1
20260317_155703_750692,img_20260317_155703_750692.jpg,0.2,-0.1
20260317_155703_803127,img_20260317_155703_803127.jpg,0.2,0.0
20260317_155703_852707,img_20260317_155703_852707.jpg,0.2,0.0
20260317_155703_909450,img_20260317_155703_909450.jpg,0.2,0.0
20260317_155703_949768,img_20260317_155703_949768.jpg,0.2,0.0
20260317_155704_005437,img_20260317_155704_005437.jpg,0.2,0.0
20260317_155704_067003,img_20260317_155704_067003.jpg,0.2,0.0
20260317_155704_116552,img_20260317_155704_116552.jpg,0.2,0.0
20260317_155704_176032,img_20260317_155704_176032.jpg,0.2,0.0
20260317_155704_227752,img_20260317_155704_227752.jpg,0.2,0.0
20260317_155704_273562,img_20260317_155704_273562.jpg,0.2,0.0
20260317_155704_346733,img_20260317_155704_346733.jpg,0.2,0.0
20260317_155704_392594,img_20260317_155704_392594.jpg,0.2,0.0
20260317_155704_440863,img_20260317_155704_440863.jpg,0.2,0.0
20260317_155704_495234,img_20260317_155704_495234.jpg,0.2,-0.1
20260317_155704_535369,img_20260317_155704_535369.jpg,0.2,-0.1
20260317_155704_587000,img_20260317_155704_587000.jpg,0.2,-0.1
20260317_155704_654561,img_20260317_155704_654561.jpg,0.2,-0.1
20260317_155704_708247,img_20260317_155704_708247.jpg,0.2,-0.1
20260317_155704_749133,img_20260317_155704_749133.jpg,0.2,-0.1
20260317_155704_804197,img_20260317_155704_804197.jpg,0.2,-0.1
20260317_155704_854667,img_20260317_155704_854667.jpg,0.2,0.0
20260317_155704_919356,img_20260317_155704_919356.jpg,0.2,0.0
20260317_155704_985593,img_20260317_155704_985593.jpg,0.2,0.0
20260317_155705_028556,img_20260317_155705_028556.jpg,0.2,0.0
20260317_155705_075613,img_20260317_155705_075613.jpg,0.2,0.0
20260317_155705_129374,img_20260317_155705_129374.jpg,0.2,0.0
20260317_155705_184657,img_20260317_155705_184657.jpg,0.2,0.0
20260317_155705_236683,img_20260317_155705_236683.jpg,0.2,0.0
20260317_155705_283869,img_20260317_155705_283869.jpg,0.2,0.0
20260317_155705_326074,img_20260317_155705_326074.jpg,0.2,0.0
20260317_155705_388205,img_20260317_155705_388205.jpg,0.2,0.0
20260317_155705_440096,img_20260317_155705_440096.jpg,0.2,0.0
20260317_155705_495401,img_20260317_155705_495401.jpg,0.2,0.0
20260317_155705_547923,img_20260317_155705_547923.jpg,0.2,-0.1
20260317_155705_600721,img_20260317_155705_600721.jpg,0.2,-0.1
20260317_155705_662039,img_20260317_155705_662039.jpg,0.2,-0.1
20260317_155705_696376,img_20260317_155705_696376.jpg,0.2,-0.1
20260317_155705_752462,img_20260317_155705_752462.jpg,0.2,-0.1
20260317_155705_793144,img_20260317_155705_793144.jpg,0.2,-0.1
20260317_155705_848654,img_20260317_155705_848654.jpg,0.2,0.0
20260317_155705_911482,img_20260317_155705_911482.jpg,0.2,0.0
20260317_155705_951971,img_20260317_155705_951971.jpg,0.2,0.0
20260317_155706_010431,img_20260317_155706_010431.jpg,0.2,0.0
20260317_155706_053569,img_20260317_155706_053569.jpg,0.2,0.0
20260317_155706_118449,img_20260317_155706_118449.jpg,0.2,0.0
20260317_155706_158939,img_20260317_155706_158939.jpg,0.2,0.0
20260317_155706_226282,img_20260317_155706_226282.jpg,0.2,0.0
20260317_155706_286714,img_20260317_155706_286714.jpg,0.2,0.0
20260317_155706_330259,img_20260317_155706_330259.jpg,0.2,0.0
20260317_155706_369833,img_20260317_155706_369833.jpg,0.2,0.0
20260317_155706_432206,img_20260317_155706_432206.jpg,0.2,0.0
20260317_155706_471885,img_20260317_155706_471885.jpg,0.2,0.0
20260317_155706_533974,img_20260317_155706_533974.jpg,0.2,0.0
20260317_155706_577552,img_20260317_155706_577552.jpg,0.2,0.0
20260317_155706_639839,img_20260317_155706_639839.jpg,0.2,0.0
20260317_155706_692514,img_20260317_155706_692514.jpg,0.2,-0.1
20260317_155706_735501,img_20260317_155706_735501.jpg,0.2,-0.1
20260317_155706_793876,img_20260317_155706_793876.jpg,0.2,-0.1
20260317_155706_844919,img_20260317_155706_844919.jpg,0.2,-0.1
20260317_155706_891099,img_20260317_155706_891099.jpg,0.2,0.0
20260317_155706_953993,img_20260317_155706_953993.jpg,0.2,0.0
20260317_155706_993192,img_20260317_155706_993192.jpg,0.2,0.0
20260317_155707_056743,img_20260317_155707_056743.jpg,0.2,0.0
20260317_155707_109800,img_20260317_155707_109800.jpg,0.2,0.0
20260317_155707_165338,img_20260317_155707_165338.jpg,0.2,0.0
20260317_155707_217043,img_20260317_155707_217043.jpg,0.2,0.0
20260317_155707_268758,img_20260317_155707_268758.jpg,0.2,0.0
20260317_155707_317448,img_20260317_155707_317448.jpg,0.2,0.0
20260317_155707_370626,img_20260317_155707_370626.jpg,0.2,0.0
20260317_155707_423274,img_20260317_155707_423274.jpg,0.2,0.0
20260317_155707_475690,img_20260317_155707_475690.jpg,0.2,0.0
20260317_155707_538322,img_20260317_155707_538322.jpg,0.2,0.0
20260317_155707_581466,img_20260317_155707_581466.jpg,0.2,0.0
20260317_155707_619236,img_20260317_155707_619236.jpg,0.2,0.0
20260317_155707_684758,img_20260317_155707_684758.jpg,0.2,-0.1
20260317_155707_733874,img_20260317_155707_733874.jpg,0.2,-0.1
20260317_155707_785470,img_20260317_155707_785470.jpg,0.2,-0.1
20260317_155707_839074,img_20260317_155707_839074.jpg,0.2,0.0
20260317_155707_890943,img_20260317_155707_890943.jpg,0.2,0.0
20260317_155707_942263,img_20260317_155707_942263.jpg,0.2,0.0
20260317_155707_991897,img_20260317_155707_991897.jpg,0.2,0.0
20260317_155708_045762,img_20260317_155708_045762.jpg,0.2,0.0
20260317_155708_098354,img_20260317_155708_098354.jpg,0.2,0.0
20260317_155708_140075,img_20260317_155708_140075.jpg,0.2,0.0
20260317_155708_202879,img_20260317_155708_202879.jpg,0.2,-0.1
20260317_155708_253824,img_20260317_155708_253824.jpg,0.2,-0.1
20260317_155708_305704,img_20260317_155708_305704.jpg,0.2,-0.1
20260317_155708_359630,img_20260317_155708_359630.jpg,0.2,0.0
20260317_155708_412427,img_20260317_155708_412427.jpg,0.2,0.0
20260317_155708_460357,img_20260317_155708_460357.jpg,0.2,0.0
20260317_155708_514589,img_20260317_155708_514589.jpg,0.2,0.0
20260317_155708_558546,img_20260317_155708_558546.jpg,0.2,0.0
20260317_155708_623192,img_20260317_155708_623192.jpg,0.2,0.0
20260317_155708_663607,img_20260317_155708_663607.jpg,0.2,-0.1
20260317_155708_728450,img_20260317_155708_728450.jpg,0.2,-0.1
20260317_155708_779547,img_20260317_155708_779547.jpg,0.2,-0.1
20260317_155708_835032,img_20260317_155708_835032.jpg,0.2,0.0
20260317_155708_893402,img_20260317_155708_893402.jpg,0.2,0.0
20260317_155708_938259,img_20260317_155708_938259.jpg,0.2,0.0
20260317_155708_980244,img_20260317_155708_980244.jpg,0.2,0.0
20260317_155709_030653,img_20260317_155709_030653.jpg,0.2,0.0
20260317_155709_092858,img_20260317_155709_092858.jpg,0.2,0.0
20260317_155709_138069,img_20260317_155709_138069.jpg,0.2,0.0
20260317_155709_197005,img_20260317_155709_197005.jpg,0.2,0.0
20260317_155709_253601,img_20260317_155709_253601.jpg,0.2,0.0
20260317_155709_304721,img_20260317_155709_304721.jpg,0.2,0.0
20260317_155709_342735,img_20260317_155709_342735.jpg,0.2,0.0
20260317_155709_399992,img_20260317_155709_399992.jpg,0.2,-0.1
20260317_155709_447479,img_20260317_155709_447479.jpg,0.2,-0.1
20260317_155709_500370,img_20260317_155709_500370.jpg,0.2,-0.1
20260317_155709_563692,img_20260317_155709_563692.jpg,0.2,0.0
20260317_155709_617752,img_20260317_155709_617752.jpg,0.2,0.0
20260317_155709_666348,img_20260317_155709_666348.jpg,0.2,0.0
20260317_155709_720711,img_20260317_155709_720711.jpg,0.2,0.0
20260317_155709_787716,img_20260317_155709_787716.jpg,0.2,0.0
20260317_155709_827078,img_20260317_155709_827078.jpg,0.2,0.0
20260317_155709_875393,img_20260317_155709_875393.jpg,0.2,0.0
20260317_155709_918929,img_20260317_155709_918929.jpg,0.2,0.0
20260317_155709_973500,img_20260317_155709_973500.jpg,0.2,0.0
20260317_155710_028365,img_20260317_155710_028365.jpg,0.2,-0.1
20260317_155710_081030,img_20260317_155710_081030.jpg,0.2,-0.1
20260317_155710_128705,img_20260317_155710_128705.jpg,0.2,-0.1
20260317_155710_193033,img_20260317_155710_193033.jpg,0.2,0.0
20260317_155710_240663,img_20260317_155710_240663.jpg,0.2,0.0
20260317_155710_296786,img_20260317_155710_296786.jpg,0.2,0.0
20260317_155710_344053,img_20260317_155710_344053.jpg,0.2,0.0
20260317_155710_396522,img_20260317_155710_396522.jpg,0.2,0.0
20260317_155710_454116,img_20260317_155710_454116.jpg,0.2,0.0
20260317_155710_502123,img_20260317_155710_502123.jpg,0.2,0.0
20260317_155710_554949,img_20260317_155710_554949.jpg,0.2,0.0
20260317_155710_605673,img_20260317_155710_605673.jpg,0.2,0.0
20260317_155710_657853,img_20260317_155710_657853.jpg,0.2,0.0
20260317_155710_709146,img_20260317_155710_709146.jpg,0.2,-0.1
20260317_155710_752936,img_20260317_155710_752936.jpg,0.2,-0.1
20260317_155710_815277,img_20260317_155710_815277.jpg,0.2,0.0
20260317_155710_868302,img_20260317_155710_868302.jpg,0.2,0.0
20260317_155710_924476,img_20260317_155710_924476.jpg,0.2,0.0
20260317_155710_973934,img_20260317_155710_973934.jpg,0.2,0.0
20260317_155711_022980,img_20260317_155711_022980.jpg,0.2,0.0
20260317_155711_064250,img_20260317_155711_064250.jpg,0.2,0.0
20260317_155711_124902,img_20260317_155711_124902.jpg,0.2,0.0
20260317_155711_166691,img_20260317_155711_166691.jpg,0.2,0.0
20260317_155711_219935,img_20260317_155711_219935.jpg,0.2,0.0
20260317_155711_288345,img_20260317_155711_288345.jpg,0.2,-0.1
20260317_155711_336505,img_20260317_155711_336505.jpg,0.2,-0.1
20260317_155711_384007,img_20260317_155711_384007.jpg,0.2,-0.1
20260317_155711_434618,img_20260317_155711_434618.jpg,0.2,0.0
20260317_155711_487429,img_20260317_155711_487429.jpg,0.2,0.0
20260317_155711_541804,img_20260317_155711_541804.jpg,0.2,0.0
20260317_155711_591196,img_20260317_155711_591196.jpg,0.2,0.0
20260317_155711_635126,img_20260317_155711_635126.jpg,0.2,0.0
20260317_155711_694196,img_20260317_155711_694196.jpg,0.2,0.0
20260317_155711_749470,img_20260317_155711_749470.jpg,0.2,0.0
20260317_155711_800055,img_20260317_155711_800055.jpg,0.2,0.0
20260317_155711_849412,img_20260317_155711_849412.jpg,0.2,0.0
20260317_155711_901736,img_20260317_155711_901736.jpg,0.2,-0.1
20260317_155711_942668,img_20260317_155711_942668.jpg,0.2,-0.1
20260317_155712_004117,img_20260317_155712_004117.jpg,0.2,0.0
20260317_155712_069627,img_20260317_155712_069627.jpg,0.2,0.0
20260317_155712_119202,img_20260317_155712_119202.jpg,0.2,0.0
20260317_155712_165893,img_20260317_155712_165893.jpg,0.2,0.0
20260317_155712_219277,img_20260317_155712_219277.jpg,0.2,0.0
20260317_155712_269796,img_20260317_155712_269796.jpg,0.2,0.0
20260317_155712_321318,img_20260317_155712_321318.jpg,0.2,0.0
20260317_155712_364952,img_20260317_155712_364952.jpg,0.2,0.0
20260317_155712_423032,img_20260317_155712_423032.jpg,0.2,0.0
20260317_155712_475270,img_20260317_155712_475270.jpg,0.2,0.0
20260317_155712_530390,img_20260317_155712_530390.jpg,0.2,0.0
20260317_155712_579784,img_20260317_155712_579784.jpg,0.2,-0.1
20260317_155712_629924,img_20260317_155712_629924.jpg,0.2,-0.1
20260317_155712_674992,img_20260317_155712_674992.jpg,0.2,0.0
20260317_155712_727017,img_20260317_155712_727017.jpg,0.2,0.0
20260317_155712_798711,img_20260317_155712_798711.jpg,0.2,0.0
20260317_155712_848213,img_20260317_155712_848213.jpg,0.2,0.0
20260317_155712_883918,img_20260317_155712_883918.jpg,0.2,0.0
20260317_155712_932542,img_20260317_155712_932542.jpg,0.2,0.0
20260317_155712_981973,img_20260317_155712_981973.jpg,0.2,0.0
20260317_155713_047655,img_20260317_155713_047655.jpg,0.2,-0.1
20260317_155713_100988,img_20260317_155713_100988.jpg,0.2,-0.1
20260317_155713_157549,img_20260317_155713_157549.jpg,0.2,0.0
20260317_155713_204386,img_20260317_155713_204386.jpg,0.2,0.0
20260317_155713_257743,img_20260317_155713_257743.jpg,0.2,0.0
20260317_155713_308491,img_20260317_155713_308491.jpg,0.2,0.0
20260317_155713_361750,img_20260317_155713_361750.jpg,0.2,0.0
20260317_155713_408961,img_20260317_155713_408961.jpg,0.2,0.0
20260317_155713_462751,img_20260317_155713_462751.jpg,0.2,0.0
20260317_155713_525897,img_20260317_155713_525897.jpg,0.2,0.0
20260317_155713_565700,img_20260317_155713_565700.jpg,0.2,0.0
20260317_155713_605947,img_20260317_155713_605947.jpg,0.2,0.0
20260317_155713_659399,img_20260317_155713_659399.jpg,0.2,-0.1
20260317_155713_721625,img_20260317_155713_721625.jpg,0.2,-0.1
20260317_155713_778062,img_20260317_155713_778062.jpg,0.2,-0.1
20260317_155713_826136,img_20260317_155713_826136.jpg,0.2,-0.1
20260317_155713_878788,img_20260317_155713_878788.jpg,0.2,0.0
20260317_155713_930829,img_20260317_155713_930829.jpg,0.2,0.0
20260317_155713_979279,img_20260317_155713_979279.jpg,0.2,0.0
20260317_155714_019404,img_20260317_155714_019404.jpg,0.2,0.0
20260317_155714_084330,img_20260317_155714_084330.jpg,0.2,0.0
20260317_155714_139511,img_20260317_155714_139511.jpg,0.2,0.0
20260317_155714_195162,img_20260317_155714_195162.jpg,0.2,-0.1
20260317_155714_245401,img_20260317_155714_245401.jpg,0.2,-0.1
20260317_155714_287643,img_20260317_155714_287643.jpg,0.2,0.0
20260317_155714_338397,img_20260317_155714_338397.jpg,0.2,0.0
20260317_155714_401708,img_20260317_155714_401708.jpg,0.2,0.0
20260317_155714_454163,img_20260317_155714_454163.jpg,0.2,0.0
20260317_155714_508752,img_20260317_155714_508752.jpg,0.2,0.0
20260317_155714_559450,img_20260317_155714_559450.jpg,0.2,0.0
20260317_155714_611859,img_20260317_155714_611859.jpg,0.2,0.0
20260317_155714_663096,img_20260317_155714_663096.jpg,0.2,0.0
20260317_155714_715849,img_20260317_155714_715849.jpg,0.2,0.0
20260317_155714_769808,img_20260317_155714_769808.jpg,0.2,0.0
20260317_155714_818085,img_20260317_155714_818085.jpg,0.2,-0.1
20260317_155714_861186,img_20260317_155714_861186.jpg,0.2,-0.1
20260317_155714_933105,img_20260317_155714_933105.jpg,0.2,0.0
20260317_155714_976575,img_20260317_155714_976575.jpg,0.2,0.0
20260317_155715_032828,img_20260317_155715_032828.jpg,0.2,0.0
20260317_155715_070797,img_20260317_155715_070797.jpg,0.2,0.0
20260317_155715_130707,img_20260317_155715_130707.jpg,0.2,0.0
20260317_155715_186459,img_20260317_155715_186459.jpg,0.2,0.0
20260317_155715_237931,img_20260317_155715_237931.jpg,0.2,0.0
20260317_155715_281275,img_20260317_155715_281275.jpg,0.2,0.0
20260317_155715_327325,img_20260317_155715_327325.jpg,0.2,0.0
20260317_155715_379496,img_20260317_155715_379496.jpg,0.2,0.0
20260317_155715_442768,img_20260317_155715_442768.jpg,0.2,-0.1
20260317_155715_488625,img_20260317_155715_488625.jpg,0.2,-0.1
20260317_155715_543689,img_20260317_155715_543689.jpg,0.2,-0.1
20260317_155714_278706,img_20260317_155714_278706.jpg,0.2,0.0
20260317_155714_331072,img_20260317_155714_331072.jpg,0.2,0.0
20260317_155714_370249,img_20260317_155714_370249.jpg,0.2,0.0
20260317_155714_420721,img_20260317_155714_420721.jpg,0.2,0.0
20260317_155714_477849,img_20260317_155714_477849.jpg,0.2,0.0
20260317_155714_537697,img_20260317_155714_537697.jpg,0.2,0.0
20260317_155714_579485,img_20260317_155714_579485.jpg,0.2,-0.1
20260317_155714_633613,img_20260317_155714_633613.jpg,0.2,-0.1
20260317_155714_693213,img_20260317_155714_693213.jpg,0.2,0.0
20260317_155714_735365,img_20260317_155714_735365.jpg,0.2,0.0
20260317_155714_796427,img_20260317_155714_796427.jpg,0.2,0.0
20260317_155714_848518,img_20260317_155714_848518.jpg,0.2,0.0
20260317_155714_891637,img_20260317_155714_891637.jpg,0.2,0.0
20260317_155714_942639,img_20260317_155714_942639.jpg,0.2,0.0
20260317_155715_002370,img_20260317_155715_002370.jpg,0.2,-0.1
20260317_155715_055817,img_20260317_155715_055817.jpg,0.2,-0.1
20260317_155715_092471,img_20260317_155715_092471.jpg,0.2,-0.1
20260317_155715_157226,img_20260317_155715_157226.jpg,0.2,-0.1
20260317_155715_213055,img_20260317_155715_213055.jpg,0.2,0.0
20260317_155715_264141,img_20260317_155715_264141.jpg,0.2,0.0
20260317_155715_316695,img_20260317_155715_316695.jpg,0.2,0.0
20260317_155715_368670,img_20260317_155715_368670.jpg,0.2,0.0
20260317_155715_430347,img_20260317_155715_430347.jpg,0.2,0.0
20260317_155715_481246,img_20260317_155715_481246.jpg,0.2,0.0
20260317_155715_512291,img_20260317_155715_512291.jpg,0.2,0.0
20260317_155715_565704,img_20260317_155715_565704.jpg,0.2,-0.1
20260317_155715_626880,img_20260317_155715_626880.jpg,0.2,-0.1
20260317_155715_680219,img_20260317_155715_680219.jpg,0.2,0.0
20260317_155715_732143,img_20260317_155715_732143.jpg,0.2,0.0
20260317_155715_775104,img_20260317_155715_775104.jpg,0.2,0.0
20260317_155715_832717,img_20260317_155715_832717.jpg,0.2,0.0
20260317_155715_886620,img_20260317_155715_886620.jpg,0.2,0.0
20260317_155715_942947,img_20260317_155715_942947.jpg,0.2,0.0
20260317_155716_009067,img_20260317_155716_009067.jpg,0.2,0.0
20260317_155716_051845,img_20260317_155716_051845.jpg,0.2,0.0
20260317_155716_101714,img_20260317_155716_101714.jpg,0.2,-0.1
20260317_155716_146586,img_20260317_155716_146586.jpg,0.2,-0.1
20260317_155716_206869,img_20260317_155716_206869.jpg,0.2,-0.1
20260317_155716_260246,img_20260317_155716_260246.jpg,0.2,0.0
20260317_155716_314879,img_20260317_155716_314879.jpg,0.2,0.0
20260317_155716_361223,img_20260317_155716_361223.jpg,0.2,0.0
20260317_155716_413684,img_20260317_155716_413684.jpg,0.2,0.0
20260317_155716_467971,img_20260317_155716_467971.jpg,0.2,0.0
20260317_155716_512192,img_20260317_155716_512192.jpg,0.2,0.0
20260317_155716_570371,img_20260317_155716_570371.jpg,0.2,-0.1
20260317_155716_621477,img_20260317_155716_621477.jpg,0.2,-0.1
20260317_155716_674126,img_20260317_155716_674126.jpg,0.2,-0.1
20260317_155716_742053,img_20260317_155716_742053.jpg,0.2,0.0
20260317_155716_773768,img_20260317_155716_773768.jpg,0.2,0.0
20260317_155716_822015,img_20260317_155716_822015.jpg,0.2,0.0
20260317_155716_881895,img_20260317_155716_881895.jpg,0.2,0.0
20260317_155716_927381,img_20260317_155716_927381.jpg,0.2,0.0
20260317_155716_978471,img_20260317_155716_978471.jpg,0.2,0.0
20260317_155717_036914,img_20260317_155717_036914.jpg,0.2,0.0
20260317_155717_085094,img_20260317_155717_085094.jpg,0.2,0.0
20260317_155717_141717,img_20260317_155717_141717.jpg,0.2,0.0
20260317_155717_193087,img_20260317_155717_193087.jpg,0.2,0.0
20260317_155717_245032,img_20260317_155717_245032.jpg,0.2,0.0
20260317_155717_297857,img_20260317_155717_297857.jpg,0.2,-0.1
20260317_155717_352464,img_20260317_155717_352464.jpg,0.2,-0.1
20260317_155717_402653,img_20260317_155717_402653.jpg,0.2,0.0
20260317_155717_455946,img_20260317_155717_455946.jpg,0.2,0.0
20260317_155717_507369,img_20260317_155717_507369.jpg,0.2,0.0
20260317_155717_550402,img_20260317_155717_550402.jpg,0.2,0.0
20260317_155717_612883,img_20260317_155717_612883.jpg,0.2,0.0
20260317_155717_667248,img_20260317_155717_667248.jpg,0.2,0.0
20260317_155717_720395,img_20260317_155717_720395.jpg,0.2,0.0
20260317_155717_759512,img_20260317_155717_759512.jpg,0.2,0.0
20260317_155717_809639,img_20260317_155717_809639.jpg,0.2,0.0
20260317_155717_872407,img_20260317_155717_872407.jpg,0.2,-0.1
20260317_155717_925515,img_20260317_155717_925515.jpg,0.2,-0.1
20260317_155717_980494,img_20260317_155717_980494.jpg,0.2,0.0
20260317_155718_040622,img_20260317_155718_040622.jpg,0.2,0.0
20260317_155718_076983,img_20260317_155718_076983.jpg,0.2,0.0
20260317_155718_133232,img_20260317_155718_133232.jpg,0.2,0.0
20260317_155718_185074,img_20260317_155718_185074.jpg,0.2,0.0
20260317_155718_240332,img_20260317_155718_240332.jpg,0.2,0.0
20260317_155718_287636,img_20260317_155718_287636.jpg,0.2,0.0
20260317_155718_339285,img_20260317_155718_339285.jpg,0.2,0.0
20260317_155718_383466,img_20260317_155718_383466.jpg,0.2,-0.1
20260317_155718_447178,img_20260317_155718_447178.jpg,0.2,-0.1
20260317_155718_499865,img_20260317_155718_499865.jpg,0.2,0.0
20260317_155718_553820,img_20260317_155718_553820.jpg,0.2,0.0
20260317_155718_612921,img_20260317_155718_612921.jpg,0.2,0.0
20260317_155718_655999,img_20260317_155718_655999.jpg,0.2,0.0
20260317_155718_708420,img_20260317_155718_708420.jpg,0.2,0.0
20260317_155718_757585,img_20260317_155718_757585.jpg,0.2,0.0
20260317_155718_809170,img_20260317_155718_809170.jpg,0.2,-0.1
20260317_155718_861598,img_20260317_155718_861598.jpg,0.2,-0.1
20260317_155718_901489,img_20260317_155718_901489.jpg,0.2,-0.1
20260317_155718_956576,img_20260317_155718_956576.jpg,0.2,-0.1
20260317_155719_017687,img_20260317_155719_017687.jpg,0.2,0.0
20260317_155719_064976,img_20260317_155719_064976.jpg,0.2,0.0
20260317_155719_114678,img_20260317_155719_114678.jpg,0.2,0.0
20260317_155719_182493,img_20260317_155719_182493.jpg,0.2,0.0
20260317_155719_217898,img_20260317_155719_217898.jpg,0.2,0.0
20260317_155719_270364,img_20260317_155719_270364.jpg,0.2,0.0
20260317_155719_320608,img_20260317_155719_320608.jpg,0.2,-0.1
20260317_155719_386135,img_20260317_155719_386135.jpg,0.2,-0.1
20260317_155719_437022,img_20260317_155719_437022.jpg,0.2,0.0
20260317_155719_479562,img_20260317_155719_479562.jpg,0.2,0.0
20260317_155719_541051,img_20260317_155719_541051.jpg,0.2,0.0
20260317_155719_592006,img_20260317_155719_592006.jpg,0.2,0.0
20260317_155719_645612,img_20260317_155719_645612.jpg,0.2,0.0
20260317_155719_687426,img_20260317_155719_687426.jpg,0.2,0.0
20260317_155719_738834,img_20260317_155719_738834.jpg,0.2,-0.1
20260317_155719_801106,img_20260317_155719_801106.jpg,0.2,-0.1
20260317_155719_854922,img_20260317_155719_854922.jpg,0.2,0.0
20260317_155719_897848,img_20260317_155719_897848.jpg,0.2,0.0
20260317_155719_956233,img_20260317_155719_956233.jpg,0.2,0.0
20260317_155720_005682,img_20260317_155720_005682.jpg,0.2,0.0
20260317_155720_061368,img_20260317_155720_061368.jpg,0.2,0.0
20260317_155720_126253,img_20260317_155720_126253.jpg,0.2,0.0
20260317_155720_173292,img_20260317_155720_173292.jpg,0.2,0.0
20260317_155720_227884,img_20260317_155720_227884.jpg,0.2,-0.1
20260317_155720_277758,img_20260317_155720_277758.jpg,0.2,-0.1
20260317_155720_332659,img_20260317_155720_332659.jpg,0.2,0.0
20260317_155720_381842,img_20260317_155720_381842.jpg,0.2,0.0
20260317_155720_437621,img_20260317_155720_437621.jpg,0.2,0.0
20260317_155720_485200,img_20260317_155720_485200.jpg,0.2,0.0
20260317_155720_539046,img_20260317_155720_539046.jpg,0.2,0.0
20260317_155720_592673,img_20260317_155720_592673.jpg,0.2,0.0
20260317_155720_649743,img_20260317_155720_649743.jpg,0.2,-0.1
20260317_155720_710347,img_20260317_155720_710347.jpg,0.2,-0.1
20260317_155720_760315,img_20260317_155720_760315.jpg,0.2,0.0
20260317_155720_791833,img_20260317_155720_791833.jpg,0.2,0.0
20260317_155720_856305,img_20260317_155720_856305.jpg,0.2,0.0
20260317_155720_909159,img_20260317_155720_909159.jpg,0.2,0.0
20260317_155720_960330,img_20260317_155720_960330.jpg,0.2,0.0
20260317_155721_010898,img_20260317_155721_010898.jpg,0.2,0.0
20260317_155721_062869,img_20260317_155721_062869.jpg,0.2,-0.1
20260317_155721_113588,img_20260317_155721_113588.jpg,0.2,-0.1
20260317_155721_165429,img_20260317_155721_165429.jpg,0.2,-0.1
20260317_155721_219014,img_20260317_155721_219014.jpg,0.2,0.0
20260317_155721_274963,img_20260317_155721_274963.jpg,0.2,0.0
20260317_155721_334864,img_20260317_155721_334864.jpg,0.2,0.0
20260317_155721_380574,img_20260317_155721_380574.jpg,0.2,0.0
20260317_155721_428504,img_20260317_155721_428504.jpg,0.2,0.0
20260317_155721_482672,img_20260317_155721_482672.jpg,0.2,0.0
20260317_155721_537996,img_20260317_155721_537996.jpg,0.2,-0.1
20260317_155721_577502,img_20260317_155721_577502.jpg,0.2,-0.1
20260317_155721_626845,img_20260317_155721_626845.jpg,0.2,-0.1
20260317_155721_694560,img_20260317_155721_694560.jpg,0.2,0.0
20260317_155721_746348,img_20260317_155721_746348.jpg,0.2,0.0
20260317_155721_803503,img_20260317_155721_803503.jpg,0.2,0.0
20260317_155721_852575,img_20260317_155721_852575.jpg,0.2,0.0
20260317_155721_903923,img_20260317_155721_903923.jpg,0.2,0.0
20260317_155721_954107,img_20260317_155721_954107.jpg,0.2,0.0
20260317_155722_007215,img_20260317_155722_007215.jpg,0.2,0.0
20260317_155722_068761,img_20260317_155722_068761.jpg,0.2,-0.1
20260317_155722_111363,img_20260317_155722_111363.jpg,0.2,-0.1
20260317_155722_157250,img_20260317_155722_157250.jpg,0.2,0.0
20260317_155722_217078,img_20260317_155722_217078.jpg,0.2,0.0
20260317_155722_256633,img_20260317_155722_256633.jpg,0.2,0.0
20260317_155722_307322,img_20260317_155722_307322.jpg,0.2,0.0
20260317_155722_363927,img_20260317_155722_363927.jpg,0.2,0.0
20260317_155722_410688,img_20260317_155722_410688.jpg,0.2,0.0
20260317_155722_453984,img_20260317_155722_453984.jpg,0.2,-0.1
20260317_155722_515681,img_20260317_155722_515681.jpg,0.2,-0.1
20260317_155722_572674,img_20260317_155722_572674.jpg,0.2,0.0
20260317_155722_623981,img_20260317_155722_623981.jpg,0.2,0.0
20260317_155722_675469,img_20260317_155722_675469.jpg,0.2,0.0
20260317_155722_731105,img_20260317_155722_731105.jpg,0.2,0.0
20260317_155722_786724,img_20260317_155722_786724.jpg,0.2,0.0
20260317_155722_828541,img_20260317_155722_828541.jpg,0.2,0.0
20260317_155722_882553,img_20260317_155722_882553.jpg,0.2,-0.1
20260317_155722_931515,img_20260317_155722_931515.jpg,0.2,-0.1
20260317_155722_975499,img_20260317_155722_975499.jpg,0.2,0.0
20260317_155723_035041,img_20260317_155723_035041.jpg,0.2,0.0
20260317_155723_089980,img_20260317_155723_089980.jpg,0.2,0.0
20260317_155723_141009,img_20260317_155723_141009.jpg,0.2,0.0
20260317_155723_191540,img_20260317_155723_191540.jpg,0.2,0.0
20260317_155723_244080,img_20260317_155723_244080.jpg,0.2,0.0
20260317_155723_294727,img_20260317_155723_294727.jpg,0.2,-0.1
20260317_155723_336514,img_20260317_155723_336514.jpg,0.2,-0.1
20260317_155723_396489,img_20260317_155723_396489.jpg,0.2,0.0
20260317_155723_449465,img_20260317_155723_449465.jpg,0.2,0.0
20260317_155723_493976,img_20260317_155723_493976.jpg,0.2,0.0
20260317_155723_549962,img_20260317_155723_549962.jpg,0.2,0.0
20260317_155723_604073,img_20260317_155723_604073.jpg,0.2,0.0
20260317_155723_655632,img_20260317_155723_655632.jpg,0.2,0.0
20260317_155723_702693,img_20260317_155723_702693.jpg,0.2,0.0
20260317_155723_760759,img_20260317_155723_760759.jpg,0.2,-0.1
20260317_155723_798480,img_20260317_155723_798480.jpg,0.2,-0.1
20260317_155723_847833,img_20260317_155723_847833.jpg,0.2,0.0
20260317_155723_909381,img_20260317_155723_909381.jpg,0.2,0.0
20260317_155723_962024,img_20260317_155723_962024.jpg,0.2,0.0
20260317_155724_008594,img_20260317_155724_008594.jpg,0.2,0.0
20260317_155724_073649,img_20260317_155724_073649.jpg,0.2,0.0
20260317_155724_116097,img_20260317_155724_116097.jpg,0.2,0.0
20260317_155724_168816,img_20260317_155724_168816.jpg,0.2,0.0
20260317_155724_219931,img_20260317_155724_219931.jpg,0.2,0.0
20260317_155724_273053,img_20260317_155724_273053.jpg,0.2,0.0
20260317_155724_322461,img_20260317_155724_322461.jpg,0.2,-0.1
20260317_155724_377467,img_20260317_155724_377467.jpg,0.2,-0.1
20260317_155724_425761,img_20260317_155724_425761.jpg,0.2,-0.1
20260317_155724_480936,img_20260317_155724_480936.jpg,0.2,-0.1
20260317_155724_527525,img_20260317_155724_527525.jpg,0.2,-0.1
20260317_155724_582919,img_20260317_155724_582919.jpg,0.2,-0.1
20260317_155724_628664,img_20260317_155724_628664.jpg,0.2,-0.1
20260317_155724_683092,img_20260317_155724_683092.jpg,0.2,-0.1
20260317_155724_736316,img_20260317_155724_736316.jpg,0.2,-0.1
20260317_155724_776289,img_20260317_155724_776289.jpg,0.2,-0.1
20260317_155724_844945,img_20260317_155724_844945.jpg,0.2,-0.1
20260317_155724_888805,img_20260317_155724_888805.jpg,0.2,0.0
20260317_155724_944523,img_20260317_155724_944523.jpg,0.2,0.0
20260317_155724_995230,img_20260317_155724_995230.jpg,0.2,0.0
20260317_155725_032734,img_20260317_155725_032734.jpg,0.2,0.0
20260317_155725_093160,img_20260317_155725_093160.jpg,0.2,0.0
20260317_155725_149082,img_20260317_155725_149082.jpg,0.2,0.0
20260317_155725_199846,img_20260317_155725_199846.jpg,0.2,0.0
20260317_155725_235021,img_20260317_155725_235021.jpg,0.2,0.0
20260317_155725_297118,img_20260317_155725_297118.jpg,0.2,0.0
20260317_155725_347574,img_20260317_155725_347574.jpg,0.2,0.0
20260317_155725_403622,img_20260317_155725_403622.jpg,0.2,0.0
20260317_155725_462354,img_20260317_155725_462354.jpg,0.2,0.0
20260317_155725_506059,img_20260317_155725_506059.jpg,0.2,0.0
20260317_155725_552894,img_20260317_155725_552894.jpg,0.2,0.0
20260317_155725_608467,img_20260317_155725_608467.jpg,0.2,0.0
20260317_155725_661121,img_20260317_155725_661121.jpg,0.2,0.0
20260317_155725_711003,img_20260317_155725_711003.jpg,0.2,0.0
20260317_155725_759914,img_20260317_155725_759914.jpg,0.2,0.0
20260317_155725_813902,img_20260317_155725_813902.jpg,0.2,0.0
20260317_155725_866776,img_20260317_155725_866776.jpg,0.2,0.0
20260317_155725_908145,img_20260317_155725_908145.jpg,0.2,0.0
20260317_155725_965113,img_20260317_155725_965113.jpg,0.2,0.0
20260317_155726_018516,img_20260317_155726_018516.jpg,0.2,0.0
20260317_155726_074357,img_20260317_155726_074357.jpg,0.2,0.0
20260317_155726_118712,img_20260317_155726_118712.jpg,0.2,0.0
20260317_155726_175477,img_20260317_155726_175477.jpg,0.2,0.0
20260317_155726_228027,img_20260317_155726_228027.jpg,0.2,0.0
20260317_155726_277453,img_20260317_155726_277453.jpg,0.2,0.0
20260317_155726_334295,img_20260317_155726_334295.jpg,0.2,0.0
20260317_155726_365947,img_20260317_155726_365947.jpg,0.2,0.0
20260317_155726_428845,img_20260317_155726_428845.jpg,0.2,0.0
20260317_155726_479527,img_20260317_155726_479527.jpg,0.2,0.0
20260317_155726_540071,img_20260317_155726_540071.jpg,0.2,0.0
20260317_155726_590703,img_20260317_155726_590703.jpg,0.2,0.0
20260317_155726_641006,img_20260317_155726_641006.jpg,0.2,0.0
20260317_155726_686356,img_20260317_155726_686356.jpg,0.2,0.0
20260317_155726_738025,img_20260317_155726_738025.jpg,0.2,0.0
20260317_155726_789014,img_20260317_155726_789014.jpg,0.2,0.0
20260317_155726_847155,img_20260317_155726_847155.jpg,0.2,0.0
20260317_155726_901773,img_20260317_155726_901773.jpg,0.2,-0.1
20260317_155726_938231,img_20260317_155726_938231.jpg,0.2,0.0
20260317_155726_984592,img_20260317_155726_984592.jpg,0.2,0.0
20260317_155727_048169,img_20260317_155727_048169.jpg,0.2,0.0
20260317_155727_101849,img_20260317_155727_101849.jpg,0.2,0.0
20260317_155727_144850,img_20260317_155727_144850.jpg,0.2,0.0
20260317_155727_206199,img_20260317_155727_206199.jpg,0.2,0.0
20260317_155727_248728,img_20260317_155727_248728.jpg,0.2,0.0
20260317_155727_311996,img_20260317_155727_311996.jpg,0.2,0.0
20260317_155727_362844,img_20260317_155727_362844.jpg,0.2,0.0
20260317_155727_415436,img_20260317_155727_415436.jpg,0.2,0.0
20260317_155727_466309,img_20260317_155727_466309.jpg,0.2,0.0
20260317_155727_518197,img_20260317_155727_518197.jpg,0.2,0.0
20260317_155727_573872,img_20260317_155727_573872.jpg,0.2,0.0
20260317_155727_619876,img_20260317_155727_619876.jpg,0.2,-0.1
20260317_155727_668998,img_20260317_155727_668998.jpg,0.2,-0.1
20260317_155727_709879,img_20260317_155727_709879.jpg,0.2,0.0
20260317_155727_771171,img_20260317_155727_771171.jpg,0.2,0.0
20260317_155727_826339,img_20260317_155727_826339.jpg,0.2,0.0
20260317_155727_879972,img_20260317_155727_879972.jpg,0.2,0.0
20260317_155727_927537,img_20260317_155727_927537.jpg,0.2,0.0
20260317_155727_979590,img_20260317_155727_979590.jpg,0.2,0.0
20260317_155728_028513,img_20260317_155728_028513.jpg,0.2,0.0
20260317_155728_081044,img_20260317_155728_081044.jpg,0.2,-0.1
20260317_155728_129566,img_20260317_155728_129566.jpg,0.2,-0.1
20260317_155728_172274,img_20260317_155728_172274.jpg,0.2,0.0
20260317_155728_243366,img_20260317_155728_243366.jpg,0.2,0.0
20260317_155728_283759,img_20260317_155728_283759.jpg,0.2,0.0
20260317_155728_328983,img_20260317_155728_328983.jpg,0.2,0.0
20260317_155728_387253,img_20260317_155728_387253.jpg,0.2,0.0
20260317_155728_435212,img_20260317_155728_435212.jpg,0.2,0.0
20260317_155728_491843,img_20260317_155728_491843.jpg,0.2,0.0
20260317_155728_545892,img_20260317_155728_545892.jpg,0.2,-0.1
20260317_155728_585995,img_20260317_155728_585995.jpg,0.2,-0.1
20260317_155728_633427,img_20260317_155728_633427.jpg,0.2,-0.1
20260317_155728_696827,img_20260317_155728_696827.jpg,0.2,0.0
20260317_155728_736617,img_20260317_155728_736617.jpg,0.2,0.0
20260317_155728_802906,img_20260317_155728_802906.jpg,0.2,0.0
20260317_155728_852740,img_20260317_155728_852740.jpg,0.2,0.0
20260317_155728_897391,img_20260317_155728_897391.jpg,0.2,0.0
20260317_155728_960404,img_20260317_155728_960404.jpg,0.2,-0.1
20260317_155729_010243,img_20260317_155729_010243.jpg,0.2,-0.1
20260317_155729_051579,img_20260317_155729_051579.jpg,0.2,-0.1
20260317_155729_118969,img_20260317_155729_118969.jpg,0.2,0.0
20260317_155729_166863,img_20260317_155729_166863.jpg,0.2,0.0
20260317_155729_207644,img_20260317_155729_207644.jpg,0.2,0.0
20260317_155729_258502,img_20260317_155729_258502.jpg,0.2,0.0
20260317_155729_325580,img_20260317_155729_325580.jpg,0.2,0.0
20260317_155729_379064,img_20260317_155729_379064.jpg,0.2,-0.1
20260317_155729_427138,img_20260317_155729_427138.jpg,0.2,-0.1
20260317_155729_480779,img_20260317_155729_480779.jpg,0.2,-0.1
20260317_155729_529875,img_20260317_155729_529875.jpg,0.2,-0.1
20260317_155729_586441,img_20260317_155729_586441.jpg,0.2,0.0
20260317_155729_634462,img_20260317_155729_634462.jpg,0.2,0.0
20260317_155729_684076,img_20260317_155729_684076.jpg,0.2,0.0
20260317_155729_739781,img_20260317_155729_739781.jpg,0.2,0.0
20260317_155729_776510,img_20260317_155729_776510.jpg,0.2,0.0
20260317_155729_845103,img_20260317_155729_845103.jpg,0.2,0.0
20260317_155729_883921,img_20260317_155729_883921.jpg,0.2,0.0
20260317_155729_948882,img_20260317_155729_948882.jpg,0.2,0.0
20260317_155729_999432,img_20260317_155729_999432.jpg,0.2,-0.1
20260317_155730_048694,img_20260317_155730_048694.jpg,0.2,-0.1
20260317_155730_091334,img_20260317_155730_091334.jpg,0.2,-0.1
20260317_155730_155258,img_20260317_155730_155258.jpg,0.2,0.0
20260317_155730_208115,img_20260317_155730_208115.jpg,0.2,0.0
20260317_155730_266242,img_20260317_155730_266242.jpg,0.2,0.0
20260317_155730_312219,img_20260317_155730_312219.jpg,0.2,0.0
20260317_155730_367144,img_20260317_155730_367144.jpg,0.2,0.0
20260317_155730_423945,img_20260317_155730_423945.jpg,0.2,-0.1
20260317_155730_469121,img_20260317_155730_469121.jpg,0.2,-0.1
20260317_155730_509245,img_20260317_155730_509245.jpg,0.2,-0.1
20260317_155730_562470,img_20260317_155730_562470.jpg,0.2,0.0
20260317_155730_622790,img_20260317_155730_622790.jpg,0.2,0.0
20260317_155730_667781,img_20260317_155730_667781.jpg,0.2,0.0
20260317_155730_715634,img_20260317_155730_715634.jpg,0.2,0.0
20260317_155730_778369,img_20260317_155730_778369.jpg,0.2,0.0
20260317_155730_828988,img_20260317_155730_828988.jpg,0.2,0.0
20260317_155730_875602,img_20260317_155730_875602.jpg,0.2,0.0
20260317_155730_932980,img_20260317_155730_932980.jpg,0.2,-0.1
20260317_155730_987434,img_20260317_155730_987434.jpg,0.2,-0.1
20260317_155731_041557,img_20260317_155731_041557.jpg,0.2,0.0
20260317_155731_078545,img_20260317_155731_078545.jpg,0.2,0.0
20260317_155731_141863,img_20260317_155731_141863.jpg,0.2,0.0
20260317_155731_189136,img_20260317_155731_189136.jpg,0.2,0.0
20260317_155731_232140,img_20260317_155731_232140.jpg,0.2,0.0
20260317_155731_295692,img_20260317_155731_295692.jpg,0.2,0.0
20260317_155731_347149,img_20260317_155731_347149.jpg,0.2,-0.1
20260317_155731_401100,img_20260317_155731_401100.jpg,0.2,-0.1
20260317_155731_447003,img_20260317_155731_447003.jpg,0.2,0.0
20260317_155731_502173,img_20260317_155731_502173.jpg,0.2,0.0
20260317_155731_541685,img_20260317_155731_541685.jpg,0.2,0.0
20260317_155731_603269,img_20260317_155731_603269.jpg,0.2,0.0
20260317_155731_652882,img_20260317_155731_652882.jpg,0.2,0.0
20260317_155731_704798,img_20260317_155731_704798.jpg,0.2,0.0
20260317_155731_754709,img_20260317_155731_754709.jpg,0.2,-0.1
20260317_155731_807031,img_20260317_155731_807031.jpg,0.2,-0.1
20260317_155731_855842,img_20260317_155731_855842.jpg,0.2,-0.1
20260317_155731_909122,img_20260317_155731_909122.jpg,0.2,0.0
20260317_155731_967839,img_20260317_155731_967839.jpg,0.2,0.0
20260317_155732_006493,img_20260317_155732_006493.jpg,0.2,0.0
20260317_155732_057912,img_20260317_155732_057912.jpg,0.2,0.0
20260317_155732_108851,img_20260317_155732_108851.jpg,0.2,0.0
20260317_155732_165281,img_20260317_155732_165281.jpg,0.2,0.0
20260317_155732_213052,img_20260317_155732_213052.jpg,0.2,0.0
20260317_155732_252970,img_20260317_155732_252970.jpg,0.2,-0.1
20260317_155732_316647,img_20260317_155732_316647.jpg,0.2,-0.1
20260317_155732_369319,img_20260317_155732_369319.jpg,0.2,0.0
20260317_155732_421620,img_20260317_155732_421620.jpg,0.2,0.0
20260317_155732_467703,img_20260317_155732_467703.jpg,0.2,0.0
20260317_155732_523380,img_20260317_155732_523380.jpg,0.2,0.0
20260317_155732_572434,img_20260317_155732_572434.jpg,0.2,0.0
20260317_155732_630112,img_20260317_155732_630112.jpg,0.2,0.0
20260317_155732_684750,img_20260317_155732_684750.jpg,0.2,-0.1
20260317_155732_732732,img_20260317_155732_732732.jpg,0.2,-0.1
20260317_155732_769200,img_20260317_155732_769200.jpg,0.2,-0.1
20260317_155732_829514,img_20260317_155732_829514.jpg,0.2,0.0
20260317_155732_882297,img_20260317_155732_882297.jpg,0.2,0.0
20260317_155732_934999,img_20260317_155732_934999.jpg,0.2,0.0
20260317_155732_985102,img_20260317_155732_985102.jpg,0.2,0.0
20260317_155733_039654,img_20260317_155733_039654.jpg,0.2,0.0
20260317_155733_087250,img_20260317_155733_087250.jpg,0.2,0.0
20260317_155733_132558,img_20260317_155733_132558.jpg,0.2,-0.1
20260317_155733_186700,img_20260317_155733_186700.jpg,0.2,-0.1
20260317_155733_243117,img_20260317_155733_243117.jpg,0.2,-0.1
20260317_155733_283792,img_20260317_155733_283792.jpg,0.2,0.0
20260317_155733_350735,img_20260317_155733_350735.jpg,0.2,0.0
20260317_155733_397035,img_20260317_155733_397035.jpg,0.2,0.0
20260317_155733_445281,img_20260317_155733_445281.jpg,0.2,0.0
20260317_155733_496580,img_20260317_155733_496580.jpg,0.2,0.0
20260317_155733_555288,img_20260317_155733_555288.jpg,0.2,0.0
20260317_155733_598704,img_20260317_155733_598704.jpg,0.2,0.0
20260317_155733_662599,img_20260317_155733_662599.jpg,0.2,0.0
20260317_155733_704789,img_20260317_155733_704789.jpg,0.2,0.0
20260317_155733_766517,img_20260317_155733_766517.jpg,0.2,0.0
20260317_155733_816784,img_20260317_155733_816784.jpg,0.2,-0.1
20260317_155733_870093,img_20260317_155733_870093.jpg,0.2,-0.1
20260317_155733_918812,img_20260317_155733_918812.jpg,0.2,-0.1
20260317_155733_965986,img_20260317_155733_965986.jpg,0.2,0.0
20260317_155734_023490,img_20260317_155734_023490.jpg,0.2,0.0
20260317_155734_080205,img_20260317_155734_080205.jpg,0.2,0.0
20260317_155734_127284,img_20260317_155734_127284.jpg,0.2,0.0
20260317_155734_180087,img_20260317_155734_180087.jpg,0.2,0.0
20260317_155734_230470,img_20260317_155734_230470.jpg,0.2,-0.1
20260317_155734_270344,img_20260317_155734_270344.jpg,0.2,-0.1
20260317_155734_332299,img_20260317_155734_332299.jpg,0.2,-0.1
20260317_155734_380235,img_20260317_155734_380235.jpg,0.2,0.0
20260317_155734_434824,img_20260317_155734_434824.jpg,0.2,0.0
20260317_155734_486703,img_20260317_155734_486703.jpg,0.2,0.0
20260317_155734_542801,img_20260317_155734_542801.jpg,0.2,0.0
20260317_155734_592270,img_20260317_155734_592270.jpg,0.2,0.0
20260317_155734_642562,img_20260317_155734_642562.jpg,0.2,0.0
20260317_155734_701490,img_20260317_155734_701490.jpg,0.2,0.0
20260317_155734_743678,img_20260317_155734_743678.jpg,0.2,0.0
20260317_155734_794797,img_20260317_155734_794797.jpg,0.2,0.0
20260317_155734_846226,img_20260317_155734_846226.jpg,0.2,-0.1
20260317_155734_899082,img_20260317_155734_899082.jpg,0.2,-0.1
20260317_155734_946057,img_20260317_155734_946057.jpg,0.2,-0.1
20260317_155735_000422,img_20260317_155735_000422.jpg,0.2,0.0
20260317_155735_054503,img_20260317_155735_054503.jpg,0.2,0.0
20260317_155735_104606,img_20260317_155735_104606.jpg,0.2,0.0
20260317_155735_154644,img_20260317_155735_154644.jpg,0.2,0.0
20260317_155735_209066,img_20260317_155735_209066.jpg,0.2,0.0
20260317_155735_260781,img_20260317_155735_260781.jpg,0.2,0.0
20260317_155735_318597,img_20260317_155735_318597.jpg,0.2,0.0
20260317_155735_358292,img_20260317_155735_358292.jpg,0.2,0.0
20260317_155735_412330,img_20260317_155735_412330.jpg,0.2,-0.1
20260317_155735_464973,img_20260317_155735_464973.jpg,0.2,-0.1
20260317_155735_508608,img_20260317_155735_508608.jpg,0.2,-0.1
20260317_155735_562713,img_20260317_155735_562713.jpg,0.2,0.0
20260317_155735_620172,img_20260317_155735_620172.jpg,0.2,0.0
20260317_155735_674736,img_20260317_155735_674736.jpg,0.2,0.0
20260317_155735_722371,img_20260317_155735_722371.jpg,0.2,0.0
20260317_155735_778372,img_20260317_155735_778372.jpg,0.2,0.0
20260317_155735_830889,img_20260317_155735_830889.jpg,0.2,0.0
20260317_155735_884356,img_20260317_155735_884356.jpg,0.2,0.0
20260317_155735_937571,img_20260317_155735_937571.jpg,0.2,0.0
20260317_155735_980572,img_20260317_155735_980572.jpg,0.2,0.0
20260317_155736_034448,img_20260317_155736_034448.jpg,0.2,0.0
20260317_155736_074905,img_20260317_155736_074905.jpg,0.2,0.0
20260317_155736_140173,img_20260317_155736_140173.jpg,0.2,-0.1
20260317_155736_188633,img_20260317_155736_188633.jpg,0.2,-0.1
20260317_155736_231804,img_20260317_155736_231804.jpg,0.2,0.0
20260317_155736_290421,img_20260317_155736_290421.jpg,0.2,0.0
20260317_155736_328135,img_20260317_155736_328135.jpg,0.2,0.0
20260317_155736_397844,img_20260317_155736_397844.jpg,0.2,0.0
20260317_155736_437146,img_20260317_155736_437146.jpg,0.2,0.0
20260317_155736_497867,img_20260317_155736_497867.jpg,0.2,0.0
20260317_155736_538441,img_20260317_155736_538441.jpg,0.2,0.0
20260317_155736_605234,img_20260317_155736_605234.jpg,0.2,0.0
20260317_155736_664203,img_20260317_155736_664203.jpg,0.2,0.0
20260317_155736_709243,img_20260317_155736_709243.jpg,0.2,0.0
20260317_155736_757874,img_20260317_155736_757874.jpg,0.2,0.0
20260317_155736_810232,img_20260317_155736_810232.jpg,0.2,-0.1
20260317_155736_860757,img_20260317_155736_860757.jpg,0.2,-0.1
20260317_155736_917289,img_20260317_155736_917289.jpg,0.2,0.0
20260317_155736_964438,img_20260317_155736_964438.jpg,0.2,0.0
20260317_155737_022404,img_20260317_155737_022404.jpg,0.2,0.0
20260317_155737_070181,img_20260317_155737_070181.jpg,0.2,0.0
20260317_155737_121889,img_20260317_155737_121889.jpg,0.2,0.0
20260317_155737_164025,img_20260317_155737_164025.jpg,0.2,0.0
20260317_155737_228154,img_20260317_155737_228154.jpg,0.2,0.0
20260317_155737_286496,img_20260317_155737_286496.jpg,0.2,0.0
20260317_155737_332177,img_20260317_155737_332177.jpg,0.2,0.0
20260317_155737_379216,img_20260317_155737_379216.jpg,0.2,-0.1
20260317_155737_433594,img_20260317_155737_433594.jpg,0.2,-0.1
20260317_155737_485618,img_20260317_155737_485618.jpg,0.2,0.0
20260317_155737_526977,img_20260317_155737_526977.jpg,0.2,0.0
20260317_155737_575987,img_20260317_155737_575987.jpg,0.2,0.0
20260317_155737_636046,img_20260317_155737_636046.jpg,0.2,0.0
20260317_155737_683390,img_20260317_155737_683390.jpg,0.2,0.0
20260317_155737_743637,img_20260317_155737_743637.jpg,0.2,0.0
20260317_155737_795159,img_20260317_155737_795159.jpg,0.2,-0.1
20260317_155737_845850,img_20260317_155737_845850.jpg,0.2,-0.1
20260317_155737_896843,img_20260317_155737_896843.jpg,0.2,0.0
20260317_155737_948220,img_20260317_155737_948220.jpg,0.2,0.0
20260317_155737_997796,img_20260317_155737_997796.jpg,0.2,0.0
20260317_155738_049414,img_20260317_155738_049414.jpg,0.2,0.0
20260317_155738_108037,img_20260317_155738_108037.jpg,0.2,0.0
20260317_155738_152324,img_20260317_155738_152324.jpg,0.2,0.0
20260317_155738_198911,img_20260317_155738_198911.jpg,0.2,0.0
20260317_155738_254408,img_20260317_155738_254408.jpg,0.2,-0.1
20260317_155738_309825,img_20260317_155738_309825.jpg,0.2,-0.1
20260317_155738_359286,img_20260317_155738_359286.jpg,0.2,-0.1
20260317_155738_406139,img_20260317_155738_406139.jpg,0.2,0.0
20260317_155738_448769,img_20260317_155738_448769.jpg,0.2,0.0
20260317_155738_511056,img_20260317_155738_511056.jpg,0.2,0.0
20260317_155738_560352,img_20260317_155738_560352.jpg,0.2,0.0
20260317_155738_614541,img_20260317_155738_614541.jpg,0.2,0.0
20260317_155738_660746,img_20260317_155738_660746.jpg,0.2,0.0
20260317_155738_704271,img_20260317_155738_704271.jpg,0.2,0.0
20260317_155738_754263,img_20260317_155738_754263.jpg,0.2,0.0
20260317_155738_814161,img_20260317_155738_814161.jpg,0.2,-0.1
20260317_155738_868794,img_20260317_155738_868794.jpg,0.2,-0.1
20260317_155738_922643,img_20260317_155738_922643.jpg,0.2,-0.1
20260317_155738_971939,img_20260317_155738_971939.jpg,0.2,0.0
20260317_155739_019211,img_20260317_155739_019211.jpg,0.2,0.0
20260317_155739_065175,img_20260317_155739_065175.jpg,0.2,0.0
20260317_155739_122753,img_20260317_155739_122753.jpg,0.2,0.0
20260317_155739_174945,img_20260317_155739_174945.jpg,0.2,0.0
20260317_155739_228934,img_20260317_155739_228934.jpg,0.2,0.0
20260317_155739_278872,img_20260317_155739_278872.jpg,0.2,0.0
20260317_155739_332041,img_20260317_155739_332041.jpg,0.2,-0.1
20260317_155739_379472,img_20260317_155739_379472.jpg,0.2,-0.1
20260317_155739_435971,img_20260317_155739_435971.jpg,0.2,-0.1
20260317_155739_485127,img_20260317_155739_485127.jpg,0.2,0.0
20260317_155739_538614,img_20260317_155739_538614.jpg,0.2,0.0
20260317_155739_577725,img_20260317_155739_577725.jpg,0.2,0.0
20260317_155739_642888,img_20260317_155739_642888.jpg,0.2,0.0
20260317_155739_691398,img_20260317_155739_691398.jpg,0.2,-0.1
20260317_155739_743839,img_20260317_155739_743839.jpg,0.2,-0.1
20260317_155739_799757,img_20260317_155739_799757.jpg,0.2,-0.1
20260317_155739_849433,img_20260317_155739_849433.jpg,0.2,0.0
20260317_155739_893475,img_20260317_155739_893475.jpg,0.2,0.0
20260317_155739_948905,img_20260317_155739_948905.jpg,0.2,0.0
20260317_155739_999205,img_20260317_155739_999205.jpg,0.2,0.0
20260317_155740_049139,img_20260317_155740_049139.jpg,0.2,0.0
20260317_155740_100255,img_20260317_155740_100255.jpg,0.2,0.0
20260317_155740_147332,img_20260317_155740_147332.jpg,0.2,0.0
20260317_155740_205581,img_20260317_155740_205581.jpg,0.2,-0.1
20260317_155740_252918,img_20260317_155740_252918.jpg,0.2,-0.1
20260317_155740_309624,img_20260317_155740_309624.jpg,0.2,-0.1
20260317_155740_363450,img_20260317_155740_363450.jpg,0.2,0.0
20260317_155740_413105,img_20260317_155740_413105.jpg,0.2,0.0
20260317_155740_467746,img_20260317_155740_467746.jpg,0.2,0.0
20260317_155740_511711,img_20260317_155740_511711.jpg,0.2,0.0
20260317_155740_563959,img_20260317_155740_563959.jpg,0.2,0.0
20260317_155740_616464,img_20260317_155740_616464.jpg,0.2,0.0
20260317_155740_666063,img_20260317_155740_666063.jpg,0.2,-0.1
20260317_155740_708070,img_20260317_155740_708070.jpg,0.2,-0.1
20260317_155740_762509,img_20260317_155740_762509.jpg,0.2,-0.1
20260317_155740_822697,img_20260317_155740_822697.jpg,0.2,-0.1
20260317_155740_881088,img_20260317_155740_881088.jpg,0.2,0.0
20260317_155740_916636,img_20260317_155740_916636.jpg,0.2,0.0
20260317_155740_980328,img_20260317_155740_980328.jpg,0.2,0.0
20260317_155741_030527,img_20260317_155741_030527.jpg,0.2,0.0
20260317_155741_082891,img_20260317_155741_082891.jpg,0.2,0.0
20260317_155741_129443,img_20260317_155741_129443.jpg,0.2,0.0
20260317_155741_170488,img_20260317_155741_170488.jpg,0.2,0.0
20260317_155741_239793,img_20260317_155741_239793.jpg,0.2,0.0
20260317_155741_270771,img_20260317_155741_270771.jpg,0.2,0.0
20260317_155741_334878,img_20260317_155741_334878.jpg,0.2,0.0
20260317_155741_388214,img_20260317_155741_388214.jpg,0.2,-0.1
20260317_155741_442974,img_20260317_155741_442974.jpg,0.2,-0.1
20260317_155741_490052,img_20260317_155741_490052.jpg,0.2,-0.1
20260317_155741_542337,img_20260317_155741_542337.jpg,0.2,0.0
20260317_155741_592477,img_20260317_155741_592477.jpg,0.2,0.0
20260317_155741_648843,img_20260317_155741_648843.jpg,0.2,0.0
20260317_155741_697616,img_20260317_155741_697616.jpg,0.2,0.0
20260317_155741_736128,img_20260317_155741_736128.jpg,0.2,0.0
20260317_155741_799911,img_20260317_155741_799911.jpg,0.2,0.0
20260317_155741_852421,img_20260317_155741_852421.jpg,0.2,0.0
20260317_155741_908955,img_20260317_155741_908955.jpg,0.2,0.0
20260317_155741_968343,img_20260317_155741_968343.jpg,0.2,-0.1
20260317_155742_009716,img_20260317_155742_009716.jpg,0.2,-0.1
20260317_155742_058753,img_20260317_155742_058753.jpg,0.2,-0.1
20260317_155742_111714,img_20260317_155742_111714.jpg,0.2,0.0
20260317_155742_151221,img_20260317_155742_151221.jpg,0.2,0.0
20260317_155742_214482,img_20260317_155742_214482.jpg,0.2,0.0
20260317_155742_255834,img_20260317_155742_255834.jpg,0.2,0.0
20260317_155742_318835,img_20260317_155742_318835.jpg,0.2,0.0
20260317_155742_367818,img_20260317_155742_367818.jpg,0.2,0.0
20260317_155742_420876,img_20260317_155742_420876.jpg,0.2,0.0
20260317_155742_465081,img_20260317_155742_465081.jpg,0.2,0.0
20260317_155742_524806,img_20260317_155742_524806.jpg,0.2,0.0
20260317_155742_584951,img_20260317_155742_584951.jpg,0.2,0.0
20260317_155742_628717,img_20260317_155742_628717.jpg,0.2,0.0
20260317_155742_674954,img_20260317_155742_674954.jpg,0.2,0.0
20260317_155742_719429,img_20260317_155742_719429.jpg,0.2,0.0
20260317_155742_780613,img_20260317_155742_780613.jpg,0.2,0.0
20260317_155742_833163,img_20260317_155742_833163.jpg,0.2,0.0
20260317_155742_884708,img_20260317_155742_884708.jpg,0.2,0.0
20260317_155742_930956,img_20260317_155742_930956.jpg,0.2,0.0
20260317_155742_984166,img_20260317_155742_984166.jpg,0.2,0.0
20260317_155743_039306,img_20260317_155743_039306.jpg,0.2,0.0
20260317_155743_091987,img_20260317_155743_091987.jpg,0.2,0.0
20260317_155743_140140,img_20260317_155743_140140.jpg,0.2,0.0
20260317_155743_190650,img_20260317_155743_190650.jpg,0.2,0.0
20260317_155743_240186,img_20260317_155743_240186.jpg,0.2,-0.1
20260317_155743_292133,img_20260317_155743_292133.jpg,0.2,-0.1
20260317_155743_344736,img_20260317_155743_344736.jpg,0.2,-0.1
20260317_155743_396887,img_20260317_155743_396887.jpg,0.2,0.0
20260317_155743_454228,img_20260317_155743_454228.jpg,0.2,0.0
20260317_155743_494233,img_20260317_155743_494233.jpg,0.2,0.0
20260317_155743_545170,img_20260317_155743_545170.jpg,0.2,0.0
20260317_155743_585012,img_20260317_155743_585012.jpg,0.2,0.0
20260317_155743_648026,img_20260317_155743_648026.jpg,0.2,0.0
20260317_155743_687508,img_20260317_155743_687508.jpg,0.2,0.0
20260317_155743_753219,img_20260317_155743_753219.jpg,0.2,0.0
20260317_155743_801164,img_20260317_155743_801164.jpg,0.2,0.0
20260317_155743_856514,img_20260317_155743_856514.jpg,0.2,-0.1
20260317_155743_902291,img_20260317_155743_902291.jpg,0.2,-0.1
20260317_155743_954037,img_20260317_155743_954037.jpg,0.2,-0.1
20260317_155744_003744,img_20260317_155744_003744.jpg,0.2,0.0
20260317_155744_059763,img_20260317_155744_059763.jpg,0.2,0.0
20260317_155744_119345,img_20260317_155744_119345.jpg,0.2,0.0
20260317_155744_159866,img_20260317_155744_159866.jpg,0.2,0.0
20260317_155744_210327,img_20260317_155744_210327.jpg,0.2,0.0
20260317_155744_260048,img_20260317_155744_260048.jpg,0.2,0.0
20260317_155744_303168,img_20260317_155744_303168.jpg,0.2,0.0
20260317_155744_365358,img_20260317_155744_365358.jpg,0.2,0.0
20260317_155744_419253,img_20260317_155744_419253.jpg,0.2,0.0
20260317_155744_472098,img_20260317_155744_472098.jpg,0.2,-0.1
20260317_155744_517807,img_20260317_155744_517807.jpg,0.2,-0.1
20260317_155744_562303,img_20260317_155744_562303.jpg,0.2,-0.1
20260317_155744_628617,img_20260317_155744_628617.jpg,0.2,0.0
20260317_155744_675638,img_20260317_155744_675638.jpg,0.2,0.0
20260317_155744_727605,img_20260317_155744_727605.jpg,0.2,0.0
20260317_155744_776677,img_20260317_155744_776677.jpg,0.2,0.0
20260317_155744_843072,img_20260317_155744_843072.jpg,0.2,0.0
20260317_155744_882163,img_20260317_155744_882163.jpg,0.2,0.0
20260317_155744_932069,img_20260317_155744_932069.jpg,0.2,0.0
20260317_155744_971871,img_20260317_155744_971871.jpg,0.2,0.0
20260317_155745_036164,img_20260317_155745_036164.jpg,0.2,0.0
20260317_155745_087728,img_20260317_155745_087728.jpg,0.2,-0.1
20260317_155745_128194,img_20260317_155745_128194.jpg,0.2,-0.1
20260317_155745_189633,img_20260317_155745_189633.jpg,0.2,0.0
20260317_155745_227398,img_20260317_155745_227398.jpg,0.2,0.0
20260317_155745_290783,img_20260317_155745_290783.jpg,0.2,0.0
20260317_155745_339200,img_20260317_155745_339200.jpg,0.2,0.0
20260317_155745_394255,img_20260317_155745_394255.jpg,0.2,0.0
20260317_155745_449911,img_20260317_155745_449911.jpg,0.2,0.0
20260317_155745_495737,img_20260317_155745_495737.jpg,0.2,0.0
20260317_155745_533965,img_20260317_155745_533965.jpg,0.2,-0.1
20260317_155745_596481,img_20260317_155745_596481.jpg,0.2,-0.1
20260317_155745_649540,img_20260317_155745_649540.jpg,0.2,0.0
20260317_155745_706690,img_20260317_155745_706690.jpg,0.2,0.0
20260317_155745_758720,img_20260317_155745_758720.jpg,0.2,0.0
20260317_155745_808915,img_20260317_155745_808915.jpg,0.2,0.0
20260317_155745_858442,img_20260317_155745_858442.jpg,0.2,0.0
20260317_155745_908641,img_20260317_155745_908641.jpg,0.2,0.0
20260317_155745_963075,img_20260317_155745_963075.jpg,0.2,-0.1
20260317_155746_012490,img_20260317_155746_012490.jpg,0.2,-0.1
20260317_155746_069454,img_20260317_155746_069454.jpg,0.2,-0.1
20260317_155746_115732,img_20260317_155746_115732.jpg,0.2,-0.1
20260317_155746_171027,img_20260317_155746_171027.jpg,0.2,0.0
20260317_155746_228436,img_20260317_155746_228436.jpg,0.2,0.0
20260317_155746_271999,img_20260317_155746_271999.jpg,0.2,0.0
20260317_155746_309907,img_20260317_155746_309907.jpg,0.2,0.0
20260317_155746_361582,img_20260317_155746_361582.jpg,0.2,0.0
20260317_155746_423278,img_20260317_155746_423278.jpg,0.2,0.0
20260317_155746_464753,img_20260317_155746_464753.jpg,0.2,-0.1
20260317_155745_251137,img_20260317_155745_251137.jpg,0.2,-0.1
20260317_155745_303321,img_20260317_155745_303321.jpg,0.2,-0.1
20260317_155745_357658,img_20260317_155745_357658.jpg,0.2,-0.1
20260317_155745_405825,img_20260317_155745_405825.jpg,0.2,-0.1
20260317_155745_462136,img_20260317_155745_462136.jpg,0.2,-0.1
20260317_155745_508623,img_20260317_155745_508623.jpg,0.2,-0.1
20260317_155745_568152,img_20260317_155745_568152.jpg,0.2,-0.1
20260317_155745_606535,img_20260317_155745_606535.jpg,0.2,-0.1
20260317_155745_670180,img_20260317_155745_670180.jpg,0.2,0.0
20260317_155745_727201,img_20260317_155745_727201.jpg,0.2,0.0
20260317_155745_769483,img_20260317_155745_769483.jpg,0.2,0.0
20260317_155745_820651,img_20260317_155745_820651.jpg,0.2,0.0
20260317_155745_861813,img_20260317_155745_861813.jpg,0.2,0.0
20260317_155745_926718,img_20260317_155745_926718.jpg,0.2,0.0
20260317_155745_980263,img_20260317_155745_980263.jpg,0.2,0.0
20260317_155746_036264,img_20260317_155746_036264.jpg,0.2,0.0
20260317_155746_073251,img_20260317_155746_073251.jpg,0.2,-0.1
20260317_155746_134245,img_20260317_155746_134245.jpg,0.2,-0.1
20260317_155746_195049,img_20260317_155746_195049.jpg,0.2,-0.1
20260317_155746_227302,img_20260317_155746_227302.jpg,0.2,0.0
20260317_155746_274784,img_20260317_155746_274784.jpg,0.2,0.0
20260317_155746_330377,img_20260317_155746_330377.jpg,0.2,0.0
20260317_155746_382294,img_20260317_155746_382294.jpg,0.2,0.0
20260317_155746_445404,img_20260317_155746_445404.jpg,0.2,0.0
20260317_155746_502640,img_20260317_155746_502640.jpg,0.2,-0.1
20260317_155746_548936,img_20260317_155746_548936.jpg,0.2,-0.1
20260317_155746_597094,img_20260317_155746_597094.jpg,0.2,-0.1
20260317_155746_653092,img_20260317_155746_653092.jpg,0.2,-0.1
20260317_155746_698253,img_20260317_155746_698253.jpg,0.2,0.0
20260317_155746_743028,img_20260317_155746_743028.jpg,0.2,0.0
20260317_155746_803775,img_20260317_155746_803775.jpg,0.2,0.0
20260317_155746_858721,img_20260317_155746_858721.jpg,0.2,0.0
20260317_155746_911183,img_20260317_155746_911183.jpg,0.2,0.0
20260317_155746_949716,img_20260317_155746_949716.jpg,0.2,0.0
20260317_155747_003215,img_20260317_155747_003215.jpg,0.2,0.0
20260317_155747_071046,img_20260317_155747_071046.jpg,0.2,0.0
20260317_155747_111776,img_20260317_155747_111776.jpg,0.2,0.0
20260317_155747_152856,img_20260317_155747_152856.jpg,0.2,0.0
20260317_155747_215227,img_20260317_155747_215227.jpg,0.2,0.0
20260317_155747_269130,img_20260317_155747_269130.jpg,0.2,0.0
20260317_155747_325836,img_20260317_155747_325836.jpg,0.2,0.0
20260317_155747_370320,img_20260317_155747_370320.jpg,0.2,0.0
20260317_155747_424244,img_20260317_155747_424244.jpg,0.2,-0.1
20260317_155747_470690,img_20260317_155747_470690.jpg,0.2,-0.1
20260317_155747_515036,img_20260317_155747_515036.jpg,0.2,-0.1
20260317_155747_570943,img_20260317_155747_570943.jpg,0.2,0.0
20260317_155747_622338,img_20260317_155747_622338.jpg,0.2,0.0
20260317_155747_675919,img_20260317_155747_675919.jpg,0.2,0.0
20260317_155747_730764,img_20260317_155747_730764.jpg,0.2,0.0
20260317_155747_766896,img_20260317_155747_766896.jpg,0.2,0.0
20260317_155747_827003,img_20260317_155747_827003.jpg,0.2,0.0
20260317_155747_877873,img_20260317_155747_877873.jpg,0.2,0.0
20260317_155747_929683,img_20260317_155747_929683.jpg,0.2,0.0
20260317_155747_978893,img_20260317_155747_978893.jpg,0.2,0.0
20260317_155748_033839,img_20260317_155748_033839.jpg,0.2,0.0
20260317_155748_085761,img_20260317_155748_085761.jpg,0.2,0.0
20260317_155748_125192,img_20260317_155748_125192.jpg,0.2,0.0
20260317_155748_172187,img_20260317_155748_172187.jpg,0.2,0.0
20260317_155748_240020,img_20260317_155748_240020.jpg,0.2,0.0
20260317_155748_290360,img_20260317_155748_290360.jpg,0.2,0.0
20260317_155748_342604,img_20260317_155748_342604.jpg,0.2,0.0
20260317_155748_391196,img_20260317_155748_391196.jpg,0.2,0.0
20260317_155748_442697,img_20260317_155748_442697.jpg,0.2,0.0
20260317_155748_496357,img_20260317_155748_496357.jpg,0.2,-0.1
20260317_155748_559184,img_20260317_155748_559184.jpg,0.2,-0.1
20260317_155748_599427,img_20260317_155748_599427.jpg,0.2,0.0
20260317_155748_650541,img_20260317_155748_650541.jpg,0.2,0.0
20260317_155748_699080,img_20260317_155748_699080.jpg,0.2,0.0
20260317_155748_751363,img_20260317_155748_751363.jpg,0.2,0.0
20260317_155748_803412,img_20260317_155748_803412.jpg,0.2,0.0
20260317_155748_854174,img_20260317_155748_854174.jpg,0.2,0.0
20260317_155748_904640,img_20260317_155748_904640.jpg,0.2,0.0
20260317_155748_956669,img_20260317_155748_956669.jpg,0.2,0.0
20260317_155749_008815,img_20260317_155749_008815.jpg,0.2,-0.1
20260317_155749_065343,img_20260317_155749_065343.jpg,0.2,-0.1
20260317_155749_111083,img_20260317_155749_111083.jpg,0.2,-0.1
20260317_155749_170183,img_20260317_155749_170183.jpg,0.2,0.0
20260317_155749_214036,img_20260317_155749_214036.jpg,0.2,0.0
20260317_155749_279152,img_20260317_155749_279152.jpg,0.2,0.0
20260317_155749_311385,img_20260317_155749_311385.jpg,0.2,0.0
20260317_155749_358549,img_20260317_155749_358549.jpg,0.2,0.0
20260317_155749_407791,img_20260317_155749_407791.jpg,0.2,0.0
20260317_155749_472126,img_20260317_155749_472126.jpg,0.2,0.0
20260317_155749_521193,img_20260317_155749_521193.jpg,0.2,0.0
20260317_155749_573268,img_20260317_155749_573268.jpg,0.2,0.0
20260317_155749_613645,img_20260317_155749_613645.jpg,0.2,0.0
20260317_155749_679005,img_20260317_155749_679005.jpg,0.2,-0.1
20260317_155749_726217,img_20260317_155749_726217.jpg,0.2,-0.1
20260317_155749_782016,img_20260317_155749_782016.jpg,0.2,-0.1
20260317_155749_830789,img_20260317_155749_830789.jpg,0.2,0.0
20260317_155749_886261,img_20260317_155749_886261.jpg,0.2,0.0
20260317_155749_927610,img_20260317_155749_927610.jpg,0.2,0.0
20260317_155749_982376,img_20260317_155749_982376.jpg,0.2,0.0
20260317_155750_034279,img_20260317_155750_034279.jpg,0.2,0.0
20260317_155750_089633,img_20260317_155750_089633.jpg,0.2,0.0
20260317_155750_139520,img_20260317_155750_139520.jpg,0.2,0.0
20260317_155750_184205,img_20260317_155750_184205.jpg,0.2,0.0
20260317_155750_242802,img_20260317_155750_242802.jpg,0.2,0.0
20260317_155750_298940,img_20260317_155750_298940.jpg,0.2,0.0
20260317_155750_352308,img_20260317_155750_352308.jpg,0.2,0.0
20260317_155750_397857,img_20260317_155750_397857.jpg,0.2,0.0
20260317_155750_453630,img_20260317_155750_453630.jpg,0.2,0.0
20260317_155750_500340,img_20260317_155750_500340.jpg,0.2,0.0
20260317_155750_547302,img_20260317_155750_547302.jpg,0.2,0.0
20260317_155750_604529,img_20260317_155750_604529.jpg,0.2,0.0
20260317_155750_655642,img_20260317_155750_655642.jpg,0.2,0.0
20260317_155750_703041,img_20260317_155750_703041.jpg,0.2,0.0
20260317_155750_758747,img_20260317_155750_758747.jpg,0.2,0.0
20260317_155750_815439,img_20260317_155750_815439.jpg,0.2,0.0
20260317_155750_869165,img_20260317_155750_869165.jpg,0.2,0.0
20260317_155750_907337,img_20260317_155750_907337.jpg,0.2,0.0
20260317_155750_969304,img_20260317_155750_969304.jpg,0.2,0.0
20260317_155751_032408,img_20260317_155751_032408.jpg,0.2,0.0
20260317_155751_074555,img_20260317_155751_074555.jpg,0.2,0.0
20260317_155751_112900,img_20260317_155751_112900.jpg,0.2,0.0
20260317_155751_163583,img_20260317_155751_163583.jpg,0.2,0.0
20260317_155751_215744,img_20260317_155751_215744.jpg,0.2,0.0
20260317_155751_279767,img_20260317_155751_279767.jpg,0.2,0.0
20260317_155751_318173,img_20260317_155751_318173.jpg,0.2,0.0
20260317_155751_382910,img_20260317_155751_382910.jpg,0.2,0.0
20260317_155751_433567,img_20260317_155751_433567.jpg,0.2,0.0
20260317_155751_486969,img_20260317_155751_486969.jpg,0.2,0.0
20260317_155751_536975,img_20260317_155751_536975.jpg,0.2,0.0
20260317_155751_586688,img_20260317_155751_586688.jpg,0.2,0.0
20260317_155751_639741,img_20260317_155751_639741.jpg,0.2,0.0
20260317_155751_692378,img_20260317_155751_692378.jpg,0.2,0.0
20260317_155751_742458,img_20260317_155751_742458.jpg,0.2,0.0
20260317_155751_785960,img_20260317_155751_785960.jpg,0.2,0.0
20260317_155751_845271,img_20260317_155751_845271.jpg,0.2,0.0
20260317_155751_898927,img_20260317_155751_898927.jpg,0.2,0.0
20260317_155751_940024,img_20260317_155751_940024.jpg,0.2,0.0
20260317_155751_999763,img_20260317_155751_999763.jpg,0.2,0.0
20260317_155752_045436,img_20260317_155752_045436.jpg,0.2,0.0
20260317_155752_105976,img_20260317_155752_105976.jpg,0.2,0.0
20260317_155752_156436,img_20260317_155752_156436.jpg,0.2,0.0
20260317_155752_209560,img_20260317_155752_209560.jpg,0.2,0.0
20260317_155752_257919,img_20260317_155752_257919.jpg,0.2,0.0
20260317_155752_317873,img_20260317_155752_317873.jpg,0.2,0.0
20260317_155752_365900,img_20260317_155752_365900.jpg,0.2,0.0
20260317_155752_424660,img_20260317_155752_424660.jpg,0.2,0.0
20260317_155752_470368,img_20260317_155752_470368.jpg,0.2,0.0
20260317_155752_518883,img_20260317_155752_518883.jpg,0.2,0.0
20260317_155752_572320,img_20260317_155752_572320.jpg,0.2,0.0
20260317_155752_615125,img_20260317_155752_615125.jpg,0.2,0.0
20260317_155752_676570,img_20260317_155752_676570.jpg,0.2,0.0
20260317_155752_715918,img_20260317_155752_715918.jpg,0.2,0.0
20260317_155752_785854,img_20260317_155752_785854.jpg,0.2,0.0
20260317_155752_834500,img_20260317_155752_834500.jpg,0.2,0.0
20260317_155752_879932,img_20260317_155752_879932.jpg,0.2,0.0
20260317_155752_938300,img_20260317_155752_938300.jpg,0.2,0.0
20260317_155752_988508,img_20260317_155752_988508.jpg,0.2,0.0
20260317_155753_044801,img_20260317_155753_044801.jpg,0.2,0.0
20260317_155753_091849,img_20260317_155753_091849.jpg,0.2,0.0
20260317_155753_149251,img_20260317_155753_149251.jpg,0.2,0.0
20260317_155753_194914,img_20260317_155753_194914.jpg,0.2,0.0
20260317_155753_245353,img_20260317_155753_245353.jpg,0.2,0.0
20260317_155753_298658,img_20260317_155753_298658.jpg,0.2,0.0
20260317_155753_356966,img_20260317_155753_356966.jpg,0.2,0.0
20260317_155753_406498,img_20260317_155753_406498.jpg,0.2,0.0
20260317_155753_464150,img_20260317_155753_464150.jpg,0.2,0.0
20260317_155753_514185,img_20260317_155753_514185.jpg,0.2,0.0
20260317_155753_552297,img_20260317_155753_552297.jpg,0.2,0.0
20260317_155753_615533,img_20260317_155753_615533.jpg,0.2,0.0
20260317_155753_655428,img_20260317_155753_655428.jpg,0.2,0.0
20260317_155753_725736,img_20260317_155753_725736.jpg,0.2,0.0
20260317_155753_775798,img_20260317_155753_775798.jpg,0.2,0.0
20260317_155753_822770,img_20260317_155753_822770.jpg,0.2,0.0
20260317_155753_870720,img_20260317_155753_870720.jpg,0.2,0.0
20260317_155753_924241,img_20260317_155753_924241.jpg,0.2,0.0
20260317_155753_976554,img_20260317_155753_976554.jpg,0.2,0.0
20260317_155754_030175,img_20260317_155754_030175.jpg,0.2,0.0
20260317_155754_077712,img_20260317_155754_077712.jpg,0.2,0.0
20260317_155754_130893,img_20260317_155754_130893.jpg,0.2,0.0
20260317_155754_181727,img_20260317_155754_181727.jpg,0.2,0.0
20260317_155754_235015,img_20260317_155754_235015.jpg,0.2,0.0
20260317_155754_284242,img_20260317_155754_284242.jpg,0.2,0.0
20260317_155754_338923,img_20260317_155754_338923.jpg,0.2,0.0
20260317_155754_393384,img_20260317_155754_393384.jpg,0.2,0.0
20260317_155754_439312,img_20260317_155754_439312.jpg,0.2,0.0
20260317_155754_487534,img_20260317_155754_487534.jpg,0.2,0.0
20260317_155754_543811,img_20260317_155754_543811.jpg,0.2,0.0
20260317_155754_597435,img_20260317_155754_597435.jpg,0.2,0.0
20260317_155754_649888,img_20260317_155754_649888.jpg,0.2,0.0
20260317_155754_698614,img_20260317_155754_698614.jpg,0.2,0.0
20260317_155754_753938,img_20260317_155754_753938.jpg,0.2,0.0
20260317_155754_803550,img_20260317_155754_803550.jpg,0.2,0.0
20260317_155754_856560,img_20260317_155754_856560.jpg,0.2,0.0
20260317_155754_903553,img_20260317_155754_903553.jpg,0.2,0.0
20260317_155754_956950,img_20260317_155754_956950.jpg,0.2,0.0
20260317_155754_999785,img_20260317_155754_999785.jpg,0.2,0.0
20260317_155755_043165,img_20260317_155755_043165.jpg,0.2,0.0
20260317_155755_105372,img_20260317_155755_105372.jpg,0.2,0.0
20260317_155755_159258,img_20260317_155755_159258.jpg,0.2,0.0
20260317_155755_214255,img_20260317_155755_214255.jpg,0.2,0.0
20260317_155755_249617,img_20260317_155755_249617.jpg,0.2,0.0
20260317_155755_302400,img_20260317_155755_302400.jpg,0.2,0.0
20260317_155755_364904,img_20260317_155755_364904.jpg,0.2,0.0
20260317_155755_418930,img_20260317_155755_418930.jpg,0.2,0.0
20260317_155755_469601,img_20260317_155755_469601.jpg,0.2,0.0
20260317_155755_519022,img_20260317_155755_519022.jpg,0.2,0.0
20260317_155755_561055,img_20260317_155755_561055.jpg,0.2,0.0
20260317_155755_619113,img_20260317_155755_619113.jpg,0.2,0.0
20260317_155755_667849,img_20260317_155755_667849.jpg,0.2,0.0
20260317_155755_722359,img_20260317_155755_722359.jpg,0.2,0.0
20260317_155755_771441,img_20260317_155755_771441.jpg,0.2,0.0
20260317_155755_826214,img_20260317_155755_826214.jpg,0.2,0.0
20260317_155755_875240,img_20260317_155755_875240.jpg,0.2,0.0
20260317_155755_931629,img_20260317_155755_931629.jpg,0.2,0.0
20260317_155755_984206,img_20260317_155755_984206.jpg,0.2,0.0
20260317_155756_038436,img_20260317_155756_038436.jpg,0.2,0.0
20260317_155756_072861,img_20260317_155756_072861.jpg,0.2,0.0
20260317_155756_127695,img_20260317_155756_127695.jpg,0.2,0.0
20260317_155756_186590,img_20260317_155756_186590.jpg,0.2,0.0
20260317_155756_241705,img_20260317_155756_241705.jpg,0.2,-0.1
20260317_155756_282515,img_20260317_155756_282515.jpg,0.2,0.0
20260317_155756_340828,img_20260317_155756_340828.jpg,0.2,0.0
20260317_155756_398539,img_20260317_155756_398539.jpg,0.2,0.0
20260317_155756_448193,img_20260317_155756_448193.jpg,0.2,0.0
20260317_155756_497686,img_20260317_155756_497686.jpg,0.2,0.0
20260317_155756_551620,img_20260317_155756_551620.jpg,0.2,0.0
20260317_155756_598864,img_20260317_155756_598864.jpg,0.2,-0.1
20260317_155756_655322,img_20260317_155756_655322.jpg,0.2,-0.1
20260317_155756_703552,img_20260317_155756_703552.jpg,0.2,-0.1
20260317_155756_758133,img_20260317_155756_758133.jpg,0.2,0.0
20260317_155756_815518,img_20260317_155756_815518.jpg,0.2,0.0
20260317_155756_856794,img_20260317_155756_856794.jpg,0.2,0.0
20260317_155756_907634,img_20260317_155756_907634.jpg,0.2,0.0
20260317_155756_961669,img_20260317_155756_961669.jpg,0.2,0.0
20260317_155757_001062,img_20260317_155757_001062.jpg,0.2,0.0
20260317_155757_063969,img_20260317_155757_063969.jpg,0.2,0.0
20260317_155757_115569,img_20260317_155757_115569.jpg,0.2,0.0
20260317_155757_166665,img_20260317_155757_166665.jpg,0.2,0.0
20260317_155757_217708,img_20260317_155757_217708.jpg,0.2,0.0
20260317_155757_260141,img_20260317_155757_260141.jpg,0.2,0.0
20260317_155757_307079,img_20260317_155757_307079.jpg,0.2,0.0
20260317_155757_369167,img_20260317_155757_369167.jpg,0.2,0.0
20260317_155757_424122,img_20260317_155757_424122.jpg,0.2,0.0
20260317_155757_467698,img_20260317_155757_467698.jpg,0.2,0.0
20260317_155757_516441,img_20260317_155757_516441.jpg,0.2,0.0
20260317_155757_573922,img_20260317_155757_573922.jpg,0.2,0.0
20260317_155757_630732,img_20260317_155757_630732.jpg,0.2,0.0
20260317_155757_672811,img_20260317_155757_672811.jpg,0.2,0.0
20260317_155757_734424,img_20260317_155757_734424.jpg,0.2,0.0
20260317_155757_789282,img_20260317_155757_789282.jpg,0.2,0.0
20260317_155757_838090,img_20260317_155757_838090.jpg,0.2,0.0
20260317_155757_886823,img_20260317_155757_886823.jpg,0.2,0.0
20260317_155757_942156,img_20260317_155757_942156.jpg,0.2,0.0
20260317_155757_984024,img_20260317_155757_984024.jpg,0.2,0.0
20260317_155758_036023,img_20260317_155758_036023.jpg,0.2,0.0
20260317_155758_083624,img_20260317_155758_083624.jpg,0.2,0.0
20260317_155758_149377,img_20260317_155758_149377.jpg,0.2,0.0
20260317_155758_197700,img_20260317_155758_197700.jpg,0.2,0.0
20260317_155758_244798,img_20260317_155758_244798.jpg,0.2,0.0
20260317_155758_307390,img_20260317_155758_307390.jpg,0.2,0.0
20260317_155758_348416,img_20260317_155758_348416.jpg,0.2,0.0
20260317_155758_406078,img_20260317_155758_406078.jpg,0.2,0.0
20260317_155758_455409,img_20260317_155758_455409.jpg,0.2,0.0
20260317_155758_508670,img_20260317_155758_508670.jpg,0.2,0.0
20260317_155758_560741,img_20260317_155758_560741.jpg,0.2,0.0
20260317_155758_616975,img_20260317_155758_616975.jpg,0.2,0.0
20260317_155758_664602,img_20260317_155758_664602.jpg,0.2,0.0
20260317_155758_707935,img_20260317_155758_707935.jpg,0.2,0.0
20260317_155758_758429,img_20260317_155758_758429.jpg,0.2,0.0
20260317_155758_823389,img_20260317_155758_823389.jpg,0.2,0.0
20260317_155758_860295,img_20260317_155758_860295.jpg,0.2,0.0
20260317_155758_929418,img_20260317_155758_929418.jpg,0.2,0.0
20260317_155758_977829,img_20260317_155758_977829.jpg,0.2,0.0
20260317_155759_028752,img_20260317_155759_028752.jpg,0.2,0.0
20260317_155759_081344,img_20260317_155759_081344.jpg,0.2,0.0
20260317_155759_130412,img_20260317_155759_130412.jpg,0.2,0.0
20260317_155759_173233,img_20260317_155759_173233.jpg,0.2,0.0
20260317_155759_232008,img_20260317_155759_232008.jpg,0.2,0.0
20260317_155759_285287,img_20260317_155759_285287.jpg,0.2,0.0
20260317_155759_340370,img_20260317_155759_340370.jpg,0.2,0.0
20260317_155759_387670,img_20260317_155759_387670.jpg,0.2,0.0
20260317_155759_442877,img_20260317_155759_442877.jpg,0.2,0.0
20260317_155759_494551,img_20260317_155759_494551.jpg,0.2,0.0
20260317_155759_539001,img_20260317_155759_539001.jpg,0.2,0.0
20260317_155759_585749,img_20260317_155759_585749.jpg,0.2,0.0
20260317_155759_649002,img_20260317_155759_649002.jpg,0.2,0.0
20260317_155759_699781,img_20260317_155759_699781.jpg,0.2,0.0
20260317_155759_740801,img_20260317_155759_740801.jpg,0.2,0.0
20260317_155759_800978,img_20260317_155759_800978.jpg,0.2,0.0
20260317_155759_857375,img_20260317_155759_857375.jpg,0.2,0.0
20260317_155759_908212,img_20260317_155759_908212.jpg,0.2,0.0
20260317_155759_959189,img_20260317_155759_959189.jpg,0.2,0.0
20260317_155800_008583,img_20260317_155800_008583.jpg,0.2,0.0
20260317_155800_060469,img_20260317_155800_060469.jpg,0.2,0.0
20260317_155800_115180,img_20260317_155800_115180.jpg,0.2,0.0
20260317_155800_165386,img_20260317_155800_165386.jpg,0.2,0.0
20260317_155800_215384,img_20260317_155800_215384.jpg,0.2,0.0
20260317_155800_258857,img_20260317_155800_258857.jpg,0.2,0.0
20260317_155800_316997,img_20260317_155800_316997.jpg,0.2,0.0
20260317_155800_373768,img_20260317_155800_373768.jpg,0.2,0.0
20260317_155800_424864,img_20260317_155800_424864.jpg,0.2,0.0
20260317_155800_476784,img_20260317_155800_476784.jpg,0.2,0.0
20260317_155800_520314,img_20260317_155800_520314.jpg,0.2,0.0
20260317_155800_580564,img_20260317_155800_580564.jpg,0.2,0.0
20260317_155800_633174,img_20260317_155800_633174.jpg,0.2,0.0
20260317_155800_684236,img_20260317_155800_684236.jpg,0.2,0.0
20260317_155800_729347,img_20260317_155800_729347.jpg,0.2,0.0
20260317_155800_793548,img_20260317_155800_793548.jpg,0.2,0.0
20260317_155800_844472,img_20260317_155800_844472.jpg,0.2,0.0
20260317_155800_897435,img_20260317_155800_897435.jpg,0.2,0.0
20260317_155800_954235,img_20260317_155800_954235.jpg,0.2,0.0
20260317_155800_998394,img_20260317_155800_998394.jpg,0.2,0.0
20260317_155801_042062,img_20260317_155801_042062.jpg,0.2,0.0
20260317_155801_104197,img_20260317_155801_104197.jpg,0.2,0.0
20260317_155801_152892,img_20260317_155801_152892.jpg,0.2,0.0
20260317_155801_213593,img_20260317_155801_213593.jpg,0.2,0.0
20260317_155801_250501,img_20260317_155801_250501.jpg,0.2,0.0
20260317_155801_312013,img_20260317_155801_312013.jpg,0.2,0.0
20260317_155801_362366,img_20260317_155801_362366.jpg,0.2,0.0
20260317_155801_403400,img_20260317_155801_403400.jpg,0.2,0.0
20260317_155801_463661,img_20260317_155801_463661.jpg,0.2,0.0
20260317_155801_513409,img_20260317_155801_513409.jpg,0.2,0.0
20260317_155801_556778,img_20260317_155801_556778.jpg,0.2,0.0
20260317_155801_619500,img_20260317_155801_619500.jpg,0.2,0.0
20260317_155801_668359,img_20260317_155801_668359.jpg,0.2,0.0
20260317_155801_718385,img_20260317_155801_718385.jpg,0.2,0.0
20260317_155801_755235,img_20260317_155801_755235.jpg,0.2,0.0
20260317_155801_816690,img_20260317_155801_816690.jpg,0.2,0.0
20260317_155801_859217,img_20260317_155801_859217.jpg,0.2,0.0
20260317_155801_925892,img_20260317_155801_925892.jpg,0.2,0.0
20260317_155801_974844,img_20260317_155801_974844.jpg,0.2,0.0
20260317_155802_032398,img_20260317_155802_032398.jpg,0.2,0.0
20260317_155802_070649,img_20260317_155802_070649.jpg,0.2,0.0
20260317_155802_129064,img_20260317_155802_129064.jpg,0.2,0.0
20260317_155802_182266,img_20260317_155802_182266.jpg,0.2,0.0
20260317_155802_236291,img_20260317_155802_236291.jpg,0.2,0.0
20260317_155802_284124,img_20260317_155802_284124.jpg,0.2,0.0
20260317_155802_336286,img_20260317_155802_336286.jpg,0.2,0.0
20260317_155802_380623,img_20260317_155802_380623.jpg,0.2,0.0
20260317_155802_442195,img_20260317_155802_442195.jpg,0.2,0.0
20260317_155802_478769,img_20260317_155802_478769.jpg,0.2,0.0
20260317_155802_541362,img_20260317_155802_541362.jpg,0.2,0.0
20260317_155802_592117,img_20260317_155802_592117.jpg,0.2,0.0
20260317_155802_635603,img_20260317_155802_635603.jpg,0.2,0.0
20260317_155802_693816,img_20260317_155802_693816.jpg,0.2,0.0
20260317_155802_748752,img_20260317_155802_748752.jpg,0.2,0.0
20260317_155802_801129,img_20260317_155802_801129.jpg,0.2,0.0
20260317_155802_847388,img_20260317_155802_847388.jpg,0.2,0.0
20260317_155802_888746,img_20260317_155802_888746.jpg,0.2,0.0
20260317_155802_947622,img_20260317_155802_947622.jpg,0.2,0.0
20260317_155802_992823,img_20260317_155802_992823.jpg,0.2,0.0
20260317_155803_056793,img_20260317_155803_056793.jpg,0.2,0.0
20260317_155803_104729,img_20260317_155803_104729.jpg,0.2,0.0
20260317_155803_162325,img_20260317_155803_162325.jpg,0.2,0.0
20260317_155803_212115,img_20260317_155803_212115.jpg,0.2,0.0
20260317_155803_263020,img_20260317_155803_263020.jpg,0.2,0.0
20260317_155803_314727,img_20260317_155803_314727.jpg,0.2,0.0
20260317_155803_364627,img_20260317_155803_364627.jpg,0.2,0.0
20260317_155803_414379,img_20260317_155803_414379.jpg,0.2,0.0
20260317_155803_467706,img_20260317_155803_467706.jpg,0.2,0.0
20260317_155803_520118,img_20260317_155803_520118.jpg,0.2,0.0
20260317_155803_572179,img_20260317_155803_572179.jpg,0.2,0.0
20260317_155803_623369,img_20260317_155803_623369.jpg,0.2,0.0
20260317_155803_666672,img_20260317_155803_666672.jpg,0.2,0.0
20260317_155803_724814,img_20260317_155803_724814.jpg,0.2,0.0
20260317_155803_767054,img_20260317_155803_767054.jpg,0.2,0.0
20260317_155803_830440,img_20260317_155803_830440.jpg,0.2,0.0
20260317_155803_883072,img_20260317_155803_883072.jpg,0.2,0.0
20260317_155803_926027,img_20260317_155803_926027.jpg,0.2,0.0
20260317_155803_991101,img_20260317_155803_991101.jpg,0.2,0.0
20260317_155804_031919,img_20260317_155804_031919.jpg,0.2,0.0
20260317_155804_099047,img_20260317_155804_099047.jpg,0.2,0.0
20260317_155804_156163,img_20260317_155804_156163.jpg,0.2,0.0
20260317_155804_204173,img_20260317_155804_204173.jpg,0.2,0.0
20260317_155804_260055,img_20260317_155804_260055.jpg,0.2,0.0
20260317_155804_307178,img_20260317_155804_307178.jpg,0.2,0.0
20260317_155804_362966,img_20260317_155804_362966.jpg,0.2,0.0
20260317_155804_413758,img_20260317_155804_413758.jpg,0.2,0.0
20260317_155804_465057,img_20260317_155804_465057.jpg,0.2,0.0
20260317_155804_519367,img_20260317_155804_519367.jpg,0.2,0.0
20260317_155804_567684,img_20260317_155804_567684.jpg,0.2,0.0
20260317_155804_624830,img_20260317_155804_624830.jpg,0.2,0.0
20260317_155804_675929,img_20260317_155804_675929.jpg,0.2,0.0
20260317_155804_711579,img_20260317_155804_711579.jpg,0.2,0.0
20260317_155804_773708,img_20260317_155804_773708.jpg,0.2,0.0
20260317_155804_825081,img_20260317_155804_825081.jpg,0.2,0.0
20260317_155804_879556,img_20260317_155804_879556.jpg,0.2,0.0
20260317_155804_930677,img_20260317_155804_930677.jpg,0.2,0.0
20260317_155804_985309,img_20260317_155804_985309.jpg,0.2,0.0
20260317_155805_035020,img_20260317_155805_035020.jpg,0.2,0.0
20260317_155805_087636,img_20260317_155805_087636.jpg,0.2,0.0
20260317_155805_125028,img_20260317_155805_125028.jpg,0.2,0.0
20260317_155805_187970,img_20260317_155805_187970.jpg,0.2,0.0
20260317_155805_239193,img_20260317_155805_239193.jpg,0.2,0.0
20260317_155805_295060,img_20260317_155805_295060.jpg,0.2,0.0
20260317_155805_333699,img_20260317_155805_333699.jpg,0.2,0.0
20260317_155805_382116,img_20260317_155805_382116.jpg,0.2,0.0
20260317_155805_448189,img_20260317_155805_448189.jpg,0.2,0.0
20260317_155805_498543,img_20260317_155805_498543.jpg,0.2,0.0
20260317_155805_543548,img_20260317_155805_543548.jpg,0.2,0.0
20260317_155805_595827,img_20260317_155805_595827.jpg,0.2,0.0
20260317_155805_655971,img_20260317_155805_655971.jpg,0.2,0.0
20260317_155805_699905,img_20260317_155805_699905.jpg,0.2,0.0
20260317_155805_758577,img_20260317_155805_758577.jpg,0.2,0.0
20260317_155805_810775,img_20260317_155805_810775.jpg,0.2,0.0
20260317_155805_862510,img_20260317_155805_862510.jpg,0.2,0.0
20260317_155805_912150,img_20260317_155805_912150.jpg,0.2,0.0
20260317_155805_958966,img_20260317_155805_958966.jpg,0.2,0.0
20260317_155806_004507,img_20260317_155806_004507.jpg,0.2,0.0
20260317_155806_068699,img_20260317_155806_068699.jpg,0.2,0.0
20260317_155806_122690,img_20260317_155806_122690.jpg,0.2,0.0
20260317_155806_166231,img_20260317_155806_166231.jpg,0.2,0.0
20260317_155806_215746,img_20260317_155806_215746.jpg,0.2,0.0
20260317_155806_275787,img_20260317_155806_275787.jpg,0.2,0.0
20260317_155806_331564,img_20260317_155806_331564.jpg,0.2,0.0
20260317_155806_382151,img_20260317_155806_382151.jpg,0.2,0.0
20260317_155806_420755,img_20260317_155806_420755.jpg,0.2,0.0
20260317_155806_474736,img_20260317_155806_474736.jpg,0.2,0.0
20260317_155806_537607,img_20260317_155806_537607.jpg,0.2,0.0
20260317_155806_590139,img_20260317_155806_590139.jpg,0.2,0.0
20260317_155806_640030,img_20260317_155806_640030.jpg,0.2,0.0
20260317_155806_687991,img_20260317_155806_687991.jpg,0.2,0.0
20260317_155806_742351,img_20260317_155806_742351.jpg,0.2,0.0
20260317_155806_792732,img_20260317_155806_792732.jpg,0.2,0.0
20260317_155806_846696,img_20260317_155806_846696.jpg,0.2,0.0
20260317_155806_895401,img_20260317_155806_895401.jpg,0.2,0.0
20260317_155806_947899,img_20260317_155806_947899.jpg,0.2,0.0
20260317_155806_999524,img_20260317_155806_999524.jpg,0.2,0.0
20260317_155807_053810,img_20260317_155807_053810.jpg,0.2,0.0
20260317_155807_107624,img_20260317_155807_107624.jpg,0.2,0.0
20260317_155807_143150,img_20260317_155807_143150.jpg,0.2,0.0
20260317_155807_203095,img_20260317_155807_203095.jpg,0.2,0.0
20260317_155807_258444,img_20260317_155807_258444.jpg,0.2,0.0
20260317_155807_314059,img_20260317_155807_314059.jpg,0.2,0.0
20260317_155807_349509,img_20260317_155807_349509.jpg,0.2,0.0
20260317_155807_411216,img_20260317_155807_411216.jpg,0.2,0.0
20260317_155807_459897,img_20260317_155807_459897.jpg,0.2,0.0
20260317_155807_504607,img_20260317_155807_504607.jpg,0.2,0.0
20260317_155807_553524,img_20260317_155807_553524.jpg,0.2,0.0
20260317_155807_617274,img_20260317_155807_617274.jpg,0.2,0.0
20260317_155807_667682,img_20260317_155807_667682.jpg,0.2,0.0
20260317_155807_725658,img_20260317_155807_725658.jpg,0.2,0.0
20260317_155807_765679,img_20260317_155807_765679.jpg,0.2,0.0
20260317_155807_819985,img_20260317_155807_819985.jpg,0.2,0.0
20260317_155807_864274,img_20260317_155807_864274.jpg,0.2,0.0
20260317_155807_913079,img_20260317_155807_913079.jpg,0.2,0.0
20260317_155807_975380,img_20260317_155807_975380.jpg,0.2,0.0
20260317_155808_028004,img_20260317_155808_028004.jpg,0.2,0.0
20260317_155808_079465,img_20260317_155808_079465.jpg,0.2,0.0
20260317_155808_118473,img_20260317_155808_118473.jpg,0.2,0.0
20260317_155808_182512,img_20260317_155808_182512.jpg,0.2,0.0
20260317_155808_239619,img_20260317_155808_239619.jpg,0.2,0.0
20260317_155808_288270,img_20260317_155808_288270.jpg,0.2,0.0
20260317_155808_344736,img_20260317_155808_344736.jpg,0.2,0.0
20260317_155808_395130,img_20260317_155808_395130.jpg,0.2,0.0
20260317_155808_439367,img_20260317_155808_439367.jpg,0.2,0.0
20260317_155808_496345,img_20260317_155808_496345.jpg,0.2,0.0
20260317_155808_546351,img_20260317_155808_546351.jpg,0.2,0.0
20260317_155808_590991,img_20260317_155808_590991.jpg,0.2,0.0
20260317_155808_638004,img_20260317_155808_638004.jpg,0.2,0.0
20260317_155808_700884,img_20260317_155808_700884.jpg,0.2,0.0
20260317_155808_757031,img_20260317_155808_757031.jpg,0.2,0.0
20260317_155808_805295,img_20260317_155808_805295.jpg,0.2,0.0
20260317_155808_844290,img_20260317_155808_844290.jpg,0.2,0.0
20260317_155808_909745,img_20260317_155808_909745.jpg,0.2,0.0
20260317_155808_959719,img_20260317_155808_959719.jpg,0.2,0.0
20260317_155809_013812,img_20260317_155809_013812.jpg,0.2,0.0
20260317_155809_064944,img_20260317_155809_064944.jpg,0.2,0.0
20260317_155809_121541,img_20260317_155809_121541.jpg,0.2,0.0
20260317_155809_168269,img_20260317_155809_168269.jpg,0.2,0.0
20260317_155809_218803,img_20260317_155809_218803.jpg,0.2,0.0
20260317_155809_271465,img_20260317_155809_271465.jpg,0.2,0.0
20260317_155809_324334,img_20260317_155809_324334.jpg,0.2,0.0
20260317_155809_378417,img_20260317_155809_378417.jpg,0.2,0.0
20260317_155809_432358,img_20260317_155809_432358.jpg,0.2,0.0
20260317_155809_482474,img_20260317_155809_482474.jpg,0.2,0.0
20260317_155809_521214,img_20260317_155809_521214.jpg,0.2,0.0
20260317_155809_584307,img_20260317_155809_584307.jpg,0.2,0.0
20260317_155809_636299,img_20260317_155809_636299.jpg,0.2,0.0
20260317_155809_687213,img_20260317_155809_687213.jpg,0.2,0.0
20260317_155809_738041,img_20260317_155809_738041.jpg,0.2,0.0
20260317_155809_789744,img_20260317_155809_789744.jpg,0.2,0.0
20260317_155809_832806,img_20260317_155809_832806.jpg,0.2,0.0
20260317_155809_886186,img_20260317_155809_886186.jpg,0.2,0.0
20260317_155809_941032,img_20260317_155809_941032.jpg,0.2,0.0
20260317_155809_997204,img_20260317_155809_997204.jpg,0.2,0.0
20260317_155810_048061,img_20260317_155810_048061.jpg,0.2,0.0
20260317_155810_104351,img_20260317_155810_104351.jpg,0.2,0.0
20260317_155810_153213,img_20260317_155810_153213.jpg,0.2,0.0
20260317_155810_205061,img_20260317_155810_205061.jpg,0.2,0.0
20260317_155810_256552,img_20260317_155810_256552.jpg,0.2,0.0
20260317_155810_295727,img_20260317_155810_295727.jpg,0.2,0.0
20260317_155810_356774,img_20260317_155810_356774.jpg,0.2,0.0
20260317_155810_409419,img_20260317_155810_409419.jpg,0.2,0.0
20260317_155810_450794,img_20260317_155810_450794.jpg,0.2,0.0
20260317_155810_512890,img_20260317_155810_512890.jpg,0.2,0.0
20260317_155810_566746,img_20260317_155810_566746.jpg,0.2,0.0
20260317_155810_620216,img_20260317_155810_620216.jpg,0.2,0.0
20260317_155810_663954,img_20260317_155810_663954.jpg,0.2,0.0
20260317_155810_718703,img_20260317_155810_718703.jpg,0.2,0.0
20260317_155810_770625,img_20260317_155810_770625.jpg,0.2,0.0
20260317_155810_827511,img_20260317_155810_827511.jpg,0.2,0.0
20260317_155810_872634,img_20260317_155810_872634.jpg,0.2,0.0
20260317_155810_929351,img_20260317_155810_929351.jpg,0.2,0.0
20260317_155810_980651,img_20260317_155810_980651.jpg,0.2,0.0
20260317_155811_031327,img_20260317_155811_031327.jpg,0.2,0.0
20260317_155811_079197,img_20260317_155811_079197.jpg,0.2,0.0
20260317_155811_129814,img_20260317_155811_129814.jpg,0.2,0.0
20260317_155811_183478,img_20260317_155811_183478.jpg,0.2,0.0
20260317_155811_238274,img_20260317_155811_238274.jpg,0.2,0.0
20260317_155811_272759,img_20260317_155811_272759.jpg,0.2,0.0
20260317_155811_337272,img_20260317_155811_337272.jpg,0.2,0.0
20260317_155811_377748,img_20260317_155811_377748.jpg,0.2,0.0
20260317_155811_442896,img_20260317_155811_442896.jpg,0.2,0.0
20260317_155811_482505,img_20260317_155811_482505.jpg,0.2,0.0
20260317_155811_543078,img_20260317_155811_543078.jpg,0.2,0.0
20260317_155811_585281,img_20260317_155811_585281.jpg,0.2,0.0
20260317_155811_648493,img_20260317_155811_648493.jpg,0.2,0.0
20260317_155811_696083,img_20260317_155811_696083.jpg,0.2,0.0
20260317_155811_749769,img_20260317_155811_749769.jpg,0.2,0.0
20260317_155811_800710,img_20260317_155811_800710.jpg,0.2,0.0
20260317_155811_854295,img_20260317_155811_854295.jpg,0.2,0.0
20260317_155811_903819,img_20260317_155811_903819.jpg,0.2,0.0
20260317_155811_959561,img_20260317_155811_959561.jpg,0.2,0.0
20260317_155812_007237,img_20260317_155812_007237.jpg,0.2,0.0
20260317_155812_061818,img_20260317_155812_061818.jpg,0.2,0.0
20260317_155812_109899,img_20260317_155812_109899.jpg,0.2,0.0
20260317_155812_162493,img_20260317_155812_162493.jpg,0.2,0.0
20260317_155812_203739,img_20260317_155812_203739.jpg,0.2,0.0
20260317_155812_265295,img_20260317_155812_265295.jpg,0.2,0.0
20260317_155812_322930,img_20260317_155812_322930.jpg,0.2,0.0
20260317_155812_368478,img_20260317_155812_368478.jpg,0.2,0.0
20260317_155812_418316,img_20260317_155812_418316.jpg,0.2,0.0
20260317_155812_474145,img_20260317_155812_474145.jpg,0.2,0.0
20260317_155812_516705,img_20260317_155812_516705.jpg,0.2,0.0
20260317_155812_580275,img_20260317_155812_580275.jpg,0.2,0.0
20260317_155812_630277,img_20260317_155812_630277.jpg,0.2,0.0
20260317_155812_685422,img_20260317_155812_685422.jpg,0.2,0.0
20260317_155812_734710,img_20260317_155812_734710.jpg,0.2,0.0
20260317_155812_791280,img_20260317_155812_791280.jpg,0.2,0.0
20260317_155812_846734,img_20260317_155812_846734.jpg,0.2,0.0
20260317_155812_889187,img_20260317_155812_889187.jpg,0.2,0.0
20260317_155812_941165,img_20260317_155812_941165.jpg,0.2,0.0
20260317_155812_995106,img_20260317_155812_995106.jpg,0.2,0.0
20260317_155813_034693,img_20260317_155813_034693.jpg,0.2,0.0
20260317_155813_092651,img_20260317_155813_092651.jpg,0.2,0.0
20260317_155813_148536,img_20260317_155813_148536.jpg,0.2,0.0
20260317_155813_189997,img_20260317_155813_189997.jpg,0.2,0.0
20260317_155813_249911,img_20260317_155813_249911.jpg,0.2,0.0
20260317_155813_306865,img_20260317_155813_306865.jpg,0.2,0.0
20260317_155813_355502,img_20260317_155813_355502.jpg,0.2,0.0
20260317_155813_407629,img_20260317_155813_407629.jpg,0.2,0.0
20260317_155813_455788,img_20260317_155813_455788.jpg,0.2,0.0
20260317_155813_508021,img_20260317_155813_508021.jpg,0.2,0.0
20260317_155813_575313,img_20260317_155813_575313.jpg,0.2,0.0
20260317_155813_603352,img_20260317_155813_603352.jpg,0.2,0.0
20260317_155813_665639,img_20260317_155813_665639.jpg,0.2,0.0
20260317_155813_706830,img_20260317_155813_706830.jpg,0.2,0.0
20260317_155813_769121,img_20260317_155813_769121.jpg,0.2,0.0
20260317_155813_820308,img_20260317_155813_820308.jpg,0.2,0.0
20260317_155813_875362,img_20260317_155813_875362.jpg,0.2,0.0
20260317_155813_923596,img_20260317_155813_923596.jpg,0.2,0.0
20260317_155813_963564,img_20260317_155813_963564.jpg,0.2,0.0
20260317_155814_014795,img_20260317_155814_014795.jpg,0.2,0.0
20260317_155814_079644,img_20260317_155814_079644.jpg,0.2,0.0
20260317_155814_133576,img_20260317_155814_133576.jpg,0.2,0.0
20260317_155814_191238,img_20260317_155814_191238.jpg,0.2,0.0
20260317_155814_234422,img_20260317_155814_234422.jpg,0.2,0.0
20260317_155814_284218,img_20260317_155814_284218.jpg,0.2,0.0
20260317_155814_325750,img_20260317_155814_325750.jpg,0.2,0.0
20260317_155814_386334,img_20260317_155814_386334.jpg,0.2,0.0
20260317_155814_437264,img_20260317_155814_437264.jpg,0.2,0.0
20260317_155814_480758,img_20260317_155814_480758.jpg,0.2,0.0
20260317_155814_540847,img_20260317_155814_540847.jpg,0.2,0.0
20260317_155814_596466,img_20260317_155814_596466.jpg,0.2,0.0
20260317_155814_650179,img_20260317_155814_650179.jpg,0.2,0.0
20260317_155814_697518,img_20260317_155814_697518.jpg,0.2,0.0
20260317_155814_750072,img_20260317_155814_750072.jpg,0.2,0.0
20260317_155814_801716,img_20260317_155814_801716.jpg,0.2,0.0
20260317_155814_861032,img_20260317_155814_861032.jpg,0.2,0.0
20260317_155814_912746,img_20260317_155814_912746.jpg,0.2,0.0
20260317_155814_952703,img_20260317_155814_952703.jpg,0.2,0.0
20260317_155815_007789,img_20260317_155815_007789.jpg,0.2,0.0
20260317_155815_063048,img_20260317_155815_063048.jpg,0.2,0.0
20260317_155815_115629,img_20260317_155815_115629.jpg,0.2,0.0
20260317_155815_163688,img_20260317_155815_163688.jpg,0.2,0.0
20260317_155815_216159,img_20260317_155815_216159.jpg,0.2,0.0
20260317_155815_256762,img_20260317_155815_256762.jpg,0.2,0.0
20260317_155815_315692,img_20260317_155815_315692.jpg,0.2,0.0
20260317_155815_376811,img_20260317_155815_376811.jpg,0.2,0.0
20260317_155815_422112,img_20260317_155815_422112.jpg,0.2,0.0
20260317_155815_470181,img_20260317_155815_470181.jpg,0.2,0.0
20260317_155815_510653,img_20260317_155815_510653.jpg,0.2,0.0
20260317_155815_567439,img_20260317_155815_567439.jpg,0.2,0.0
20260317_155815_627518,img_20260317_155815_627518.jpg,0.2,0.0
20260317_155815_678896,img_20260317_155815_678896.jpg,0.2,0.0
20260317_155815_731560,img_20260317_155815_731560.jpg,0.2,0.0
20260317_155815_786176,img_20260317_155815_786176.jpg,0.2,0.0
20260317_155815_843736,img_20260317_155815_843736.jpg,0.2,0.0
20260317_155815_892120,img_20260317_155815_892120.jpg,0.2,0.0
20260317_155815_938288,img_20260317_155815_938288.jpg,0.2,0.0
20260317_155815_995656,img_20260317_155815_995656.jpg,0.2,0.0
20260317_155816_045552,img_20260317_155816_045552.jpg,0.2,0.0
20260317_155816_100990,img_20260317_155816_100990.jpg,0.2,0.0
20260317_155816_160502,img_20260317_155816_160502.jpg,0.2,0.0
20260317_155816_204946,img_20260317_155816_204946.jpg,0.2,0.0
20260317_155816_253715,img_20260317_155816_253715.jpg,0.2,0.0
20260317_155816_305045,img_20260317_155816_305045.jpg,0.2,0.0
20260317_155816_356974,img_20260317_155816_356974.jpg,0.2,0.0
20260317_155816_409993,img_20260317_155816_409993.jpg,0.2,0.0
20260317_155816_458026,img_20260317_155816_458026.jpg,0.2,0.0
20260317_155816_511376,img_20260317_155816_511376.jpg,0.2,0.0
20260317_155816_558866,img_20260317_155816_558866.jpg,0.2,0.0
20260317_155816_603567,img_20260317_155816_603567.jpg,0.2,0.0
20260317_155816_670811,img_20260317_155816_670811.jpg,0.2,0.0
20260317_155816_717866,img_20260317_155816_717866.jpg,0.2,0.0
20260317_155816_765268,img_20260317_155816_765268.jpg,0.2,0.0
20260317_155816_807437,img_20260317_155816_807437.jpg,0.2,0.0
20260317_155816_866014,img_20260317_155816_866014.jpg,0.2,0.0
20260317_155816_918820,img_20260317_155816_918820.jpg,0.2,0.0
20260317_155816_972436,img_20260317_155816_972436.jpg,0.2,0.0
20260317_155817_022047,img_20260317_155817_022047.jpg,0.2,0.0
20260317_155817_076544,img_20260317_155817_076544.jpg,0.2,0.0
20260317_155817_122229,img_20260317_155817_122229.jpg,0.2,0.0
20260317_155817_175753,img_20260317_155817_175753.jpg,0.2,0.0
20260317_155817_238646,img_20260317_155817_238646.jpg,0.2,0.0
20260317_155817_281956,img_20260317_155817_281956.jpg,0.2,0.0
20260317_155817_334587,img_20260317_155817_334587.jpg,0.2,0.0
20260317_155817_385260,img_20260317_155817_385260.jpg,0.2,0.0
20260317_155817_437875,img_20260317_155817_437875.jpg,0.2,0.0
20260317_155817_488098,img_20260317_155817_488098.jpg,0.2,0.0
20260317_155816_281559,img_20260317_155816_281559.jpg,0.2,0.0
20260317_155816_332786,img_20260317_155816_332786.jpg,0.2,0.0
20260317_155816_386260,img_20260317_155816_386260.jpg,0.2,0.0
20260317_155816_440262,img_20260317_155816_440262.jpg,0.2,0.0
20260317_155816_486977,img_20260317_155816_486977.jpg,0.2,0.0
20260317_155816_540809,img_20260317_155816_540809.jpg,0.2,0.0
20260317_155816_592140,img_20260317_155816_592140.jpg,0.2,0.0
20260317_155816_643296,img_20260317_155816_643296.jpg,0.2,0.0
20260317_155816_700426,img_20260317_155816_700426.jpg,0.2,0.0
20260317_155816_746415,img_20260317_155816_746415.jpg,0.2,0.0
20260317_155816_799041,img_20260317_155816_799041.jpg,0.2,0.0
20260317_155816_854324,img_20260317_155816_854324.jpg,0.2,0.0
20260317_155816_906687,img_20260317_155816_906687.jpg,0.2,0.0
20260317_155816_953126,img_20260317_155816_953126.jpg,0.2,0.0
20260317_155817_011285,img_20260317_155817_011285.jpg,0.2,0.0
20260317_155817_056961,img_20260317_155817_056961.jpg,0.2,0.0
20260317_155817_109462,img_20260317_155817_109462.jpg,0.2,0.0
20260317_155817_159132,img_20260317_155817_159132.jpg,0.2,0.0
20260317_155817_211976,img_20260317_155817_211976.jpg,0.2,0.0
20260317_155817_270984,img_20260317_155817_270984.jpg,0.2,0.0
20260317_155817_313940,img_20260317_155817_313940.jpg,0.2,0.0
20260317_155817_363660,img_20260317_155817_363660.jpg,0.2,0.0
20260317_155817_416912,img_20260317_155817_416912.jpg,0.2,0.0
20260317_155817_460813,img_20260317_155817_460813.jpg,0.2,0.0
20260317_155817_520173,img_20260317_155817_520173.jpg,0.2,0.0
20260317_155817_561437,img_20260317_155817_561437.jpg,0.2,0.0
20260317_155817_624336,img_20260317_155817_624336.jpg,0.2,0.0
20260317_155817_675229,img_20260317_155817_675229.jpg,0.2,0.0
20260317_155817_722061,img_20260317_155817_722061.jpg,0.2,0.0
20260317_155817_778256,img_20260317_155817_778256.jpg,0.2,0.0
20260317_155817_830709,img_20260317_155817_830709.jpg,0.2,0.0
20260317_155817_874388,img_20260317_155817_874388.jpg,0.2,0.0
20260317_155817_932075,img_20260317_155817_932075.jpg,0.2,0.0
20260317_155817_986144,img_20260317_155817_986144.jpg,0.2,0.0
20260317_155818_030609,img_20260317_155818_030609.jpg,0.2,0.0
20260317_155818_076184,img_20260317_155818_076184.jpg,0.2,0.0
20260317_155818_136130,img_20260317_155818_136130.jpg,0.2,0.0
20260317_155818_187865,img_20260317_155818_187865.jpg,0.2,0.0
20260317_155818_232371,img_20260317_155818_232371.jpg,0.2,0.0
20260317_155818_289638,img_20260317_155818_289638.jpg,0.2,0.0
20260317_155818_342422,img_20260317_155818_342422.jpg,0.2,0.0
20260317_155818_385533,img_20260317_155818_385533.jpg,0.2,0.0
20260317_155818_433620,img_20260317_155818_433620.jpg,0.2,0.0
20260317_155818_495229,img_20260317_155818_495229.jpg,0.2,0.0
20260317_155818_548180,img_20260317_155818_548180.jpg,0.2,0.0
20260317_155818_597080,img_20260317_155818_597080.jpg,0.2,0.0
20260317_155818_653308,img_20260317_155818_653308.jpg,0.2,0.0
20260317_155818_705551,img_20260317_155818_705551.jpg,0.2,0.0
20260317_155818_749424,img_20260317_155818_749424.jpg,0.2,0.0
20260317_155818_808760,img_20260317_155818_808760.jpg,0.2,0.0
20260317_155818_847834,img_20260317_155818_847834.jpg,0.2,0.0
20260317_155818_903620,img_20260317_155818_903620.jpg,0.2,0.0
20260317_155818_949287,img_20260317_155818_949287.jpg,0.2,0.0
20260317_155819_014725,img_20260317_155819_014725.jpg,0.2,0.0
20260317_155819_071368,img_20260317_155819_071368.jpg,0.2,0.0
20260317_155819_117000,img_20260317_155819_117000.jpg,0.2,0.0
20260317_155819_166799,img_20260317_155819_166799.jpg,0.2,0.0
20260317_155819_216761,img_20260317_155819_216761.jpg,0.2,0.0
20260317_155819_273498,img_20260317_155819_273498.jpg,0.2,0.0
20260317_155819_311445,img_20260317_155819_311445.jpg,0.2,0.0
20260317_155819_375321,img_20260317_155819_375321.jpg,0.2,0.0
20260317_155819_426048,img_20260317_155819_426048.jpg,0.2,0.0
20260317_155819_481121,img_20260317_155819_481121.jpg,0.2,0.0
20260317_155819_533599,img_20260317_155819_533599.jpg,0.2,0.0
20260317_155819_580645,img_20260317_155819_580645.jpg,0.2,0.0
20260317_155819_632897,img_20260317_155819_632897.jpg,0.2,0.0
20260317_155819_682957,img_20260317_155819_682957.jpg,0.2,0.0
20260317_155819_740462,img_20260317_155819_740462.jpg,0.2,0.0
20260317_155819_788526,img_20260317_155819_788526.jpg,0.2,0.0
20260317_155819_837662,img_20260317_155819_837662.jpg,0.2,0.0
20260317_155819_890401,img_20260317_155819_890401.jpg,0.2,0.0
20260317_155819_944318,img_20260317_155819_944318.jpg,0.2,0.0
20260317_155819_998583,img_20260317_155819_998583.jpg,0.2,0.0
20260317_155820_047950,img_20260317_155820_047950.jpg,0.2,0.0
20260317_155820_101307,img_20260317_155820_101307.jpg,0.2,0.0
20260317_155820_166049,img_20260317_155820_166049.jpg,0.2,0.0
20260317_155820_202885,img_20260317_155820_202885.jpg,0.2,0.0
20260317_155820_254469,img_20260317_155820_254469.jpg,0.2,0.0
20260317_155820_306188,img_20260317_155820_306188.jpg,0.2,0.0
20260317_155820_362057,img_20260317_155820_362057.jpg,0.2,0.0
20260317_155820_410809,img_20260317_155820_410809.jpg,0.2,0.0
20260317_155820_460594,img_20260317_155820_460594.jpg,0.2,0.0
20260317_155820_501490,img_20260317_155820_501490.jpg,0.2,0.0
20260317_155820_569009,img_20260317_155820_569009.jpg,0.2,0.0
20260317_155820_615606,img_20260317_155820_615606.jpg,0.2,0.0
20260317_155820_660112,img_20260317_155820_660112.jpg,0.2,0.0
20260317_155820_719436,img_20260317_155820_719436.jpg,0.2,0.0
20260317_155820_771581,img_20260317_155820_771581.jpg,0.2,0.0
20260317_155820_825259,img_20260317_155820_825259.jpg,0.2,0.0
20260317_155820_872342,img_20260317_155820_872342.jpg,0.2,0.0
20260317_155820_926084,img_20260317_155820_926084.jpg,0.2,0.0
20260317_155820_978733,img_20260317_155820_978733.jpg,0.2,0.0
20260317_155821_022194,img_20260317_155821_022194.jpg,0.2,0.0
20260317_155821_070604,img_20260317_155821_070604.jpg,0.2,0.0
20260317_155821_122553,img_20260317_155821_122553.jpg,0.2,0.0
20260317_155821_185938,img_20260317_155821_185938.jpg,0.2,0.0
20260317_155821_228749,img_20260317_155821_228749.jpg,0.2,0.0
20260317_155821_290265,img_20260317_155821_290265.jpg,0.2,0.0
20260317_155821_337908,img_20260317_155821_337908.jpg,0.2,0.0
20260317_155821_392587,img_20260317_155821_392587.jpg,0.2,0.0
20260317_155821_438457,img_20260317_155821_438457.jpg,0.2,0.0
20260317_155821_493841,img_20260317_155821_493841.jpg,0.2,0.0
20260317_155821_544296,img_20260317_155821_544296.jpg,0.2,0.0
20260317_155821_595584,img_20260317_155821_595584.jpg,0.2,0.0
20260317_155821_646508,img_20260317_155821_646508.jpg,0.2,0.0
20260317_155821_687903,img_20260317_155821_687903.jpg,0.2,0.0
20260317_155821_752009,img_20260317_155821_752009.jpg,0.2,0.0
20260317_155821_800613,img_20260317_155821_800613.jpg,0.2,0.0
20260317_155821_855938,img_20260317_155821_855938.jpg,0.2,0.0
20260317_155821_909353,img_20260317_155821_909353.jpg,0.2,0.0
20260317_155821_946918,img_20260317_155821_946918.jpg,0.2,0.0
20260317_155822_007954,img_20260317_155822_007954.jpg,0.2,0.0
20260317_155822_060825,img_20260317_155822_060825.jpg,0.2,0.0
20260317_155822_111055,img_20260317_155822_111055.jpg,0.2,0.0
20260317_155822_161380,img_20260317_155822_161380.jpg,0.2,0.0
20260317_155822_202930,img_20260317_155822_202930.jpg,0.2,0.0
20260317_155822_265013,img_20260317_155822_265013.jpg,0.2,0.0
20260317_155822_320810,img_20260317_155822_320810.jpg,0.2,0.0
20260317_155822_364364,img_20260317_155822_364364.jpg,0.2,0.0
20260317_155822_412133,img_20260317_155822_412133.jpg,0.2,0.0
20260317_155822_477685,img_20260317_155822_477685.jpg,0.2,0.0
20260317_155822_526843,img_20260317_155822_526843.jpg,0.2,0.0
20260317_155822_585079,img_20260317_155822_585079.jpg,0.2,0.0
20260317_155822_637210,img_20260317_155822_637210.jpg,0.2,0.0
20260317_155822_674203,img_20260317_155822_674203.jpg,0.2,0.0
20260317_155822_733579,img_20260317_155822_733579.jpg,0.2,0.0
20260317_155822_785694,img_20260317_155822_785694.jpg,0.2,0.0
20260317_155822_842799,img_20260317_155822_842799.jpg,0.2,0.0
20260317_155822_885987,img_20260317_155822_885987.jpg,0.2,0.0
20260317_155822_941600,img_20260317_155822_941600.jpg,0.2,0.0
20260317_155822_979892,img_20260317_155822_979892.jpg,0.2,0.0
20260317_155823_035796,img_20260317_155823_035796.jpg,0.2,0.0
20260317_155823_090888,img_20260317_155823_090888.jpg,0.2,0.0
20260317_155823_147511,img_20260317_155823_147511.jpg,0.2,0.0
20260317_155823_206019,img_20260317_155823_206019.jpg,0.2,0.0
20260317_155823_239677,img_20260317_155823_239677.jpg,0.2,0.0
20260317_155823_300352,img_20260317_155823_300352.jpg,0.2,0.0
20260317_155823_345449,img_20260317_155823_345449.jpg,0.2,0.0
20260317_155823_404671,img_20260317_155823_404671.jpg,0.2,0.0
20260317_155823_456368,img_20260317_155823_456368.jpg,0.2,0.0
20260317_155823_508590,img_20260317_155823_508590.jpg,0.2,0.0
20260317_155823_558830,img_20260317_155823_558830.jpg,0.2,0.0
20260317_155823_611747,img_20260317_155823_611747.jpg,0.2,0.0
20260317_155823_649696,img_20260317_155823_649696.jpg,0.2,0.0
20260317_155823_712481,img_20260317_155823_712481.jpg,0.2,0.0
20260317_155823_770572,img_20260317_155823_770572.jpg,0.2,0.0
20260317_155823_817489,img_20260317_155823_817489.jpg,0.2,0.0
20260317_155823_865079,img_20260317_155823_865079.jpg,0.2,0.0
20260317_155823_919068,img_20260317_155823_919068.jpg,0.2,0.0
20260317_155823_971127,img_20260317_155823_971127.jpg,0.2,0.0
20260317_155824_013753,img_20260317_155824_013753.jpg,0.2,0.0
20260317_155824_073491,img_20260317_155824_073491.jpg,0.2,0.0
20260317_155824_113052,img_20260317_155824_113052.jpg,0.2,0.0
20260317_155824_167587,img_20260317_155824_167587.jpg,0.2,0.0
20260317_155824_227379,img_20260317_155824_227379.jpg,0.2,0.0
20260317_155824_278999,img_20260317_155824_278999.jpg,0.2,0.0
20260317_155824_319514,img_20260317_155824_319514.jpg,0.2,0.0
20260317_155824_383225,img_20260317_155824_383225.jpg,0.2,0.0
20260317_155824_438819,img_20260317_155824_438819.jpg,0.2,0.0
20260317_155824_486825,img_20260317_155824_486825.jpg,0.2,0.0
20260317_155824_536851,img_20260317_155824_536851.jpg,0.2,0.0
20260317_155824_587759,img_20260317_155824_587759.jpg,0.2,0.0
20260317_155824_633055,img_20260317_155824_633055.jpg,0.2,0.0
20260317_155824_692836,img_20260317_155824_692836.jpg,0.2,0.0
20260317_155824_745344,img_20260317_155824_745344.jpg,0.2,0.0
20260317_155824_797210,img_20260317_155824_797210.jpg,0.2,0.0
20260317_155824_847690,img_20260317_155824_847690.jpg,0.2,0.0
20260317_155824_906138,img_20260317_155824_906138.jpg,0.2,0.0
20260317_155824_957683,img_20260317_155824_957683.jpg,0.2,0.0
20260317_155825_009528,img_20260317_155825_009528.jpg,0.2,0.0
20260317_155825_065279,img_20260317_155825_065279.jpg,0.2,0.0
20260317_155825_100932,img_20260317_155825_100932.jpg,0.2,0.0
20260317_155825_160433,img_20260317_155825_160433.jpg,0.2,0.0
20260317_155825_215911,img_20260317_155825_215911.jpg,0.2,0.0
20260317_155825_254976,img_20260317_155825_254976.jpg,0.2,0.0
20260317_155825_315943,img_20260317_155825_315943.jpg,0.2,0.0
20260317_155825_367148,img_20260317_155825_367148.jpg,0.2,0.0
20260317_155825_425481,img_20260317_155825_425481.jpg,0.2,0.0
20260317_155825_462538,img_20260317_155825_462538.jpg,0.2,0.0
20260317_155825_522364,img_20260317_155825_522364.jpg,0.2,0.0
20260317_155825_571400,img_20260317_155825_571400.jpg,0.2,0.0
20260317_155825_615414,img_20260317_155825_615414.jpg,0.2,0.0
20260317_155825_675876,img_20260317_155825_675876.jpg,0.2,0.0
20260317_155825_731515,img_20260317_155825_731515.jpg,0.2,0.0
20260317_155825_782634,img_20260317_155825_782634.jpg,0.2,0.0
20260317_155825_823008,img_20260317_155825_823008.jpg,0.2,0.0
20260317_155825_883476,img_20260317_155825_883476.jpg,0.2,0.0
20260317_155825_924756,img_20260317_155825_924756.jpg,0.2,0.0
20260317_155825_989235,img_20260317_155825_989235.jpg,0.2,0.0
20260317_155826_026717,img_20260317_155826_026717.jpg,0.2,0.0
20260317_155826_092274,img_20260317_155826_092274.jpg,0.2,0.0
20260317_155826_150989,img_20260317_155826_150989.jpg,0.2,0.0
20260317_155826_196284,img_20260317_155826_196284.jpg,0.2,0.0
20260317_155826_247545,img_20260317_155826_247545.jpg,0.2,0.0
20260317_155826_300605,img_20260317_155826_300605.jpg,0.2,0.0
20260317_155826_352711,img_20260317_155826_352711.jpg,0.2,0.0
20260317_155826_402947,img_20260317_155826_402947.jpg,0.2,0.0
20260317_155826_450201,img_20260317_155826_450201.jpg,0.2,0.0
20260317_155826_510594,img_20260317_155826_510594.jpg,0.2,0.0
20260317_155826_562478,img_20260317_155826_562478.jpg,0.2,0.0
20260317_155826_616356,img_20260317_155826_616356.jpg,0.2,0.0
20260317_155826_672745,img_20260317_155826_672745.jpg,0.2,0.0
20260317_155826_716633,img_20260317_155826_716633.jpg,0.2,0.0
20260317_155826_768985,img_20260317_155826_768985.jpg,0.2,0.0
20260317_155826_819784,img_20260317_155826_819784.jpg,0.2,0.0
20260317_155826_871129,img_20260317_155826_871129.jpg,0.2,0.0
20260317_155826_923365,img_20260317_155826_923365.jpg,0.2,0.0
20260317_155826_977181,img_20260317_155826_977181.jpg,0.2,0.0
20260317_155827_016072,img_20260317_155827_016072.jpg,0.2,0.0
20260317_155827_067840,img_20260317_155827_067840.jpg,0.2,0.0
20260317_155827_130351,img_20260317_155827_130351.jpg,0.2,0.0
20260317_155827_176879,img_20260317_155827_176879.jpg,0.2,0.0
20260317_155827_238541,img_20260317_155827_238541.jpg,0.2,0.0
20260317_155827_288030,img_20260317_155827_288030.jpg,0.2,0.0
20260317_155827_337246,img_20260317_155827_337246.jpg,0.2,0.0
20260317_155827_386764,img_20260317_155827_386764.jpg,0.2,0.0
20260317_155827_439062,img_20260317_155827_439062.jpg,0.2,0.0
20260317_155827_481475,img_20260317_155827_481475.jpg,0.2,0.0
20260317_155827_532921,img_20260317_155827_532921.jpg,0.2,0.0
20260317_155827_592617,img_20260317_155827_592617.jpg,0.2,0.0
20260317_155827_648309,img_20260317_155827_648309.jpg,0.2,0.0
20260317_155827_695829,img_20260317_155827_695829.jpg,0.2,0.0
20260317_155827_750207,img_20260317_155827_750207.jpg,0.2,0.0
20260317_155827_799959,img_20260317_155827_799959.jpg,0.2,0.0
20260317_155827_851672,img_20260317_155827_851672.jpg,0.2,0.0
20260317_155827_910720,img_20260317_155827_910720.jpg,0.2,0.0
20260317_155827_954914,img_20260317_155827_954914.jpg,0.2,0.0
20260317_155828_006503,img_20260317_155828_006503.jpg,0.2,0.0
20260317_155828_060634,img_20260317_155828_060634.jpg,0.2,0.0
20260317_155828_099291,img_20260317_155828_099291.jpg,0.2,0.0
20260317_155828_162565,img_20260317_155828_162565.jpg,0.2,0.0
20260317_155828_213654,img_20260317_155828_213654.jpg,0.2,0.0
20260317_155828_268270,img_20260317_155828_268270.jpg,0.2,0.0
20260317_155828_316774,img_20260317_155828_316774.jpg,0.2,0.0
20260317_155828_362584,img_20260317_155828_362584.jpg,0.2,0.0
20260317_155828_429198,img_20260317_155828_429198.jpg,0.2,0.0
20260317_155828_474695,img_20260317_155828_474695.jpg,0.2,0.0
20260317_155828_527445,img_20260317_155828_527445.jpg,0.2,0.0
20260317_155828_580325,img_20260317_155828_580325.jpg,0.2,0.0
20260317_155828_623259,img_20260317_155828_623259.jpg,0.2,0.0
20260317_155828_670368,img_20260317_155828_670368.jpg,0.2,0.0
20260317_155828_737465,img_20260317_155828_737465.jpg,0.2,0.0
20260317_155828_788323,img_20260317_155828_788323.jpg,0.2,0.0
20260317_155828_833679,img_20260317_155828_833679.jpg,0.2,0.0
20260317_155828_882659,img_20260317_155828_882659.jpg,0.2,0.0
20260317_155828_941144,img_20260317_155828_941144.jpg,0.2,0.0
20260317_155828_996856,img_20260317_155828_996856.jpg,0.2,0.0
20260317_155829_038825,img_20260317_155829_038825.jpg,0.2,0.0
20260317_155829_097008,img_20260317_155829_097008.jpg,0.2,0.0
20260317_155829_140645,img_20260317_155829_140645.jpg,0.2,0.0
20260317_155829_204937,img_20260317_155829_204937.jpg,0.2,0.0
20260317_155829_262877,img_20260317_155829_262877.jpg,0.2,0.0
20260317_155829_309081,img_20260317_155829_309081.jpg,0.2,0.0
20260317_155829_354505,img_20260317_155829_354505.jpg,0.2,0.0
20260317_155829_409770,img_20260317_155829_409770.jpg,0.2,0.0
20260317_155829_458971,img_20260317_155829_458971.jpg,0.2,0.0
20260317_155829_515911,img_20260317_155829_515911.jpg,0.2,0.0
20260317_155829_565498,img_20260317_155829_565498.jpg,0.2,0.0
20260317_155829_618542,img_20260317_155829_618542.jpg,0.2,0.0
20260317_155829_668187,img_20260317_155829_668187.jpg,0.2,0.0
20260317_155829_722960,img_20260317_155829_722960.jpg,0.2,0.0
20260317_155829_772785,img_20260317_155829_772785.jpg,0.2,0.0
20260317_155829_825666,img_20260317_155829_825666.jpg,0.2,0.0
20260317_155829_884665,img_20260317_155829_884665.jpg,0.2,0.0
20260317_155829_924866,img_20260317_155829_924866.jpg,0.2,0.0
20260317_155829_978810,img_20260317_155829_978810.jpg,0.2,0.0
20260317_155830_031732,img_20260317_155830_031732.jpg,0.2,0.0
20260317_155830_085123,img_20260317_155830_085123.jpg,0.2,0.0
20260317_155830_136286,img_20260317_155830_136286.jpg,0.2,0.0
20260317_155830_187841,img_20260317_155830_187841.jpg,0.2,0.0
20260317_155830_226898,img_20260317_155830_226898.jpg,0.2,0.0
20260317_155830_292253,img_20260317_155830_292253.jpg,0.2,0.0
20260317_155830_346566,img_20260317_155830_346566.jpg,0.2,0.0
20260317_155830_395172,img_20260317_155830_395172.jpg,0.2,0.0
20260317_155830_449379,img_20260317_155830_449379.jpg,0.2,0.0
20260317_155830_498182,img_20260317_155830_498182.jpg,0.2,0.0
20260317_155830_543034,img_20260317_155830_543034.jpg,0.2,0.0
20260317_155830_598132,img_20260317_155830_598132.jpg,0.2,0.0
20260317_155830_653213,img_20260317_155830_653213.jpg,0.2,0.0
20260317_155830_705358,img_20260317_155830_705358.jpg,0.2,0.0
20260317_155830_753720,img_20260317_155830_753720.jpg,0.2,0.0
20260317_155830_807391,img_20260317_155830_807391.jpg,0.2,0.0
20260317_155830_858729,img_20260317_155830_858729.jpg,0.2,0.0
20260317_155830_918628,img_20260317_155830_918628.jpg,0.2,0.0
20260317_155830_960751,img_20260317_155830_960751.jpg,0.2,0.0
20260317_155831_017253,img_20260317_155831_017253.jpg,0.2,0.0
20260317_155831_068864,img_20260317_155831_068864.jpg,0.2,0.0
20260317_155831_120125,img_20260317_155831_120125.jpg,0.2,0.0
20260317_155831_172965,img_20260317_155831_172965.jpg,0.2,0.0
20260317_155831_219300,img_20260317_155831_219300.jpg,0.2,0.0
20260317_155831_267484,img_20260317_155831_267484.jpg,0.2,0.0
20260317_155831_328502,img_20260317_155831_328502.jpg,0.2,0.0
20260317_155831_380649,img_20260317_155831_380649.jpg,0.2,0.0
20260317_155831_434619,img_20260317_155831_434619.jpg,0.2,0.0
20260317_155831_480570,img_20260317_155831_480570.jpg,0.2,0.0
20260317_155831_526185,img_20260317_155831_526185.jpg,0.2,0.0
20260317_155831_588495,img_20260317_155831_588495.jpg,0.2,0.0
20260317_155831_637277,img_20260317_155831_637277.jpg,0.2,0.0
20260317_155831_696067,img_20260317_155831_696067.jpg,0.2,0.0
20260317_155831_743300,img_20260317_155831_743300.jpg,0.2,0.0
20260317_155831_787535,img_20260317_155831_787535.jpg,0.2,0.0
20260317_155831_846039,img_20260317_155831_846039.jpg,0.2,0.0
20260317_155831_904000,img_20260317_155831_904000.jpg,0.2,0.0
20260317_155831_947079,img_20260317_155831_947079.jpg,0.2,0.0
20260317_155832_001051,img_20260317_155832_001051.jpg,0.2,0.0
20260317_155832_043263,img_20260317_155832_043263.jpg,0.2,0.0
20260317_155832_098627,img_20260317_155832_098627.jpg,0.2,0.0
20260317_155832_160549,img_20260317_155832_160549.jpg,0.2,0.0
20260317_155832_210647,img_20260317_155832_210647.jpg,0.2,0.0
20260317_155832_260798,img_20260317_155832_260798.jpg,0.2,0.0
20260317_155832_301728,img_20260317_155832_301728.jpg,0.2,0.0
20260317_155832_354373,img_20260317_155832_354373.jpg,0.2,0.0
20260317_155832_416099,img_20260317_155832_416099.jpg,0.2,0.0
20260317_155832_463307,img_20260317_155832_463307.jpg,0.2,0.0
20260317_155832_509297,img_20260317_155832_509297.jpg,0.2,0.0
20260317_155832_570408,img_20260317_155832_570408.jpg,0.2,0.0
20260317_155832_611209,img_20260317_155832_611209.jpg,0.2,0.0
20260317_155832_673854,img_20260317_155832_673854.jpg,0.2,0.0
20260317_155832_724224,img_20260317_155832_724224.jpg,0.2,0.0
20260317_155832_781815,img_20260317_155832_781815.jpg,0.2,0.0
20260317_155832_836311,img_20260317_155832_836311.jpg,0.2,0.0
20260317_155832_881692,img_20260317_155832_881692.jpg,0.2,0.0
20260317_155832_933252,img_20260317_155832_933252.jpg,0.2,0.0
20260317_155832_989669,img_20260317_155832_989669.jpg,0.2,0.0
20260317_155833_040227,img_20260317_155833_040227.jpg,0.2,0.0
20260317_155833_089990,img_20260317_155833_089990.jpg,0.2,0.0
20260317_155833_140471,img_20260317_155833_140471.jpg,0.2,0.0
20260317_155833_190707,img_20260317_155833_190707.jpg,0.2,0.0
20260317_155833_233536,img_20260317_155833_233536.jpg,0.2,0.0
20260317_155833_301387,img_20260317_155833_301387.jpg,0.2,0.0
20260317_155833_333728,img_20260317_155833_333728.jpg,0.2,0.0
20260317_155833_391608,img_20260317_155833_391608.jpg,0.2,0.0
20260317_155833_448776,img_20260317_155833_448776.jpg,0.2,0.0
20260317_155833_495976,img_20260317_155833_495976.jpg,0.2,0.0
20260317_155833_557515,img_20260317_155833_557515.jpg,0.2,0.0
20260317_155833_603136,img_20260317_155833_603136.jpg,0.2,0.0
20260317_155833_660499,img_20260317_155833_660499.jpg,0.2,0.0
20260317_155833_713093,img_20260317_155833_713093.jpg,0.2,0.0
20260317_155833_753776,img_20260317_155833_753776.jpg,0.2,0.0
20260317_155833_813737,img_20260317_155833_813737.jpg,0.2,0.0
20260317_155833_868365,img_20260317_155833_868365.jpg,0.2,0.0
20260317_155833_929509,img_20260317_155833_929509.jpg,0.2,0.0
20260317_155833_985614,img_20260317_155833_985614.jpg,0.2,0.0
20260317_155834_033183,img_20260317_155834_033183.jpg,0.2,0.0
20260317_155834_083778,img_20260317_155834_083778.jpg,0.2,0.0
20260317_155834_133259,img_20260317_155834_133259.jpg,0.2,0.0
20260317_155834_191093,img_20260317_155834_191093.jpg,0.2,0.0
20260317_155834_244399,img_20260317_155834_244399.jpg,0.2,0.0
20260317_155834_290683,img_20260317_155834_290683.jpg,0.2,0.0
20260317_155834_337938,img_20260317_155834_337938.jpg,0.2,0.0
20260317_155834_408860,img_20260317_155834_408860.jpg,0.2,0.0
20260317_155834_457298,img_20260317_155834_457298.jpg,0.2,0.0
20260317_155834_506442,img_20260317_155834_506442.jpg,0.2,0.0
20260317_155834_559700,img_20260317_155834_559700.jpg,0.2,0.0
20260317_155834_610717,img_20260317_155834_610717.jpg,0.2,0.0
20260317_155834_653251,img_20260317_155834_653251.jpg,0.2,0.0
20260317_155834_722817,img_20260317_155834_722817.jpg,0.2,0.0
20260317_155834_773080,img_20260317_155834_773080.jpg,0.2,0.0
20260317_155834_821800,img_20260317_155834_821800.jpg,0.2,0.0
20260317_155834_872279,img_20260317_155834_872279.jpg,0.2,0.0
20260317_155834_924077,img_20260317_155834_924077.jpg,0.2,0.0
20260317_155834_978995,img_20260317_155834_978995.jpg,0.2,0.0
20260317_155835_031466,img_20260317_155835_031466.jpg,0.2,0.0
20260317_155835_086293,img_20260317_155835_086293.jpg,0.2,0.0
20260317_155835_137297,img_20260317_155835_137297.jpg,0.2,0.0
20260317_155835_192774,img_20260317_155835_192774.jpg,0.2,0.0
20260317_155835_241159,img_20260317_155835_241159.jpg,0.2,0.0
20260317_155835_286965,img_20260317_155835_286965.jpg,0.2,0.0
20260317_155835_356173,img_20260317_155835_356173.jpg,0.2,0.0
20260317_155835_400752,img_20260317_155835_400752.jpg,0.2,0.0
20260317_155835_454969,img_20260317_155835_454969.jpg,0.2,0.0
20260317_155835_505081,img_20260317_155835_505081.jpg,0.2,0.0
20260317_155835_545656,img_20260317_155835_545656.jpg,0.2,0.0
20260317_155835_600035,img_20260317_155835_600035.jpg,0.2,0.0
20260317_155835_659967,img_20260317_155835_659967.jpg,0.2,0.0
20260317_155835_714062,img_20260317_155835_714062.jpg,0.2,0.0
20260317_155835_762623,img_20260317_155835_762623.jpg,0.2,0.0
20260317_155835_807584,img_20260317_155835_807584.jpg,0.2,0.0
20260317_155835_867549,img_20260317_155835_867549.jpg,0.2,0.0
20260317_155835_907139,img_20260317_155835_907139.jpg,0.2,0.0
20260317_155835_974323,img_20260317_155835_974323.jpg,0.2,0.0
20260317_155836_025147,img_20260317_155836_025147.jpg,0.2,0.0
20260317_155836_087564,img_20260317_155836_087564.jpg,0.2,0.0
20260317_155836_123379,img_20260317_155836_123379.jpg,0.2,0.0
20260317_155836_187073,img_20260317_155836_187073.jpg,0.2,0.0
20260317_155836_224149,img_20260317_155836_224149.jpg,0.2,0.0
20260317_155836_287871,img_20260317_155836_287871.jpg,0.2,0.0
20260317_155836_338333,img_20260317_155836_338333.jpg,0.2,0.0
20260317_155836_392573,img_20260317_155836_392573.jpg,0.2,0.0
20260317_155836_441686,img_20260317_155836_441686.jpg,0.2,0.0
20260317_155836_495080,img_20260317_155836_495080.jpg,0.2,0.0
20260317_155836_542444,img_20260317_155836_542444.jpg,0.2,0.0
20260317_155836_596376,img_20260317_155836_596376.jpg,0.2,0.0
20260317_155836_633464,img_20260317_155836_633464.jpg,0.2,0.0
20260317_155836_698727,img_20260317_155836_698727.jpg,0.2,0.0
20260317_155836_750147,img_20260317_155836_750147.jpg,0.2,0.0
20260317_155836_805375,img_20260317_155836_805375.jpg,0.2,0.0
20260317_155836_848054,img_20260317_155836_848054.jpg,0.2,0.0
20260317_155836_912065,img_20260317_155836_912065.jpg,0.2,0.0
20260317_155836_962020,img_20260317_155836_962020.jpg,0.2,0.0
20260317_155837_013244,img_20260317_155837_013244.jpg,0.2,0.0
20260317_155837_053761,img_20260317_155837_053761.jpg,0.2,0.0
20260317_155837_119069,img_20260317_155837_119069.jpg,0.2,0.0
20260317_155837_182327,img_20260317_155837_182327.jpg,0.2,0.0
20260317_155837_221109,img_20260317_155837_221109.jpg,0.2,0.0
20260317_155837_275413,img_20260317_155837_275413.jpg,0.2,0.0
20260317_155837_327513,img_20260317_155837_327513.jpg,0.2,0.0
20260317_155837_380965,img_20260317_155837_380965.jpg,0.2,0.0
20260317_155837_429016,img_20260317_155837_429016.jpg,0.2,0.0
20260317_155837_483494,img_20260317_155837_483494.jpg,0.2,0.0
20260317_155837_531586,img_20260317_155837_531586.jpg,0.2,0.0
20260317_155837_578380,img_20260317_155837_578380.jpg,0.2,0.0
20260317_155837_645774,img_20260317_155837_645774.jpg,0.2,0.0
20260317_155837_688923,img_20260317_155837_688923.jpg,0.2,0.0
20260317_155837_740741,img_20260317_155837_740741.jpg,0.2,0.0
20260317_155837_795840,img_20260317_155837_795840.jpg,0.2,0.0
20260317_155837_841489,img_20260317_155837_841489.jpg,0.2,0.0
20260317_155837_893982,img_20260317_155837_893982.jpg,0.2,0.0
20260317_155837_944826,img_20260317_155837_944826.jpg,0.2,0.0
20260317_155837_987896,img_20260317_155837_987896.jpg,0.2,0.0
20260317_155838_032478,img_20260317_155838_032478.jpg,0.2,0.0
20260317_155838_098246,img_20260317_155838_098246.jpg,0.2,0.0
20260317_155838_139494,img_20260317_155838_139494.jpg,0.2,0.0
20260317_155838_196345,img_20260317_155838_196345.jpg,0.2,0.0
20260317_155838_252853,img_20260317_155838_252853.jpg,0.2,0.0
20260317_155838_298351,img_20260317_155838_298351.jpg,0.2,0.0
20260317_155838_356328,img_20260317_155838_356328.jpg,0.2,0.0
20260317_155838_407533,img_20260317_155838_407533.jpg,0.2,0.0
20260317_155838_463799,img_20260317_155838_463799.jpg,0.2,0.0
20260317_155838_510178,img_20260317_155838_510178.jpg,0.2,0.0
20260317_155838_567349,img_20260317_155838_567349.jpg,0.2,0.0
20260317_155838_614423,img_20260317_155838_614423.jpg,0.2,0.0
20260317_155838_668206,img_20260317_155838_668206.jpg,0.2,0.0
20260317_155838_718901,img_20260317_155838_718901.jpg,0.2,0.0
20260317_155838_764773,img_20260317_155838_764773.jpg,0.2,0.0
20260317_155838_824357,img_20260317_155838_824357.jpg,0.2,0.0
20260317_155838_877224,img_20260317_155838_877224.jpg,0.2,0.0
20260317_155838_930661,img_20260317_155838_930661.jpg,0.2,0.0
20260317_155838_972193,img_20260317_155838_972193.jpg,0.2,0.0
20260317_155839_032569,img_20260317_155839_032569.jpg,0.2,0.0
20260317_155839_092813,img_20260317_155839_092813.jpg,0.2,0.0
20260317_155839_136969,img_20260317_155839_136969.jpg,0.2,0.0
20260317_155839_187079,img_20260317_155839_187079.jpg,0.2,0.0
20260317_155839_236797,img_20260317_155839_236797.jpg,0.2,0.0
20260317_155839_289960,img_20260317_155839_289960.jpg,0.2,0.0
20260317_155839_342723,img_20260317_155839_342723.jpg,0.2,0.0
20260317_155839_398105,img_20260317_155839_398105.jpg,0.2,0.0
20260317_155839_431588,img_20260317_155839_431588.jpg,0.2,0.0
20260317_155839_495160,img_20260317_155839_495160.jpg,0.2,0.0
20260317_155839_535806,img_20260317_155839_535806.jpg,0.2,0.0
20260317_155839_599200,img_20260317_155839_599200.jpg,0.2,0.0
20260317_155839_646462,img_20260317_155839_646462.jpg,0.2,0.0
20260317_155839_703275,img_20260317_155839_703275.jpg,0.2,0.0
20260317_155839_753419,img_20260317_155839_753419.jpg,0.2,0.0
20260317_155839_806112,img_20260317_155839_806112.jpg,0.2,0.0
20260317_155839_856302,img_20260317_155839_856302.jpg,0.2,0.0
20260317_155839_914669,img_20260317_155839_914669.jpg,0.2,0.0
20260317_155839_965810,img_20260317_155839_965810.jpg,0.2,0.0
20260317_155840_018349,img_20260317_155840_018349.jpg,0.2,0.0
20260317_155840_065221,img_20260317_155840_065221.jpg,0.2,0.0
20260317_155840_120529,img_20260317_155840_120529.jpg,0.2,0.0
20260317_155840_171955,img_20260317_155840_171955.jpg,0.2,0.0
20260317_155840_226150,img_20260317_155840_226150.jpg,0.2,0.0
20260317_155840_289174,img_20260317_155840_289174.jpg,0.2,0.0
20260317_155840_330886,img_20260317_155840_330886.jpg,0.2,0.0
20260317_155840_380102,img_20260317_155840_380102.jpg,0.2,0.0
20260317_155840_438388,img_20260317_155840_438388.jpg,0.2,0.0
20260317_155840_489033,img_20260317_155840_489033.jpg,0.2,0.0
20260317_155840_542788,img_20260317_155840_542788.jpg,0.2,0.0
20260317_155840_593309,img_20260317_155840_593309.jpg,0.2,0.0
20260317_155840_641795,img_20260317_155840_641795.jpg,0.2,0.0
20260317_155840_695033,img_20260317_155840_695033.jpg,0.2,0.0
20260317_155840_744521,img_20260317_155840_744521.jpg,0.2,0.0
20260317_155840_801926,img_20260317_155840_801926.jpg,0.2,0.0
20260317_155840_845303,img_20260317_155840_845303.jpg,0.2,0.0
20260317_155840_901796,img_20260317_155840_901796.jpg,0.2,0.0
20260317_155840_949747,img_20260317_155840_949747.jpg,0.2,0.0
20260317_155841_005748,img_20260317_155841_005748.jpg,0.2,0.0
20260317_155841_053449,img_20260317_155841_053449.jpg,0.2,0.0
20260317_155841_106605,img_20260317_155841_106605.jpg,0.2,0.0
20260317_155841_146410,img_20260317_155841_146410.jpg,0.2,0.0
20260317_155841_208080,img_20260317_155841_208080.jpg,0.2,0.0
20260317_155841_257247,img_20260317_155841_257247.jpg,0.2,0.0
20260317_155841_304483,img_20260317_155841_304483.jpg,0.2,0.0
20260317_155841_373777,img_20260317_155841_373777.jpg,0.2,0.0
20260317_155841_415533,img_20260317_155841_415533.jpg,0.2,0.0
20260317_155841_458311,img_20260317_155841_458311.jpg,0.2,0.0
20260317_155841_520109,img_20260317_155841_520109.jpg,0.2,0.0
20260317_155841_559758,img_20260317_155841_559758.jpg,0.2,0.0
20260317_155841_623621,img_20260317_155841_623621.jpg,0.2,0.0
20260317_155841_662850,img_20260317_155841_662850.jpg,0.2,0.0
20260317_155841_727030,img_20260317_155841_727030.jpg,0.2,0.0
20260317_155841_775745,img_20260317_155841_775745.jpg,0.2,0.0
20260317_155841_829794,img_20260317_155841_829794.jpg,0.2,0.0
20260317_155841_867019,img_20260317_155841_867019.jpg,0.2,0.0
20260317_155841_931410,img_20260317_155841_931410.jpg,0.2,0.0
20260317_155841_996104,img_20260317_155841_996104.jpg,0.2,0.0
20260317_155842_041718,img_20260317_155842_041718.jpg,0.2,0.0
20260317_155842_089272,img_20260317_155842_089272.jpg,0.2,0.0
20260317_155842_140783,img_20260317_155842_140783.jpg,0.2,0.0
20260317_155842_194665,img_20260317_155842_194665.jpg,0.2,0.0
20260317_155842_247352,img_20260317_155842_247352.jpg,0.2,0.0
20260317_155842_285004,img_20260317_155842_285004.jpg,0.2,0.0
20260317_155842_346694,img_20260317_155842_346694.jpg,0.2,0.0
20260317_155842_397748,img_20260317_155842_397748.jpg,0.2,0.0
20260317_155842_448816,img_20260317_155842_448816.jpg,0.2,0.0
20260317_155842_500619,img_20260317_155842_500619.jpg,0.2,0.0
20260317_155842_555277,img_20260317_155842_555277.jpg,0.2,0.0
20260317_155842_611119,img_20260317_155842_611119.jpg,0.2,0.0
20260317_155842_658655,img_20260317_155842_658655.jpg,0.2,0.0
20260317_155842_705793,img_20260317_155842_705793.jpg,0.2,0.0
20260317_155842_760531,img_20260317_155842_760531.jpg,0.2,0.0
20260317_155842_812985,img_20260317_155842_812985.jpg,0.2,0.0
20260317_155842_869712,img_20260317_155842_869712.jpg,0.2,0.0
20260317_155842_916427,img_20260317_155842_916427.jpg,0.2,0.0
20260317_155842_971500,img_20260317_155842_971500.jpg,0.2,0.0
20260317_155843_018546,img_20260317_155843_018546.jpg,0.2,0.0
20260317_155843_070961,img_20260317_155843_070961.jpg,0.2,0.0
20260317_155843_119854,img_20260317_155843_119854.jpg,0.2,0.0
20260317_155843_177279,img_20260317_155843_177279.jpg,0.2,0.0
20260317_155843_224909,img_20260317_155843_224909.jpg,0.2,0.0
20260317_155843_278784,img_20260317_155843_278784.jpg,0.2,0.0
20260317_155843_330720,img_20260317_155843_330720.jpg,0.2,0.0
20260317_155843_387012,img_20260317_155843_387012.jpg,0.2,0.0
20260317_155843_433341,img_20260317_155843_433341.jpg,0.2,0.0
20260317_155843_484985,img_20260317_155843_484985.jpg,0.2,0.0
20260317_155843_532381,img_20260317_155843_532381.jpg,0.2,0.0
20260317_155843_576384,img_20260317_155843_576384.jpg,0.2,0.0
20260317_155843_638162,img_20260317_155843_638162.jpg,0.2,0.0
20260317_155843_694271,img_20260317_155843_694271.jpg,0.2,0.0
20260317_155843_734491,img_20260317_155843_734491.jpg,0.2,0.0
20260317_155843_800729,img_20260317_155843_800729.jpg,0.2,0.0
20260317_155843_848108,img_20260317_155843_848108.jpg,0.2,0.0
20260317_155843_897787,img_20260317_155843_897787.jpg,0.2,0.0
20260317_155843_951102,img_20260317_155843_951102.jpg,0.2,0.0
20260317_155844_002329,img_20260317_155844_002329.jpg,0.2,0.0
20260317_155844_054314,img_20260317_155844_054314.jpg,0.2,0.0
20260317_155844_106916,img_20260317_155844_106916.jpg,0.2,0.0
20260317_155844_162335,img_20260317_155844_162335.jpg,0.2,0.0
20260317_155844_199636,img_20260317_155844_199636.jpg,0.2,0.0
20260317_155844_264942,img_20260317_155844_264942.jpg,0.2,0.0
20260317_155844_312823,img_20260317_155844_312823.jpg,0.2,0.0
20260317_155844_364028,img_20260317_155844_364028.jpg,0.2,0.0
20260317_155844_425465,img_20260317_155844_425465.jpg,0.2,0.0
20260317_155844_470008,img_20260317_155844_470008.jpg,0.2,0.0
20260317_155844_517057,img_20260317_155844_517057.jpg,0.2,0.0
20260317_155844_559505,img_20260317_155844_559505.jpg,0.2,0.0
20260317_155844_625634,img_20260317_155844_625634.jpg,0.2,0.0
20260317_155844_682283,img_20260317_155844_682283.jpg,0.2,0.0
20260317_155844_735245,img_20260317_155844_735245.jpg,0.2,0.0
20260317_155844_781759,img_20260317_155844_781759.jpg,0.2,0.0
20260317_155844_832353,img_20260317_155844_832353.jpg,0.2,0.0
20260317_155844_884476,img_20260317_155844_884476.jpg,0.2,0.0
20260317_155844_936185,img_20260317_155844_936185.jpg,0.2,0.0
20260317_155844_998125,img_20260317_155844_998125.jpg,0.2,0.0
20260317_155845_041025,img_20260317_155845_041025.jpg,0.2,0.0
20260317_155845_078312,img_20260317_155845_078312.jpg,0.2,0.0
20260317_155845_132282,img_20260317_155845_132282.jpg,0.2,0.0
20260317_155845_192736,img_20260317_155845_192736.jpg,0.2,0.0
20260317_155845_235302,img_20260317_155845_235302.jpg,0.2,0.0
20260317_155845_293548,img_20260317_155845_293548.jpg,0.2,0.0
20260317_155845_346329,img_20260317_155845_346329.jpg,0.2,0.0
20260317_155845_401060,img_20260317_155845_401060.jpg,0.2,0.0
20260317_155845_439780,img_20260317_155845_439780.jpg,0.2,0.0
20260317_155845_489837,img_20260317_155845_489837.jpg,0.2,0.0
20260317_155845_561651,img_20260317_155845_561651.jpg,0.2,0.0
20260317_155845_607108,img_20260317_155845_607108.jpg,0.2,0.0
20260317_155845_657553,img_20260317_155845_657553.jpg,0.2,0.0
20260317_155845_712829,img_20260317_155845_712829.jpg,0.2,0.1
20260317_155845_769653,img_20260317_155845_769653.jpg,0.2,0.0
20260317_155845_804478,img_20260317_155845_804478.jpg,0.2,0.0
20260317_155845_858883,img_20260317_155845_858883.jpg,0.2,0.0
20260317_155845_921308,img_20260317_155845_921308.jpg,0.2,0.0
20260317_155845_977299,img_20260317_155845_977299.jpg,0.2,0.0
20260317_155846_030023,img_20260317_155846_030023.jpg,0.2,0.0
20260317_155846_076336,img_20260317_155846_076336.jpg,0.2,0.0
20260317_155846_127565,img_20260317_155846_127565.jpg,0.2,0.0
20260317_155846_170603,img_20260317_155846_170603.jpg,0.2,0.0
20260317_155846_230876,img_20260317_155846_230876.jpg,0.2,0.0
20260317_155846_275524,img_20260317_155846_275524.jpg,0.2,0.0
20260317_155846_337265,img_20260317_155846_337265.jpg,0.2,0.0
20260317_155846_374669,img_20260317_155846_374669.jpg,0.2,0.0
20260317_155846_441375,img_20260317_155846_441375.jpg,0.2,0.0
20260317_155846_490497,img_20260317_155846_490497.jpg,0.2,0.0
20260317_155846_542831,img_20260317_155846_542831.jpg,0.2,0.0
20260317_155846_590480,img_20260317_155846_590480.jpg,0.2,0.0
20260317_155846_635140,img_20260317_155846_635140.jpg,0.2,0.0
20260317_155846_696111,img_20260317_155846_696111.jpg,0.2,0.0
20260317_155846_749291,img_20260317_155846_749291.jpg,0.2,0.0
20260317_155846_805242,img_20260317_155846_805242.jpg,0.2,0.0
20260317_155846_854127,img_20260317_155846_854127.jpg,0.2,0.0
20260317_155846_905941,img_20260317_155846_905941.jpg,0.2,0.0
20260317_155846_955719,img_20260317_155846_955719.jpg,0.2,0.0
20260317_155847_001978,img_20260317_155847_001978.jpg,0.2,0.0
20260317_155847_049908,img_20260317_155847_049908.jpg,0.2,0.0
20260317_155847_112084,img_20260317_155847_112084.jpg,0.2,0.0
20260317_155847_156983,img_20260317_155847_156983.jpg,0.2,0.0
20260317_155847_219133,img_20260317_155847_219133.jpg,0.2,0.0
20260317_155847_275015,img_20260317_155847_275015.jpg,0.2,0.0
20260317_155847_326241,img_20260317_155847_326241.jpg,0.2,0.0
20260317_155847_374431,img_20260317_155847_374431.jpg,0.2,0.0
20260317_155847_428367,img_20260317_155847_428367.jpg,0.2,0.0
20260317_155847_482047,img_20260317_155847_482047.jpg,0.2,0.0
20260317_155847_536442,img_20260317_155847_536442.jpg,0.2,0.0
20260317_155847_573560,img_20260317_155847_573560.jpg,0.2,0.0
20260317_155847_622369,img_20260317_155847_622369.jpg,0.2,0.0
20260317_155847_692665,img_20260317_155847_692665.jpg,0.2,0.0
20260317_155847_735929,img_20260317_155847_735929.jpg,0.2,0.0
20260317_155847_793045,img_20260317_155847_793045.jpg,0.2,0.0
20260317_155847_833367,img_20260317_155847_833367.jpg,0.2,0.0
20260317_155847_896673,img_20260317_155847_896673.jpg,0.2,0.0
20260317_155847_946491,img_20260317_155847_946491.jpg,0.2,0.0
20260317_155847_999779,img_20260317_155847_999779.jpg,0.2,0.0
20260317_155848_041254,img_20260317_155848_041254.jpg,0.2,0.0
20260317_155848_101971,img_20260317_155848_101971.jpg,0.2,0.0
20260317_155848_143589,img_20260317_155848_143589.jpg,0.2,0.0
20260317_155848_200741,img_20260317_155848_200741.jpg,0.2,0.0
20260317_155848_259880,img_20260317_155848_259880.jpg,0.2,0.0
20260317_155848_314383,img_20260317_155848_314383.jpg,0.2,0.0
20260317_155848_365335,img_20260317_155848_365335.jpg,0.2,0.0
20260317_155848_416804,img_20260317_155848_416804.jpg,0.2,0.0
20260317_155847_127113,img_20260317_155847_127113.jpg,0.2,0.0
20260317_155847_178858,img_20260317_155847_178858.jpg,0.2,0.0
20260317_155847_238404,img_20260317_155847_238404.jpg,0.2,0.0
20260317_155847_283188,img_20260317_155847_283188.jpg,0.2,0.0
20260317_155847_333011,img_20260317_155847_333011.jpg,0.2,0.0
20260317_155847_374330,img_20260317_155847_374330.jpg,0.2,0.0
20260317_155847_438308,img_20260317_155847_438308.jpg,0.2,0.0
20260317_155847_490479,img_20260317_155847_490479.jpg,0.2,0.0
20260317_155847_536781,img_20260317_155847_536781.jpg,0.2,0.0
20260317_155847_584195,img_20260317_155847_584195.jpg,0.2,0.0
20260317_155847_645686,img_20260317_155847_645686.jpg,0.2,0.0
20260317_155847_698565,img_20260317_155847_698565.jpg,0.2,0.0
20260317_155847_752914,img_20260317_155847_752914.jpg,0.2,0.0
20260317_155847_793087,img_20260317_155847_793087.jpg,0.2,0.0
20260317_155847_859347,img_20260317_155847_859347.jpg,0.2,0.0
20260317_155847_905045,img_20260317_155847_905045.jpg,0.2,0.0
20260317_155847_949040,img_20260317_155847_949040.jpg,0.2,0.0
20260317_155847_996905,img_20260317_155847_996905.jpg,0.2,0.0
20260317_155848_067145,img_20260317_155848_067145.jpg,0.2,0.0
20260317_155848_120080,img_20260317_155848_120080.jpg,0.2,0.0
20260317_155848_160107,img_20260317_155848_160107.jpg,0.2,0.0
20260317_155848_220700,img_20260317_155848_220700.jpg,0.2,0.0
20260317_155848_264106,img_20260317_155848_264106.jpg,0.2,0.0
20260317_155848_326272,img_20260317_155848_326272.jpg,0.2,0.0
20260317_155848_370876,img_20260317_155848_370876.jpg,0.2,0.0
20260317_155848_431391,img_20260317_155848_431391.jpg,0.2,0.0
20260317_155848_488336,img_20260317_155848_488336.jpg,0.2,0.0
20260317_155848_536119,img_20260317_155848_536119.jpg,0.2,0.0
20260317_155848_585158,img_20260317_155848_585158.jpg,0.2,0.0
20260317_155848_626897,img_20260317_155848_626897.jpg,0.2,0.0
20260317_155848_686682,img_20260317_155848_686682.jpg,0.2,0.0
20260317_155848_730299,img_20260317_155848_730299.jpg,0.2,0.0
20260317_155848_785653,img_20260317_155848_785653.jpg,0.2,0.0
20260317_155848_849403,img_20260317_155848_849403.jpg,0.2,0.0
20260317_155848_898792,img_20260317_155848_898792.jpg,0.2,0.0
20260317_155848_949499,img_20260317_155848_949499.jpg,0.2,0.0
20260317_155849_001761,img_20260317_155849_001761.jpg,0.2,0.0
20260317_155849_054306,img_20260317_155849_054306.jpg,0.2,0.0
20260317_155849_092605,img_20260317_155849_092605.jpg,0.2,0.0
20260317_155849_158088,img_20260317_155849_158088.jpg,0.2,0.0
20260317_155849_217626,img_20260317_155849_217626.jpg,0.2,0.0
20260317_155849_261882,img_20260317_155849_261882.jpg,0.2,0.0
20260317_155849_310144,img_20260317_155849_310144.jpg,0.2,0.0
20260317_155849_366654,img_20260317_155849_366654.jpg,0.2,0.0
20260317_155849_417965,img_20260317_155849_417965.jpg,0.2,0.0
20260317_155849_473603,img_20260317_155849_473603.jpg,0.2,0.0
20260317_155849_521822,img_20260317_155849_521822.jpg,0.2,0.0
20260317_155849_576026,img_20260317_155849_576026.jpg,0.2,0.0
20260317_155849_613523,img_20260317_155849_613523.jpg,0.2,0.0
20260317_155849_683220,img_20260317_155849_683220.jpg,0.2,0.0
20260317_155849_734465,img_20260317_155849_734465.jpg,0.2,0.0
20260317_155849_779513,img_20260317_155849_779513.jpg,0.2,0.0
20260317_155849_834628,img_20260317_155849_834628.jpg,0.2,0.0
20260317_155849_874136,img_20260317_155849_874136.jpg,0.2,0.0
20260317_155849_928832,img_20260317_155849_928832.jpg,0.2,0.0
20260317_155849_988540,img_20260317_155849_988540.jpg,0.2,0.0
20260317_155850_042420,img_20260317_155850_042420.jpg,0.2,0.0
20260317_155850_091019,img_20260317_155850_091019.jpg,0.2,0.0
20260317_155850_145531,img_20260317_155850_145531.jpg,0.2,0.0
20260317_155850_195672,img_20260317_155850_195672.jpg,0.2,0.0
20260317_155850_240501,img_20260317_155850_240501.jpg,0.2,0.0
20260317_155850_308137,img_20260317_155850_308137.jpg,0.2,0.0
20260317_155850_345272,img_20260317_155850_345272.jpg,0.2,0.0
20260317_155850_407984,img_20260317_155850_407984.jpg,0.2,0.0
20260317_155850_457915,img_20260317_155850_457915.jpg,0.2,0.0
20260317_155850_511145,img_20260317_155850_511145.jpg,0.2,0.0
20260317_155850_562076,img_20260317_155850_562076.jpg,0.2,0.0
20260317_155850_614004,img_20260317_155850_614004.jpg,0.2,0.0
20260317_155850_666019,img_20260317_155850_666019.jpg,0.2,0.0
20260317_155850_719458,img_20260317_155850_719458.jpg,0.2,0.0
20260317_155850_769860,img_20260317_155850_769860.jpg,0.2,0.0
20260317_155850_821585,img_20260317_155850_821585.jpg,0.2,0.0
20260317_155850_886752,img_20260317_155850_886752.jpg,0.2,0.0
20260317_155850_932654,img_20260317_155850_932654.jpg,0.2,0.0
20260317_155850_979079,img_20260317_155850_979079.jpg,0.2,0.0
20260317_155851_030791,img_20260317_155851_030791.jpg,0.2,0.0
20260317_155851_070326,img_20260317_155851_070326.jpg,0.2,0.0
20260317_155851_123675,img_20260317_155851_123675.jpg,0.2,0.0
20260317_155851_174797,img_20260317_155851_174797.jpg,0.2,0.0
20260317_155851_230189,img_20260317_155851_230189.jpg,0.2,0.0
20260317_155851_291029,img_20260317_155851_291029.jpg,0.2,0.0
20260317_155851_347155,img_20260317_155851_347155.jpg,0.2,0.0
20260317_155851_395674,img_20260317_155851_395674.jpg,0.2,0.0
20260317_155851_450190,img_20260317_155851_450190.jpg,0.2,0.0
20260317_155851_509791,img_20260317_155851_509791.jpg,0.2,0.0
20260317_155851_552160,img_20260317_155851_552160.jpg,0.2,0.0
20260317_155851_601235,img_20260317_155851_601235.jpg,0.2,0.0
20260317_155851_646442,img_20260317_155851_646442.jpg,0.2,0.0
20260317_155851_708829,img_20260317_155851_708829.jpg,0.2,0.0
20260317_155851_761498,img_20260317_155851_761498.jpg,0.2,0.0
20260317_155851_803588,img_20260317_155851_803588.jpg,0.2,0.0
20260317_155851_863454,img_20260317_155851_863454.jpg,0.2,0.0
20260317_155851_915427,img_20260317_155851_915427.jpg,0.2,0.0
20260317_155851_969805,img_20260317_155851_969805.jpg,0.2,0.0
20260317_155852_017065,img_20260317_155852_017065.jpg,0.2,0.0
20260317_155852_062096,img_20260317_155852_062096.jpg,0.2,0.0
20260317_155852_130141,img_20260317_155852_130141.jpg,0.2,0.0
20260317_155852_173593,img_20260317_155852_173593.jpg,0.2,0.0
20260317_155852_223816,img_20260317_155852_223816.jpg,0.2,0.0
20260317_155852_275316,img_20260317_155852_275316.jpg,0.2,0.0
20260317_155852_320659,img_20260317_155852_320659.jpg,0.2,0.0
20260317_155852_370598,img_20260317_155852_370598.jpg,0.2,0.0
20260317_155852_434588,img_20260317_155852_434588.jpg,0.2,0.0
20260317_155852_485250,img_20260317_155852_485250.jpg,0.2,0.0
20260317_155852_523735,img_20260317_155852_523735.jpg,0.2,0.0
20260317_155852_571964,img_20260317_155852_571964.jpg,0.2,0.0
20260317_155852_635364,img_20260317_155852_635364.jpg,0.2,0.0
20260317_155852_677499,img_20260317_155852_677499.jpg,0.2,0.0
20260317_155852_742441,img_20260317_155852_742441.jpg,0.2,0.0
20260317_155852_793280,img_20260317_155852_793280.jpg,0.2,0.0
20260317_155852_848505,img_20260317_155852_848505.jpg,0.2,0.0
20260317_155852_897916,img_20260317_155852_897916.jpg,0.2,0.0
20260317_155852_955667,img_20260317_155852_955667.jpg,0.2,0.0
20260317_155852_993391,img_20260317_155852_993391.jpg,0.2,0.0
20260317_155853_059014,img_20260317_155853_059014.jpg,0.2,0.0
20260317_155853_109849,img_20260317_155853_109849.jpg,0.2,0.0
20260317_155853_167633,img_20260317_155853_167633.jpg,0.2,0.0
20260317_155853_214216,img_20260317_155853_214216.jpg,0.2,0.0
20260317_155853_270961,img_20260317_155853_270961.jpg,0.2,0.0
20260317_155853_323202,img_20260317_155853_323202.jpg,0.2,0.0
20260317_155853_375571,img_20260317_155853_375571.jpg,0.2,0.0
20260317_155853_426073,img_20260317_155853_426073.jpg,0.2,0.0
20260317_155853_481253,img_20260317_155853_481253.jpg,0.2,0.0
20260317_155853_531545,img_20260317_155853_531545.jpg,0.2,0.0
20260317_155853_584466,img_20260317_155853_584466.jpg,0.2,0.0
20260317_155853_637128,img_20260317_155853_637128.jpg,0.2,0.0
20260317_155853_685127,img_20260317_155853_685127.jpg,0.2,0.0
20260317_155853_739325,img_20260317_155853_739325.jpg,0.2,0.0
20260317_155853_782082,img_20260317_155853_782082.jpg,0.2,0.0
20260317_155853_837433,img_20260317_155853_837433.jpg,0.2,0.0
20260317_155853_895882,img_20260317_155853_895882.jpg,0.2,0.0
20260317_155853_938525,img_20260317_155853_938525.jpg,0.2,0.0
20260317_155854_005761,img_20260317_155854_005761.jpg,0.2,0.0
20260317_155854_051105,img_20260317_155854_051105.jpg,0.2,0.0
20260317_155854_105969,img_20260317_155854_105969.jpg,0.2,0.0
20260317_155854_157590,img_20260317_155854_157590.jpg,0.2,0.0
20260317_155854_200530,img_20260317_155854_200530.jpg,0.2,0.0
20260317_155854_258276,img_20260317_155854_258276.jpg,0.2,0.0
20260317_155854_306942,img_20260317_155854_306942.jpg,0.2,0.0
20260317_155854_365611,img_20260317_155854_365611.jpg,0.2,0.0
20260317_155854_410972,img_20260317_155854_410972.jpg,0.2,0.0
20260317_155854_454395,img_20260317_155854_454395.jpg,0.2,0.0
20260317_155854_515173,img_20260317_155854_515173.jpg,0.2,0.0
20260317_155854_569985,img_20260317_155854_569985.jpg,0.2,0.0
20260317_155854_621695,img_20260317_155854_621695.jpg,0.2,0.0
20260317_155854_672763,img_20260317_155854_672763.jpg,0.2,0.0
20260317_155854_725717,img_20260317_155854_725717.jpg,0.2,0.0
20260317_155854_775878,img_20260317_155854_775878.jpg,0.2,0.0
20260317_155854_830648,img_20260317_155854_830648.jpg,0.2,0.0
20260317_155854_871603,img_20260317_155854_871603.jpg,0.2,0.0
20260317_155854_931580,img_20260317_155854_931580.jpg,0.2,0.0
20260317_155854_981137,img_20260317_155854_981137.jpg,0.2,0.0
20260317_155855_040167,img_20260317_155855_040167.jpg,0.2,0.0
20260317_155855_089727,img_20260317_155855_089727.jpg,0.2,0.0
20260317_155855_141593,img_20260317_155855_141593.jpg,0.2,0.0
20260317_155855_180993,img_20260317_155855_180993.jpg,0.2,0.0
20260317_155855_241529,img_20260317_155855_241529.jpg,0.2,0.0
20260317_155855_305227,img_20260317_155855_305227.jpg,0.2,0.0
20260317_155855_348775,img_20260317_155855_348775.jpg,0.2,0.0
20260317_155855_402621,img_20260317_155855_402621.jpg,0.2,0.0
20260317_155855_454420,img_20260317_155855_454420.jpg,0.2,0.0
20260317_155855_495778,img_20260317_155855_495778.jpg,0.2,0.0
20260317_155855_547597,img_20260317_155855_547597.jpg,0.2,0.0
20260317_155855_598970,img_20260317_155855_598970.jpg,0.2,0.0
20260317_155855_662445,img_20260317_155855_662445.jpg,0.2,0.0
20260317_155855_714287,img_20260317_155855_714287.jpg,0.2,0.0
20260317_155855_754817,img_20260317_155855_754817.jpg,0.2,0.0
20260317_155855_816298,img_20260317_155855_816298.jpg,0.2,0.0
20260317_155855_860568,img_20260317_155855_860568.jpg,0.2,0.0
20260317_155855_928726,img_20260317_155855_928726.jpg,0.2,0.0
20260317_155855_986391,img_20260317_155855_986391.jpg,0.2,0.0
20260317_155856_032705,img_20260317_155856_032705.jpg,0.2,0.0
20260317_155856_072946,img_20260317_155856_072946.jpg,0.2,0.0
20260317_155856_123947,img_20260317_155856_123947.jpg,0.2,0.0
20260317_155856_186042,img_20260317_155856_186042.jpg,0.2,0.0
20260317_155856_238572,img_20260317_155856_238572.jpg,0.2,0.0
20260317_155856_287868,img_20260317_155856_287868.jpg,0.2,0.0
20260317_155856_332776,img_20260317_155856_332776.jpg,0.2,0.0
20260317_155856_392953,img_20260317_155856_392953.jpg,0.2,0.0
20260317_155856_443284,img_20260317_155856_443284.jpg,0.2,0.0
20260317_155856_488010,img_20260317_155856_488010.jpg,0.2,0.0
20260317_155856_545368,img_20260317_155856_545368.jpg,0.2,0.0
20260317_155856_598154,img_20260317_155856_598154.jpg,0.2,0.0
20260317_155856_652223,img_20260317_155856_652223.jpg,0.2,0.0
20260317_155856_702157,img_20260317_155856_702157.jpg,0.2,0.0
20260317_155856_755763,img_20260317_155856_755763.jpg,0.2,0.0
20260317_155856_816296,img_20260317_155856_816296.jpg,0.2,0.0
20260317_155856_850951,img_20260317_155856_850951.jpg,0.2,0.0
20260317_155856_911083,img_20260317_155856_911083.jpg,0.2,0.0
20260317_155856_950657,img_20260317_155856_950657.jpg,0.2,0.0
20260317_155857_018740,img_20260317_155857_018740.jpg,0.2,0.0
20260317_155857_068525,img_20260317_155857_068525.jpg,0.2,0.0
20260317_155857_113101,img_20260317_155857_113101.jpg,0.2,0.0
20260317_155857_161236,img_20260317_155857_161236.jpg,0.2,0.0
20260317_155857_223821,img_20260317_155857_223821.jpg,0.2,0.0
20260317_155857_265026,img_20260317_155857_265026.jpg,0.2,0.0
20260317_155857_321007,img_20260317_155857_321007.jpg,0.2,0.0
20260317_155857_377447,img_20260317_155857_377447.jpg,0.2,0.0
20260317_155857_432721,img_20260317_155857_432721.jpg,0.2,0.0
20260317_155857_488511,img_20260317_155857_488511.jpg,0.2,0.0
20260317_155857_539611,img_20260317_155857_539611.jpg,0.2,0.0
20260317_155857_587685,img_20260317_155857_587685.jpg,0.2,0.0
20260317_155857_644980,img_20260317_155857_644980.jpg,0.2,0.0
20260317_155857_685385,img_20260317_155857_685385.jpg,0.2,0.0
20260317_155857_749665,img_20260317_155857_749665.jpg,0.2,0.0
20260317_155857_799495,img_20260317_155857_799495.jpg,0.2,0.0
20260317_155857_854657,img_20260317_155857_854657.jpg,0.2,0.0
20260317_155857_902091,img_20260317_155857_902091.jpg,0.2,0.0
20260317_155857_942929,img_20260317_155857_942929.jpg,0.2,0.0
20260317_155858_003068,img_20260317_155858_003068.jpg,0.2,0.0
20260317_155858_058075,img_20260317_155858_058075.jpg,0.2,0.0
20260317_155858_098978,img_20260317_155858_098978.jpg,0.2,0.0
20260317_155858_167863,img_20260317_155858_167863.jpg,0.2,0.0
20260317_155858_213083,img_20260317_155858_213083.jpg,0.2,0.0
20260317_155858_267494,img_20260317_155858_267494.jpg,0.2,0.0
20260317_155858_309865,img_20260317_155858_309865.jpg,0.2,0.0
20260317_155858_365393,img_20260317_155858_365393.jpg,0.2,0.0
20260317_155858_416698,img_20260317_155858_416698.jpg,0.2,0.0
20260317_155858_471080,img_20260317_155858_471080.jpg,0.2,0.0
20260317_155858_528033,img_20260317_155858_528033.jpg,0.2,0.0
20260317_155858_584139,img_20260317_155858_584139.jpg,0.2,0.0
20260317_155858_624384,img_20260317_155858_624384.jpg,0.2,0.0
20260317_155858_689357,img_20260317_155858_689357.jpg,0.2,0.0
20260317_155858_753720,img_20260317_155858_753720.jpg,0.2,0.0
20260317_155858_787770,img_20260317_155858_787770.jpg,0.2,0.0
20260317_155858_846560,img_20260317_155858_846560.jpg,0.2,0.0
20260317_155858_890680,img_20260317_155858_890680.jpg,0.2,-0.1
20260317_155858_947134,img_20260317_155858_947134.jpg,0.2,0.0
20260317_155859_008146,img_20260317_155859_008146.jpg,0.2,0.0
20260317_155859_063823,img_20260317_155859_063823.jpg,0.2,0.0
20260317_155859_113233,img_20260317_155859_113233.jpg,0.2,0.0
20260317_155859_165898,img_20260317_155859_165898.jpg,0.2,0.0
20260317_155859_214884,img_20260317_155859_214884.jpg,0.2,0.0
20260317_155859_257100,img_20260317_155859_257100.jpg,0.2,0.0
20260317_155859_311409,img_20260317_155859_311409.jpg,0.2,-0.1
20260317_155859_372177,img_20260317_155859_372177.jpg,0.2,-0.1
20260317_155859_426658,img_20260317_155859_426658.jpg,0.2,-0.1
20260317_155859_469053,img_20260317_155859_469053.jpg,0.2,0.0
20260317_155859_530229,img_20260317_155859_530229.jpg,0.2,0.0
20260317_155859_592256,img_20260317_155859_592256.jpg,0.2,0.0
20260317_155859_624457,img_20260317_155859_624457.jpg,0.2,0.0
20260317_155859_686243,img_20260317_155859_686243.jpg,0.2,0.0
20260317_155859_738985,img_20260317_155859_738985.jpg,0.2,-0.1
20260317_155859_781861,img_20260317_155859_781861.jpg,0.2,-0.1
20260317_155859_843246,img_20260317_155859_843246.jpg,0.2,0.0
20260317_155859_881311,img_20260317_155859_881311.jpg,0.2,0.0
20260317_155859_937703,img_20260317_155859_937703.jpg,0.2,0.0
20260317_155900_000742,img_20260317_155900_000742.jpg,0.2,0.0
20260317_155900_056752,img_20260317_155900_056752.jpg,0.2,0.0
20260317_155900_112103,img_20260317_155900_112103.jpg,0.2,0.0
20260317_155900_159364,img_20260317_155900_159364.jpg,0.2,0.0
20260317_155900_210726,img_20260317_155900_210726.jpg,0.2,0.0
20260317_155900_263913,img_20260317_155900_263913.jpg,0.2,-0.1
20260317_155900_303711,img_20260317_155900_303711.jpg,0.2,-0.1
20260317_155900_366649,img_20260317_155900_366649.jpg,0.2,0.0
20260317_155900_419220,img_20260317_155900_419220.jpg,0.2,0.0
20260317_155900_467019,img_20260317_155900_467019.jpg,0.2,0.0
20260317_155900_526552,img_20260317_155900_526552.jpg,0.2,0.0
20260317_155900_577875,img_20260317_155900_577875.jpg,0.2,0.0
20260317_155900_632978,img_20260317_155900_632978.jpg,0.2,0.0
20260317_155900_683262,img_20260317_155900_683262.jpg,0.2,0.0
20260317_155900_723564,img_20260317_155900_723564.jpg,0.2,0.0
20260317_155900_788009,img_20260317_155900_788009.jpg,0.2,0.0
20260317_155900_843023,img_20260317_155900_843023.jpg,0.2,0.0
20260317_155900_893351,img_20260317_155900_893351.jpg,0.2,0.0
20260317_155900_944941,img_20260317_155900_944941.jpg,0.2,0.0
20260317_155900_987837,img_20260317_155900_987837.jpg,0.2,0.0
20260317_155901_040535,img_20260317_155901_040535.jpg,0.2,0.0
20260317_155901_102849,img_20260317_155901_102849.jpg,0.2,0.0
20260317_155901_157250,img_20260317_155901_157250.jpg,0.2,0.0
20260317_155901_197411,img_20260317_155901_197411.jpg,0.2,0.0
20260317_155901_260859,img_20260317_155901_260859.jpg,0.2,0.0
20260317_155901_315597,img_20260317_155901_315597.jpg,0.2,0.0
20260317_155901_367045,img_20260317_155901_367045.jpg,0.2,0.0
20260317_155901_430667,img_20260317_155901_430667.jpg,0.2,0.0
20260317_155901_463065,img_20260317_155901_463065.jpg,0.2,0.0
20260317_155901_512300,img_20260317_155901_512300.jpg,0.2,0.0
20260317_155901_577520,img_20260317_155901_577520.jpg,0.2,0.0
20260317_155901_630151,img_20260317_155901_630151.jpg,0.2,0.0
20260317_155901_681548,img_20260317_155901_681548.jpg,0.2,0.0
20260317_155901_729588,img_20260317_155901_729588.jpg,0.2,0.0
20260317_155901_772918,img_20260317_155901_772918.jpg,0.2,0.0
20260317_155901_839466,img_20260317_155901_839466.jpg,0.2,0.0
20260317_155901_886315,img_20260317_155901_886315.jpg,0.2,0.0
20260317_155901_941518,img_20260317_155901_941518.jpg,0.2,0.0
20260317_155901_979335,img_20260317_155901_979335.jpg,0.2,0.0
20260317_155902_045775,img_20260317_155902_045775.jpg,0.2,0.0
20260317_155902_093329,img_20260317_155902_093329.jpg,0.2,0.0
20260317_155902_148095,img_20260317_155902_148095.jpg,0.2,0.0
20260317_155902_196987,img_20260317_155902_196987.jpg,0.2,0.0
20260317_155902_251524,img_20260317_155902_251524.jpg,0.2,0.0
20260317_155902_307470,img_20260317_155902_307470.jpg,0.2,0.0
20260317_155902_348762,img_20260317_155902_348762.jpg,0.2,0.0
20260317_155902_397249,img_20260317_155902_397249.jpg,0.2,0.0
20260317_155902_450416,img_20260317_155902_450416.jpg,0.2,0.0
20260317_155902_516075,img_20260317_155902_516075.jpg,0.2,0.0
20260317_155902_560030,img_20260317_155902_560030.jpg,0.2,0.0
20260317_155902_618967,img_20260317_155902_618967.jpg,0.2,0.0
20260317_155902_672083,img_20260317_155902_672083.jpg,0.2,0.0
20260317_155902_728923,img_20260317_155902_728923.jpg,0.2,0.0
20260317_155902_778297,img_20260317_155902_778297.jpg,0.2,0.0
20260317_155902_834979,img_20260317_155902_834979.jpg,0.2,0.0
20260317_155902_894261,img_20260317_155902_894261.jpg,0.2,0.0
20260317_155902_938943,img_20260317_155902_938943.jpg,0.2,0.0
20260317_155902_986553,img_20260317_155902_986553.jpg,0.2,0.0
20260317_155903_038145,img_20260317_155903_038145.jpg,0.2,0.0
20260317_155903_094537,img_20260317_155903_094537.jpg,0.2,0.0
20260317_155903_147981,img_20260317_155903_147981.jpg,0.2,0.0
20260317_155903_200931,img_20260317_155903_200931.jpg,0.2,0.0
20260317_155903_253499,img_20260317_155903_253499.jpg,0.2,0.0
20260317_155903_302825,img_20260317_155903_302825.jpg,0.2,0.0
20260317_155903_346076,img_20260317_155903_346076.jpg,0.2,0.0
20260317_155903_409818,img_20260317_155903_409818.jpg,0.2,0.0
20260317_155903_462169,img_20260317_155903_462169.jpg,0.2,0.0
20260317_155903_520142,img_20260317_155903_520142.jpg,0.2,0.0
20260317_155903_556604,img_20260317_155903_556604.jpg,0.2,0.0
20260317_155903_618303,img_20260317_155903_618303.jpg,0.2,0.0
20260317_155903_671702,img_20260317_155903_671702.jpg,0.2,0.0
20260317_155903_723918,img_20260317_155903_723918.jpg,0.2,0.0
20260317_155903_773637,img_20260317_155903_773637.jpg,0.2,0.0
20260317_155903_823908,img_20260317_155903_823908.jpg,0.2,0.0
20260317_155903_894649,img_20260317_155903_894649.jpg,0.2,0.0
20260317_155903_943368,img_20260317_155903_943368.jpg,0.2,0.0
20260317_155903_995702,img_20260317_155903_995702.jpg,0.2,0.0
20260317_155904_036160,img_20260317_155904_036160.jpg,0.2,0.0
20260317_155904_097951,img_20260317_155904_097951.jpg,0.2,0.0
20260317_155904_150650,img_20260317_155904_150650.jpg,0.2,0.0
20260317_155904_205681,img_20260317_155904_205681.jpg,0.2,0.0
20260317_155904_256890,img_20260317_155904_256890.jpg,0.2,0.0
20260317_155904_309011,img_20260317_155904_309011.jpg,0.2,0.0
20260317_155904_349570,img_20260317_155904_349570.jpg,0.2,0.0
20260317_155904_422286,img_20260317_155904_422286.jpg,0.2,0.0
20260317_155904_457684,img_20260317_155904_457684.jpg,0.2,0.0
20260317_155904_510076,img_20260317_155904_510076.jpg,0.2,0.0
20260317_155904_560050,img_20260317_155904_560050.jpg,0.2,0.0
20260317_155904_614748,img_20260317_155904_614748.jpg,0.2,0.0
20260317_155904_675433,img_20260317_155904_675433.jpg,0.2,0.0
20260317_155904_732420,img_20260317_155904_732420.jpg,0.2,0.0
20260317_155904_779751,img_20260317_155904_779751.jpg,0.2,0.0
20260317_155904_833194,img_20260317_155904_833194.jpg,0.2,0.0
20260317_155904_874453,img_20260317_155904_874453.jpg,0.2,0.0
20260317_155904_936428,img_20260317_155904_936428.jpg,0.2,0.0
20260317_155904_980388,img_20260317_155904_980388.jpg,0.2,0.0
20260317_155905_041290,img_20260317_155905_041290.jpg,0.2,0.0
20260317_155905_082198,img_20260317_155905_082198.jpg,0.2,0.0
20260317_155905_137806,img_20260317_155905_137806.jpg,0.2,0.0
20260317_155905_186540,img_20260317_155905_186540.jpg,0.2,0.0
20260317_155905_240202,img_20260317_155905_240202.jpg,0.2,0.0
20260317_155905_312405,img_20260317_155905_312405.jpg,0.2,0.0
20260317_155905_358626,img_20260317_155905_358626.jpg,0.2,0.0
20260317_155905_409836,img_20260317_155905_409836.jpg,0.2,0.0
20260317_155905_451388,img_20260317_155905_451388.jpg,0.2,0.0
20260317_155905_519119,img_20260317_155905_519119.jpg,0.2,0.0
20260317_155905_560966,img_20260317_155905_560966.jpg,0.2,0.0
20260317_155905_622359,img_20260317_155905_622359.jpg,0.2,0.0
20260317_155905_672822,img_20260317_155905_672822.jpg,0.2,0.0
20260317_155905_712147,img_20260317_155905_712147.jpg,0.2,0.0
20260317_155905_788068,img_20260317_155905_788068.jpg,0.2,0.0
20260317_155905_828157,img_20260317_155905_828157.jpg,0.2,0.0
20260317_155905_881538,img_20260317_155905_881538.jpg,0.2,0.0
20260317_155905_932897,img_20260317_155905_932897.jpg,0.2,0.0
20260317_155905_977037,img_20260317_155905_977037.jpg,0.2,0.0
20260317_155906_038632,img_20260317_155906_038632.jpg,0.2,0.0
20260317_155906_079797,img_20260317_155906_079797.jpg,0.2,0.0
20260317_155906_144331,img_20260317_155906_144331.jpg,0.2,0.0
20260317_155906_193436,img_20260317_155906_193436.jpg,0.2,0.0
20260317_155906_248315,img_20260317_155906_248315.jpg,0.2,0.0
20260317_155906_299057,img_20260317_155906_299057.jpg,0.2,0.0
20260317_155906_351665,img_20260317_155906_351665.jpg,0.2,0.0
20260317_155906_402841,img_20260317_155906_402841.jpg,0.2,0.0
20260317_155906_457695,img_20260317_155906_457695.jpg,0.2,0.0
20260317_155906_521430,img_20260317_155906_521430.jpg,0.2,0.0
20260317_155906_564329,img_20260317_155906_564329.jpg,0.2,0.0
20260317_155906_610330,img_20260317_155906_610330.jpg,0.2,0.0
20260317_155906_664892,img_20260317_155906_664892.jpg,0.2,0.0
20260317_155906_717763,img_20260317_155906_717763.jpg,0.2,0.0
20260317_155906_771463,img_20260317_155906_771463.jpg,0.2,0.0
20260317_155906_825081,img_20260317_155906_825081.jpg,0.2,0.0
20260317_155906_867335,img_20260317_155906_867335.jpg,0.2,0.0
20260317_155906_929405,img_20260317_155906_929405.jpg,0.2,0.0
20260317_155906_973970,img_20260317_155906_973970.jpg,0.2,0.0
20260317_155907_040739,img_20260317_155907_040739.jpg,0.2,0.0
20260317_155907_096440,img_20260317_155907_096440.jpg,0.2,0.0
20260317_155907_143507,img_20260317_155907_143507.jpg,0.2,0.0
20260317_155907_185964,img_20260317_155907_185964.jpg,0.2,0.0
20260317_155907_236530,img_20260317_155907_236530.jpg,0.2,0.0
20260317_155907_289806,img_20260317_155907_289806.jpg,0.2,0.0
20260317_155907_355964,img_20260317_155907_355964.jpg,0.2,0.0
20260317_155907_405283,img_20260317_155907_405283.jpg,0.2,0.0
20260317_155907_459744,img_20260317_155907_459744.jpg,0.2,0.0
20260317_155907_501896,img_20260317_155907_501896.jpg,0.2,0.0
20260317_155907_553291,img_20260317_155907_553291.jpg,0.2,0.0
20260317_155907_613906,img_20260317_155907_613906.jpg,0.2,0.0
20260317_155907_666267,img_20260317_155907_666267.jpg,0.2,0.0
20260317_155907_717356,img_20260317_155907_717356.jpg,0.2,0.0
20260317_155907_771705,img_20260317_155907_771705.jpg,0.2,0.0
20260317_155907_829432,img_20260317_155907_829432.jpg,0.2,0.0
20260317_155907_875190,img_20260317_155907_875190.jpg,0.2,0.0
20260317_155907_924550,img_20260317_155907_924550.jpg,0.2,0.0
20260317_155907_975744,img_20260317_155907_975744.jpg,0.2,0.0
20260317_155908_028041,img_20260317_155908_028041.jpg,0.2,0.0
20260317_155908_083608,img_20260317_155908_083608.jpg,0.2,0.0
20260317_155908_137125,img_20260317_155908_137125.jpg,0.2,0.0
20260317_155908_189759,img_20260317_155908_189759.jpg,0.2,0.0
20260317_155908_237761,img_20260317_155908_237761.jpg,0.2,0.0
20260317_155908_288696,img_20260317_155908_288696.jpg,0.2,0.0
20260317_155908_349877,img_20260317_155908_349877.jpg,0.2,0.0
20260317_155908_393264,img_20260317_155908_393264.jpg,0.2,0.0
20260317_155908_441620,img_20260317_155908_441620.jpg,0.2,0.0
20260317_155908_498206,img_20260317_155908_498206.jpg,0.2,0.0
20260317_155908_540360,img_20260317_155908_540360.jpg,0.2,0.0
20260317_155908_606326,img_20260317_155908_606326.jpg,0.2,0.0
20260317_155908_656425,img_20260317_155908_656425.jpg,0.2,0.0
20260317_155908_708788,img_20260317_155908_708788.jpg,0.2,0.0
20260317_155908_761518,img_20260317_155908_761518.jpg,0.2,0.0
20260317_155908_815219,img_20260317_155908_815219.jpg,0.2,0.0
20260317_155908_854943,img_20260317_155908_854943.jpg,0.2,0.0
20260317_155908_920860,img_20260317_155908_920860.jpg,0.2,0.0
20260317_155908_971664,img_20260317_155908_971664.jpg,0.2,0.0
20260317_155909_025233,img_20260317_155909_025233.jpg,0.2,0.0
20260317_155909_064789,img_20260317_155909_064789.jpg,0.2,0.0
20260317_155909_119337,img_20260317_155909_119337.jpg,0.2,0.0
20260317_155909_190878,img_20260317_155909_190878.jpg,0.2,0.0
20260317_155909_237547,img_20260317_155909_237547.jpg,0.2,0.0
20260317_155909_273632,img_20260317_155909_273632.jpg,0.2,0.0
20260317_155909_337972,img_20260317_155909_337972.jpg,0.2,0.0
20260317_155909_378993,img_20260317_155909_378993.jpg,0.2,0.0
20260317_155909_442844,img_20260317_155909_442844.jpg,0.2,0.0
20260317_155909_492791,img_20260317_155909_492791.jpg,0.2,0.0
20260317_155909_533002,img_20260317_155909_533002.jpg,0.2,0.0
20260317_155909_592292,img_20260317_155909_592292.jpg,0.2,0.0
20260317_155909_647170,img_20260317_155909_647170.jpg,0.2,0.0
20260317_155909_698300,img_20260317_155909_698300.jpg,0.2,0.0
20260317_155909_748453,img_20260317_155909_748453.jpg,0.2,0.0
20260317_155909_805530,img_20260317_155909_805530.jpg,0.2,0.0
20260317_155909_855819,img_20260317_155909_855819.jpg,0.2,0.0
20260317_155909_908039,img_20260317_155909_908039.jpg,0.2,0.0
20260317_155909_966124,img_20260317_155909_966124.jpg,0.2,0.0
20260317_155910_016957,img_20260317_155910_016957.jpg,0.2,0.0
20260317_155910_071568,img_20260317_155910_071568.jpg,0.2,0.0
20260317_155910_120445,img_20260317_155910_120445.jpg,0.2,0.0
20260317_155910_175261,img_20260317_155910_175261.jpg,0.2,0.0
20260317_155910_222284,img_20260317_155910_222284.jpg,0.2,0.0
20260317_155910_275673,img_20260317_155910_275673.jpg,0.2,0.0
20260317_155910_325429,img_20260317_155910_325429.jpg,0.2,0.0
20260317_155910_371404,img_20260317_155910_371404.jpg,0.2,0.0
20260317_155910_440439,img_20260317_155910_440439.jpg,0.2,0.0
20260317_155910_483755,img_20260317_155910_483755.jpg,0.2,0.0
20260317_155910_535992,img_20260317_155910_535992.jpg,0.2,0.0
20260317_155910_587171,img_20260317_155910_587171.jpg,0.2,0.0
20260317_155910_639676,img_20260317_155910_639676.jpg,0.2,0.0
20260317_155910_690506,img_20260317_155910_690506.jpg,0.2,0.0
20260317_155910_745955,img_20260317_155910_745955.jpg,0.2,0.0
20260317_155910_796107,img_20260317_155910_796107.jpg,0.2,0.0
20260317_155910_849981,img_20260317_155910_849981.jpg,0.2,0.0
20260317_155910_900892,img_20260317_155910_900892.jpg,0.2,0.0
20260317_155910_938595,img_20260317_155910_938595.jpg,0.2,0.0
20260317_155910_992441,img_20260317_155910_992441.jpg,0.2,0.0
20260317_155911_042390,img_20260317_155911_042390.jpg,0.2,0.0
20260317_155911_100576,img_20260317_155911_100576.jpg,0.2,0.0
20260317_155911_160069,img_20260317_155911_160069.jpg,0.2,0.0
20260317_155911_216676,img_20260317_155911_216676.jpg,0.2,0.1
20260317_155911_273149,img_20260317_155911_273149.jpg,0.2,0.0
20260317_155911_310306,img_20260317_155911_310306.jpg,0.2,0.0
20260317_155911_359562,img_20260317_155911_359562.jpg,0.2,0.0
20260317_155911_410509,img_20260317_155911_410509.jpg,0.2,0.0
20260317_155911_476230,img_20260317_155911_476230.jpg,0.2,0.0
20260317_155911_529752,img_20260317_155911_529752.jpg,0.2,0.0
20260317_155911_579801,img_20260317_155911_579801.jpg,0.2,0.0
20260317_155911_632886,img_20260317_155911_632886.jpg,0.2,0.0
20260317_155911_683101,img_20260317_155911_683101.jpg,0.2,0.1
20260317_155911_735505,img_20260317_155911_735505.jpg,0.2,0.1
20260317_155911_790726,img_20260317_155911_790726.jpg,0.2,0.1
20260317_155911_839188,img_20260317_155911_839188.jpg,0.2,0.0
20260317_155911_885109,img_20260317_155911_885109.jpg,0.2,0.0
20260317_155911_959708,img_20260317_155911_959708.jpg,0.2,0.0
20260317_155911_990049,img_20260317_155911_990049.jpg,0.2,0.0
20260317_155912_056023,img_20260317_155912_056023.jpg,0.2,0.1
20260317_155912_102069,img_20260317_155912_102069.jpg,0.2,0.1
20260317_155912_155281,img_20260317_155912_155281.jpg,0.2,0.1
20260317_155912_202951,img_20260317_155912_202951.jpg,0.2,0.0
20260317_155912_257069,img_20260317_155912_257069.jpg,0.2,0.0
20260317_155912_307364,img_20260317_155912_307364.jpg,0.2,0.0
20260317_155912_361160,img_20260317_155912_361160.jpg,0.2,0.0
20260317_155912_411210,img_20260317_155912_411210.jpg,0.2,0.1
20260317_155912_466040,img_20260317_155912_466040.jpg,0.2,0.1
20260317_155912_516492,img_20260317_155912_516492.jpg,0.2,0.1
20260317_155912_572221,img_20260317_155912_572221.jpg,0.2,0.1
20260317_155912_618964,img_20260317_155912_618964.jpg,0.2,0.1
20260317_155912_671906,img_20260317_155912_671906.jpg,0.2,0.0
20260317_155912_722327,img_20260317_155912_722327.jpg,0.2,0.0
20260317_155912_779626,img_20260317_155912_779626.jpg,0.2,0.1
20260317_155912_829318,img_20260317_155912_829318.jpg,0.2,0.1
20260317_155912_867670,img_20260317_155912_867670.jpg,0.2,0.1
20260317_155912_920782,img_20260317_155912_920782.jpg,0.2,0.1
20260317_155912_984286,img_20260317_155912_984286.jpg,0.2,0.1
20260317_155913_038866,img_20260317_155913_038866.jpg,0.2,0.1
20260317_155913_089816,img_20260317_155913_089816.jpg,0.2,0.1
20260317_155913_144156,img_20260317_155913_144156.jpg,0.2,0.1
20260317_155913_198183,img_20260317_155913_198183.jpg,0.2,0.1
20260317_155913_245938,img_20260317_155913_245938.jpg,0.2,0.0
20260317_155913_295639,img_20260317_155913_295639.jpg,0.2,0.0
20260317_155913_353015,img_20260317_155913_353015.jpg,0.2,0.1
20260317_155913_390970,img_20260317_155913_390970.jpg,0.2,0.1
20260317_155913_449603,img_20260317_155913_449603.jpg,0.2,0.1
20260317_155913_500413,img_20260317_155913_500413.jpg,0.2,0.1
20260317_155913_555786,img_20260317_155913_555786.jpg,0.2,0.1
20260317_155913_605838,img_20260317_155913_605838.jpg,0.2,0.1
20260317_155913_650256,img_20260317_155913_650256.jpg,0.2,0.1
20260317_155913_700950,img_20260317_155913_700950.jpg,0.2,0.1
20260317_155913_765132,img_20260317_155913_765132.jpg,0.2,0.1
20260317_155913_818428,img_20260317_155913_818428.jpg,0.2,0.1
20260317_155913_879652,img_20260317_155913_879652.jpg,0.2,0.1
20260317_155913_924373,img_20260317_155913_924373.jpg,0.2,0.1
20260317_155913_962949,img_20260317_155913_962949.jpg,0.2,0.1
20260317_155914_029560,img_20260317_155914_029560.jpg,0.2,0.0
20260317_155914_070598,img_20260317_155914_070598.jpg,0.2,0.0
20260317_155914_121695,img_20260317_155914_121695.jpg,0.2,0.0
20260317_155914_181818,img_20260317_155914_181818.jpg,0.2,0.0
20260317_155914_236745,img_20260317_155914_236745.jpg,0.2,0.0
20260317_155914_275713,img_20260317_155914_275713.jpg,0.2,0.0
20260317_155914_340250,img_20260317_155914_340250.jpg,0.2,0.0
20260317_155914_391813,img_20260317_155914_391813.jpg,0.2,0.0
20260317_155914_446161,img_20260317_155914_446161.jpg,0.2,0.0
20260317_155914_487567,img_20260317_155914_487567.jpg,0.2,0.0
20260317_155914_551035,img_20260317_155914_551035.jpg,0.2,0.0
20260317_155914_597681,img_20260317_155914_597681.jpg,0.2,0.0
20260317_155914_658201,img_20260317_155914_658201.jpg,0.2,0.0
20260317_155914_707558,img_20260317_155914_707558.jpg,0.2,0.0
20260317_155914_758533,img_20260317_155914_758533.jpg,0.2,0.0
20260317_155914_810221,img_20260317_155914_810221.jpg,0.2,0.0
20260317_155914_864808,img_20260317_155914_864808.jpg,0.2,0.0
20260317_155914_914749,img_20260317_155914_914749.jpg,0.2,0.0
20260317_155914_969941,img_20260317_155914_969941.jpg,0.2,0.0
20260317_155915_009854,img_20260317_155915_009854.jpg,0.2,0.0
20260317_155915_069298,img_20260317_155915_069298.jpg,0.2,0.0
20260317_155915_119217,img_20260317_155915_119217.jpg,0.2,0.0
20260317_155915_168136,img_20260317_155915_168136.jpg,0.2,0.0
20260317_155915_217241,img_20260317_155915_217241.jpg,0.2,0.0
20260317_155915_269109,img_20260317_155915_269109.jpg,0.2,0.0
20260317_155915_331977,img_20260317_155915_331977.jpg,0.2,0.0
20260317_155915_377218,img_20260317_155915_377218.jpg,0.2,0.0
20260317_155915_439499,img_20260317_155915_439499.jpg,0.2,0.1
20260317_155915_491025,img_20260317_155915_491025.jpg,0.2,0.0
20260317_155915_533326,img_20260317_155915_533326.jpg,0.2,0.0
20260317_155915_593220,img_20260317_155915_593220.jpg,0.2,0.0
20260317_155915_647636,img_20260317_155915_647636.jpg,0.2,0.0
20260317_155915_700159,img_20260317_155915_700159.jpg,0.2,0.0
20260317_155915_754065,img_20260317_155915_754065.jpg,0.2,0.0
20260317_155915_797584,img_20260317_155915_797584.jpg,0.2,0.0
20260317_155915_850577,img_20260317_155915_850577.jpg,0.2,0.1
20260317_155915_892569,img_20260317_155915_892569.jpg,0.2,0.1
20260317_155915_955842,img_20260317_155915_955842.jpg,0.2,0.1
20260317_155915_997146,img_20260317_155915_997146.jpg,0.2,0.0
20260317_155916_049465,img_20260317_155916_049465.jpg,0.2,0.0
20260317_155916_107039,img_20260317_155916_107039.jpg,0.2,0.0
20260317_155916_151312,img_20260317_155916_151312.jpg,0.2,0.0
20260317_155916_213106,img_20260317_155916_213106.jpg,0.2,0.0
20260317_155916_263758,img_20260317_155916_263758.jpg,0.2,0.0
20260317_155916_317187,img_20260317_155916_317187.jpg,0.2,0.1
20260317_155916_376908,img_20260317_155916_376908.jpg,0.2,0.1
20260317_155916_410507,img_20260317_155916_410507.jpg,0.2,0.1
20260317_155916_460908,img_20260317_155916_460908.jpg,0.2,0.0
20260317_155916_524512,img_20260317_155916_524512.jpg,0.2,0.0
20260317_155916_577383,img_20260317_155916_577383.jpg,0.2,0.0
20260317_155916_629661,img_20260317_155916_629661.jpg,0.2,0.0
20260317_155916_682049,img_20260317_155916_682049.jpg,0.2,0.0
20260317_155916_725620,img_20260317_155916_725620.jpg,0.2,0.1
20260317_155916_774450,img_20260317_155916_774450.jpg,0.2,0.1
20260317_155916_848916,img_20260317_155916_848916.jpg,0.2,0.1
20260317_155916_892879,img_20260317_155916_892879.jpg,0.2,0.0
20260317_155916_941481,img_20260317_155916_941481.jpg,0.2,0.0
20260317_155916_995089,img_20260317_155916_995089.jpg,0.2,0.0
20260317_155917_045254,img_20260317_155917_045254.jpg,0.2,0.0
20260317_155917_097485,img_20260317_155917_097485.jpg,0.2,0.0
20260317_155917_150975,img_20260317_155917_150975.jpg,0.2,0.1
20260317_155917_205448,img_20260317_155917_205448.jpg,0.2,0.1
20260317_155917_267677,img_20260317_155917_267677.jpg,0.2,0.1
20260317_155917_311485,img_20260317_155917_311485.jpg,0.2,0.0
20260317_155917_350241,img_20260317_155917_350241.jpg,0.2,0.0
20260317_155917_409947,img_20260317_155917_409947.jpg,0.2,0.0
20260317_155917_451068,img_20260317_155917_451068.jpg,0.2,0.0
20260317_155917_507236,img_20260317_155917_507236.jpg,0.2,0.0
20260317_155917_566165,img_20260317_155917_566165.jpg,0.2,0.1
20260317_155917_621951,img_20260317_155917_621951.jpg,0.2,0.1
20260317_155917_680562,img_20260317_155917_680562.jpg,0.2,0.0
20260317_155917_725783,img_20260317_155917_725783.jpg,0.2,0.0
20260317_155917_765041,img_20260317_155917_765041.jpg,0.2,0.0
20260317_155917_817250,img_20260317_155917_817250.jpg,0.2,0.0
20260317_155917_882337,img_20260317_155917_882337.jpg,0.2,0.1
20260317_155917_934492,img_20260317_155917_934492.jpg,0.2,0.1
20260317_155917_985311,img_20260317_155917_985311.jpg,0.2,0.1
20260317_155918_037432,img_20260317_155918_037432.jpg,0.2,0.1
20260317_155918_089003,img_20260317_155918_089003.jpg,0.2,0.1
20260317_155918_139892,img_20260317_155918_139892.jpg,0.2,0.1
20260317_155918_188817,img_20260317_155918_188817.jpg,0.2,0.1
20260317_155918_230138,img_20260317_155918_230138.jpg,0.2,0.0
20260317_155918_305282,img_20260317_155918_305282.jpg,0.2,0.1
20260317_155918_347148,img_20260317_155918_347148.jpg,0.2,0.1
20260317_155918_400999,img_20260317_155918_400999.jpg,0.2,0.1
20260317_155918_453105,img_20260317_155918_453105.jpg,0.2,0.1
20260317_155918_505849,img_20260317_155918_505849.jpg,0.2,0.1
20260317_155918_559616,img_20260317_155918_559616.jpg,0.2,0.1
20260317_155918_613364,img_20260317_155918_613364.jpg,0.2,0.1
20260317_155918_665761,img_20260317_155918_665761.jpg,0.2,0.1
20260317_155918_707619,img_20260317_155918_707619.jpg,0.2,0.1
20260317_155918_767004,img_20260317_155918_767004.jpg,0.2,0.1
20260317_155918_813624,img_20260317_155918_813624.jpg,0.2,0.1
20260317_155918_874987,img_20260317_155918_874987.jpg,0.2,0.1
20260317_155918_933894,img_20260317_155918_933894.jpg,0.2,0.0
20260317_155918_979635,img_20260317_155918_979635.jpg,0.2,0.0
20260317_155919_020201,img_20260317_155919_020201.jpg,0.2,0.0
20260317_155919_081573,img_20260317_155919_081573.jpg,0.2,0.0
20260317_155919_122189,img_20260317_155919_122189.jpg,0.2,0.0
20260317_155919_188087,img_20260317_155919_188087.jpg,0.2,0.0
20260317_155919_238671,img_20260317_155919_238671.jpg,0.2,0.1
20260317_155919_291301,img_20260317_155919_291301.jpg,0.2,0.1
20260317_155919_332634,img_20260317_155919_332634.jpg,0.2,0.1
20260317_155918_048960,img_20260317_155918_048960.jpg,0.2,0.1
20260317_155918_103918,img_20260317_155918_103918.jpg,0.2,0.1
20260317_155918_153251,img_20260317_155918_153251.jpg,0.2,0.1
20260317_155918_217490,img_20260317_155918_217490.jpg,0.2,0.1
20260317_155918_264802,img_20260317_155918_264802.jpg,0.2,0.1
20260317_155918_316404,img_20260317_155918_316404.jpg,0.2,0.0
20260317_155918_368551,img_20260317_155918_368551.jpg,0.2,0.0
20260317_155918_419909,img_20260317_155918_419909.jpg,0.2,0.0
20260317_155918_463888,img_20260317_155918_463888.jpg,0.2,0.0
20260317_155918_528476,img_20260317_155918_528476.jpg,0.2,0.0
20260317_155918_576387,img_20260317_155918_576387.jpg,0.2,0.0
20260317_155918_618656,img_20260317_155918_618656.jpg,0.2,0.0
20260317_155918_679818,img_20260317_155918_679818.jpg,0.2,0.0
20260317_155918_730405,img_20260317_155918_730405.jpg,0.2,0.0
20260317_155918_784932,img_20260317_155918_784932.jpg,0.2,0.0
20260317_155918_832753,img_20260317_155918_832753.jpg,0.2,0.0
20260317_155918_885442,img_20260317_155918_885442.jpg,0.2,0.0
20260317_155918_936350,img_20260317_155918_936350.jpg,0.2,0.0
20260317_155918_991342,img_20260317_155918_991342.jpg,0.2,0.0
20260317_155919_039665,img_20260317_155919_039665.jpg,0.2,0.0
20260317_155919_089764,img_20260317_155919_089764.jpg,0.2,0.0
20260317_155919_144503,img_20260317_155919_144503.jpg,0.2,0.0
20260317_155919_195486,img_20260317_155919_195486.jpg,0.2,0.1
20260317_155919_245712,img_20260317_155919_245712.jpg,0.2,0.1
20260317_155919_301184,img_20260317_155919_301184.jpg,0.2,0.0
20260317_155919_348336,img_20260317_155919_348336.jpg,0.2,0.0
20260317_155919_403147,img_20260317_155919_403147.jpg,0.2,0.0
20260317_155919_453281,img_20260317_155919_453281.jpg,0.2,0.0
20260317_155919_504420,img_20260317_155919_504420.jpg,0.2,0.0
20260317_155919_554217,img_20260317_155919_554217.jpg,0.2,0.0
20260317_155919_607352,img_20260317_155919_607352.jpg,0.2,0.0
20260317_155919_658744,img_20260317_155919_658744.jpg,0.2,0.1
20260317_155919_713277,img_20260317_155919_713277.jpg,0.2,0.1
20260317_155919_754613,img_20260317_155919_754613.jpg,0.2,0.1
20260317_155919_816358,img_20260317_155919_816358.jpg,0.2,0.0
20260317_155919_869466,img_20260317_155919_869466.jpg,0.2,0.0
20260317_155919_908287,img_20260317_155919_908287.jpg,0.2,0.0
20260317_155919_968915,img_20260317_155919_968915.jpg,0.2,0.0
20260317_155920_020739,img_20260317_155920_020739.jpg,0.2,0.0
20260317_155920_075688,img_20260317_155920_075688.jpg,0.2,0.0
20260317_155920_130029,img_20260317_155920_130029.jpg,0.2,0.0
20260317_155920_176174,img_20260317_155920_176174.jpg,0.2,0.0
20260317_155920_216455,img_20260317_155920_216455.jpg,0.2,0.1
20260317_155920_278101,img_20260317_155920_278101.jpg,0.2,0.1
20260317_155920_333002,img_20260317_155920_333002.jpg,0.2,0.0
20260317_155920_386947,img_20260317_155920_386947.jpg,0.2,0.0
20260317_155920_435903,img_20260317_155920_435903.jpg,0.2,0.0
20260317_155920_487936,img_20260317_155920_487936.jpg,0.2,0.0
20260317_155920_537707,img_20260317_155920_537707.jpg,0.2,0.0
20260317_155920_588626,img_20260317_155920_588626.jpg,0.2,0.0
20260317_155920_656048,img_20260317_155920_656048.jpg,0.2,0.1
20260317_155920_687806,img_20260317_155920_687806.jpg,0.2,0.1
20260317_155920_740293,img_20260317_155920_740293.jpg,0.2,0.0
20260317_155920_799999,img_20260317_155920_799999.jpg,0.2,0.0
20260317_155920_857552,img_20260317_155920_857552.jpg,0.2,0.0
20260317_155920_905178,img_20260317_155920_905178.jpg,0.2,0.0
20260317_155920_958523,img_20260317_155920_958523.jpg,0.2,0.0
20260317_155921_007742,img_20260317_155921_007742.jpg,0.2,0.0
20260317_155921_065717,img_20260317_155921_065717.jpg,0.2,0.0
20260317_155921_127006,img_20260317_155921_127006.jpg,0.2,0.0
20260317_155921_170909,img_20260317_155921_170909.jpg,0.2,0.0
20260317_155921_218518,img_20260317_155921_218518.jpg,0.2,0.1
20260317_155921_271948,img_20260317_155921_271948.jpg,0.2,0.1
20260317_155921_325034,img_20260317_155921_325034.jpg,0.2,0.0
20260317_155921_378049,img_20260317_155921_378049.jpg,0.2,0.0
20260317_155921_417231,img_20260317_155921_417231.jpg,0.2,0.0
20260317_155921_482552,img_20260317_155921_482552.jpg,0.2,0.0
20260317_155921_521630,img_20260317_155921_521630.jpg,0.2,0.0
20260317_155921_587377,img_20260317_155921_587377.jpg,0.2,0.0
20260317_155921_635122,img_20260317_155921_635122.jpg,0.2,0.1
20260317_155921_679113,img_20260317_155921_679113.jpg,0.2,0.1
20260317_155921_738096,img_20260317_155921_738096.jpg,0.2,0.0
20260317_155921_791129,img_20260317_155921_791129.jpg,0.2,0.0
20260317_155921_845170,img_20260317_155921_845170.jpg,0.2,0.0
20260317_155921_903745,img_20260317_155921_903745.jpg,0.2,0.0
20260317_155921_947500,img_20260317_155921_947500.jpg,0.2,0.0
20260317_155921_985540,img_20260317_155921_985540.jpg,0.2,0.1
20260317_155922_048106,img_20260317_155922_048106.jpg,0.2,0.1
20260317_155922_092966,img_20260317_155922_092966.jpg,0.2,0.1
20260317_155922_154882,img_20260317_155922_154882.jpg,0.2,0.0
20260317_155922_206761,img_20260317_155922_206761.jpg,0.2,0.0
20260317_155922_259039,img_20260317_155922_259039.jpg,0.2,0.0
20260317_155922_309243,img_20260317_155922_309243.jpg,0.2,0.0
20260317_155922_362895,img_20260317_155922_362895.jpg,0.2,0.1
20260317_155922_420903,img_20260317_155922_420903.jpg,0.2,0.1
20260317_155922_463977,img_20260317_155922_463977.jpg,0.2,0.1
20260317_155922_524701,img_20260317_155922_524701.jpg,0.2,0.0
20260317_155922_572782,img_20260317_155922_572782.jpg,0.2,0.0
20260317_155922_627471,img_20260317_155922_627471.jpg,0.2,0.0
20260317_155922_675815,img_20260317_155922_675815.jpg,0.2,0.0
20260317_155922_721884,img_20260317_155922_721884.jpg,0.2,0.1
20260317_155922_768024,img_20260317_155922_768024.jpg,0.2,0.1
20260317_155922_831201,img_20260317_155922_831201.jpg,0.2,0.1
20260317_155922_881564,img_20260317_155922_881564.jpg,0.2,0.0
20260317_155922_938157,img_20260317_155922_938157.jpg,0.2,0.0
20260317_155922_988555,img_20260317_155922_988555.jpg,0.2,0.0
20260317_155923_041246,img_20260317_155923_041246.jpg,0.2,0.0
20260317_155923_102572,img_20260317_155923_102572.jpg,0.2,0.0
20260317_155923_147491,img_20260317_155923_147491.jpg,0.2,0.0
20260317_155923_195676,img_20260317_155923_195676.jpg,0.2,0.0
20260317_155923_241044,img_20260317_155923_241044.jpg,0.2,0.1
20260317_155923_291685,img_20260317_155923_291685.jpg,0.2,0.1
20260317_155923_353385,img_20260317_155923_353385.jpg,0.2,0.1
20260317_155923_408349,img_20260317_155923_408349.jpg,0.2,0.1
20260317_155923_451539,img_20260317_155923_451539.jpg,0.2,0.1
20260317_155923_504115,img_20260317_155923_504115.jpg,0.2,0.0
20260317_155923_565021,img_20260317_155923_565021.jpg,0.2,0.0
20260317_155923_620561,img_20260317_155923_620561.jpg,0.2,0.0
20260317_155923_668525,img_20260317_155923_668525.jpg,0.2,0.0
20260317_155923_723035,img_20260317_155923_723035.jpg,0.2,0.0
20260317_155923_762223,img_20260317_155923_762223.jpg,0.2,0.0
20260317_155923_826852,img_20260317_155923_826852.jpg,0.2,0.0
20260317_155923_876190,img_20260317_155923_876190.jpg,0.2,0.0
20260317_155923_920639,img_20260317_155923_920639.jpg,0.2,0.0
20260317_155923_968413,img_20260317_155923_968413.jpg,0.2,0.1
20260317_155924_033271,img_20260317_155924_033271.jpg,0.2,0.1
20260317_155924_077484,img_20260317_155924_077484.jpg,0.2,0.0
20260317_155924_133332,img_20260317_155924_133332.jpg,0.2,0.0
20260317_155924_192433,img_20260317_155924_192433.jpg,0.2,0.0
20260317_155924_246687,img_20260317_155924_246687.jpg,0.2,0.0
20260317_155924_294966,img_20260317_155924_294966.jpg,0.2,0.0
20260317_155924_352413,img_20260317_155924_352413.jpg,0.2,0.0
20260317_155924_391504,img_20260317_155924_391504.jpg,0.2,0.0
20260317_155924_456490,img_20260317_155924_456490.jpg,0.2,0.1
20260317_155924_508958,img_20260317_155924_508958.jpg,0.2,0.1
20260317_155924_549921,img_20260317_155924_549921.jpg,0.2,0.1
20260317_155924_609899,img_20260317_155924_609899.jpg,0.2,0.0
20260317_155924_661641,img_20260317_155924_661641.jpg,0.2,0.0
20260317_155924_715243,img_20260317_155924_715243.jpg,0.2,0.0
20260317_155924_773778,img_20260317_155924_773778.jpg,0.2,0.0
20260317_155924_810425,img_20260317_155924_810425.jpg,0.2,0.0
20260317_155924_868127,img_20260317_155924_868127.jpg,0.2,0.0
20260317_155924_909748,img_20260317_155924_909748.jpg,0.2,0.0
20260317_155924_964866,img_20260317_155924_964866.jpg,0.2,0.1
20260317_155925_028801,img_20260317_155925_028801.jpg,0.2,0.1
20260317_155925_082364,img_20260317_155925_082364.jpg,0.2,0.0
20260317_155925_129807,img_20260317_155925_129807.jpg,0.2,0.0
20260317_155925_184310,img_20260317_155925_184310.jpg,0.2,0.0
20260317_155925_223449,img_20260317_155925_223449.jpg,0.2,0.0
20260317_155925_288203,img_20260317_155925_288203.jpg,0.2,0.0
20260317_155925_337501,img_20260317_155925_337501.jpg,0.2,0.0
20260317_155925_382229,img_20260317_155925_382229.jpg,0.2,0.1
20260317_155925_441111,img_20260317_155925_441111.jpg,0.2,0.1
20260317_155925_493987,img_20260317_155925_493987.jpg,0.2,0.0
20260317_155925_539106,img_20260317_155925_539106.jpg,0.2,0.0
20260317_155925_602244,img_20260317_155925_602244.jpg,0.2,0.0
20260317_155925_657259,img_20260317_155925_657259.jpg,0.2,0.0
20260317_155925_700830,img_20260317_155925_700830.jpg,0.2,0.0
20260317_155925_750251,img_20260317_155925_750251.jpg,0.2,0.0
20260317_155925_812170,img_20260317_155925_812170.jpg,0.2,0.0
20260317_155925_870630,img_20260317_155925_870630.jpg,0.2,0.0
20260317_155925_921941,img_20260317_155925_921941.jpg,0.2,0.0
20260317_155925_973300,img_20260317_155925_973300.jpg,0.2,0.1
20260317_155926_012801,img_20260317_155926_012801.jpg,0.2,0.1
20260317_155926_075926,img_20260317_155926_075926.jpg,0.2,0.0
20260317_155926_127833,img_20260317_155926_127833.jpg,0.2,0.0
20260317_155926_174404,img_20260317_155926_174404.jpg,0.2,0.0
20260317_155926_242875,img_20260317_155926_242875.jpg,0.2,0.0
20260317_155926_300890,img_20260317_155926_300890.jpg,0.2,0.0
20260317_155926_348925,img_20260317_155926_348925.jpg,0.2,0.0
20260317_155926_397346,img_20260317_155926_397346.jpg,0.2,0.1
20260317_155926_451040,img_20260317_155926_451040.jpg,0.2,0.1
20260317_155926_506352,img_20260317_155926_506352.jpg,0.2,0.0
20260317_155926_557742,img_20260317_155926_557742.jpg,0.2,0.0
20260317_155926_606764,img_20260317_155926_606764.jpg,0.2,0.0
20260317_155926_646045,img_20260317_155926_646045.jpg,0.2,0.0
20260317_155926_719894,img_20260317_155926_719894.jpg,0.2,0.0
20260317_155926_761796,img_20260317_155926_761796.jpg,0.2,0.0
20260317_155926_816322,img_20260317_155926_816322.jpg,0.2,0.0
20260317_155926_864083,img_20260317_155926_864083.jpg,0.2,0.1
20260317_155926_916801,img_20260317_155926_916801.jpg,0.2,0.1
20260317_155926_968931,img_20260317_155926_968931.jpg,0.2,0.0
20260317_155927_014262,img_20260317_155927_014262.jpg,0.2,0.0
20260317_155927_075684,img_20260317_155927_075684.jpg,0.2,0.0
20260317_155927_118620,img_20260317_155927_118620.jpg,0.2,0.0
20260317_155927_171998,img_20260317_155927_171998.jpg,0.2,0.0
20260317_155927_224524,img_20260317_155927_224524.jpg,0.2,0.0
20260317_155927_278318,img_20260317_155927_278318.jpg,0.2,0.1
20260317_155927_349504,img_20260317_155927_349504.jpg,0.2,0.1
20260317_155927_395668,img_20260317_155927_395668.jpg,0.2,0.0
20260317_155927_444590,img_20260317_155927_444590.jpg,0.2,0.0
20260317_155927_487005,img_20260317_155927_487005.jpg,0.2,0.0
20260317_155927_540716,img_20260317_155927_540716.jpg,0.2,0.0
20260317_155927_602711,img_20260317_155927_602711.jpg,0.2,0.0
20260317_155927_660647,img_20260317_155927_660647.jpg,0.2,0.0
20260317_155927_709839,img_20260317_155927_709839.jpg,0.2,0.0
20260317_155927_763207,img_20260317_155927_763207.jpg,0.2,0.0
20260317_155927_814655,img_20260317_155927_814655.jpg,0.2,0.1
20260317_155927_865733,img_20260317_155927_865733.jpg,0.2,0.1
20260317_155927_918585,img_20260317_155927_918585.jpg,0.2,0.0
20260317_155927_980906,img_20260317_155927_980906.jpg,0.2,0.0
20260317_155928_025854,img_20260317_155928_025854.jpg,0.2,0.0
20260317_155928_074136,img_20260317_155928_074136.jpg,0.2,0.0
20260317_155928_124336,img_20260317_155928_124336.jpg,0.2,0.0
20260317_155928_169246,img_20260317_155928_169246.jpg,0.2,0.1
20260317_155928_232818,img_20260317_155928_232818.jpg,0.2,0.1
20260317_155928_285389,img_20260317_155928_285389.jpg,0.2,0.1
20260317_155928_341217,img_20260317_155928_341217.jpg,0.2,0.0
20260317_155928_390917,img_20260317_155928_390917.jpg,0.2,0.0
20260317_155928_443509,img_20260317_155928_443509.jpg,0.2,0.0
20260317_155928_494834,img_20260317_155928_494834.jpg,0.2,0.0
20260317_155928_547689,img_20260317_155928_547689.jpg,0.2,0.0
20260317_155928_612034,img_20260317_155928_612034.jpg,0.2,0.1
20260317_155928_658071,img_20260317_155928_658071.jpg,0.2,0.1
20260317_155928_708450,img_20260317_155928_708450.jpg,0.2,0.1
20260317_155928_751078,img_20260317_155928_751078.jpg,0.2,0.0
20260317_155928_813990,img_20260317_155928_813990.jpg,0.2,0.0
20260317_155928_867895,img_20260317_155928_867895.jpg,0.2,0.0
20260317_155928_920765,img_20260317_155928_920765.jpg,0.2,0.0
20260317_155928_973417,img_20260317_155928_973417.jpg,0.2,0.0
20260317_155929_029645,img_20260317_155929_029645.jpg,0.2,0.0
20260317_155929_080459,img_20260317_155929_080459.jpg,0.2,0.0
20260317_155929_121254,img_20260317_155929_121254.jpg,0.2,0.0
20260317_155929_184024,img_20260317_155929_184024.jpg,0.2,0.0
20260317_155929_237464,img_20260317_155929_237464.jpg,0.2,0.1
20260317_155929_289773,img_20260317_155929_289773.jpg,0.2,0.1
20260317_155929_342078,img_20260317_155929_342078.jpg,0.2,0.0
20260317_155929_397406,img_20260317_155929_397406.jpg,0.2,0.0
20260317_155929_448159,img_20260317_155929_448159.jpg,0.2,0.0
20260317_155929_504777,img_20260317_155929_504777.jpg,0.2,0.0
20260317_155929_542928,img_20260317_155929_542928.jpg,0.2,0.0
20260317_155929_606764,img_20260317_155929_606764.jpg,0.2,0.0
20260317_155929_648761,img_20260317_155929_648761.jpg,0.2,0.0
20260317_155929_712413,img_20260317_155929_712413.jpg,0.2,0.1
20260317_155929_762601,img_20260317_155929_762601.jpg,0.2,0.1
20260317_155929_817396,img_20260317_155929_817396.jpg,0.2,0.0
20260317_155929_853507,img_20260317_155929_853507.jpg,0.2,0.0
20260317_155929_908317,img_20260317_155929_908317.jpg,0.2,0.0
20260317_155929_969389,img_20260317_155929_969389.jpg,0.2,0.0
20260317_155930_023849,img_20260317_155930_023849.jpg,0.2,0.0
20260317_155930_074420,img_20260317_155930_074420.jpg,0.2,0.0
20260317_155930_117698,img_20260317_155930_117698.jpg,0.2,0.0
20260317_155930_180014,img_20260317_155930_180014.jpg,0.2,0.1
20260317_155930_235437,img_20260317_155930_235437.jpg,0.2,0.1
20260317_155930_294503,img_20260317_155930_294503.jpg,0.2,0.0
20260317_155930_346304,img_20260317_155930_346304.jpg,0.2,0.0
20260317_155930_403755,img_20260317_155930_403755.jpg,0.2,0.0
20260317_155930_461446,img_20260317_155930_461446.jpg,0.2,0.0
20260317_155930_507260,img_20260317_155930_507260.jpg,0.2,0.0
20260317_155930_543228,img_20260317_155930_543228.jpg,0.2,0.0
20260317_155930_605657,img_20260317_155930_605657.jpg,0.2,0.0
20260317_155930_653535,img_20260317_155930_653535.jpg,0.2,0.1
20260317_155930_705155,img_20260317_155930_705155.jpg,0.2,0.1
20260317_155930_766002,img_20260317_155930_766002.jpg,0.2,0.0
20260317_155930_821749,img_20260317_155930_821749.jpg,0.2,0.0
20260317_155930_864580,img_20260317_155930_864580.jpg,0.2,0.0
20260317_155930_921662,img_20260317_155930_921662.jpg,0.2,0.0
20260317_155930_993004,img_20260317_155930_993004.jpg,0.2,0.0
20260317_155931_029333,img_20260317_155931_029333.jpg,0.2,0.0
20260317_155931_090994,img_20260317_155931_090994.jpg,0.2,0.0
20260317_155931_144061,img_20260317_155931_144061.jpg,0.2,0.1
20260317_155931_197986,img_20260317_155931_197986.jpg,0.2,0.1
20260317_155931_242934,img_20260317_155931_242934.jpg,0.2,0.0
20260317_155931_301698,img_20260317_155931_301698.jpg,0.2,0.0
20260317_155931_355558,img_20260317_155931_355558.jpg,0.2,0.0
20260317_155931_409736,img_20260317_155931_409736.jpg,0.2,0.0
20260317_155931_448756,img_20260317_155931_448756.jpg,0.2,0.0
20260317_155931_512214,img_20260317_155931_512214.jpg,0.2,0.0
20260317_155931_570544,img_20260317_155931_570544.jpg,0.2,0.1
20260317_155931_626914,img_20260317_155931_626914.jpg,0.2,0.1
20260317_155931_679532,img_20260317_155931_679532.jpg,0.2,0.1
20260317_155931_741094,img_20260317_155931_741094.jpg,0.2,0.0
20260317_155931_777742,img_20260317_155931_777742.jpg,0.2,0.0
20260317_155931_826956,img_20260317_155931_826956.jpg,0.2,0.0
20260317_155931_891987,img_20260317_155931_891987.jpg,0.2,0.0
20260317_155931_934568,img_20260317_155931_934568.jpg,0.2,0.1
20260317_155931_996599,img_20260317_155931_996599.jpg,0.2,0.1
20260317_155932_049472,img_20260317_155932_049472.jpg,0.2,0.1
20260317_155932_091686,img_20260317_155932_091686.jpg,0.2,0.1
20260317_155932_143379,img_20260317_155932_143379.jpg,0.2,0.1
20260317_155932_208350,img_20260317_155932_208350.jpg,0.2,0.1
20260317_155932_252099,img_20260317_155932_252099.jpg,0.2,0.1
20260317_155932_311625,img_20260317_155932_311625.jpg,0.2,0.1
20260317_155932_368292,img_20260317_155932_368292.jpg,0.2,0.1
20260317_155932_422582,img_20260317_155932_422582.jpg,0.2,0.0
20260317_155932_472798,img_20260317_155932_472798.jpg,0.2,0.0
20260317_155932_526587,img_20260317_155932_526587.jpg,0.2,0.0
20260317_155932_589618,img_20260317_155932_589618.jpg,0.2,0.0
20260317_155932_632935,img_20260317_155932_632935.jpg,0.2,0.0
20260317_155932_677001,img_20260317_155932_677001.jpg,0.2,0.0
20260317_155932_741145,img_20260317_155932_741145.jpg,0.2,0.0
20260317_155932_794840,img_20260317_155932_794840.jpg,0.2,0.0
20260317_155932_841950,img_20260317_155932_841950.jpg,0.2,0.0
20260317_155932_900448,img_20260317_155932_900448.jpg,0.2,0.0
20260317_155932_943859,img_20260317_155932_943859.jpg,0.2,0.0
20260317_155933_009436,img_20260317_155933_009436.jpg,0.2,0.0
20260317_155933_049354,img_20260317_155933_049354.jpg,0.2,0.0
20260317_155933_115625,img_20260317_155933_115625.jpg,0.2,0.0
20260317_155933_178206,img_20260317_155933_178206.jpg,0.2,0.0
20260317_155933_210413,img_20260317_155933_210413.jpg,0.2,0.0
20260317_155933_270843,img_20260317_155933_270843.jpg,0.2,0.0
20260317_155933_316748,img_20260317_155933_316748.jpg,0.2,0.1
20260317_155933_382619,img_20260317_155933_382619.jpg,0.2,0.1
20260317_155933_437924,img_20260317_155933_437924.jpg,0.2,0.0
20260317_155933_494932,img_20260317_155933_494932.jpg,0.2,0.0
20260317_155933_533645,img_20260317_155933_533645.jpg,0.2,0.0
20260317_155933_599928,img_20260317_155933_599928.jpg,0.2,0.0
20260317_155933_654762,img_20260317_155933_654762.jpg,0.2,0.0
20260317_155933_713337,img_20260317_155933_713337.jpg,0.2,0.0
20260317_155933_770456,img_20260317_155933_770456.jpg,0.2,0.0
20260317_155933_817763,img_20260317_155933_817763.jpg,0.2,0.0
20260317_155933_881752,img_20260317_155933_881752.jpg,0.2,0.1
20260317_155933_932446,img_20260317_155933_932446.jpg,0.2,0.1
20260317_155933_994511,img_20260317_155933_994511.jpg,0.2,0.0
20260317_155934_044294,img_20260317_155934_044294.jpg,0.2,0.0
20260317_155934_101748,img_20260317_155934_101748.jpg,0.2,0.0
20260317_155934_158025,img_20260317_155934_158025.jpg,0.2,0.0
20260317_155934_202977,img_20260317_155934_202977.jpg,0.2,0.0
20260317_155934_267536,img_20260317_155934_267536.jpg,0.2,0.0
20260317_155934_314932,img_20260317_155934_314932.jpg,0.2,0.0
20260317_155934_373566,img_20260317_155934_373566.jpg,0.2,0.0
20260317_155934_426945,img_20260317_155934_426945.jpg,0.2,0.1
20260317_155934_480420,img_20260317_155934_480420.jpg,0.2,0.1
20260317_155934_534582,img_20260317_155934_534582.jpg,0.2,0.1
20260317_155934_598200,img_20260317_155934_598200.jpg,0.2,0.0
20260317_155934_643791,img_20260317_155934_643791.jpg,0.2,0.0
20260317_155934_702035,img_20260317_155934_702035.jpg,0.2,0.0
20260317_155934_751058,img_20260317_155934_751058.jpg,0.2,0.0
20260317_155934_806062,img_20260317_155934_806062.jpg,0.2,0.0
20260317_155934_856666,img_20260317_155934_856666.jpg,0.2,0.0
20260317_155934_919945,img_20260317_155934_919945.jpg,0.2,0.0
20260317_155934_958942,img_20260317_155934_958942.jpg,0.2,0.0
20260317_155935_018236,img_20260317_155935_018236.jpg,0.2,0.0
20260317_155935_070388,img_20260317_155935_070388.jpg,0.2,0.1
20260317_155935_130183,img_20260317_155935_130183.jpg,0.2,0.1
20260317_155935_177974,img_20260317_155935_177974.jpg,0.2,0.0
20260317_155935_233839,img_20260317_155935_233839.jpg,0.2,0.0
20260317_155935_283785,img_20260317_155935_283785.jpg,0.2,0.0
20260317_155935_341210,img_20260317_155935_341210.jpg,0.2,0.0
20260317_155935_382088,img_20260317_155935_382088.jpg,0.2,0.0
20260317_155935_434835,img_20260317_155935_434835.jpg,0.2,0.0
20260317_155935_497647,img_20260317_155935_497647.jpg,0.2,0.0
20260317_155935_553232,img_20260317_155935_553232.jpg,0.2,0.1
20260317_155935_603066,img_20260317_155935_603066.jpg,0.2,0.1
20260317_155935_648807,img_20260317_155935_648807.jpg,0.2,0.0
20260317_155935_709461,img_20260317_155935_709461.jpg,0.2,0.0
20260317_155935_749788,img_20260317_155935_749788.jpg,0.2,0.0
20260317_155935_814468,img_20260317_155935_814468.jpg,0.2,0.0
20260317_155935_870138,img_20260317_155935_870138.jpg,0.2,0.0
20260317_155935_915827,img_20260317_155935_915827.jpg,0.2,0.0
20260317_155935_966532,img_20260317_155935_966532.jpg,0.2,0.0
20260317_155936_023361,img_20260317_155936_023361.jpg,0.2,0.1
20260317_155936_078211,img_20260317_155936_078211.jpg,0.2,0.1
20260317_155936_128043,img_20260317_155936_128043.jpg,0.2,0.0
20260317_155936_170813,img_20260317_155936_170813.jpg,0.2,0.0
20260317_155936_232646,img_20260317_155936_232646.jpg,0.2,0.0
20260317_155936_273744,img_20260317_155936_273744.jpg,0.2,0.0
20260317_155936_328391,img_20260317_155936_328391.jpg,0.2,0.0
20260317_155936_404610,img_20260317_155936_404610.jpg,0.2,0.0
20260317_155936_449154,img_20260317_155936_449154.jpg,0.2,0.1
20260317_155936_499140,img_20260317_155936_499140.jpg,0.2,0.1
20260317_155936_553596,img_20260317_155936_553596.jpg,0.2,0.1
20260317_155936_608584,img_20260317_155936_608584.jpg,0.2,0.0
20260317_155936_664235,img_20260317_155936_664235.jpg,0.2,0.0
20260317_155936_712432,img_20260317_155936_712432.jpg,0.2,0.0
20260317_155936_763472,img_20260317_155936_763472.jpg,0.2,0.0
20260317_155936_815815,img_20260317_155936_815815.jpg,0.2,0.0
20260317_155936_869669,img_20260317_155936_869669.jpg,0.2,0.0
20260317_155936_911645,img_20260317_155936_911645.jpg,0.2,0.1
20260317_155936_975558,img_20260317_155936_975558.jpg,0.2,0.1
20260317_155937_016536,img_20260317_155937_016536.jpg,0.2,0.1
20260317_155937_068906,img_20260317_155937_068906.jpg,0.2,0.0
20260317_155937_132144,img_20260317_155937_132144.jpg,0.2,0.0
20260317_155937_185895,img_20260317_155937_185895.jpg,0.2,0.0
20260317_155937_235300,img_20260317_155937_235300.jpg,0.2,0.0
20260317_155937_290929,img_20260317_155937_290929.jpg,0.2,0.0
20260317_155937_341138,img_20260317_155937_341138.jpg,0.2,0.0
20260317_155937_396551,img_20260317_155937_396551.jpg,0.2,0.0
20260317_155937_433318,img_20260317_155937_433318.jpg,0.2,0.1
20260317_155937_495197,img_20260317_155937_495197.jpg,0.2,0.1
20260317_155937_549165,img_20260317_155937_549165.jpg,0.2,0.0
20260317_155937_604536,img_20260317_155937_604536.jpg,0.2,0.0
20260317_155937_653323,img_20260317_155937_653323.jpg,0.2,0.0
20260317_155937_707672,img_20260317_155937_707672.jpg,0.2,0.0
20260317_155937_748552,img_20260317_155937_748552.jpg,0.2,0.0
20260317_155937_813697,img_20260317_155937_813697.jpg,0.2,0.0
20260317_155937_851896,img_20260317_155937_851896.jpg,0.2,0.1
20260317_155937_905156,img_20260317_155937_905156.jpg,0.2,0.1
20260317_155937_966373,img_20260317_155937_966373.jpg,0.2,0.0
20260317_155938_022527,img_20260317_155938_022527.jpg,0.2,0.0
20260317_155938_072216,img_20260317_155938_072216.jpg,0.2,0.0
20260317_155938_113692,img_20260317_155938_113692.jpg,0.2,0.0
20260317_155938_174817,img_20260317_155938_174817.jpg,0.2,0.0
20260317_155938_228260,img_20260317_155938_228260.jpg,0.2,0.0
20260317_155938_283722,img_20260317_155938_283722.jpg,0.2,0.0
20260317_155938_336803,img_20260317_155938_336803.jpg,0.2,0.1
20260317_155938_393202,img_20260317_155938_393202.jpg,0.2,0.1
20260317_155938_440014,img_20260317_155938_440014.jpg,0.2,0.0
20260317_155938_495210,img_20260317_155938_495210.jpg,0.2,0.0
20260317_155938_545651,img_20260317_155938_545651.jpg,0.2,0.0
20260317_155938_588100,img_20260317_155938_588100.jpg,0.2,0.0
20260317_155938_648909,img_20260317_155938_648909.jpg,0.2,0.0
20260317_155938_702263,img_20260317_155938_702263.jpg,0.2,0.0
20260317_155938_761632,img_20260317_155938_761632.jpg,0.2,0.0
20260317_155938_822221,img_20260317_155938_822221.jpg,0.2,0.1
20260317_155938_868680,img_20260317_155938_868680.jpg,0.2,0.1
20260317_155938_909100,img_20260317_155938_909100.jpg,0.2,0.1
20260317_155938_959012,img_20260317_155938_959012.jpg,0.2,0.0
20260317_155939_012120,img_20260317_155939_012120.jpg,0.2,0.0
20260317_155939_066023,img_20260317_155939_066023.jpg,0.2,0.0
20260317_155939_122352,img_20260317_155939_122352.jpg,0.2,0.0
20260317_155939_170305,img_20260317_155939_170305.jpg,0.2,0.0
20260317_155939_224351,img_20260317_155939_224351.jpg,0.2,0.0
20260317_155939_297358,img_20260317_155939_297358.jpg,0.2,0.1
20260317_155939_342826,img_20260317_155939_342826.jpg,0.2,0.1
20260317_155939_385696,img_20260317_155939_385696.jpg,0.2,0.1
20260317_155939_446778,img_20260317_155939_446778.jpg,0.2,0.0
20260317_155939_490772,img_20260317_155939_490772.jpg,0.2,0.0
20260317_155939_551627,img_20260317_155939_551627.jpg,0.2,0.0
20260317_155939_603373,img_20260317_155939_603373.jpg,0.2,0.0
20260317_155939_646444,img_20260317_155939_646444.jpg,0.2,0.0
20260317_155939_717588,img_20260317_155939_717588.jpg,0.2,0.0
20260317_155939_748463,img_20260317_155939_748463.jpg,0.2,0.1
20260317_155939_812657,img_20260317_155939_812657.jpg,0.2,0.1
20260317_155939_866251,img_20260317_155939_866251.jpg,0.2,0.0
20260317_155939_923883,img_20260317_155939_923883.jpg,0.2,0.0
20260317_155939_972720,img_20260317_155939_972720.jpg,0.2,0.0
20260317_155940_016930,img_20260317_155940_016930.jpg,0.2,0.0
20260317_155940_077320,img_20260317_155940_077320.jpg,0.2,0.0
20260317_155940_116975,img_20260317_155940_116975.jpg,0.2,0.0
20260317_155940_182782,img_20260317_155940_182782.jpg,0.2,0.1
20260317_155940_242934,img_20260317_155940_242934.jpg,0.2,0.1
20260317_155940_290507,img_20260317_155940_290507.jpg,0.2,0.1
20260317_155940_336249,img_20260317_155940_336249.jpg,0.2,0.1
20260317_155940_381808,img_20260317_155940_381808.jpg,0.2,0.1
20260317_155940_445508,img_20260317_155940_445508.jpg,0.2,0.0
20260317_155940_489229,img_20260317_155940_489229.jpg,0.2,0.0
20260317_155940_550132,img_20260317_155940_550132.jpg,0.2,0.0
20260317_155940_599986,img_20260317_155940_599986.jpg,0.2,0.0
20260317_155940_653521,img_20260317_155940_653521.jpg,0.2,0.0
20260317_155940_703495,img_20260317_155940_703495.jpg,0.2,0.0
20260317_155940_746673,img_20260317_155940_746673.jpg,0.2,0.0
20260317_155940_797647,img_20260317_155940_797647.jpg,0.2,0.0
20260317_155940_860129,img_20260317_155940_860129.jpg,0.2,0.0
20260317_155940_914657,img_20260317_155940_914657.jpg,0.2,0.1
20260317_155940_975694,img_20260317_155940_975694.jpg,0.2,0.1
20260317_155941_019696,img_20260317_155941_019696.jpg,0.2,0.1
20260317_155941_059549,img_20260317_155941_059549.jpg,0.2,0.1
20260317_155941_113452,img_20260317_155941_113452.jpg,0.2,0.1
20260317_155941_177624,img_20260317_155941_177624.jpg,0.2,0.1
20260317_155941_231735,img_20260317_155941_231735.jpg,0.2,0.1
20260317_155941_270437,img_20260317_155941_270437.jpg,0.2,0.1
20260317_155941_334709,img_20260317_155941_334709.jpg,0.2,0.0
20260317_155941_374926,img_20260317_155941_374926.jpg,0.2,0.0
20260317_155941_443469,img_20260317_155941_443469.jpg,0.2,0.0
20260317_155941_507466,img_20260317_155941_507466.jpg,0.2,0.0
20260317_155941_553425,img_20260317_155941_553425.jpg,0.2,0.1
20260317_155941_604329,img_20260317_155941_604329.jpg,0.2,0.1
20260317_155941_657872,img_20260317_155941_657872.jpg,0.2,0.1
20260317_155941_711716,img_20260317_155941_711716.jpg,0.2,0.1
20260317_155941_764573,img_20260317_155941_764573.jpg,0.2,0.1
20260317_155941_814953,img_20260317_155941_814953.jpg,0.2,0.1
20260317_155941_863496,img_20260317_155941_863496.jpg,0.2,0.1
20260317_155941_917594,img_20260317_155941_917594.jpg,0.2,0.1
20260317_155941_982539,img_20260317_155941_982539.jpg,0.2,0.1
20260317_155942_029020,img_20260317_155942_029020.jpg,0.2,0.1
20260317_155942_077400,img_20260317_155942_077400.jpg,0.2,0.1
20260317_155942_131347,img_20260317_155942_131347.jpg,0.2,0.1
20260317_155942_186544,img_20260317_155942_186544.jpg,0.2,0.0
20260317_155942_229209,img_20260317_155942_229209.jpg,0.2,0.0
20260317_155942_289723,img_20260317_155942_289723.jpg,0.2,0.0
20260317_155942_341393,img_20260317_155942_341393.jpg,0.2,0.0
20260317_155942_394576,img_20260317_155942_394576.jpg,0.2,0.0
20260317_155942_446704,img_20260317_155942_446704.jpg,0.2,0.0
20260317_155942_489601,img_20260317_155942_489601.jpg,0.2,0.0
20260317_155942_536928,img_20260317_155942_536928.jpg,0.2,0.0
20260317_155942_601129,img_20260317_155942_601129.jpg,0.2,0.0
20260317_155942_659580,img_20260317_155942_659580.jpg,0.2,0.0
20260317_155942_704759,img_20260317_155942_704759.jpg,0.2,0.0
20260317_155942_763285,img_20260317_155942_763285.jpg,0.2,0.0
20260317_155942_814806,img_20260317_155942_814806.jpg,0.2,0.0
20260317_155942_856832,img_20260317_155942_856832.jpg,0.2,0.0
20260317_155942_905381,img_20260317_155942_905381.jpg,0.2,0.0
20260317_155942_960170,img_20260317_155942_960170.jpg,0.2,0.0
20260317_155943_021086,img_20260317_155943_021086.jpg,0.2,0.0
20260317_155943_077069,img_20260317_155943_077069.jpg,0.2,0.0
20260317_155943_132997,img_20260317_155943_132997.jpg,0.2,0.0
20260317_155943_178066,img_20260317_155943_178066.jpg,0.2,0.0
20260317_155943_229552,img_20260317_155943_229552.jpg,0.2,0.0
20260317_155943_279602,img_20260317_155943_279602.jpg,0.2,0.0
20260317_155943_332403,img_20260317_155943_332403.jpg,0.2,0.0
20260317_155943_383902,img_20260317_155943_383902.jpg,0.2,0.0
20260317_155943_437892,img_20260317_155943_437892.jpg,0.2,0.0
20260317_155943_484798,img_20260317_155943_484798.jpg,0.2,0.0
20260317_155943_532872,img_20260317_155943_532872.jpg,0.2,0.0
20260317_155943_592888,img_20260317_155943_592888.jpg,0.2,0.0
20260317_155943_645256,img_20260317_155943_645256.jpg,0.2,0.0
20260317_155943_698622,img_20260317_155943_698622.jpg,0.2,0.0
20260317_155943_760237,img_20260317_155943_760237.jpg,0.2,0.0
20260317_155943_806669,img_20260317_155943_806669.jpg,0.2,0.0
20260317_155943_853350,img_20260317_155943_853350.jpg,0.2,0.0
20260317_155943_905311,img_20260317_155943_905311.jpg,0.2,0.0
20260317_155943_957567,img_20260317_155943_957567.jpg,0.2,0.0
20260317_155944_013685,img_20260317_155944_013685.jpg,0.2,0.0
20260317_155944_056703,img_20260317_155944_056703.jpg,0.2,0.0
20260317_155944_119805,img_20260317_155944_119805.jpg,0.2,0.0
20260317_155944_169443,img_20260317_155944_169443.jpg,0.2,0.0
20260317_155944_213182,img_20260317_155944_213182.jpg,0.2,0.0
20260317_155944_275197,img_20260317_155944_275197.jpg,0.2,0.0
20260317_155944_327333,img_20260317_155944_327333.jpg,0.2,0.0
20260317_155944_372154,img_20260317_155944_372154.jpg,0.2,0.0
20260317_155944_445248,img_20260317_155944_445248.jpg,0.2,0.0
20260317_155944_491668,img_20260317_155944_491668.jpg,0.2,0.0
20260317_155944_533917,img_20260317_155944_533917.jpg,0.2,0.0
20260317_155944_580948,img_20260317_155944_580948.jpg,0.2,0.0
20260317_155944_647810,img_20260317_155944_647810.jpg,0.2,0.1
20260317_155944_700004,img_20260317_155944_700004.jpg,0.2,0.1
20260317_155944_752689,img_20260317_155944_752689.jpg,0.2,0.0
20260317_155944_800595,img_20260317_155944_800595.jpg,0.2,0.0
20260317_155944_843368,img_20260317_155944_843368.jpg,0.2,0.0
20260317_155944_904376,img_20260317_155944_904376.jpg,0.2,0.0
20260317_155944_957289,img_20260317_155944_957289.jpg,0.2,0.0
20260317_155945_012322,img_20260317_155945_012322.jpg,0.2,0.0
20260317_155945_073653,img_20260317_155945_073653.jpg,0.2,0.0
20260317_155945_106285,img_20260317_155945_106285.jpg,0.2,0.0
20260317_155945_166330,img_20260317_155945_166330.jpg,0.2,0.0
20260317_155945_209507,img_20260317_155945_209507.jpg,0.2,0.0
20260317_155945_268829,img_20260317_155945_268829.jpg,0.2,0.1
20260317_155945_329287,img_20260317_155945_329287.jpg,0.2,0.1
20260317_155945_381531,img_20260317_155945_381531.jpg,0.2,0.0
20260317_155945_431313,img_20260317_155945_431313.jpg,0.2,0.0
20260317_155945_483723,img_20260317_155945_483723.jpg,0.2,0.0
20260317_155945_526288,img_20260317_155945_526288.jpg,0.2,0.0
20260317_155945_594426,img_20260317_155945_594426.jpg,0.2,0.0
20260317_155945_642466,img_20260317_155945_642466.jpg,0.2,0.0
20260317_155945_696227,img_20260317_155945_696227.jpg,0.2,0.0
20260317_155945_757564,img_20260317_155945_757564.jpg,0.2,0.0
20260317_155945_802804,img_20260317_155945_802804.jpg,0.2,0.0
20260317_155945_851303,img_20260317_155945_851303.jpg,0.2,0.0
20260317_155945_906016,img_20260317_155945_906016.jpg,0.2,0.0
20260317_155945_948817,img_20260317_155945_948817.jpg,0.2,0.1
20260317_155946_001933,img_20260317_155946_001933.jpg,0.2,0.1
20260317_155946_063173,img_20260317_155946_063173.jpg,0.2,0.1
20260317_155946_120437,img_20260317_155946_120437.jpg,0.2,0.0
20260317_155946_161169,img_20260317_155946_161169.jpg,0.2,0.0
20260317_155946_224556,img_20260317_155946_224556.jpg,0.2,0.0
20260317_155946_286828,img_20260317_155946_286828.jpg,0.2,0.0
20260317_155946_320980,img_20260317_155946_320980.jpg,0.2,0.0
20260317_155946_380672,img_20260317_155946_380672.jpg,0.2,0.0
20260317_155946_424536,img_20260317_155946_424536.jpg,0.2,0.0
20260317_155946_478161,img_20260317_155946_478161.jpg,0.2,0.0
20260317_155946_537869,img_20260317_155946_537869.jpg,0.2,0.0
20260317_155946_585001,img_20260317_155946_585001.jpg,0.2,0.0
20260317_155946_645206,img_20260317_155946_645206.jpg,0.2,0.0
20260317_155946_699340,img_20260317_155946_699340.jpg,0.2,0.0
20260317_155946_752291,img_20260317_155946_752291.jpg,0.2,0.0
20260317_155946_803199,img_20260317_155946_803199.jpg,0.2,0.1
20260317_155946_854419,img_20260317_155946_854419.jpg,0.2,0.1
20260317_155946_896848,img_20260317_155946_896848.jpg,0.2,0.1
20260317_155946_959389,img_20260317_155946_959389.jpg,0.2,0.0
20260317_155947_013176,img_20260317_155947_013176.jpg,0.2,0.0
20260317_155947_057770,img_20260317_155947_057770.jpg,0.2,0.0
20260317_155947_108547,img_20260317_155947_108547.jpg,0.2,0.0
20260317_155947_172542,img_20260317_155947_172542.jpg,0.2,0.0
20260317_155947_217449,img_20260317_155947_217449.jpg,0.2,0.0
20260317_155947_277410,img_20260317_155947_277410.jpg,0.2,0.0
20260317_155947_332650,img_20260317_155947_332650.jpg,0.2,0.0
20260317_155947_391442,img_20260317_155947_391442.jpg,0.2,0.1
20260317_155947_439878,img_20260317_155947_439878.jpg,0.2,0.1
20260317_155947_477627,img_20260317_155947_477627.jpg,0.2,0.1
20260317_155947_549997,img_20260317_155947_549997.jpg,0.2,0.1
20260317_155947_594417,img_20260317_155947_594417.jpg,0.2,0.1
20260317_155947_650233,img_20260317_155947_650233.jpg,0.2,0.0
20260317_155947_702296,img_20260317_155947_702296.jpg,0.2,0.0
20260317_155947_752469,img_20260317_155947_752469.jpg,0.2,0.0
20260317_155947_803296,img_20260317_155947_803296.jpg,0.2,0.0
20260317_155947_854102,img_20260317_155947_854102.jpg,0.2,0.0
20260317_155947_906454,img_20260317_155947_906454.jpg,0.2,0.0
20260317_155947_964604,img_20260317_155947_964604.jpg,0.2,0.0
20260317_155948_013987,img_20260317_155948_013987.jpg,0.2,0.0
20260317_155948_057898,img_20260317_155948_057898.jpg,0.2,0.1
20260317_155948_117486,img_20260317_155948_117486.jpg,0.2,0.1
20260317_155948_158883,img_20260317_155948_158883.jpg,0.2,0.1
20260317_155948_227249,img_20260317_155948_227249.jpg,0.2,0.1
20260317_155948_284401,img_20260317_155948_284401.jpg,0.2,0.1
20260317_155948_331246,img_20260317_155948_331246.jpg,0.2,0.0
20260317_155948_378698,img_20260317_155948_378698.jpg,0.2,0.0
20260317_155948_431573,img_20260317_155948_431573.jpg,0.2,0.0
20260317_155948_484796,img_20260317_155948_484796.jpg,0.2,0.0
20260317_155948_537415,img_20260317_155948_537415.jpg,0.2,0.0
20260317_155948_586478,img_20260317_155948_586478.jpg,0.2,0.0
20260317_155948_640479,img_20260317_155948_640479.jpg,0.2,0.0
20260317_155948_690136,img_20260317_155948_690136.jpg,0.2,0.0
20260317_155948_737848,img_20260317_155948_737848.jpg,0.2,0.0
20260317_155948_804915,img_20260317_155948_804915.jpg,0.2,0.0
20260317_155948_841833,img_20260317_155948_841833.jpg,0.2,0.0
20260317_155948_903616,img_20260317_155948_903616.jpg,0.2,0.0
20260317_155948_955085,img_20260317_155948_955085.jpg,0.2,0.1
20260317_155948_996548,img_20260317_155948_996548.jpg,0.2,0.1
20260317_155949_059546,img_20260317_155949_059546.jpg,0.2,0.0
20260317_155949_110413,img_20260317_155949_110413.jpg,0.2,0.0
20260317_155949_163231,img_20260317_155949_163231.jpg,0.2,0.0
20260317_155949_214404,img_20260317_155949_214404.jpg,0.2,0.0
20260317_155949_264339,img_20260317_155949_264339.jpg,0.2,0.0
20260317_155949_316187,img_20260317_155949_316187.jpg,0.2,0.0
20260317_155949_366860,img_20260317_155949_366860.jpg,0.2,0.0
20260317_155949_413076,img_20260317_155949_413076.jpg,0.2,0.0
20260317_155949_476446,img_20260317_155949_476446.jpg,0.2,0.0
20260317_155949_517161,img_20260317_155949_517161.jpg,0.2,0.1
20260317_155949_580052,img_20260317_155949_580052.jpg,0.2,0.1
20260317_155949_632313,img_20260317_155949_632313.jpg,0.2,0.1
20260317_155949_687146,img_20260317_155949_687146.jpg,0.2,0.0
20260317_155949_748898,img_20260317_155949_748898.jpg,0.2,0.0
20260317_155949_794444,img_20260317_155949_794444.jpg,0.2,0.0
20260317_155949_834997,img_20260317_155949_834997.jpg,0.2,0.0
20260317_155949_892589,img_20260317_155949_892589.jpg,0.2,0.0
20260317_155949_944379,img_20260317_155949_944379.jpg,0.2,0.0
20260317_155949_999237,img_20260317_155949_999237.jpg,0.2,0.0
20260317_155950_049928,img_20260317_155950_049928.jpg,0.2,0.1
20260317_155950_102249,img_20260317_155950_102249.jpg,0.2,0.1
20260317_155950_137282,img_20260317_155950_137282.jpg,0.2,0.1
20260317_155950_189881,img_20260317_155950_189881.jpg,0.2,0.0
20260317_155950_266695,img_20260317_155950_266695.jpg,0.2,0.0
20260317_155949_030434,img_20260317_155949_030434.jpg,0.2,0.0
20260317_155949_082734,img_20260317_155949_082734.jpg,0.2,0.0
20260317_155949_128766,img_20260317_155949_128766.jpg,0.2,0.0
20260317_155949_183238,img_20260317_155949_183238.jpg,0.2,0.0
20260317_155949_235021,img_20260317_155949_235021.jpg,0.2,0.0
20260317_155949_288567,img_20260317_155949_288567.jpg,0.2,0.1
20260317_155949_327394,img_20260317_155949_327394.jpg,0.2,0.1
20260317_155949_387888,img_20260317_155949_387888.jpg,0.2,0.1
20260317_155949_441732,img_20260317_155949_441732.jpg,0.2,0.1
20260317_155949_493957,img_20260317_155949_493957.jpg,0.2,0.1
20260317_155949_543345,img_20260317_155949_543345.jpg,0.2,0.0
20260317_155949_597761,img_20260317_155949_597761.jpg,0.2,0.0
20260317_155949_647623,img_20260317_155949_647623.jpg,0.2,0.0
20260317_155949_701643,img_20260317_155949_701643.jpg,0.2,0.0
20260317_155949_751189,img_20260317_155949_751189.jpg,0.2,0.0
20260317_155949_816527,img_20260317_155949_816527.jpg,0.2,0.0
20260317_155949_861146,img_20260317_155949_861146.jpg,0.2,0.0
20260317_155949_902360,img_20260317_155949_902360.jpg,0.2,0.0
20260317_155949_960481,img_20260317_155949_960481.jpg,0.2,0.0
20260317_155950_011404,img_20260317_155950_011404.jpg,0.2,0.0
20260317_155950_068433,img_20260317_155950_068433.jpg,0.2,0.0
20260317_155950_113603,img_20260317_155950_113603.jpg,0.2,0.1
20260317_155950_174158,img_20260317_155950_174158.jpg,0.2,0.1
20260317_155950_222044,img_20260317_155950_222044.jpg,0.2,0.1
20260317_155950_273191,img_20260317_155950_273191.jpg,0.2,0.0
20260317_155950_323075,img_20260317_155950_323075.jpg,0.2,0.0
20260317_155950_376606,img_20260317_155950_376606.jpg,0.2,0.0
20260317_155950_417248,img_20260317_155950_417248.jpg,0.2,0.0
20260317_155950_481192,img_20260317_155950_481192.jpg,0.2,0.0
20260317_155950_524118,img_20260317_155950_524118.jpg,0.2,0.0
20260317_155950_583353,img_20260317_155950_583353.jpg,0.2,0.0
20260317_155950_635365,img_20260317_155950_635365.jpg,0.2,0.0
20260317_155950_679855,img_20260317_155950_679855.jpg,0.2,0.0
20260317_155950_739953,img_20260317_155950_739953.jpg,0.2,0.0
20260317_155950_791046,img_20260317_155950_791046.jpg,0.2,0.1
20260317_155950_842592,img_20260317_155950_842592.jpg,0.2,0.1
20260317_155950_893353,img_20260317_155950_893353.jpg,0.2,0.1
20260317_155950_932588,img_20260317_155950_932588.jpg,0.2,0.1
20260317_155950_995539,img_20260317_155950_995539.jpg,0.2,0.0
20260317_155951_045984,img_20260317_155951_045984.jpg,0.2,0.0
20260317_155951_087423,img_20260317_155951_087423.jpg,0.2,0.0
20260317_155951_148387,img_20260317_155951_148387.jpg,0.2,0.0
20260317_155951_200489,img_20260317_155951_200489.jpg,0.2,0.0
20260317_155951_253276,img_20260317_155951_253276.jpg,0.2,0.0
20260317_155951_302530,img_20260317_155951_302530.jpg,0.2,0.0
20260317_155951_355538,img_20260317_155951_355538.jpg,0.2,0.0
20260317_155951_399278,img_20260317_155951_399278.jpg,0.2,0.0
20260317_155951_462450,img_20260317_155951_462450.jpg,0.2,0.1
20260317_155951_511959,img_20260317_155951_511959.jpg,0.2,0.1
20260317_155951_566068,img_20260317_155951_566068.jpg,0.2,0.1
20260317_155951_616934,img_20260317_155951_616934.jpg,0.2,0.0
20260317_155951_666172,img_20260317_155951_666172.jpg,0.2,0.0
20260317_155951_708374,img_20260317_155951_708374.jpg,0.2,0.0
20260317_155951_756701,img_20260317_155951_756701.jpg,0.2,0.0
20260317_155951_817933,img_20260317_155951_817933.jpg,0.2,0.0
20260317_155951_870404,img_20260317_155951_870404.jpg,0.2,0.0
20260317_155951_914615,img_20260317_155951_914615.jpg,0.2,0.0
20260317_155951_975371,img_20260317_155951_975371.jpg,0.2,0.0
20260317_155952_014368,img_20260317_155952_014368.jpg,0.2,0.0
20260317_155952_079521,img_20260317_155952_079521.jpg,0.2,0.0
20260317_155952_129259,img_20260317_155952_129259.jpg,0.2,0.1
20260317_155952_184347,img_20260317_155952_184347.jpg,0.2,0.1
20260317_155952_235933,img_20260317_155952_235933.jpg,0.2,0.1
20260317_155952_285895,img_20260317_155952_285895.jpg,0.2,0.0
20260317_155952_333803,img_20260317_155952_333803.jpg,0.2,0.0
20260317_155952_388728,img_20260317_155952_388728.jpg,0.2,0.0
20260317_155952_435602,img_20260317_155952_435602.jpg,0.2,0.0
20260317_155952_490134,img_20260317_155952_490134.jpg,0.2,0.0
20260317_155952_535951,img_20260317_155952_535951.jpg,0.2,0.0
20260317_155952_588196,img_20260317_155952_588196.jpg,0.2,0.0
20260317_155952_637980,img_20260317_155952_637980.jpg,0.2,0.0
20260317_155952_695824,img_20260317_155952_695824.jpg,0.2,0.0
20260317_155952_742370,img_20260317_155952_742370.jpg,0.2,0.1
20260317_155952_784625,img_20260317_155952_784625.jpg,0.2,0.1
20260317_155952_845835,img_20260317_155952_845835.jpg,0.2,0.1
20260317_155952_897724,img_20260317_155952_897724.jpg,0.2,0.0
20260317_155952_949995,img_20260317_155952_949995.jpg,0.2,0.0
20260317_155952_995795,img_20260317_155952_995795.jpg,0.2,0.0
20260317_155953_053828,img_20260317_155953_053828.jpg,0.2,0.0
20260317_155953_100314,img_20260317_155953_100314.jpg,0.2,0.0
20260317_155953_152997,img_20260317_155953_152997.jpg,0.2,0.0
20260317_155953_202124,img_20260317_155953_202124.jpg,0.2,0.0
20260317_155953_252989,img_20260317_155953_252989.jpg,0.2,0.1
20260317_155953_304635,img_20260317_155953_304635.jpg,0.2,0.1
20260317_155953_357265,img_20260317_155953_357265.jpg,0.2,0.1
20260317_155953_405508,img_20260317_155953_405508.jpg,0.2,0.1
20260317_155953_457227,img_20260317_155953_457227.jpg,0.2,0.1
20260317_155953_507693,img_20260317_155953_507693.jpg,0.2,0.0
20260317_155953_560865,img_20260317_155953_560865.jpg,0.2,0.0
20260317_155953_613349,img_20260317_155953_613349.jpg,0.2,0.0
20260317_155953_665035,img_20260317_155953_665035.jpg,0.2,0.0
20260317_155953_706934,img_20260317_155953_706934.jpg,0.2,0.0
20260317_155953_763668,img_20260317_155953_763668.jpg,0.2,0.0
20260317_155953_818428,img_20260317_155953_818428.jpg,0.2,0.0
20260317_155953_868356,img_20260317_155953_868356.jpg,0.2,0.0
20260317_155953_918481,img_20260317_155953_918481.jpg,0.2,0.1
20260317_155953_971116,img_20260317_155953_971116.jpg,0.2,0.1
20260317_155954_023764,img_20260317_155954_023764.jpg,0.2,0.1
20260317_155954_061919,img_20260317_155954_061919.jpg,0.2,0.1
20260317_155954_126745,img_20260317_155954_126745.jpg,0.2,0.1
20260317_155954_177378,img_20260317_155954_177378.jpg,0.2,0.1
20260317_155954_229791,img_20260317_155954_229791.jpg,0.2,0.0
20260317_155954_279002,img_20260317_155954_279002.jpg,0.2,0.0
20260317_155954_321240,img_20260317_155954_321240.jpg,0.2,0.0
20260317_155954_381761,img_20260317_155954_381761.jpg,0.2,0.0
20260317_155954_432645,img_20260317_155954_432645.jpg,0.2,0.0
20260317_155954_485827,img_20260317_155954_485827.jpg,0.2,0.0
20260317_155954_534144,img_20260317_155954_534144.jpg,0.2,0.0
20260317_155954_588638,img_20260317_155954_588638.jpg,0.2,0.0
20260317_155954_640742,img_20260317_155954_640742.jpg,0.2,0.1
20260317_155954_694498,img_20260317_155954_694498.jpg,0.2,0.1
20260317_155954_750651,img_20260317_155954_750651.jpg,0.2,0.1
20260317_155954_792260,img_20260317_155954_792260.jpg,0.2,0.1
20260317_155954_842647,img_20260317_155954_842647.jpg,0.2,0.0
20260317_155954_903826,img_20260317_155954_903826.jpg,0.2,0.0
20260317_155954_949584,img_20260317_155954_949584.jpg,0.2,0.0
20260317_155954_996790,img_20260317_155954_996790.jpg,0.2,0.0
20260317_155955_049633,img_20260317_155955_049633.jpg,0.2,0.0
20260317_155955_100373,img_20260317_155955_100373.jpg,0.2,0.0
20260317_155955_153514,img_20260317_155955_153514.jpg,0.2,0.0
20260317_155955_202928,img_20260317_155955_202928.jpg,0.2,0.1
20260317_155955_255996,img_20260317_155955_255996.jpg,0.2,0.1
20260317_155955_304752,img_20260317_155955_304752.jpg,0.2,0.1
20260317_155955_364216,img_20260317_155955_364216.jpg,0.2,0.1
20260317_155955_410785,img_20260317_155955_410785.jpg,0.2,0.0
20260317_155955_459682,img_20260317_155955_459682.jpg,0.2,0.0
20260317_155955_507176,img_20260317_155955_507176.jpg,0.2,0.0
20260317_155955_560421,img_20260317_155955_560421.jpg,0.2,0.0
20260317_155955_612453,img_20260317_155955_612453.jpg,0.2,0.0
20260317_155955_654663,img_20260317_155955_654663.jpg,0.2,0.0
20260317_155955_713937,img_20260317_155955_713937.jpg,0.2,0.0
20260317_155955_766881,img_20260317_155955_766881.jpg,0.2,0.0
20260317_155955_818853,img_20260317_155955_818853.jpg,0.2,0.0
20260317_155955_866090,img_20260317_155955_866090.jpg,0.2,0.0
20260317_155955_919618,img_20260317_155955_919618.jpg,0.2,0.0
20260317_155955_973460,img_20260317_155955_973460.jpg,0.2,0.1
20260317_155956_023091,img_20260317_155956_023091.jpg,0.2,0.1
20260317_155956_071567,img_20260317_155956_071567.jpg,0.2,0.1
20260317_155956_113269,img_20260317_155956_113269.jpg,0.2,0.1
20260317_155956_161290,img_20260317_155956_161290.jpg,0.2,0.1
20260317_155956_223407,img_20260317_155956_223407.jpg,0.2,0.0
20260317_155956_275898,img_20260317_155956_275898.jpg,0.2,0.0
20260317_155956_318277,img_20260317_155956_318277.jpg,0.2,0.0
20260317_155956_377938,img_20260317_155956_377938.jpg,0.2,0.0
20260317_155956_429507,img_20260317_155956_429507.jpg,0.2,0.0
20260317_155956_497461,img_20260317_155956_497461.jpg,0.2,0.0
20260317_155956_537103,img_20260317_155956_537103.jpg,0.2,0.0
20260317_155956_586507,img_20260317_155956_586507.jpg,0.2,0.0
20260317_155956_635774,img_20260317_155956_635774.jpg,0.2,0.0
20260317_155956_689698,img_20260317_155956_689698.jpg,0.2,0.1
20260317_155956_742122,img_20260317_155956_742122.jpg,0.2,0.1
20260317_155956_791340,img_20260317_155956_791340.jpg,0.2,0.1
20260317_155956_843280,img_20260317_155956_843280.jpg,0.2,0.1
20260317_155956_893563,img_20260317_155956_893563.jpg,0.2,0.0
20260317_155956_948102,img_20260317_155956_948102.jpg,0.2,0.0
20260317_155956_997766,img_20260317_155956_997766.jpg,0.2,0.0
20260317_155957_050349,img_20260317_155957_050349.jpg,0.2,0.0
20260317_155957_103345,img_20260317_155957_103345.jpg,0.2,0.0
20260317_155957_152708,img_20260317_155957_152708.jpg,0.2,0.0
20260317_155957_203789,img_20260317_155957_203789.jpg,0.2,0.0
20260317_155957_256454,img_20260317_155957_256454.jpg,0.2,0.0
20260317_155957_308838,img_20260317_155957_308838.jpg,0.2,0.0
20260317_155957_355825,img_20260317_155957_355825.jpg,0.2,0.0
20260317_155957_410818,img_20260317_155957_410818.jpg,0.2,0.1
20260317_155957_458244,img_20260317_155957_458244.jpg,0.2,0.1
20260317_155957_515443,img_20260317_155957_515443.jpg,0.2,0.1
20260317_155957_564580,img_20260317_155957_564580.jpg,0.2,0.0
20260317_155957_614522,img_20260317_155957_614522.jpg,0.2,0.0
20260317_155957_665502,img_20260317_155957_665502.jpg,0.2,0.0
20260317_155957_718029,img_20260317_155957_718029.jpg,0.2,0.0
20260317_155957_773239,img_20260317_155957_773239.jpg,0.2,0.0
20260317_155957_810160,img_20260317_155957_810160.jpg,0.2,0.0
20260317_155957_870093,img_20260317_155957_870093.jpg,0.2,0.0
20260317_155957_922940,img_20260317_155957_922940.jpg,0.2,0.0
20260317_155957_979005,img_20260317_155957_979005.jpg,0.2,0.0
20260317_155958_028751,img_20260317_155958_028751.jpg,0.2,0.0
20260317_155958_082774,img_20260317_155958_082774.jpg,0.2,0.0
20260317_155958_129452,img_20260317_155958_129452.jpg,0.2,0.0
20260317_155958_183008,img_20260317_155958_183008.jpg,0.2,0.0
20260317_155958_241676,img_20260317_155958_241676.jpg,0.2,0.0
20260317_155958_283224,img_20260317_155958_283224.jpg,0.2,0.1
20260317_155958_333498,img_20260317_155958_333498.jpg,0.2,0.1
20260317_155958_384880,img_20260317_155958_384880.jpg,0.2,0.1
20260317_155958_437961,img_20260317_155958_437961.jpg,0.2,0.0
20260317_155958_477766,img_20260317_155958_477766.jpg,0.2,0.0
20260317_155958_540706,img_20260317_155958_540706.jpg,0.2,0.0
20260317_155958_593566,img_20260317_155958_593566.jpg,0.2,0.0
20260317_155958_642814,img_20260317_155958_642814.jpg,0.2,0.0
20260317_155958_692960,img_20260317_155958_692960.jpg,0.2,0.0
20260317_155958_746615,img_20260317_155958_746615.jpg,0.2,0.0
20260317_155958_798411,img_20260317_155958_798411.jpg,0.2,0.0
20260317_155958_845933,img_20260317_155958_845933.jpg,0.2,0.0
20260317_155958_893458,img_20260317_155958_893458.jpg,0.2,0.0
20260317_155958_953141,img_20260317_155958_953141.jpg,0.2,0.0
20260317_155959_005428,img_20260317_155959_005428.jpg,0.2,0.0
20260317_155959_059029,img_20260317_155959_059029.jpg,0.2,0.1
20260317_155959_115453,img_20260317_155959_115453.jpg,0.2,0.1
20260317_155959_147395,img_20260317_155959_147395.jpg,0.2,0.1
20260317_155959_205752,img_20260317_155959_205752.jpg,0.2,0.0
20260317_155959_261504,img_20260317_155959_261504.jpg,0.2,0.0
20260317_155959_303166,img_20260317_155959_303166.jpg,0.2,0.0
20260317_155959_362635,img_20260317_155959_362635.jpg,0.2,0.0
20260317_155959_415163,img_20260317_155959_415163.jpg,0.2,0.0
20260317_155959_468290,img_20260317_155959_468290.jpg,0.2,0.0
20260317_155959_515669,img_20260317_155959_515669.jpg,0.2,0.0
20260317_155959_558824,img_20260317_155959_558824.jpg,0.2,0.0
20260317_155959_616535,img_20260317_155959_616535.jpg,0.2,0.1
20260317_155959_668310,img_20260317_155959_668310.jpg,0.2,0.1
20260317_155959_722731,img_20260317_155959_722731.jpg,0.2,0.1
20260317_155959_758037,img_20260317_155959_758037.jpg,0.2,0.0
20260317_155959_815548,img_20260317_155959_815548.jpg,0.2,0.0
20260317_155959_875568,img_20260317_155959_875568.jpg,0.2,0.0
20260317_155959_930213,img_20260317_155959_930213.jpg,0.2,0.0
20260317_155959_977761,img_20260317_155959_977761.jpg,0.2,0.0
20260317_160000_030217,img_20260317_160000_030217.jpg,0.2,0.0
20260317_160000_075551,img_20260317_160000_075551.jpg,0.2,0.0
20260317_160000_131285,img_20260317_160000_131285.jpg,0.2,0.0
20260317_160000_191419,img_20260317_160000_191419.jpg,0.2,0.0
20260317_160000_233976,img_20260317_160000_233976.jpg,0.2,0.0
20260317_160000_285397,img_20260317_160000_285397.jpg,0.2,0.1
20260317_160000_337476,img_20260317_160000_337476.jpg,0.2,0.1
20260317_160000_392215,img_20260317_160000_392215.jpg,0.2,0.1
20260317_160000_439261,img_20260317_160000_439261.jpg,0.2,0.0
20260317_160000_494474,img_20260317_160000_494474.jpg,0.2,0.0
20260317_160000_540490,img_20260317_160000_540490.jpg,0.2,0.0
20260317_160000_594727,img_20260317_160000_594727.jpg,0.2,0.0
20260317_160000_641998,img_20260317_160000_641998.jpg,0.2,0.0
20260317_160000_701790,img_20260317_160000_701790.jpg,0.2,0.0
20260317_160000_752955,img_20260317_160000_752955.jpg,0.2,0.0
20260317_160000_785477,img_20260317_160000_785477.jpg,0.2,0.0
20260317_160000_849404,img_20260317_160000_849404.jpg,0.2,0.1
20260317_160000_900408,img_20260317_160000_900408.jpg,0.2,0.1
20260317_160000_954333,img_20260317_160000_954333.jpg,0.2,0.1
20260317_160001_005428,img_20260317_160001_005428.jpg,0.2,0.0
20260317_160001_061337,img_20260317_160001_061337.jpg,0.2,0.0
20260317_160001_100972,img_20260317_160001_100972.jpg,0.2,0.0
20260317_160001_157319,img_20260317_160001_157319.jpg,0.2,0.0
20260317_160001_208103,img_20260317_160001_208103.jpg,0.2,0.0
20260317_160001_266904,img_20260317_160001_266904.jpg,0.2,0.0
20260317_160001_324924,img_20260317_160001_324924.jpg,0.2,0.1
20260317_160001_356607,img_20260317_160001_356607.jpg,0.2,0.1
20260317_160001_413352,img_20260317_160001_413352.jpg,0.2,0.1
20260317_160001_471088,img_20260317_160001_471088.jpg,0.2,0.1
20260317_160001_521035,img_20260317_160001_521035.jpg,0.2,0.1
20260317_160001_570854,img_20260317_160001_570854.jpg,0.2,0.0
20260317_160001_621054,img_20260317_160001_621054.jpg,0.2,0.0
20260317_160001_670145,img_20260317_160001_670145.jpg,0.2,0.0
20260317_160001_725067,img_20260317_160001_725067.jpg,0.2,0.0
20260317_160001_776819,img_20260317_160001_776819.jpg,0.2,0.0
20260317_160001_827775,img_20260317_160001_827775.jpg,0.2,0.0
20260317_160001_877532,img_20260317_160001_877532.jpg,0.2,0.0
20260317_160001_931874,img_20260317_160001_931874.jpg,0.2,0.0
20260317_160001_970257,img_20260317_160001_970257.jpg,0.2,0.0
20260317_160002_039687,img_20260317_160002_039687.jpg,0.2,0.1
20260317_160002_082797,img_20260317_160002_082797.jpg,0.2,0.1
20260317_160002_138069,img_20260317_160002_138069.jpg,0.2,0.1
20260317_160002_187569,img_20260317_160002_187569.jpg,0.2,0.1
20260317_160002_239753,img_20260317_160002_239753.jpg,0.2,0.1
20260317_160002_291587,img_20260317_160002_291587.jpg,0.2,0.0
20260317_160002_345240,img_20260317_160002_345240.jpg,0.2,0.0
20260317_160002_397254,img_20260317_160002_397254.jpg,0.2,0.0
20260317_160002_441102,img_20260317_160002_441102.jpg,0.2,0.0
20260317_160002_498935,img_20260317_160002_498935.jpg,0.2,0.0
20260317_160002_547003,img_20260317_160002_547003.jpg,0.2,0.0
20260317_160002_599172,img_20260317_160002_599172.jpg,0.2,0.1
20260317_160002_649345,img_20260317_160002_649345.jpg,0.2,0.1
20260317_160002_691079,img_20260317_160002_691079.jpg,0.2,0.1
20260317_160002_739671,img_20260317_160002_739671.jpg,0.2,0.1
20260317_160002_802462,img_20260317_160002_802462.jpg,0.2,0.1
20260317_160002_853951,img_20260317_160002_853951.jpg,0.2,0.1
20260317_160002_906066,img_20260317_160002_906066.jpg,0.2,0.0
20260317_160002_953542,img_20260317_160002_953542.jpg,0.2,0.0
20260317_160003_003118,img_20260317_160003_003118.jpg,0.2,0.0
20260317_160003_042965,img_20260317_160003_042965.jpg,0.2,0.0
20260317_160003_092757,img_20260317_160003_092757.jpg,0.2,0.0
20260317_160003_158875,img_20260317_160003_158875.jpg,0.2,0.0
20260317_160003_211576,img_20260317_160003_211576.jpg,0.2,0.0
20260317_160003_253373,img_20260317_160003_253373.jpg,0.2,0.0
20260317_160003_305516,img_20260317_160003_305516.jpg,0.2,0.0
20260317_160003_365996,img_20260317_160003_365996.jpg,0.2,0.1
20260317_160003_422294,img_20260317_160003_422294.jpg,0.2,0.1
20260317_160003_459833,img_20260317_160003_459833.jpg,0.2,0.1
20260317_160003_523672,img_20260317_160003_523672.jpg,0.2,0.1
20260317_160003_570399,img_20260317_160003_570399.jpg,0.2,0.1
20260317_160003_622908,img_20260317_160003_622908.jpg,0.2,0.1
20260317_160003_674019,img_20260317_160003_674019.jpg,0.2,0.1
20260317_160003_714848,img_20260317_160003_714848.jpg,0.2,0.1
20260317_160003_776955,img_20260317_160003_776955.jpg,0.2,0.1
20260317_160003_827146,img_20260317_160003_827146.jpg,0.2,0.1
20260317_160003_877028,img_20260317_160003_877028.jpg,0.2,0.1
20260317_160003_929352,img_20260317_160003_929352.jpg,0.2,0.0
20260317_160003_984652,img_20260317_160003_984652.jpg,0.2,0.0
20260317_160004_038842,img_20260317_160004_038842.jpg,0.2,0.0
20260317_160004_086655,img_20260317_160004_086655.jpg,0.2,0.0
20260317_160004_143740,img_20260317_160004_143740.jpg,0.2,0.0
20260317_160004_188899,img_20260317_160004_188899.jpg,0.2,0.0
20260317_160004_231602,img_20260317_160004_231602.jpg,0.2,0.0
20260317_160004_290055,img_20260317_160004_290055.jpg,0.2,0.0
20260317_160004_341454,img_20260317_160004_341454.jpg,0.2,0.0
20260317_160004_401730,img_20260317_160004_401730.jpg,0.2,0.0
20260317_160004_439859,img_20260317_160004_439859.jpg,0.2,0.1
20260317_160004_499085,img_20260317_160004_499085.jpg,0.2,0.1
20260317_160004_549725,img_20260317_160004_549725.jpg,0.2,0.1
20260317_160004_601587,img_20260317_160004_601587.jpg,0.2,0.1
20260317_160004_649407,img_20260317_160004_649407.jpg,0.2,0.1
20260317_160004_703342,img_20260317_160004_703342.jpg,0.2,0.1
20260317_160004_751963,img_20260317_160004_751963.jpg,0.2,0.1
20260317_160004_804790,img_20260317_160004_804790.jpg,0.2,0.0
20260317_160004_841375,img_20260317_160004_841375.jpg,0.2,0.0
20260317_160004_906962,img_20260317_160004_906962.jpg,0.2,0.0
20260317_160004_957889,img_20260317_160004_957889.jpg,0.2,0.0
20260317_160005_009232,img_20260317_160005_009232.jpg,0.2,0.0
20260317_160005_058832,img_20260317_160005_058832.jpg,0.2,0.0
20260317_160005_115196,img_20260317_160005_115196.jpg,0.2,0.0
20260317_160005_164841,img_20260317_160005_164841.jpg,0.2,0.0
20260317_160005_217066,img_20260317_160005_217066.jpg,0.2,0.0
20260317_160005_267553,img_20260317_160005_267553.jpg,0.2,0.0
20260317_160005_323052,img_20260317_160005_323052.jpg,0.2,0.0
20260317_160005_370900,img_20260317_160005_370900.jpg,0.2,0.0
20260317_160005_425839,img_20260317_160005_425839.jpg,0.2,0.1
20260317_160005_475047,img_20260317_160005_475047.jpg,0.2,0.1
20260317_160005_530157,img_20260317_160005_530157.jpg,0.2,0.1
20260317_160005_576545,img_20260317_160005_576545.jpg,0.2,0.1
20260317_160005_631901,img_20260317_160005_631901.jpg,0.2,0.0
20260317_160005_679578,img_20260317_160005_679578.jpg,0.2,0.0
20260317_160005_733903,img_20260317_160005_733903.jpg,0.2,0.0
20260317_160005_782890,img_20260317_160005_782890.jpg,0.2,0.0
20260317_160005_837677,img_20260317_160005_837677.jpg,0.2,0.0
20260317_160005_888401,img_20260317_160005_888401.jpg,0.2,0.0
20260317_160005_942609,img_20260317_160005_942609.jpg,0.2,0.0
20260317_160005_998104,img_20260317_160005_998104.jpg,0.2,0.0
20260317_160006_042636,img_20260317_160006_042636.jpg,0.2,0.0
20260317_160006_085506,img_20260317_160006_085506.jpg,0.2,0.0
20260317_160006_147381,img_20260317_160006_147381.jpg,0.2,0.0
20260317_160006_199510,img_20260317_160006_199510.jpg,0.2,0.0
20260317_160006_242058,img_20260317_160006_242058.jpg,0.2,0.0
20260317_160006_299903,img_20260317_160006_299903.jpg,0.2,0.0
20260317_160006_341510,img_20260317_160006_341510.jpg,0.2,0.0
20260317_160006_409512,img_20260317_160006_409512.jpg,0.2,0.1
20260317_160006_455230,img_20260317_160006_455230.jpg,0.2,0.1
20260317_160006_507837,img_20260317_160006_507837.jpg,0.2,0.1
20260317_160006_557390,img_20260317_160006_557390.jpg,0.2,0.1
20260317_160006_612343,img_20260317_160006_612343.jpg,0.2,0.0
20260317_160006_667421,img_20260317_160006_667421.jpg,0.2,0.0
20260317_160006_715602,img_20260317_160006_715602.jpg,0.2,0.0
20260317_160006_762627,img_20260317_160006_762627.jpg,0.2,0.0
20260317_160006_814603,img_20260317_160006_814603.jpg,0.2,0.0
20260317_160006_865062,img_20260317_160006_865062.jpg,0.2,0.0
20260317_160006_919429,img_20260317_160006_919429.jpg,0.2,0.0
20260317_160006_968531,img_20260317_160006_968531.jpg,0.2,0.0
20260317_160007_021684,img_20260317_160007_021684.jpg,0.2,0.0
20260317_160007_062792,img_20260317_160007_062792.jpg,0.2,0.0
20260317_160007_125885,img_20260317_160007_125885.jpg,0.2,0.0
20260317_160007_179212,img_20260317_160007_179212.jpg,0.2,0.0
20260317_160007_226333,img_20260317_160007_226333.jpg,0.2,0.0
20260317_160007_276067,img_20260317_160007_276067.jpg,0.2,0.0
20260317_160007_328962,img_20260317_160007_328962.jpg,0.2,0.0
20260317_160007_379329,img_20260317_160007_379329.jpg,0.2,0.0
20260317_160007_433092,img_20260317_160007_433092.jpg,0.2,0.0
20260317_160007_482285,img_20260317_160007_482285.jpg,0.2,0.0
20260317_160007_535093,img_20260317_160007_535093.jpg,0.2,0.0
20260317_160007_588180,img_20260317_160007_588180.jpg,0.2,0.0
20260317_160007_627146,img_20260317_160007_627146.jpg,0.2,0.0
20260317_160007_687244,img_20260317_160007_687244.jpg,0.2,0.0
20260317_160007_737499,img_20260317_160007_737499.jpg,0.2,0.0
20260317_160007_789891,img_20260317_160007_789891.jpg,0.2,0.0
20260317_160007_838841,img_20260317_160007_838841.jpg,0.2,0.0
20260317_160007_891907,img_20260317_160007_891907.jpg,0.2,0.0
20260317_160007_933229,img_20260317_160007_933229.jpg,0.2,0.0
20260317_160007_997091,img_20260317_160007_997091.jpg,0.2,0.0
20260317_160008_046295,img_20260317_160008_046295.jpg,0.2,0.0
20260317_160008_112920,img_20260317_160008_112920.jpg,0.2,0.0
20260317_160008_159271,img_20260317_160008_159271.jpg,0.2,0.0
20260317_160008_191913,img_20260317_160008_191913.jpg,0.2,0.0
20260317_160008_250697,img_20260317_160008_250697.jpg,0.2,0.0
20260317_160008_304391,img_20260317_160008_304391.jpg,0.2,0.0
20260317_160008_356339,img_20260317_160008_356339.jpg,0.2,0.0
20260317_160008_405040,img_20260317_160008_405040.jpg,0.2,0.0
20260317_160008_454460,img_20260317_160008_454460.jpg,0.2,0.0
20260317_160008_500229,img_20260317_160008_500229.jpg,0.2,0.0
20260317_160008_551481,img_20260317_160008_551481.jpg,0.2,0.0
20260317_160008_613856,img_20260317_160008_613856.jpg,0.2,0.0
20260317_160008_669155,img_20260317_160008_669155.jpg,0.2,0.0
20260317_160008_720715,img_20260317_160008_720715.jpg,0.2,0.0
20260317_160008_766922,img_20260317_160008_766922.jpg,0.2,0.0
20260317_160008_815458,img_20260317_160008_815458.jpg,0.2,0.0
20260317_160008_869709,img_20260317_160008_869709.jpg,0.2,0.0
20260317_160008_910570,img_20260317_160008_910570.jpg,0.2,0.0
20260317_160008_960874,img_20260317_160008_960874.jpg,0.2,0.0
20260317_160009_023832,img_20260317_160009_023832.jpg,0.2,0.0
20260317_160009_077990,img_20260317_160009_077990.jpg,0.2,0.0
20260317_160009_123703,img_20260317_160009_123703.jpg,0.2,0.0
20260317_160009_181858,img_20260317_160009_181858.jpg,0.2,0.0
20260317_160009_228803,img_20260317_160009_228803.jpg,0.2,0.0
20260317_160009_281160,img_20260317_160009_281160.jpg,0.2,0.0
20260317_160009_330672,img_20260317_160009_330672.jpg,0.2,0.0
20260317_160009_384303,img_20260317_160009_384303.jpg,0.2,0.0
20260317_160009_432588,img_20260317_160009_432588.jpg,0.2,0.0
20260317_160009_485369,img_20260317_160009_485369.jpg,0.2,0.0
20260317_160009_535109,img_20260317_160009_535109.jpg,0.2,0.0
20260317_160009_589407,img_20260317_160009_589407.jpg,0.2,0.0
20260317_160009_626704,img_20260317_160009_626704.jpg,0.2,0.0
20260317_160009_694116,img_20260317_160009_694116.jpg,0.2,0.0
20260317_160009_741237,img_20260317_160009_741237.jpg,0.2,0.0
20260317_160009_782742,img_20260317_160009_782742.jpg,0.2,0.0
20260317_160009_841821,img_20260317_160009_841821.jpg,0.2,0.0
20260317_160009_894759,img_20260317_160009_894759.jpg,0.2,0.0
20260317_160009_951071,img_20260317_160009_951071.jpg,0.2,0.0
20260317_160009_998197,img_20260317_160009_998197.jpg,0.2,0.0
20260317_160010_052172,img_20260317_160010_052172.jpg,0.2,0.0
20260317_160010_098548,img_20260317_160010_098548.jpg,0.2,0.0
20260317_160010_154105,img_20260317_160010_154105.jpg,0.2,0.0
20260317_160010_202365,img_20260317_160010_202365.jpg,0.2,0.0
20260317_160010_255131,img_20260317_160010_255131.jpg,0.2,0.0
20260317_160010_309151,img_20260317_160010_309151.jpg,0.2,0.0
20260317_160010_354903,img_20260317_160010_354903.jpg,0.2,0.0
20260317_160010_404083,img_20260317_160010_404083.jpg,0.2,0.0
20260317_160010_449770,img_20260317_160010_449770.jpg,0.2,0.0
20260317_160010_502748,img_20260317_160010_502748.jpg,0.2,0.0
20260317_160010_563301,img_20260317_160010_563301.jpg,0.2,0.0
20260317_160010_617403,img_20260317_160010_617403.jpg,0.2,0.0
20260317_160010_666341,img_20260317_160010_666341.jpg,0.2,0.0
20260317_160010_717544,img_20260317_160010_717544.jpg,0.2,0.0
20260317_160010_769080,img_20260317_160010_769080.jpg,0.2,0.0
20260317_160010_823789,img_20260317_160010_823789.jpg,0.2,0.0
20260317_160010_874523,img_20260317_160010_874523.jpg,0.2,0.0
20260317_160010_913201,img_20260317_160010_913201.jpg,0.2,0.0
20260317_160010_973035,img_20260317_160010_973035.jpg,0.2,0.0
20260317_160011_015932,img_20260317_160011_015932.jpg,0.2,0.0
20260317_160011_079580,img_20260317_160011_079580.jpg,0.2,0.0
20260317_160011_127536,img_20260317_160011_127536.jpg,0.2,0.0
20260317_160011_182052,img_20260317_160011_182052.jpg,0.2,0.0
20260317_160011_233381,img_20260317_160011_233381.jpg,0.2,0.0
20260317_160011_285709,img_20260317_160011_285709.jpg,0.2,0.0
20260317_160011_334225,img_20260317_160011_334225.jpg,0.2,0.0
20260317_160011_386623,img_20260317_160011_386623.jpg,0.2,0.0
20260317_160011_437109,img_20260317_160011_437109.jpg,0.2,0.0
20260317_160011_490008,img_20260317_160011_490008.jpg,0.2,0.0
20260317_160011_541658,img_20260317_160011_541658.jpg,0.2,0.0
20260317_160011_592474,img_20260317_160011_592474.jpg,0.2,0.0
20260317_160011_642920,img_20260317_160011_642920.jpg,0.2,0.0
20260317_160011_698145,img_20260317_160011_698145.jpg,0.2,0.0
20260317_160011_744141,img_20260317_160011_744141.jpg,0.2,0.0
20260317_160011_798102,img_20260317_160011_798102.jpg,0.2,0.0
20260317_160011_854931,img_20260317_160011_854931.jpg,0.2,0.0
20260317_160011_901492,img_20260317_160011_901492.jpg,0.2,0.0
20260317_160011_952049,img_20260317_160011_952049.jpg,0.2,0.0
20260317_160011_992987,img_20260317_160011_992987.jpg,0.2,0.0
20260317_160012_057370,img_20260317_160012_057370.jpg,0.2,0.0
20260317_160012_105227,img_20260317_160012_105227.jpg,0.2,0.0
20260317_160012_159971,img_20260317_160012_159971.jpg,0.2,0.0
20260317_160012_206890,img_20260317_160012_206890.jpg,0.2,0.0
20260317_160012_261078,img_20260317_160012_261078.jpg,0.2,0.0
20260317_160012_307219,img_20260317_160012_307219.jpg,0.2,0.0
20260317_160012_363027,img_20260317_160012_363027.jpg,0.2,0.0
20260317_160012_410810,img_20260317_160012_410810.jpg,0.2,0.0
20260317_160012_463876,img_20260317_160012_463876.jpg,0.2,0.0
20260317_160012_512419,img_20260317_160012_512419.jpg,0.2,0.0
20260317_160012_563946,img_20260317_160012_563946.jpg,0.2,0.0
20260317_160012_605554,img_20260317_160012_605554.jpg,0.2,0.0
20260317_160012_666805,img_20260317_160012_666805.jpg,0.2,0.0
20260317_160012_717425,img_20260317_160012_717425.jpg,0.2,0.0
20260317_160012_761195,img_20260317_160012_761195.jpg,0.2,0.0
20260317_160012_810338,img_20260317_160012_810338.jpg,0.2,0.0
20260317_160012_873782,img_20260317_160012_873782.jpg,0.2,0.0
20260317_160012_922719,img_20260317_160012_922719.jpg,0.2,0.0
20260317_160012_968582,img_20260317_160012_968582.jpg,0.2,0.0
20260317_160013_026465,img_20260317_160013_026465.jpg,0.2,0.0
20260317_160013_078363,img_20260317_160013_078363.jpg,0.2,0.0
20260317_160013_131643,img_20260317_160013_131643.jpg,0.2,0.0
20260317_160013_175147,img_20260317_160013_175147.jpg,0.2,0.0
20260317_160013_225209,img_20260317_160013_225209.jpg,0.2,0.0
20260317_160013_269714,img_20260317_160013_269714.jpg,0.2,0.0
20260317_160013_337960,img_20260317_160013_337960.jpg,0.2,0.0
20260317_160013_374560,img_20260317_160013_374560.jpg,0.2,0.0
20260317_160013_438823,img_20260317_160013_438823.jpg,0.2,0.0
20260317_160013_488909,img_20260317_160013_488909.jpg,0.2,0.0
20260317_160013_541104,img_20260317_160013_541104.jpg,0.2,0.0
20260317_160013_589857,img_20260317_160013_589857.jpg,0.2,0.0
20260317_160013_644105,img_20260317_160013_644105.jpg,0.2,0.0
20260317_160013_694677,img_20260317_160013_694677.jpg,0.2,0.0
20260317_160013_738513,img_20260317_160013_738513.jpg,0.2,0.0
20260317_160013_796660,img_20260317_160013_796660.jpg,0.2,0.0
20260317_160013_846564,img_20260317_160013_846564.jpg,0.2,0.0
20260317_160013_909116,img_20260317_160013_909116.jpg,0.2,0.0
20260317_160013_943706,img_20260317_160013_943706.jpg,0.2,0.0
20260317_160013_987829,img_20260317_160013_987829.jpg,0.2,0.0
20260317_160014_050979,img_20260317_160014_050979.jpg,0.2,0.0
20260317_160014_103185,img_20260317_160014_103185.jpg,0.2,0.0
20260317_160014_156893,img_20260317_160014_156893.jpg,0.2,0.0
20260317_160014_202793,img_20260317_160014_202793.jpg,0.2,0.0
20260317_160014_255500,img_20260317_160014_255500.jpg,0.2,0.0
20260317_160014_307547,img_20260317_160014_307547.jpg,0.2,0.0
20260317_160014_361123,img_20260317_160014_361123.jpg,0.2,0.0
20260317_160014_410604,img_20260317_160014_410604.jpg,0.2,0.0
20260317_160014_466064,img_20260317_160014_466064.jpg,0.2,0.0
20260317_160014_522698,img_20260317_160014_522698.jpg,0.2,0.0
20260317_160014_568717,img_20260317_160014_568717.jpg,0.2,0.0
20260317_160014_617262,img_20260317_160014_617262.jpg,0.2,0.0
20260317_160014_671930,img_20260317_160014_671930.jpg,0.2,0.0
20260317_160014_720743,img_20260317_160014_720743.jpg,0.2,0.0
20260317_160014_772122,img_20260317_160014_772122.jpg,0.2,0.0
20260317_160014_823822,img_20260317_160014_823822.jpg,0.2,0.0
20260317_160014_874941,img_20260317_160014_874941.jpg,0.2,0.0
20260317_160014_915310,img_20260317_160014_915310.jpg,0.2,0.0
20260317_160014_981868,img_20260317_160014_981868.jpg,0.2,0.0
20260317_160015_034637,img_20260317_160015_034637.jpg,0.2,0.0
20260317_160015_086538,img_20260317_160015_086538.jpg,0.2,0.0
20260317_160015_130600,img_20260317_160015_130600.jpg,0.2,0.0
20260317_160015_182428,img_20260317_160015_182428.jpg,0.2,0.0
20260317_160015_230759,img_20260317_160015_230759.jpg,0.2,0.0
20260317_160015_288192,img_20260317_160015_288192.jpg,0.2,0.0
20260317_160015_337166,img_20260317_160015_337166.jpg,0.2,0.0
20260317_160015_378258,img_20260317_160015_378258.jpg,0.2,0.0
20260317_160015_439058,img_20260317_160015_439058.jpg,0.2,0.0
20260317_160015_491851,img_20260317_160015_491851.jpg,0.2,0.0
20260317_160015_546470,img_20260317_160015_546470.jpg,0.2,0.0
20260317_160015_592196,img_20260317_160015_592196.jpg,0.2,0.0
20260317_160015_643949,img_20260317_160015_643949.jpg,0.2,0.0
20260317_160015_694532,img_20260317_160015_694532.jpg,0.2,0.0
20260317_160015_751147,img_20260317_160015_751147.jpg,0.2,0.0
20260317_160015_802037,img_20260317_160015_802037.jpg,0.2,0.0
20260317_160015_850228,img_20260317_160015_850228.jpg,0.2,0.0
20260317_160015_903283,img_20260317_160015_903283.jpg,0.2,0.0
20260317_160015_952742,img_20260317_160015_952742.jpg,0.2,0.0
20260317_160016_003638,img_20260317_160016_003638.jpg,0.2,0.0
20260317_160016_053895,img_20260317_160016_053895.jpg,0.2,0.0
20260317_160016_108592,img_20260317_160016_108592.jpg,0.2,0.0
20260317_160016_155378,img_20260317_160016_155378.jpg,0.2,0.0
20260317_160016_208456,img_20260317_160016_208456.jpg,0.2,0.0
20260317_160016_257294,img_20260317_160016_257294.jpg,0.2,0.0
20260317_160016_312095,img_20260317_160016_312095.jpg,0.2,0.0
20260317_160016_359357,img_20260317_160016_359357.jpg,0.2,0.0
20260317_160016_413248,img_20260317_160016_413248.jpg,0.2,0.0
20260317_160016_460474,img_20260317_160016_460474.jpg,0.2,0.0
20260317_160016_515292,img_20260317_160016_515292.jpg,0.2,0.0
20260317_160016_571160,img_20260317_160016_571160.jpg,0.2,0.0
20260317_160016_620873,img_20260317_160016_620873.jpg,0.2,0.0
20260317_160016_668262,img_20260317_160016_668262.jpg,0.2,0.0
20260317_160016_713107,img_20260317_160016_713107.jpg,0.2,0.0
20260317_160016_773137,img_20260317_160016_773137.jpg,0.2,0.0
20260317_160016_826162,img_20260317_160016_826162.jpg,0.2,0.0
20260317_160016_877681,img_20260317_160016_877681.jpg,0.2,0.0
20260317_160016_927336,img_20260317_160016_927336.jpg,0.2,0.0
20260317_160016_980351,img_20260317_160016_980351.jpg,0.2,0.0
20260317_160017_028412,img_20260317_160017_028412.jpg,0.2,0.0
20260317_160017_081705,img_20260317_160017_081705.jpg,0.2,0.0
20260317_160017_121662,img_20260317_160017_121662.jpg,0.2,0.0
20260317_160017_181446,img_20260317_160017_181446.jpg,0.2,0.0
20260317_160017_225708,img_20260317_160017_225708.jpg,0.2,0.0
20260317_160017_284377,img_20260317_160017_284377.jpg,0.2,0.0
20260317_160017_333019,img_20260317_160017_333019.jpg,0.2,0.0
20260317_160017_387340,img_20260317_160017_387340.jpg,0.2,0.0
20260317_160017_438864,img_20260317_160017_438864.jpg,0.2,0.0
20260317_160017_492302,img_20260317_160017_492302.jpg,0.2,0.0
20260317_160017_539052,img_20260317_160017_539052.jpg,0.2,0.0
20260317_160017_591619,img_20260317_160017_591619.jpg,0.2,0.0
20260317_160017_638927,img_20260317_160017_638927.jpg,0.2,0.0
20260317_160017_693133,img_20260317_160017_693133.jpg,0.2,0.0
20260317_160017_742505,img_20260317_160017_742505.jpg,0.2,0.0
20260317_160017_789723,img_20260317_160017_789723.jpg,0.2,0.0
20260317_160017_849229,img_20260317_160017_849229.jpg,0.2,0.0
20260317_160017_901282,img_20260317_160017_901282.jpg,0.2,0.0
20260317_160017_955024,img_20260317_160017_955024.jpg,0.2,0.0
20260317_160018_001838,img_20260317_160018_001838.jpg,0.2,0.0
20260317_160018_042077,img_20260317_160018_042077.jpg,0.2,0.0
20260317_160018_100498,img_20260317_160018_100498.jpg,0.2,0.0
20260317_160018_152797,img_20260317_160018_152797.jpg,0.2,0.0
20260317_160018_196862,img_20260317_160018_196862.jpg,0.2,0.0
20260317_160018_252229,img_20260317_160018_252229.jpg,0.2,0.0
20260317_160018_305939,img_20260317_160018_305939.jpg,0.2,0.0
20260317_160018_348545,img_20260317_160018_348545.jpg,0.2,0.0
20260317_160018_406938,img_20260317_160018_406938.jpg,0.2,0.0
20260317_160018_458041,img_20260317_160018_458041.jpg,0.2,0.0
20260317_160018_515945,img_20260317_160018_515945.jpg,0.2,0.0
20260317_160018_560012,img_20260317_160018_560012.jpg,0.2,0.0
20260317_160018_617676,img_20260317_160018_617676.jpg,0.2,0.0
20260317_160018_654469,img_20260317_160018_654469.jpg,0.2,0.0
20260317_160018_722113,img_20260317_160018_722113.jpg,0.2,0.0
20260317_160018_767476,img_20260317_160018_767476.jpg,0.2,0.0
20260317_160018_825247,img_20260317_160018_825247.jpg,0.2,0.0
20260317_160018_872932,img_20260317_160018_872932.jpg,0.2,0.0
20260317_160018_925329,img_20260317_160018_925329.jpg,0.2,0.0
20260317_160018_974078,img_20260317_160018_974078.jpg,0.2,0.0
20260317_160019_017785,img_20260317_160019_017785.jpg,0.2,0.0
20260317_160019_078214,img_20260317_160019_078214.jpg,0.2,0.0
20260317_160019_131375,img_20260317_160019_131375.jpg,0.2,0.0
20260317_160019_173350,img_20260317_160019_173350.jpg,0.2,0.0
20260317_160019_232864,img_20260317_160019_232864.jpg,0.2,0.0
20260317_160019_285842,img_20260317_160019_285842.jpg,0.2,0.0
20260317_160019_339039,img_20260317_160019_339039.jpg,0.2,0.0
20260317_160019_390762,img_20260317_160019_390762.jpg,0.2,0.0
20260317_160019_443417,img_20260317_160019_443417.jpg,0.2,0.0
20260317_160019_494371,img_20260317_160019_494371.jpg,0.2,0.0
20260317_160019_544702,img_20260317_160019_544702.jpg,0.2,0.0
20260317_160019_594050,img_20260317_160019_594050.jpg,0.2,0.0
20260317_160019_649597,img_20260317_160019_649597.jpg,0.2,0.0
20260317_160019_706300,img_20260317_160019_706300.jpg,0.2,0.0
20260317_160019_751061,img_20260317_160019_751061.jpg,0.2,0.0
20260317_160019_810235,img_20260317_160019_810235.jpg,0.2,0.0
20260317_160019_858232,img_20260317_160019_858232.jpg,0.2,0.0
20260317_160019_897136,img_20260317_160019_897136.jpg,0.2,0.0
20260317_160019_957498,img_20260317_160019_957498.jpg,0.2,0.0
20260317_160020_012030,img_20260317_160020_012030.jpg,0.2,0.0
20260317_160020_063932,img_20260317_160020_063932.jpg,0.2,0.0
20260317_160020_110003,img_20260317_160020_110003.jpg,0.2,0.0
20260317_160020_162109,img_20260317_160020_162109.jpg,0.2,0.0
20260317_160020_221217,img_20260317_160020_221217.jpg,0.2,0.0
20260317_160020_264560,img_20260317_160020_264560.jpg,0.2,0.0
20260317_160020_315907,img_20260317_160020_315907.jpg,0.2,0.0
20260317_160020_369299,img_20260317_160020_369299.jpg,0.2,0.0
20260317_160020_422801,img_20260317_160020_422801.jpg,0.2,0.0
20260317_160020_459773,img_20260317_160020_459773.jpg,0.2,0.0
20260317_160020_522917,img_20260317_160020_522917.jpg,0.2,0.0
20260317_160020_560568,img_20260317_160020_560568.jpg,0.2,0.0
20260317_160020_625650,img_20260317_160020_625650.jpg,0.2,0.0
20260317_160020_672750,img_20260317_160020_672750.jpg,0.2,0.0
20260317_160020_729684,img_20260317_160020_729684.jpg,0.2,0.0
20260317_160020_783055,img_20260317_160020_783055.jpg,0.2,0.0
20260317_160020_829871,img_20260317_160020_829871.jpg,0.2,0.0
20260317_160020_879561,img_20260317_160020_879561.jpg,0.2,0.0
20260317_160020_932451,img_20260317_160020_932451.jpg,0.2,0.0
20260317_160020_982711,img_20260317_160020_982711.jpg,0.2,0.0
20260317_160021_033194,img_20260317_160021_033194.jpg,0.2,0.0
20260317_160021_086974,img_20260317_160021_086974.jpg,0.2,0.0
20260317_160021_133827,img_20260317_160021_133827.jpg,0.2,0.0
20260317_160021_180562,img_20260317_160021_180562.jpg,0.2,0.0
20260317_160021_236546,img_20260317_160021_236546.jpg,0.2,0.0
20260317_160020_021112,img_20260317_160020_021112.jpg,0.2,0.0
20260317_160020_073043,img_20260317_160020_073043.jpg,0.2,0.0
20260317_160020_136711,img_20260317_160020_136711.jpg,0.2,0.0
20260317_160020_190747,img_20260317_160020_190747.jpg,0.2,0.0
20260317_160020_234987,img_20260317_160020_234987.jpg,0.2,0.0
20260317_160020_291514,img_20260317_160020_291514.jpg,0.2,0.0
20260317_160020_340387,img_20260317_160020_340387.jpg,0.2,0.0
20260317_160020_392335,img_20260317_160020_392335.jpg,0.2,0.0
20260317_160020_431375,img_20260317_160020_431375.jpg,0.2,0.0
20260317_160020_492596,img_20260317_160020_492596.jpg,0.2,0.0
20260317_160020_540611,img_20260317_160020_540611.jpg,0.2,0.0
20260317_160020_598494,img_20260317_160020_598494.jpg,0.2,0.0
20260317_160020_657313,img_20260317_160020_657313.jpg,0.2,0.0
20260317_160020_699760,img_20260317_160020_699760.jpg,0.2,0.0
20260317_160020_746500,img_20260317_160020_746500.jpg,0.2,0.0
20260317_160020_802326,img_20260317_160020_802326.jpg,0.2,0.0
20260317_160020_843926,img_20260317_160020_843926.jpg,0.2,0.0
20260317_160020_906980,img_20260317_160020_906980.jpg,0.2,0.0
20260317_160020_946596,img_20260317_160020_946596.jpg,0.2,0.0
20260317_160020_998470,img_20260317_160020_998470.jpg,0.2,0.0
20260317_160021_054154,img_20260317_160021_054154.jpg,0.2,0.0
20260317_160021_111102,img_20260317_160021_111102.jpg,0.2,0.0
20260317_160021_165041,img_20260317_160021_165041.jpg,0.2,0.0
20260317_160021_211596,img_20260317_160021_211596.jpg,0.2,0.0
20260317_160021_259834,img_20260317_160021_259834.jpg,0.2,0.0
20260317_160021_313992,img_20260317_160021_313992.jpg,0.2,0.0
20260317_160021_369213,img_20260317_160021_369213.jpg,0.2,0.0
20260317_160021_422912,img_20260317_160021_422912.jpg,0.2,0.0
20260317_160021_458039,img_20260317_160021_458039.jpg,0.2,0.0
20260317_160021_521721,img_20260317_160021_521721.jpg,0.2,0.0
20260317_160021_571059,img_20260317_160021_571059.jpg,0.2,0.0
20260317_160021_631136,img_20260317_160021_631136.jpg,0.2,0.0
20260317_160021_679584,img_20260317_160021_679584.jpg,0.2,0.0
20260317_160021_729542,img_20260317_160021_729542.jpg,0.2,0.0
20260317_160021_775889,img_20260317_160021_775889.jpg,0.2,0.0
20260317_160021_825488,img_20260317_160021_825488.jpg,0.2,0.0
20260317_160021_877953,img_20260317_160021_877953.jpg,0.2,0.0
20260317_160021_929428,img_20260317_160021_929428.jpg,0.2,0.0
20260317_160021_985154,img_20260317_160021_985154.jpg,0.2,0.0
20260317_160022_031954,img_20260317_160022_031954.jpg,0.2,0.0
20260317_160022_085404,img_20260317_160022_085404.jpg,0.2,0.0
20260317_160022_133022,img_20260317_160022_133022.jpg,0.2,0.0
20260317_160022_188185,img_20260317_160022_188185.jpg,0.2,0.0
20260317_160022_239814,img_20260317_160022_239814.jpg,0.2,0.0
20260317_160022_280117,img_20260317_160022_280117.jpg,0.2,0.0
20260317_160022_338173,img_20260317_160022_338173.jpg,0.2,0.0
20260317_160022_382708,img_20260317_160022_382708.jpg,0.2,0.0
20260317_160022_450421,img_20260317_160022_450421.jpg,0.2,0.0
20260317_160022_498728,img_20260317_160022_498728.jpg,0.2,0.0
20260317_160022_544583,img_20260317_160022_544583.jpg,0.2,0.0
20260317_160022_593012,img_20260317_160022_593012.jpg,0.2,0.0
20260317_160022_647502,img_20260317_160022_647502.jpg,0.2,0.0
20260317_160022_688955,img_20260317_160022_688955.jpg,0.2,0.0
20260317_160022_749153,img_20260317_160022_749153.jpg,0.2,0.0
20260317_160022_805344,img_20260317_160022_805344.jpg,0.2,0.0
20260317_160022_860900,img_20260317_160022_860900.jpg,0.2,0.0
20260317_160022_909960,img_20260317_160022_909960.jpg,0.2,0.0
20260317_160022_964870,img_20260317_160022_964870.jpg,0.2,0.0
20260317_160023_008579,img_20260317_160023_008579.jpg,0.2,0.0
20260317_160023_061623,img_20260317_160023_061623.jpg,0.2,0.0
20260317_160023_116086,img_20260317_160023_116086.jpg,0.2,0.0
20260317_160023_169455,img_20260317_160023_169455.jpg,0.2,0.0
20260317_160023_222071,img_20260317_160023_222071.jpg,0.2,0.0
20260317_160023_273823,img_20260317_160023_273823.jpg,0.2,0.0
20260317_160023_325434,img_20260317_160023_325434.jpg,0.2,0.0
20260317_160023_375780,img_20260317_160023_375780.jpg,0.2,0.0
20260317_160023_427562,img_20260317_160023_427562.jpg,0.2,0.0
20260317_160023_480484,img_20260317_160023_480484.jpg,0.2,0.0
20260317_160023_538808,img_20260317_160023_538808.jpg,0.2,0.0
20260317_160023_581177,img_20260317_160023_581177.jpg,0.2,0.0
20260317_160023_629973,img_20260317_160023_629973.jpg,0.2,0.0
20260317_160023_685909,img_20260317_160023_685909.jpg,0.2,0.0
20260317_160023_736049,img_20260317_160023_736049.jpg,0.2,0.0
20260317_160023_789776,img_20260317_160023_789776.jpg,0.2,0.0
20260317_160023_841223,img_20260317_160023_841223.jpg,0.2,0.0
20260317_160023_894296,img_20260317_160023_894296.jpg,0.2,0.0
20260317_160023_948167,img_20260317_160023_948167.jpg,0.2,0.0
20260317_160023_995391,img_20260317_160023_995391.jpg,0.2,0.0
20260317_160024_046657,img_20260317_160024_046657.jpg,0.2,0.0
20260317_160024_088309,img_20260317_160024_088309.jpg,0.2,0.0
20260317_160024_154012,img_20260317_160024_154012.jpg,0.2,0.0
20260317_160024_206166,img_20260317_160024_206166.jpg,0.2,0.0
20260317_160024_240810,img_20260317_160024_240810.jpg,0.2,0.0
20260317_160024_301952,img_20260317_160024_301952.jpg,0.2,0.0
20260317_160024_350503,img_20260317_160024_350503.jpg,0.2,0.0
20260317_160024_410970,img_20260317_160024_410970.jpg,0.2,0.0
20260317_160024_459973,img_20260317_160024_459973.jpg,0.2,0.0
20260317_160024_500088,img_20260317_160024_500088.jpg,0.2,0.0
20260317_160024_559746,img_20260317_160024_559746.jpg,0.2,0.0
20260317_160024_604327,img_20260317_160024_604327.jpg,0.2,0.0
20260317_160024_667717,img_20260317_160024_667717.jpg,0.2,0.0
20260317_160024_714711,img_20260317_160024_714711.jpg,0.2,0.0
20260317_160024_773267,img_20260317_160024_773267.jpg,0.2,0.0
20260317_160024_830060,img_20260317_160024_830060.jpg,0.2,0.0
20260317_160024_863232,img_20260317_160024_863232.jpg,0.2,0.0
20260317_160024_924135,img_20260317_160024_924135.jpg,0.2,0.0
20260317_160024_973790,img_20260317_160024_973790.jpg,0.2,0.0
20260317_160025_027345,img_20260317_160025_027345.jpg,0.2,0.0
20260317_160025_075776,img_20260317_160025_075776.jpg,0.2,0.0
20260317_160025_131216,img_20260317_160025_131216.jpg,0.2,0.0
20260317_160025_179445,img_20260317_160025_179445.jpg,0.2,0.0
20260317_160025_224222,img_20260317_160025_224222.jpg,0.2,0.0
20260317_160025_282239,img_20260317_160025_282239.jpg,0.2,0.0
20260317_160025_337601,img_20260317_160025_337601.jpg,0.2,0.0
20260317_160025_390836,img_20260317_160025_390836.jpg,0.2,0.0
20260317_160025_450190,img_20260317_160025_450190.jpg,0.2,0.0
20260317_160025_492279,img_20260317_160025_492279.jpg,0.2,0.0
20260317_160025_530606,img_20260317_160025_530606.jpg,0.2,0.0
20260317_160025_593948,img_20260317_160025_593948.jpg,0.2,0.0
20260317_160025_645560,img_20260317_160025_645560.jpg,0.2,0.0
20260317_160025_701691,img_20260317_160025_701691.jpg,0.2,0.0
20260317_160025_751227,img_20260317_160025_751227.jpg,0.2,0.0
20260317_160025_804086,img_20260317_160025_804086.jpg,0.2,0.0
20260317_160025_855307,img_20260317_160025_855307.jpg,0.2,0.0
20260317_160025_910311,img_20260317_160025_910311.jpg,0.2,0.0
20260317_160025_971560,img_20260317_160025_971560.jpg,0.2,0.0
20260317_160026_003995,img_20260317_160026_003995.jpg,0.2,0.0
20260317_160026_058212,img_20260317_160026_058212.jpg,0.2,0.0
20260317_160026_117186,img_20260317_160026_117186.jpg,0.2,0.0
20260317_160026_169837,img_20260317_160026_169837.jpg,0.2,0.0
20260317_160026_215975,img_20260317_160026_215975.jpg,0.2,0.0
20260317_160026_255445,img_20260317_160026_255445.jpg,0.2,0.0
20260317_160026_315023,img_20260317_160026_315023.jpg,0.2,0.0
20260317_160026_369734,img_20260317_160026_369734.jpg,0.2,0.0
20260317_160026_422180,img_20260317_160026_422180.jpg,0.2,0.0
20260317_160026_469242,img_20260317_160026_469242.jpg,0.2,0.0
20260317_160026_527554,img_20260317_160026_527554.jpg,0.2,0.0
20260317_160026_571332,img_20260317_160026_571332.jpg,0.2,0.0
20260317_160026_624299,img_20260317_160026_624299.jpg,0.2,0.0
20260317_160026_681420,img_20260317_160026_681420.jpg,0.2,0.0
20260317_160026_715767,img_20260317_160026_715767.jpg,0.2,0.0
20260317_160026_774199,img_20260317_160026_774199.jpg,0.2,0.0
20260317_160026_819917,img_20260317_160026_819917.jpg,0.2,0.0
20260317_160026_883833,img_20260317_160026_883833.jpg,0.2,0.0
20260317_160026_933387,img_20260317_160026_933387.jpg,0.2,0.0
20260317_160026_979667,img_20260317_160026_979667.jpg,0.2,0.0
20260317_160027_037854,img_20260317_160027_037854.jpg,0.2,0.0
20260317_160027_091412,img_20260317_160027_091412.jpg,0.2,0.0
20260317_160027_145584,img_20260317_160027_145584.jpg,0.2,0.0
20260317_160027_192314,img_20260317_160027_192314.jpg,0.2,0.0
20260317_160027_234885,img_20260317_160027_234885.jpg,0.2,0.0
20260317_160027_282037,img_20260317_160027_282037.jpg,0.2,0.0
20260317_160027_348671,img_20260317_160027_348671.jpg,0.2,0.0
20260317_160027_393712,img_20260317_160027_393712.jpg,0.2,0.0
20260317_160027_455645,img_20260317_160027_455645.jpg,0.2,0.0
20260317_160027_504880,img_20260317_160027_504880.jpg,0.2,0.0
20260317_160027_560193,img_20260317_160027_560193.jpg,0.2,0.0
20260317_160027_605611,img_20260317_160027_605611.jpg,0.2,0.0
20260317_160027_660363,img_20260317_160027_660363.jpg,0.2,0.0
20260317_160027_720170,img_20260317_160027_720170.jpg,0.2,0.0
20260317_160027_751996,img_20260317_160027_751996.jpg,0.2,0.0
20260317_160027_813198,img_20260317_160027_813198.jpg,0.2,0.0
20260317_160027_866040,img_20260317_160027_866040.jpg,0.2,0.0
20260317_160027_920305,img_20260317_160027_920305.jpg,0.2,0.0
20260317_160027_968634,img_20260317_160027_968634.jpg,0.2,0.0
20260317_160028_022776,img_20260317_160028_022776.jpg,0.2,0.0
20260317_160028_072168,img_20260317_160028_072168.jpg,0.2,0.0
20260317_160028_126148,img_20260317_160028_126148.jpg,0.2,0.0
20260317_160028_167204,img_20260317_160028_167204.jpg,0.2,0.0
20260317_160028_224386,img_20260317_160028_224386.jpg,0.2,0.0
20260317_160028_289213,img_20260317_160028_289213.jpg,0.2,0.0
20260317_160028_334960,img_20260317_160028_334960.jpg,0.2,0.0
20260317_160028_383646,img_20260317_160028_383646.jpg,0.2,0.0
20260317_160028_434273,img_20260317_160028_434273.jpg,0.2,0.0
20260317_160028_489969,img_20260317_160028_489969.jpg,0.2,0.0
20260317_160028_546151,img_20260317_160028_546151.jpg,0.2,0.0
20260317_160028_589693,img_20260317_160028_589693.jpg,0.2,0.0
20260317_160028_647458,img_20260317_160028_647458.jpg,0.2,0.0
20260317_160028_692391,img_20260317_160028_692391.jpg,0.2,0.0
20260317_160028_748654,img_20260317_160028_748654.jpg,0.2,0.0
20260317_160028_788372,img_20260317_160028_788372.jpg,0.2,0.0
20260317_160028_851818,img_20260317_160028_851818.jpg,0.2,0.0
20260317_160028_897649,img_20260317_160028_897649.jpg,0.2,0.0
20260317_160028_953776,img_20260317_160028_953776.jpg,0.2,0.0
20260317_160028_992264,img_20260317_160028_992264.jpg,0.2,0.0
20260317_160029_063329,img_20260317_160029_063329.jpg,0.2,0.0
20260317_160029_106540,img_20260317_160029_106540.jpg,0.2,0.0
20260317_160029_162370,img_20260317_160029_162370.jpg,0.2,0.0
20260317_160029_210018,img_20260317_160029_210018.jpg,0.2,0.0
20260317_160029_265328,img_20260317_160029_265328.jpg,0.2,0.0
20260317_160029_315101,img_20260317_160029_315101.jpg,0.2,0.0
20260317_160029_358688,img_20260317_160029_358688.jpg,0.2,0.0
20260317_160029_424906,img_20260317_160029_424906.jpg,0.2,0.0
20260317_160029_467298,img_20260317_160029_467298.jpg,0.2,0.0
20260317_160029_520840,img_20260317_160029_520840.jpg,0.2,0.0
20260317_160029_568059,img_20260317_160029_568059.jpg,0.2,0.0
20260317_160029_613904,img_20260317_160029_613904.jpg,0.2,0.0
20260317_160029_659537,img_20260317_160029_659537.jpg,0.2,0.0
20260317_160029_725872,img_20260317_160029_725872.jpg,0.2,0.0
20260317_160029_773432,img_20260317_160029_773432.jpg,0.2,0.0
20260317_160029_818818,img_20260317_160029_818818.jpg,0.2,0.0
20260317_160029_876806,img_20260317_160029_876806.jpg,0.2,0.0
20260317_160029_929504,img_20260317_160029_929504.jpg,0.2,0.0
20260317_160029_981613,img_20260317_160029_981613.jpg,0.2,0.0
20260317_160030_030119,img_20260317_160030_030119.jpg,0.2,0.0
20260317_160030_072500,img_20260317_160030_072500.jpg,0.2,0.0
20260317_160030_139768,img_20260317_160030_139768.jpg,0.2,0.0
20260317_160030_182962,img_20260317_160030_182962.jpg,0.2,0.0
20260317_160030_239703,img_20260317_160030_239703.jpg,0.2,0.0
20260317_160030_287880,img_20260317_160030_287880.jpg,0.2,0.0
20260317_160030_339215,img_20260317_160030_339215.jpg,0.2,0.0
20260317_160030_377989,img_20260317_160030_377989.jpg,0.2,0.0
20260317_160030_432138,img_20260317_160030_432138.jpg,0.2,0.0
20260317_160030_490819,img_20260317_160030_490819.jpg,0.2,0.0
20260317_160030_546620,img_20260317_160030_546620.jpg,0.2,0.0
20260317_160030_591454,img_20260317_160030_591454.jpg,0.2,0.0
20260317_160030_638855,img_20260317_160030_638855.jpg,0.2,0.0
20260317_160030_699887,img_20260317_160030_699887.jpg,0.2,0.0
20260317_160030_753698,img_20260317_160030_753698.jpg,0.2,0.0
20260317_160030_794288,img_20260317_160030_794288.jpg,0.2,0.0
20260317_160030_843155,img_20260317_160030_843155.jpg,0.2,0.0
20260317_160030_896199,img_20260317_160030_896199.jpg,0.2,0.0
20260317_160030_948835,img_20260317_160030_948835.jpg,0.2,0.0
20260317_160031_011541,img_20260317_160031_011541.jpg,0.2,0.0
20260317_160031_060863,img_20260317_160031_060863.jpg,0.2,0.0
20260317_160031_115083,img_20260317_160031_115083.jpg,0.2,0.0
20260317_160031_162382,img_20260317_160031_162382.jpg,0.2,0.0
20260317_160031_213691,img_20260317_160031_213691.jpg,0.2,0.0
20260317_160031_264241,img_20260317_160031_264241.jpg,0.2,0.0
20260317_160031_317836,img_20260317_160031_317836.jpg,0.2,0.0
20260317_160031_373042,img_20260317_160031_373042.jpg,0.2,0.0
20260317_160031_418489,img_20260317_160031_418489.jpg,0.2,0.0
20260317_160031_460606,img_20260317_160031_460606.jpg,0.2,0.0
20260317_160031_519984,img_20260317_160031_519984.jpg,0.2,0.0
20260317_160031_564653,img_20260317_160031_564653.jpg,0.2,0.0
20260317_160031_614588,img_20260317_160031_614588.jpg,0.2,0.0
20260317_160031_675691,img_20260317_160031_675691.jpg,0.2,0.0
20260317_160031_727634,img_20260317_160031_727634.jpg,0.2,0.0
20260317_160031_779882,img_20260317_160031_779882.jpg,0.2,0.0
20260317_160031_830466,img_20260317_160031_830466.jpg,0.2,0.0
20260317_160031_881512,img_20260317_160031_881512.jpg,0.2,0.0
20260317_160031_930373,img_20260317_160031_930373.jpg,0.2,0.0
20260317_160031_971459,img_20260317_160031_971459.jpg,0.2,0.0
20260317_160032_031471,img_20260317_160032_031471.jpg,0.2,0.0
20260317_160032_087505,img_20260317_160032_087505.jpg,0.2,0.0
20260317_160032_138762,img_20260317_160032_138762.jpg,0.2,0.0
20260317_160032_181570,img_20260317_160032_181570.jpg,0.2,0.0
20260317_160032_243103,img_20260317_160032_243103.jpg,0.2,0.0
20260317_160032_292506,img_20260317_160032_292506.jpg,0.2,0.0
20260317_160032_351752,img_20260317_160032_351752.jpg,0.2,0.0
20260317_160032_384245,img_20260317_160032_384245.jpg,0.2,0.0
20260317_160032_450553,img_20260317_160032_450553.jpg,0.2,0.0
20260317_160032_490411,img_20260317_160032_490411.jpg,0.2,0.0
20260317_160032_545303,img_20260317_160032_545303.jpg,0.2,0.0
20260317_160032_602349,img_20260317_160032_602349.jpg,0.2,0.0
20260317_160032_662597,img_20260317_160032_662597.jpg,0.2,0.0
20260317_160032_707156,img_20260317_160032_707156.jpg,0.2,0.0
20260317_160032_761518,img_20260317_160032_761518.jpg,0.2,0.0
20260317_160032_808183,img_20260317_160032_808183.jpg,0.2,0.0
20260317_160032_867127,img_20260317_160032_867127.jpg,0.2,0.0
20260317_160032_902710,img_20260317_160032_902710.jpg,0.2,0.0
20260317_160032_967163,img_20260317_160032_967163.jpg,0.2,0.0
20260317_160033_004429,img_20260317_160033_004429.jpg,0.2,0.0
20260317_160033_069523,img_20260317_160033_069523.jpg,0.2,0.0
20260317_160033_107058,img_20260317_160033_107058.jpg,0.2,0.0
20260317_160033_170745,img_20260317_160033_170745.jpg,0.2,0.0
20260317_160033_233035,img_20260317_160033_233035.jpg,0.2,0.0
20260317_160033_274495,img_20260317_160033_274495.jpg,0.2,0.0
20260317_160033_328399,img_20260317_160033_328399.jpg,0.2,0.0
20260317_160033_366790,img_20260317_160033_366790.jpg,0.2,0.0
20260317_160033_424447,img_20260317_160033_424447.jpg,0.2,0.0
20260317_160033_478770,img_20260317_160033_478770.jpg,0.2,0.0
20260317_160033_537070,img_20260317_160033_537070.jpg,0.2,0.0
20260317_160033_576116,img_20260317_160033_576116.jpg,0.2,0.0
20260317_160033_635281,img_20260317_160033_635281.jpg,0.2,0.0
20260317_160033_696284,img_20260317_160033_696284.jpg,0.2,0.0
20260317_160033_737616,img_20260317_160033_737616.jpg,0.2,0.0
20260317_160033_794992,img_20260317_160033_794992.jpg,0.2,0.0
20260317_160033_847637,img_20260317_160033_847637.jpg,0.2,0.0
20260317_160033_899964,img_20260317_160033_899964.jpg,0.2,0.0
20260317_160033_949111,img_20260317_160033_949111.jpg,0.2,0.0
20260317_160034_001053,img_20260317_160034_001053.jpg,0.2,0.0
20260317_160034_050163,img_20260317_160034_050163.jpg,0.2,0.0
20260317_160034_103940,img_20260317_160034_103940.jpg,0.2,0.0
20260317_160034_154899,img_20260317_160034_154899.jpg,0.2,0.0
20260317_160034_203629,img_20260317_160034_203629.jpg,0.2,0.0
20260317_160034_241222,img_20260317_160034_241222.jpg,0.2,0.0
20260317_160034_305555,img_20260317_160034_305555.jpg,0.2,0.0
20260317_160034_348574,img_20260317_160034_348574.jpg,0.2,0.0
20260317_160034_414568,img_20260317_160034_414568.jpg,0.2,0.0
20260317_160034_474596,img_20260317_160034_474596.jpg,0.2,0.0
20260317_160034_519462,img_20260317_160034_519462.jpg,0.2,0.0
20260317_160034_564077,img_20260317_160034_564077.jpg,0.2,0.0
20260317_160034_617849,img_20260317_160034_617849.jpg,0.2,0.0
20260317_160034_668801,img_20260317_160034_668801.jpg,0.2,0.0
20260317_160034_719426,img_20260317_160034_719426.jpg,0.2,0.0
20260317_160034_770012,img_20260317_160034_770012.jpg,0.2,0.0
20260317_160034_824679,img_20260317_160034_824679.jpg,0.2,0.0
20260317_160034_870649,img_20260317_160034_870649.jpg,0.2,0.0
20260317_160034_923913,img_20260317_160034_923913.jpg,0.2,0.0
20260317_160034_975694,img_20260317_160034_975694.jpg,0.2,0.0
20260317_160035_019587,img_20260317_160035_019587.jpg,0.2,0.0
20260317_160035_073667,img_20260317_160035_073667.jpg,0.2,0.0
20260317_160035_128767,img_20260317_160035_128767.jpg,0.2,0.0
20260317_160035_183469,img_20260317_160035_183469.jpg,0.2,0.0
20260317_160035_232810,img_20260317_160035_232810.jpg,0.2,0.0
20260317_160035_282307,img_20260317_160035_282307.jpg,0.2,0.0
20260317_160035_324956,img_20260317_160035_324956.jpg,0.2,0.0
20260317_160035_384898,img_20260317_160035_384898.jpg,0.2,0.0
20260317_160035_440185,img_20260317_160035_440185.jpg,0.2,0.0
20260317_160035_481026,img_20260317_160035_481026.jpg,0.2,0.0
20260317_160035_537600,img_20260317_160035_537600.jpg,0.2,0.0
20260317_160035_591164,img_20260317_160035_591164.jpg,0.2,0.0
20260317_160035_635838,img_20260317_160035_635838.jpg,0.2,0.0
20260317_160035_696873,img_20260317_160035_696873.jpg,0.2,0.0
20260317_160035_748510,img_20260317_160035_748510.jpg,0.2,0.0
20260317_160035_806261,img_20260317_160035_806261.jpg,0.2,0.0
20260317_160035_862121,img_20260317_160035_862121.jpg,0.2,0.0
20260317_160035_905046,img_20260317_160035_905046.jpg,0.2,0.0
20260317_160035_956582,img_20260317_160035_956582.jpg,0.2,0.0
20260317_160036_008591,img_20260317_160036_008591.jpg,0.2,0.0
20260317_160036_055141,img_20260317_160036_055141.jpg,0.2,0.0
20260317_160036_112622,img_20260317_160036_112622.jpg,0.2,0.0
20260317_160036_151835,img_20260317_160036_151835.jpg,0.2,0.0
20260317_160036_220743,img_20260317_160036_220743.jpg,0.2,0.0
20260317_160036_266297,img_20260317_160036_266297.jpg,0.2,0.0
20260317_160036_322624,img_20260317_160036_322624.jpg,0.2,0.0
20260317_160036_370566,img_20260317_160036_370566.jpg,0.2,0.0
20260317_160036_426335,img_20260317_160036_426335.jpg,0.2,0.0
20260317_160036_473071,img_20260317_160036_473071.jpg,0.2,0.0
20260317_160036_516448,img_20260317_160036_516448.jpg,0.2,0.0
20260317_160036_564391,img_20260317_160036_564391.jpg,0.2,0.0
20260317_160036_625255,img_20260317_160036_625255.jpg,0.2,0.0
20260317_160036_678435,img_20260317_160036_678435.jpg,0.2,0.0
20260317_160036_732776,img_20260317_160036_732776.jpg,0.2,0.0
20260317_160036_782705,img_20260317_160036_782705.jpg,0.2,0.0
20260317_160036_837989,img_20260317_160036_837989.jpg,0.2,0.0
20260317_160036_887252,img_20260317_160036_887252.jpg,0.2,0.0
20260317_160036_941170,img_20260317_160036_941170.jpg,0.2,0.0
20260317_160036_977074,img_20260317_160036_977074.jpg,0.2,0.0
20260317_160037_044541,img_20260317_160037_044541.jpg,0.2,0.0
20260317_160037_081848,img_20260317_160037_081848.jpg,0.2,0.0
20260317_160037_137101,img_20260317_160037_137101.jpg,0.2,0.0
20260317_160037_200486,img_20260317_160037_200486.jpg,0.2,0.0
20260317_160037_248785,img_20260317_160037_248785.jpg,0.2,0.0
20260317_160037_298750,img_20260317_160037_298750.jpg,0.2,0.0
20260317_160037_349651,img_20260317_160037_349651.jpg,0.2,0.0
20260317_160037_394074,img_20260317_160037_394074.jpg,0.2,0.0
20260317_160037_451470,img_20260317_160037_451470.jpg,0.2,0.0
20260317_160037_507753,img_20260317_160037_507753.jpg,0.2,0.0
20260317_160037_559814,img_20260317_160037_559814.jpg,0.2,0.0
20260317_160037_607933,img_20260317_160037_607933.jpg,0.2,0.0
20260317_160037_664933,img_20260317_160037_664933.jpg,0.2,0.0
20260317_160037_711243,img_20260317_160037_711243.jpg,0.2,0.0
20260317_160037_765924,img_20260317_160037_765924.jpg,0.2,0.0
20260317_160037_822146,img_20260317_160037_822146.jpg,0.2,0.0
20260317_160037_864107,img_20260317_160037_864107.jpg,0.2,0.0
20260317_160037_915385,img_20260317_160037_915385.jpg,0.2,0.0
20260317_160037_971758,img_20260317_160037_971758.jpg,0.2,0.0
20260317_160038_013298,img_20260317_160038_013298.jpg,0.2,0.0
20260317_160038_072644,img_20260317_160038_072644.jpg,0.2,0.0
20260317_160038_127967,img_20260317_160038_127967.jpg,0.2,0.0
20260317_160038_177244,img_20260317_160038_177244.jpg,0.2,0.0
20260317_160038_228095,img_20260317_160038_228095.jpg,0.2,0.0
20260317_160038_279340,img_20260317_160038_279340.jpg,0.2,0.0
20260317_160038_333472,img_20260317_160038_333472.jpg,0.2,0.0
20260317_160038_389765,img_20260317_160038_389765.jpg,0.2,0.0
20260317_160038_426141,img_20260317_160038_426141.jpg,0.2,0.0
20260317_160038_484302,img_20260317_160038_484302.jpg,0.2,0.0
20260317_160038_536431,img_20260317_160038_536431.jpg,0.2,0.0
20260317_160038_591297,img_20260317_160038_591297.jpg,0.2,0.0
20260317_160038_641847,img_20260317_160038_641847.jpg,0.2,0.0
20260317_160038_682350,img_20260317_160038_682350.jpg,0.2,0.0
20260317_160038_746811,img_20260317_160038_746811.jpg,0.2,0.0
20260317_160038_798037,img_20260317_160038_798037.jpg,0.2,0.0
20260317_160038_851194,img_20260317_160038_851194.jpg,0.2,0.0
20260317_160038_901809,img_20260317_160038_901809.jpg,0.2,0.0
20260317_160038_961024,img_20260317_160038_961024.jpg,0.2,0.0
20260317_160039_008532,img_20260317_160039_008532.jpg,0.2,0.0
20260317_160039_061463,img_20260317_160039_061463.jpg,0.2,0.0
20260317_160039_111412,img_20260317_160039_111412.jpg,0.2,0.0
20260317_160039_154899,img_20260317_160039_154899.jpg,0.2,0.0
20260317_160039_216745,img_20260317_160039_216745.jpg,0.2,0.0
20260317_160039_266308,img_20260317_160039_266308.jpg,0.2,0.0
20260317_160039_323709,img_20260317_160039_323709.jpg,0.2,0.0
20260317_160039_369964,img_20260317_160039_369964.jpg,0.2,0.0
20260317_160039_424331,img_20260317_160039_424331.jpg,0.2,0.0
20260317_160039_472636,img_20260317_160039_472636.jpg,0.2,0.0
20260317_160039_525773,img_20260317_160039_525773.jpg,0.2,0.0
20260317_160039_586516,img_20260317_160039_586516.jpg,0.2,0.0
20260317_160039_629623,img_20260317_160039_629623.jpg,0.2,0.0
20260317_160039_666367,img_20260317_160039_666367.jpg,0.2,0.0
20260317_160039_730903,img_20260317_160039_730903.jpg,0.2,0.0
20260317_160039_783537,img_20260317_160039_783537.jpg,0.2,0.0
20260317_160039_827725,img_20260317_160039_827725.jpg,0.2,0.0
20260317_160039_885833,img_20260317_160039_885833.jpg,0.2,0.0
20260317_160039_938229,img_20260317_160039_938229.jpg,0.2,0.0
20260317_160039_991366,img_20260317_160039_991366.jpg,0.2,0.0
20260317_160040_040551,img_20260317_160040_040551.jpg,0.2,0.0
20260317_160040_089867,img_20260317_160040_089867.jpg,0.2,0.0
20260317_160040_140903,img_20260317_160040_140903.jpg,0.2,0.0
20260317_160040_190172,img_20260317_160040_190172.jpg,0.2,0.0
20260317_160040_242580,img_20260317_160040_242580.jpg,0.2,0.0
20260317_160040_296222,img_20260317_160040_296222.jpg,0.2,0.0
20260317_160040_355204,img_20260317_160040_355204.jpg,0.2,0.0
20260317_160040_392225,img_20260317_160040_392225.jpg,0.2,0.0
20260317_160040_456998,img_20260317_160040_456998.jpg,0.2,0.0
20260317_160040_505508,img_20260317_160040_505508.jpg,0.2,0.0
20260317_160040_558542,img_20260317_160040_558542.jpg,0.2,0.0
20260317_160040_609689,img_20260317_160040_609689.jpg,0.2,0.0
20260317_160040_661762,img_20260317_160040_661762.jpg,0.2,0.0
20260317_160040_721084,img_20260317_160040_721084.jpg,0.2,0.0
20260317_160040_763572,img_20260317_160040_763572.jpg,0.2,0.0
20260317_160040_808516,img_20260317_160040_808516.jpg,0.2,0.0
20260317_160040_859699,img_20260317_160040_859699.jpg,0.2,0.0
20260317_160040_919503,img_20260317_160040_919503.jpg,0.2,0.0
20260317_160040_964098,img_20260317_160040_964098.jpg,0.2,0.0
20260317_160041_021936,img_20260317_160041_021936.jpg,0.2,0.0
20260317_160041_072985,img_20260317_160041_072985.jpg,0.2,0.0
20260317_160041_127220,img_20260317_160041_127220.jpg,0.2,0.0
20260317_160041_179687,img_20260317_160041_179687.jpg,0.2,0.0
20260317_160041_230269,img_20260317_160041_230269.jpg,0.2,0.0
20260317_160041_281767,img_20260317_160041_281767.jpg,0.2,0.0
20260317_160041_323763,img_20260317_160041_323763.jpg,0.2,0.0
20260317_160041_383407,img_20260317_160041_383407.jpg,0.2,0.0
20260317_160041_435265,img_20260317_160041_435265.jpg,0.2,0.0
20260317_160041_477565,img_20260317_160041_477565.jpg,0.2,0.0
20260317_160041_539898,img_20260317_160041_539898.jpg,0.2,0.0
20260317_160041_593560,img_20260317_160041_593560.jpg,0.2,0.0
20260317_160041_643564,img_20260317_160041_643564.jpg,0.2,0.0
20260317_160041_689406,img_20260317_160041_689406.jpg,0.2,0.0
20260317_160041_743819,img_20260317_160041_743819.jpg,0.2,0.0
20260317_160041_794700,img_20260317_160041_794700.jpg,0.2,0.0
20260317_160041_848519,img_20260317_160041_848519.jpg,0.2,0.0
20260317_160041_906937,img_20260317_160041_906937.jpg,0.2,0.0
20260317_160041_951231,img_20260317_160041_951231.jpg,0.2,0.0
20260317_160042_002160,img_20260317_160042_002160.jpg,0.2,0.0
20260317_160042_055121,img_20260317_160042_055121.jpg,0.2,0.0
20260317_160042_110664,img_20260317_160042_110664.jpg,0.2,0.0
20260317_160042_160939,img_20260317_160042_160939.jpg,0.2,0.0
20260317_160042_207930,img_20260317_160042_207930.jpg,0.2,0.0
20260317_160042_249545,img_20260317_160042_249545.jpg,0.2,0.0
20260317_160042_309785,img_20260317_160042_309785.jpg,0.2,0.0
20260317_160042_362831,img_20260317_160042_362831.jpg,0.2,0.0
20260317_160042_420421,img_20260317_160042_420421.jpg,0.2,0.0
20260317_160042_460449,img_20260317_160042_460449.jpg,0.2,0.0
20260317_160042_506439,img_20260317_160042_506439.jpg,0.2,0.0
20260317_160042_567274,img_20260317_160042_567274.jpg,0.2,0.0
20260317_160042_623157,img_20260317_160042_623157.jpg,0.2,0.0
20260317_160042_675081,img_20260317_160042_675081.jpg,0.2,0.0
20260317_160042_724704,img_20260317_160042_724704.jpg,0.2,0.0
20260317_160042_781592,img_20260317_160042_781592.jpg,0.2,0.0
20260317_160042_829868,img_20260317_160042_829868.jpg,0.2,0.0
20260317_160042_885376,img_20260317_160042_885376.jpg,0.2,0.0
20260317_160042_937203,img_20260317_160042_937203.jpg,0.2,0.0
20260317_160042_988075,img_20260317_160042_988075.jpg,0.2,0.0
20260317_160043_043198,img_20260317_160043_043198.jpg,0.2,0.0
20260317_160043_089964,img_20260317_160043_089964.jpg,0.2,0.1
20260317_160043_129320,img_20260317_160043_129320.jpg,0.2,0.1
20260317_160043_190121,img_20260317_160043_190121.jpg,0.2,0.0
20260317_160043_242912,img_20260317_160043_242912.jpg,0.2,0.0
20260317_160043_286892,img_20260317_160043_286892.jpg,0.2,0.0
20260317_160043_336681,img_20260317_160043_336681.jpg,0.2,0.0
20260317_160043_389401,img_20260317_160043_389401.jpg,0.2,0.0
20260317_160043_440351,img_20260317_160043_440351.jpg,0.2,0.0
20260317_160043_505130,img_20260317_160043_505130.jpg,0.2,0.0
20260317_160043_555382,img_20260317_160043_555382.jpg,0.2,0.0
20260317_160043_595459,img_20260317_160043_595459.jpg,0.2,0.0
20260317_160043_641952,img_20260317_160043_641952.jpg,0.2,0.0
20260317_160043_703742,img_20260317_160043_703742.jpg,0.2,0.0
20260317_160043_757829,img_20260317_160043_757829.jpg,0.2,0.0
20260317_160043_812069,img_20260317_160043_812069.jpg,0.2,0.0
20260317_160043_873260,img_20260317_160043_873260.jpg,0.2,0.0
20260317_160043_914575,img_20260317_160043_914575.jpg,0.2,0.0
20260317_160043_963845,img_20260317_160043_963845.jpg,0.2,0.0
20260317_160044_014831,img_20260317_160044_014831.jpg,0.2,0.0
20260317_160044_068835,img_20260317_160044_068835.jpg,0.2,0.0
20260317_160044_124667,img_20260317_160044_124667.jpg,0.2,0.0
20260317_160044_172800,img_20260317_160044_172800.jpg,0.2,0.0
20260317_160044_215192,img_20260317_160044_215192.jpg,0.2,0.0
20260317_160044_272784,img_20260317_160044_272784.jpg,0.2,0.0
20260317_160044_328062,img_20260317_160044_328062.jpg,0.2,0.0
20260317_160044_381999,img_20260317_160044_381999.jpg,0.2,0.0
20260317_160044_438944,img_20260317_160044_438944.jpg,0.2,0.0
20260317_160044_482100,img_20260317_160044_482100.jpg,0.2,0.0
20260317_160044_540880,img_20260317_160044_540880.jpg,0.2,0.0
20260317_160044_588181,img_20260317_160044_588181.jpg,0.2,0.0
20260317_160044_642691,img_20260317_160044_642691.jpg,0.2,0.0
20260317_160044_690705,img_20260317_160044_690705.jpg,0.2,0.0
20260317_160044_730053,img_20260317_160044_730053.jpg,0.2,0.0
20260317_160044_782076,img_20260317_160044_782076.jpg,0.2,0.0
20260317_160044_835166,img_20260317_160044_835166.jpg,0.2,0.0
20260317_160044_883075,img_20260317_160044_883075.jpg,0.2,0.0
20260317_160044_948435,img_20260317_160044_948435.jpg,0.2,0.0
20260317_160044_998757,img_20260317_160044_998757.jpg,0.2,0.0
20260317_160045_041877,img_20260317_160045_041877.jpg,0.2,0.0
20260317_160045_101560,img_20260317_160045_101560.jpg,0.2,0.0
20260317_160045_151809,img_20260317_160045_151809.jpg,0.2,0.0
20260317_160045_207556,img_20260317_160045_207556.jpg,0.2,0.0
20260317_160045_259239,img_20260317_160045_259239.jpg,0.2,0.0
20260317_160045_307114,img_20260317_160045_307114.jpg,0.2,0.0
20260317_160045_355211,img_20260317_160045_355211.jpg,0.2,0.0
20260317_160045_411369,img_20260317_160045_411369.jpg,0.2,0.0
20260317_160045_465996,img_20260317_160045_465996.jpg,0.2,0.0
20260317_160045_519766,img_20260317_160045_519766.jpg,0.2,0.0
20260317_160045_557119,img_20260317_160045_557119.jpg,0.2,0.0
20260317_160045_617710,img_20260317_160045_617710.jpg,0.2,0.0
20260317_160045_656147,img_20260317_160045_656147.jpg,0.2,0.0
20260317_160045_721732,img_20260317_160045_721732.jpg,0.2,0.0
20260317_160045_775476,img_20260317_160045_775476.jpg,0.2,0.0
20260317_160045_823372,img_20260317_160045_823372.jpg,0.2,0.0
20260317_160045_873679,img_20260317_160045_873679.jpg,0.2,0.0
20260317_160045_929535,img_20260317_160045_929535.jpg,0.2,0.0
20260317_160045_972166,img_20260317_160045_972166.jpg,0.2,0.0
20260317_160046_032058,img_20260317_160046_032058.jpg,0.2,0.0
20260317_160046_086023,img_20260317_160046_086023.jpg,0.2,0.0
20260317_160046_138020,img_20260317_160046_138020.jpg,0.2,0.0
20260317_160046_188428,img_20260317_160046_188428.jpg,0.2,0.0
20260317_160046_240126,img_20260317_160046_240126.jpg,0.2,0.0
20260317_160046_288292,img_20260317_160046_288292.jpg,0.2,0.0
20260317_160046_343693,img_20260317_160046_343693.jpg,0.2,0.0
20260317_160046_391305,img_20260317_160046_391305.jpg,0.2,0.0
20260317_160046_445877,img_20260317_160046_445877.jpg,0.2,0.0
20260317_160046_484420,img_20260317_160046_484420.jpg,0.2,0.0
20260317_160046_545889,img_20260317_160046_545889.jpg,0.2,0.0
20260317_160046_594438,img_20260317_160046_594438.jpg,0.2,0.0
20260317_160046_654217,img_20260317_160046_654217.jpg,0.2,0.0
20260317_160046_701864,img_20260317_160046_701864.jpg,0.2,0.0
20260317_160046_743112,img_20260317_160046_743112.jpg,0.2,0.0
20260317_160046_793715,img_20260317_160046_793715.jpg,0.2,0.0
20260317_160046_852891,img_20260317_160046_852891.jpg,0.2,0.0
20260317_160046_909564,img_20260317_160046_909564.jpg,0.2,0.0
20260317_160046_957509,img_20260317_160046_957509.jpg,0.2,0.0
20260317_160047_000618,img_20260317_160047_000618.jpg,0.2,0.0
20260317_160047_055778,img_20260317_160047_055778.jpg,0.2,0.0
20260317_160047_099645,img_20260317_160047_099645.jpg,0.2,0.0
20260317_160047_172936,img_20260317_160047_172936.jpg,0.2,0.0
20260317_160047_214484,img_20260317_160047_214484.jpg,0.2,0.0
20260317_160047_269990,img_20260317_160047_269990.jpg,0.2,0.0
20260317_160047_309660,img_20260317_160047_309660.jpg,0.2,0.0
20260317_160047_362343,img_20260317_160047_362343.jpg,0.2,0.0
20260317_160047_413771,img_20260317_160047_413771.jpg,0.2,0.0
20260317_160047_479357,img_20260317_160047_479357.jpg,0.2,0.0
20260317_160047_514918,img_20260317_160047_514918.jpg,0.2,0.0
20260317_160047_578878,img_20260317_160047_578878.jpg,0.2,0.0
20260317_160047_628694,img_20260317_160047_628694.jpg,0.2,0.0
20260317_160047_684233,img_20260317_160047_684233.jpg,0.2,0.0
20260317_160047_729936,img_20260317_160047_729936.jpg,0.2,0.0
20260317_160047_774563,img_20260317_160047_774563.jpg,0.2,0.0
20260317_160047_838319,img_20260317_160047_838319.jpg,0.2,0.0
20260317_160047_883462,img_20260317_160047_883462.jpg,0.2,0.0
20260317_160047_939259,img_20260317_160047_939259.jpg,0.2,0.0
20260317_160047_989728,img_20260317_160047_989728.jpg,0.2,0.0
20260317_160048_045386,img_20260317_160048_045386.jpg,0.2,0.0
20260317_160048_091287,img_20260317_160048_091287.jpg,0.2,0.0
20260317_160048_142884,img_20260317_160048_142884.jpg,0.2,0.0
20260317_160048_194153,img_20260317_160048_194153.jpg,0.2,0.0
20260317_160048_239096,img_20260317_160048_239096.jpg,0.2,0.0
20260317_160048_296931,img_20260317_160048_296931.jpg,0.2,0.0
20260317_160048_348634,img_20260317_160048_348634.jpg,0.2,0.0
20260317_160048_392665,img_20260317_160048_392665.jpg,0.2,0.0
20260317_160048_453946,img_20260317_160048_453946.jpg,0.2,0.0
20260317_160048_506118,img_20260317_160048_506118.jpg,0.2,0.0
20260317_160048_565071,img_20260317_160048_565071.jpg,0.2,0.0
20260317_160048_600799,img_20260317_160048_600799.jpg,0.2,0.0
20260317_160048_660802,img_20260317_160048_660802.jpg,0.2,0.0
20260317_160048_714663,img_20260317_160048_714663.jpg,0.2,0.0
20260317_160048_761368,img_20260317_160048_761368.jpg,0.2,0.0
20260317_160048_818564,img_20260317_160048_818564.jpg,0.2,0.0
20260317_160048_873850,img_20260317_160048_873850.jpg,0.2,0.0
20260317_160048_924282,img_20260317_160048_924282.jpg,0.2,0.0
20260317_160048_964201,img_20260317_160048_964201.jpg,0.2,0.0
20260317_160049_016634,img_20260317_160049_016634.jpg,0.2,0.0
20260317_160049_073912,img_20260317_160049_073912.jpg,0.2,0.0
20260317_160049_129328,img_20260317_160049_129328.jpg,0.2,0.0
20260317_160049_181803,img_20260317_160049_181803.jpg,0.2,0.0
20260317_160049_236047,img_20260317_160049_236047.jpg,0.2,0.0
20260317_160049_286033,img_20260317_160049_286033.jpg,0.2,0.0
20260317_160049_338352,img_20260317_160049_338352.jpg,0.2,0.0
20260317_160049_386887,img_20260317_160049_386887.jpg,0.2,0.0
20260317_160049_429897,img_20260317_160049_429897.jpg,0.2,0.0
20260317_160049_481620,img_20260317_160049_481620.jpg,0.2,0.0
20260317_160049_533495,img_20260317_160049_533495.jpg,0.2,0.0
20260317_160049_598655,img_20260317_160049_598655.jpg,0.2,0.0
20260317_160049_648300,img_20260317_160049_648300.jpg,0.2,0.0
20260317_160049_699948,img_20260317_160049_699948.jpg,0.2,0.0
20260317_160049_748939,img_20260317_160049_748939.jpg,0.2,0.0
20260317_160049_805972,img_20260317_160049_805972.jpg,0.2,0.0
20260317_160049_852337,img_20260317_160049_852337.jpg,0.2,0.0
20260317_160049_908305,img_20260317_160049_908305.jpg,0.2,0.0
20260317_160049_946767,img_20260317_160049_946767.jpg,0.2,0.0
20260317_160050_009838,img_20260317_160050_009838.jpg,0.2,0.0
20260317_160050_060118,img_20260317_160050_060118.jpg,0.2,0.0
20260317_160050_115457,img_20260317_160050_115457.jpg,0.2,0.0
20260317_160050_162275,img_20260317_160050_162275.jpg,0.2,0.0
20260317_160050_217298,img_20260317_160050_217298.jpg,0.2,0.0
20260317_160050_269635,img_20260317_160050_269635.jpg,0.2,0.0
20260317_160050_320923,img_20260317_160050_320923.jpg,0.2,0.0
20260317_160050_368935,img_20260317_160050_368935.jpg,0.2,0.0
20260317_160050_422317,img_20260317_160050_422317.jpg,0.2,0.0
20260317_160050_467342,img_20260317_160050_467342.jpg,0.2,0.0
20260317_160050_526994,img_20260317_160050_526994.jpg,0.2,0.0
20260317_160050_583644,img_20260317_160050_583644.jpg,0.2,0.0
20260317_160050_625141,img_20260317_160050_625141.jpg,0.2,0.0
20260317_160050_678112,img_20260317_160050_678112.jpg,0.2,0.0
20260317_160050_729945,img_20260317_160050_729945.jpg,0.2,0.0
20260317_160050_773397,img_20260317_160050_773397.jpg,0.2,0.0
20260317_160050_821545,img_20260317_160050_821545.jpg,0.2,0.0
20260317_160050_894475,img_20260317_160050_894475.jpg,0.2,0.0
20260317_160050_934692,img_20260317_160050_934692.jpg,0.2,0.0
20260317_160050_989850,img_20260317_160050_989850.jpg,0.2,0.0
20260317_160051_025242,img_20260317_160051_025242.jpg,0.2,0.0
20260317_160051_075991,img_20260317_160051_075991.jpg,0.2,0.0
20260317_160051_142424,img_20260317_160051_142424.jpg,0.2,0.0
20260317_160051_192708,img_20260317_160051_192708.jpg,0.2,0.0
20260317_160051_242711,img_20260317_160051_242711.jpg,0.2,0.0
20260317_160051_292628,img_20260317_160051_292628.jpg,0.2,0.0
20260317_160051_344557,img_20260317_160051_344557.jpg,0.2,0.0
20260317_160051_398143,img_20260317_160051_398143.jpg,0.2,0.0
20260317_160051_451184,img_20260317_160051_451184.jpg,0.2,0.0
20260317_160051_503411,img_20260317_160051_503411.jpg,0.2,0.0
20260317_160051_550970,img_20260317_160051_550970.jpg,0.2,0.0
20260317_160051_602891,img_20260317_160051_602891.jpg,0.2,0.0
20260317_160051_650722,img_20260317_160051_650722.jpg,0.2,0.0
20260317_160051_705108,img_20260317_160051_705108.jpg,0.2,0.0
20260317_160051_765382,img_20260317_160051_765382.jpg,0.2,0.0
20260317_160051_807640,img_20260317_160051_807640.jpg,0.2,0.0
20260317_160051_857020,img_20260317_160051_857020.jpg,0.2,0.0
20260317_160051_912487,img_20260317_160051_912487.jpg,0.2,0.0
20260317_160051_967077,img_20260317_160051_967077.jpg,0.2,0.0
20260317_160052_022613,img_20260317_160052_022613.jpg,0.2,0.0
20260317_160052_073735,img_20260317_160052_073735.jpg,0.2,0.0
20260317_160052_108631,img_20260317_160052_108631.jpg,0.2,0.0
20260317_160052_166533,img_20260317_160052_166533.jpg,0.2,0.0
20260317_160052_211472,img_20260317_160052_211472.jpg,0.2,0.0
20260317_160050_990167,img_20260317_160050_990167.jpg,0.2,0.0
20260317_160051_046559,img_20260317_160051_046559.jpg,0.2,0.0
20260317_160051_089951,img_20260317_160051_089951.jpg,0.2,0.0
20260317_160051_142852,img_20260317_160051_142852.jpg,0.2,0.0
20260317_160051_193153,img_20260317_160051_193153.jpg,0.2,0.0
20260317_160051_250648,img_20260317_160051_250648.jpg,0.2,0.0
20260317_160051_300323,img_20260317_160051_300323.jpg,0.2,0.0
20260317_160051_353623,img_20260317_160051_353623.jpg,0.2,0.0
20260317_160051_403267,img_20260317_160051_403267.jpg,0.2,0.0
20260317_160051_460377,img_20260317_160051_460377.jpg,0.2,0.0
20260317_160051_508102,img_20260317_160051_508102.jpg,0.2,0.0
20260317_160051_560136,img_20260317_160051_560136.jpg,0.2,0.0
20260317_160051_615721,img_20260317_160051_615721.jpg,0.2,0.0
20260317_160051_650634,img_20260317_160051_650634.jpg,0.2,0.0
20260317_160051_709160,img_20260317_160051_709160.jpg,0.2,0.0
20260317_160051_764290,img_20260317_160051_764290.jpg,0.2,0.0
20260317_160051_819383,img_20260317_160051_819383.jpg,0.2,0.0
20260317_160051_866279,img_20260317_160051_866279.jpg,0.2,0.0
20260317_160051_918766,img_20260317_160051_918766.jpg,0.2,0.0
20260317_160051_968841,img_20260317_160051_968841.jpg,0.2,0.0
20260317_160052_022456,img_20260317_160052_022456.jpg,0.2,0.0
20260317_160052_070339,img_20260317_160052_070339.jpg,0.2,0.0
20260317_160052_121146,img_20260317_160052_121146.jpg,0.2,0.0
20260317_160052_174950,img_20260317_160052_174950.jpg,0.2,0.0
20260317_160052_230353,img_20260317_160052_230353.jpg,0.2,0.0
20260317_160052_286167,img_20260317_160052_286167.jpg,0.2,0.0
20260317_160052_328812,img_20260317_160052_328812.jpg,0.2,0.0
20260317_160052_381129,img_20260317_160052_381129.jpg,0.2,0.0
20260317_160052_434756,img_20260317_160052_434756.jpg,0.2,0.0
20260317_160052_478795,img_20260317_160052_478795.jpg,0.2,0.0
20260317_160052_536838,img_20260317_160052_536838.jpg,0.2,0.0
20260317_160052_590647,img_20260317_160052_590647.jpg,0.2,0.0
20260317_160052_644554,img_20260317_160052_644554.jpg,0.2,0.0
20260317_160052_694287,img_20260317_160052_694287.jpg,0.2,0.0
20260317_160052_747893,img_20260317_160052_747893.jpg,0.2,0.0
20260317_160052_797842,img_20260317_160052_797842.jpg,0.2,0.0
20260317_160052_850551,img_20260317_160052_850551.jpg,0.2,0.0
20260317_160052_904660,img_20260317_160052_904660.jpg,0.2,0.0
20260317_160052_955698,img_20260317_160052_955698.jpg,0.2,0.0
20260317_160052_995027,img_20260317_160052_995027.jpg,0.2,0.0
20260317_160053_057835,img_20260317_160053_057835.jpg,0.2,0.0
20260317_160053_098829,img_20260317_160053_098829.jpg,0.2,0.0
20260317_160053_160975,img_20260317_160053_160975.jpg,0.2,0.0
20260317_160053_212857,img_20260317_160053_212857.jpg,0.2,0.0
20260317_160053_264634,img_20260317_160053_264634.jpg,0.2,0.0
20260317_160053_311900,img_20260317_160053_311900.jpg,0.2,0.0
20260317_160053_356671,img_20260317_160053_356671.jpg,0.2,0.0
20260317_160053_429318,img_20260317_160053_429318.jpg,0.2,0.0
20260317_160053_467720,img_20260317_160053_467720.jpg,0.2,0.0
20260317_160053_522972,img_20260317_160053_522972.jpg,0.2,0.0
20260317_160053_573517,img_20260317_160053_573517.jpg,0.2,0.0
20260317_160053_626462,img_20260317_160053_626462.jpg,0.2,0.0
20260317_160053_675620,img_20260317_160053_675620.jpg,0.2,0.0
20260317_160053_719538,img_20260317_160053_719538.jpg,0.2,0.0
20260317_160053_779503,img_20260317_160053_779503.jpg,0.2,0.0
20260317_160053_824936,img_20260317_160053_824936.jpg,0.2,0.0
20260317_160053_886679,img_20260317_160053_886679.jpg,0.2,0.0
20260317_160053_937237,img_20260317_160053_937237.jpg,0.2,0.0
20260317_160053_989827,img_20260317_160053_989827.jpg,0.2,0.0
20260317_160054_047058,img_20260317_160054_047058.jpg,0.2,0.0
20260317_160054_103365,img_20260317_160054_103365.jpg,0.2,0.0
20260317_160054_155123,img_20260317_160054_155123.jpg,0.2,0.0
20260317_160054_212088,img_20260317_160054_212088.jpg,0.2,0.0
20260317_160054_262628,img_20260317_160054_262628.jpg,0.2,0.0
20260317_160054_305160,img_20260317_160054_305160.jpg,0.2,0.0
20260317_160054_371699,img_20260317_160054_371699.jpg,0.2,0.0
20260317_160054_422773,img_20260317_160054_422773.jpg,0.2,0.0
20260317_160054_467430,img_20260317_160054_467430.jpg,0.2,0.0
20260317_160054_530047,img_20260317_160054_530047.jpg,0.2,0.0
20260317_160054_584982,img_20260317_160054_584982.jpg,0.2,0.0
20260317_160054_641592,img_20260317_160054_641592.jpg,0.2,0.0
20260317_160054_706967,img_20260317_160054_706967.jpg,0.2,0.0
20260317_160054_755750,img_20260317_160054_755750.jpg,0.2,0.0
20260317_160054_795823,img_20260317_160054_795823.jpg,0.2,0.0
20260317_160054_852724,img_20260317_160054_852724.jpg,0.2,0.0
20260317_160054_903854,img_20260317_160054_903854.jpg,0.2,0.0
20260317_160054_958248,img_20260317_160054_958248.jpg,0.2,0.0
20260317_160055_016187,img_20260317_160055_016187.jpg,0.2,0.0
20260317_160055_081623,img_20260317_160055_081623.jpg,0.2,0.0
20260317_160055_136142,img_20260317_160055_136142.jpg,0.2,0.0
20260317_160055_194488,img_20260317_160055_194488.jpg,0.2,0.0
20260317_160055_237954,img_20260317_160055_237954.jpg,0.2,0.0
20260317_160055_291557,img_20260317_160055_291557.jpg,0.2,0.0
20260317_160055_353505,img_20260317_160055_353505.jpg,0.2,0.0
20260317_160055_415286,img_20260317_160055_415286.jpg,0.2,0.0
20260317_160055_462246,img_20260317_160055_462246.jpg,0.2,0.0
20260317_160055_531346,img_20260317_160055_531346.jpg,0.2,0.0
20260317_160055_577231,img_20260317_160055_577231.jpg,0.2,0.0
20260317_160055_628247,img_20260317_160055_628247.jpg,0.2,0.0
20260317_160055_681227,img_20260317_160055_681227.jpg,0.2,0.0
20260317_160055_736514,img_20260317_160055_736514.jpg,0.2,0.0
20260317_160055_782391,img_20260317_160055_782391.jpg,0.2,0.0
20260317_160055_818668,img_20260317_160055_818668.jpg,0.2,0.0
20260317_160055_890989,img_20260317_160055_890989.jpg,0.2,0.0
20260317_160055_942178,img_20260317_160055_942178.jpg,0.2,0.0
20260317_160055_993207,img_20260317_160055_993207.jpg,0.2,0.0
20260317_160056_042838,img_20260317_160056_042838.jpg,0.2,0.0
20260317_160056_094775,img_20260317_160056_094775.jpg,0.2,0.0
20260317_160056_145608,img_20260317_160056_145608.jpg,0.2,0.0
20260317_160056_202444,img_20260317_160056_202444.jpg,0.2,0.0
20260317_160056_239634,img_20260317_160056_239634.jpg,0.2,0.0
20260317_160056_292484,img_20260317_160056_292484.jpg,0.2,0.0
20260317_160056_340030,img_20260317_160056_340030.jpg,0.2,0.0
20260317_160056_394382,img_20260317_160056_394382.jpg,0.2,0.0
20260317_160056_444673,img_20260317_160056_444673.jpg,0.2,0.0
20260317_160056_506869,img_20260317_160056_506869.jpg,0.2,0.0
20260317_160056_548517,img_20260317_160056_548517.jpg,0.2,0.0
20260317_160056_610662,img_20260317_160056_610662.jpg,0.2,0.0
20260317_160056_659620,img_20260317_160056_659620.jpg,0.2,0.0
20260317_160056_704294,img_20260317_160056_704294.jpg,0.2,0.0
20260317_160056_769702,img_20260317_160056_769702.jpg,0.2,0.0
20260317_160056_804853,img_20260317_160056_804853.jpg,0.2,0.0
20260317_160056_869105,img_20260317_160056_869105.jpg,0.2,0.0
20260317_160056_918180,img_20260317_160056_918180.jpg,0.2,0.0
20260317_160056_978216,img_20260317_160056_978216.jpg,0.2,0.0
20260317_160057_014267,img_20260317_160057_014267.jpg,0.2,0.0
20260317_160057_075138,img_20260317_160057_075138.jpg,0.2,0.0
20260317_160057_126400,img_20260317_160057_126400.jpg,0.2,0.0
20260317_160057_184398,img_20260317_160057_184398.jpg,0.2,0.0
20260317_160057_232424,img_20260317_160057_232424.jpg,0.2,0.0
20260317_160057_296421,img_20260317_160057_296421.jpg,0.2,0.0
20260317_160057_341824,img_20260317_160057_341824.jpg,0.2,0.0
20260317_160057_387661,img_20260317_160057_387661.jpg,0.2,0.0
20260317_160057_436893,img_20260317_160057_436893.jpg,0.2,0.0
20260317_160057_491126,img_20260317_160057_491126.jpg,0.2,0.0
20260317_160057_543787,img_20260317_160057_543787.jpg,0.2,0.0
20260317_160057_595886,img_20260317_160057_595886.jpg,0.2,0.0
20260317_160057_646002,img_20260317_160057_646002.jpg,0.2,0.0
20260317_160057_691532,img_20260317_160057_691532.jpg,0.2,0.0
20260317_160057_748826,img_20260317_160057_748826.jpg,0.2,0.0
20260317_160057_792148,img_20260317_160057_792148.jpg,0.2,0.0
20260317_160057_854373,img_20260317_160057_854373.jpg,0.2,0.0
20260317_160057_905612,img_20260317_160057_905612.jpg,0.2,0.0
20260317_160057_959758,img_20260317_160057_959758.jpg,0.2,0.0
20260317_160058_000191,img_20260317_160058_000191.jpg,0.2,0.0
20260317_160058_063454,img_20260317_160058_063454.jpg,0.2,0.0
20260317_160058_113438,img_20260317_160058_113438.jpg,0.2,0.0
20260317_160058_165794,img_20260317_160058_165794.jpg,0.2,0.0
20260317_160058_215408,img_20260317_160058_215408.jpg,0.2,0.0
20260317_160058_256827,img_20260317_160058_256827.jpg,0.2,0.0
20260317_160058_310430,img_20260317_160058_310430.jpg,0.2,0.0
20260317_160058_371656,img_20260317_160058_371656.jpg,0.2,0.0
20260317_160058_428017,img_20260317_160058_428017.jpg,0.2,0.0
20260317_160058_475663,img_20260317_160058_475663.jpg,0.2,0.0
20260317_160058_529891,img_20260317_160058_529891.jpg,0.2,0.0
20260317_160058_579432,img_20260317_160058_579432.jpg,0.2,0.0
20260317_160058_620055,img_20260317_160058_620055.jpg,0.2,0.0
20260317_160058_681770,img_20260317_160058_681770.jpg,0.2,0.0
20260317_160058_724559,img_20260317_160058_724559.jpg,0.2,0.0
20260317_160058_787712,img_20260317_160058_787712.jpg,0.2,0.0
20260317_160058_834975,img_20260317_160058_834975.jpg,0.2,0.0
20260317_160058_889908,img_20260317_160058_889908.jpg,0.2,0.0
20260317_160058_939936,img_20260317_160058_939936.jpg,0.2,0.0
20260317_160058_983818,img_20260317_160058_983818.jpg,0.2,0.0
20260317_160059_044131,img_20260317_160059_044131.jpg,0.2,0.0
20260317_160059_101281,img_20260317_160059_101281.jpg,0.2,0.0
20260317_160059_154785,img_20260317_160059_154785.jpg,0.2,0.0
20260317_160059_193119,img_20260317_160059_193119.jpg,0.2,0.0
20260317_160059_253898,img_20260317_160059_253898.jpg,0.2,0.0
20260317_160059_303382,img_20260317_160059_303382.jpg,0.2,0.0
20260317_160059_356599,img_20260317_160059_356599.jpg,0.2,0.0
20260317_160059_406538,img_20260317_160059_406538.jpg,0.2,0.0
20260317_160059_460667,img_20260317_160059_460667.jpg,0.2,0.0
20260317_160059_505811,img_20260317_160059_505811.jpg,0.2,0.0
20260317_160059_561495,img_20260317_160059_561495.jpg,0.2,0.0
20260317_160059_608834,img_20260317_160059_608834.jpg,0.2,0.0
20260317_160059_654810,img_20260317_160059_654810.jpg,0.2,0.0
20260317_160059_708615,img_20260317_160059_708615.jpg,0.2,0.0
20260317_160059_753460,img_20260317_160059_753460.jpg,0.2,0.0
20260317_160059_820394,img_20260317_160059_820394.jpg,0.2,0.0
20260317_160059_867937,img_20260317_160059_867937.jpg,0.2,0.1
20260317_160059_922699,img_20260317_160059_922699.jpg,0.2,0.1
20260317_160059_959601,img_20260317_160059_959601.jpg,0.2,0.1
20260317_160100_021195,img_20260317_160100_021195.jpg,0.2,0.0
20260317_160100_072108,img_20260317_160100_072108.jpg,0.2,0.0
20260317_160100_118468,img_20260317_160100_118468.jpg,0.2,0.0
20260317_160100_176809,img_20260317_160100_176809.jpg,0.2,0.0
20260317_160100_227568,img_20260317_160100_227568.jpg,0.2,0.0
20260317_160100_285090,img_20260317_160100_285090.jpg,0.2,0.0
20260317_160100_321135,img_20260317_160100_321135.jpg,0.2,0.0
20260317_160100_385748,img_20260317_160100_385748.jpg,0.2,0.0
20260317_160100_432586,img_20260317_160100_432586.jpg,0.2,0.0
20260317_160100_487253,img_20260317_160100_487253.jpg,0.2,0.0
20260317_160100_537493,img_20260317_160100_537493.jpg,0.2,0.0
20260317_160100_591440,img_20260317_160100_591440.jpg,0.2,0.0
20260317_160100_643154,img_20260317_160100_643154.jpg,0.2,0.0
20260317_160100_693845,img_20260317_160100_693845.jpg,0.2,0.0
20260317_160100_743905,img_20260317_160100_743905.jpg,0.2,0.0
20260317_160100_797436,img_20260317_160100_797436.jpg,0.2,0.0
20260317_160100_849657,img_20260317_160100_849657.jpg,0.2,0.0
20260317_160100_897472,img_20260317_160100_897472.jpg,0.2,0.0
20260317_160100_949047,img_20260317_160100_949047.jpg,0.2,0.0
20260317_160101_010681,img_20260317_160101_010681.jpg,0.2,0.0
20260317_160101_055632,img_20260317_160101_055632.jpg,0.2,0.0
20260317_160101_104524,img_20260317_160101_104524.jpg,0.2,0.0
20260317_160101_154106,img_20260317_160101_154106.jpg,0.2,0.0
20260317_160101_196825,img_20260317_160101_196825.jpg,0.2,0.0
20260317_160101_263237,img_20260317_160101_263237.jpg,0.2,0.0
20260317_160101_314971,img_20260317_160101_314971.jpg,0.2,0.0
20260317_160101_367510,img_20260317_160101_367510.jpg,0.2,0.0
20260317_160101_420909,img_20260317_160101_420909.jpg,0.2,0.0
20260317_160101_472944,img_20260317_160101_472944.jpg,0.2,0.0
20260317_160101_519529,img_20260317_160101_519529.jpg,0.2,0.0
20260317_160101_566067,img_20260317_160101_566067.jpg,0.2,0.0
20260317_160101_624306,img_20260317_160101_624306.jpg,0.2,0.0
20260317_160101_663921,img_20260317_160101_663921.jpg,0.2,0.0
20260317_160101_730867,img_20260317_160101_730867.jpg,0.2,0.0
20260317_160101_778956,img_20260317_160101_778956.jpg,0.2,0.0
20260317_160101_832501,img_20260317_160101_832501.jpg,0.2,0.0
20260317_160101_886725,img_20260317_160101_886725.jpg,0.2,0.0
20260317_160101_938712,img_20260317_160101_938712.jpg,0.2,0.0
20260317_160101_988577,img_20260317_160101_988577.jpg,0.2,0.0
20260317_160102_043998,img_20260317_160102_043998.jpg,0.2,0.0
20260317_160102_079771,img_20260317_160102_079771.jpg,0.2,0.0
20260317_160102_143623,img_20260317_160102_143623.jpg,0.2,0.0
20260317_160102_204637,img_20260317_160102_204637.jpg,0.2,0.0
20260317_160102_250665,img_20260317_160102_250665.jpg,0.2,0.0
20260317_160102_298281,img_20260317_160102_298281.jpg,0.2,0.0
20260317_160102_353228,img_20260317_160102_353228.jpg,0.2,0.0
20260317_160102_405001,img_20260317_160102_405001.jpg,0.2,0.0
20260317_160102_455796,img_20260317_160102_455796.jpg,0.2,0.0
20260317_160102_505923,img_20260317_160102_505923.jpg,0.2,0.0
20260317_160102_559641,img_20260317_160102_559641.jpg,0.2,0.0
20260317_160102_608183,img_20260317_160102_608183.jpg,0.2,0.0
20260317_160102_661449,img_20260317_160102_661449.jpg,0.2,0.0
20260317_160102_714385,img_20260317_160102_714385.jpg,0.2,0.0
20260317_160102_770434,img_20260317_160102_770434.jpg,0.2,0.0
20260317_160102_826865,img_20260317_160102_826865.jpg,0.2,0.0
20260317_160102_863657,img_20260317_160102_863657.jpg,0.2,0.0
20260317_160102_924474,img_20260317_160102_924474.jpg,0.2,0.0
20260317_160102_966786,img_20260317_160102_966786.jpg,0.2,0.0
20260317_160103_021353,img_20260317_160103_021353.jpg,0.2,0.0
20260317_160103_070897,img_20260317_160103_070897.jpg,0.2,0.0
20260317_160103_135708,img_20260317_160103_135708.jpg,0.2,0.0
20260317_160103_185361,img_20260317_160103_185361.jpg,0.2,0.0
20260317_160103_242238,img_20260317_160103_242238.jpg,0.2,0.0
20260317_160103_291592,img_20260317_160103_291592.jpg,0.2,0.0
20260317_160103_346507,img_20260317_160103_346507.jpg,0.2,0.0
20260317_160103_383756,img_20260317_160103_383756.jpg,0.2,0.0
20260317_160103_447442,img_20260317_160103_447442.jpg,0.2,0.0
20260317_160103_505308,img_20260317_160103_505308.jpg,0.2,0.0
20260317_160103_560609,img_20260317_160103_560609.jpg,0.2,0.0
20260317_160103_612142,img_20260317_160103_612142.jpg,0.2,0.0
20260317_160103_666815,img_20260317_160103_666815.jpg,0.2,0.0
20260317_160103_706673,img_20260317_160103_706673.jpg,0.2,0.0
20260317_160103_770646,img_20260317_160103_770646.jpg,0.2,0.0
20260317_160103_813118,img_20260317_160103_813118.jpg,0.2,0.0
20260317_160103_881404,img_20260317_160103_881404.jpg,0.2,0.0
20260317_160103_929296,img_20260317_160103_929296.jpg,0.2,0.0
20260317_160103_986894,img_20260317_160103_986894.jpg,0.2,0.0
20260317_160104_042085,img_20260317_160104_042085.jpg,0.2,0.0
20260317_160104_089796,img_20260317_160104_089796.jpg,0.2,0.0
20260317_160104_128333,img_20260317_160104_128333.jpg,0.2,0.0
20260317_160104_192824,img_20260317_160104_192824.jpg,0.2,0.0
20260317_160104_242608,img_20260317_160104_242608.jpg,0.2,0.0
20260317_160104_296980,img_20260317_160104_296980.jpg,0.2,0.0
20260317_160104_349132,img_20260317_160104_349132.jpg,0.2,0.0
20260317_160104_392302,img_20260317_160104_392302.jpg,0.2,0.0
20260317_160104_444119,img_20260317_160104_444119.jpg,0.2,0.0
20260317_160104_503962,img_20260317_160104_503962.jpg,0.2,0.0
20260317_160104_546716,img_20260317_160104_546716.jpg,0.2,0.0
20260317_160104_597325,img_20260317_160104_597325.jpg,0.2,0.0
20260317_160104_652822,img_20260317_160104_652822.jpg,0.2,0.0
20260317_160104_715753,img_20260317_160104_715753.jpg,0.2,0.0
20260317_160104_769356,img_20260317_160104_769356.jpg,0.2,0.0
20260317_160104_821309,img_20260317_160104_821309.jpg,0.2,0.0
20260317_160104_871085,img_20260317_160104_871085.jpg,0.2,0.0
20260317_160104_927508,img_20260317_160104_927508.jpg,0.2,0.0
20260317_160104_977708,img_20260317_160104_977708.jpg,0.2,0.0
20260317_160105_027863,img_20260317_160105_027863.jpg,0.2,0.0
20260317_160105_081156,img_20260317_160105_081156.jpg,0.2,0.0
20260317_160105_138393,img_20260317_160105_138393.jpg,0.2,0.0
20260317_160105_191755,img_20260317_160105_191755.jpg,0.2,0.0
20260317_160105_238987,img_20260317_160105_238987.jpg,0.2,0.0
20260317_160105_289784,img_20260317_160105_289784.jpg,0.2,0.0
20260317_160105_340387,img_20260317_160105_340387.jpg,0.2,0.0
20260317_160105_394973,img_20260317_160105_394973.jpg,0.2,0.0
20260317_160105_446848,img_20260317_160105_446848.jpg,0.2,0.0
20260317_160105_499121,img_20260317_160105_499121.jpg,0.2,0.0
20260317_160105_561832,img_20260317_160105_561832.jpg,0.2,0.0
20260317_160105_592582,img_20260317_160105_592582.jpg,0.2,0.0
20260317_160105_654144,img_20260317_160105_654144.jpg,0.2,0.0
20260317_160105_694256,img_20260317_160105_694256.jpg,0.2,0.0
20260317_160105_759798,img_20260317_160105_759798.jpg,0.2,0.0
20260317_160105_799045,img_20260317_160105_799045.jpg,0.2,0.0
20260317_160105_863942,img_20260317_160105_863942.jpg,0.2,0.0
20260317_160105_915082,img_20260317_160105_915082.jpg,0.2,0.0
20260317_160105_969196,img_20260317_160105_969196.jpg,0.2,0.0
20260317_160106_020265,img_20260317_160106_020265.jpg,0.2,0.0
20260317_160106_068467,img_20260317_160106_068467.jpg,0.2,0.0
20260317_160106_121098,img_20260317_160106_121098.jpg,0.2,0.0
20260317_160106_172049,img_20260317_160106_172049.jpg,0.2,0.0
20260317_160106_226615,img_20260317_160106_226615.jpg,0.2,0.0
20260317_160106_265757,img_20260317_160106_265757.jpg,0.2,0.0
20260317_160106_325597,img_20260317_160106_325597.jpg,0.2,0.0
20260317_160106_378548,img_20260317_160106_378548.jpg,0.2,0.0
20260317_160106_430453,img_20260317_160106_430453.jpg,0.2,0.0
20260317_160106_470327,img_20260317_160106_470327.jpg,0.2,0.0
20260317_160106_537684,img_20260317_160106_537684.jpg,0.2,0.0
20260317_160106_572781,img_20260317_160106_572781.jpg,0.2,0.0
20260317_160106_638075,img_20260317_160106_638075.jpg,0.2,0.0
20260317_160106_692623,img_20260317_160106_692623.jpg,0.2,0.0
20260317_160106_741288,img_20260317_160106_741288.jpg,0.2,0.0
20260317_160106_789703,img_20260317_160106_789703.jpg,0.2,0.0
20260317_160106_843998,img_20260317_160106_843998.jpg,0.2,0.0
20260317_160106_894900,img_20260317_160106_894900.jpg,0.2,0.0
20260317_160106_947410,img_20260317_160106_947410.jpg,0.2,0.0
20260317_160107_000986,img_20260317_160107_000986.jpg,0.2,0.0
20260317_160107_055246,img_20260317_160107_055246.jpg,0.2,0.0
20260317_160107_103211,img_20260317_160107_103211.jpg,0.2,0.0
20260317_160107_156019,img_20260317_160107_156019.jpg,0.2,0.0
20260317_160107_202520,img_20260317_160107_202520.jpg,0.2,0.0
20260317_160107_244952,img_20260317_160107_244952.jpg,0.2,0.0
20260317_160107_307626,img_20260317_160107_307626.jpg,0.2,0.0
20260317_160107_364001,img_20260317_160107_364001.jpg,0.2,0.0
20260317_160107_416039,img_20260317_160107_416039.jpg,0.2,0.0
20260317_160107_464380,img_20260317_160107_464380.jpg,0.2,0.0
20260317_160107_518812,img_20260317_160107_518812.jpg,0.2,0.0
20260317_160107_573501,img_20260317_160107_573501.jpg,0.2,0.0
20260317_160107_625143,img_20260317_160107_625143.jpg,0.2,0.0
20260317_160107_674535,img_20260317_160107_674535.jpg,0.2,0.0
20260317_160107_725828,img_20260317_160107_725828.jpg,0.2,0.0
20260317_160107_767624,img_20260317_160107_767624.jpg,0.2,0.0
20260317_160107_821602,img_20260317_160107_821602.jpg,0.2,0.0
20260317_160107_881301,img_20260317_160107_881301.jpg,0.2,0.0
20260317_160107_935983,img_20260317_160107_935983.jpg,0.2,0.0
20260317_160107_979556,img_20260317_160107_979556.jpg,0.2,0.0
20260317_160108_025297,img_20260317_160108_025297.jpg,0.2,0.0
20260317_160108_077255,img_20260317_160108_077255.jpg,0.2,0.0
20260317_160108_142016,img_20260317_160108_142016.jpg,0.2,0.0
20260317_160108_194406,img_20260317_160108_194406.jpg,0.2,0.0
20260317_160108_244091,img_20260317_160108_244091.jpg,0.2,0.0
20260317_160108_285673,img_20260317_160108_285673.jpg,0.2,0.0
20260317_160108_345137,img_20260317_160108_345137.jpg,0.2,0.0
20260317_160108_395838,img_20260317_160108_395838.jpg,0.2,0.0
20260317_160108_453105,img_20260317_160108_453105.jpg,0.2,0.0
20260317_160108_501755,img_20260317_160108_501755.jpg,0.2,0.0
20260317_160108_562012,img_20260317_160108_562012.jpg,0.2,0.0
20260317_160108_617120,img_20260317_160108_617120.jpg,0.2,0.0
20260317_160108_667165,img_20260317_160108_667165.jpg,0.2,0.0
20260317_160108_706956,img_20260317_160108_706956.jpg,0.2,0.0
20260317_160108_769183,img_20260317_160108_769183.jpg,0.2,0.0
20260317_160108_822545,img_20260317_160108_822545.jpg,0.2,0.0
20260317_160108_877041,img_20260317_160108_877041.jpg,0.2,0.0
20260317_160108_928010,img_20260317_160108_928010.jpg,0.2,0.0
20260317_160108_968363,img_20260317_160108_968363.jpg,0.2,0.0
20260317_160109_020039,img_20260317_160109_020039.jpg,0.2,0.0
20260317_160109_083206,img_20260317_160109_083206.jpg,0.2,0.0
20260317_160109_126474,img_20260317_160109_126474.jpg,0.2,0.0
20260317_160109_185283,img_20260317_160109_185283.jpg,0.2,0.0
20260317_160109_227374,img_20260317_160109_227374.jpg,0.2,0.0
20260317_160109_283634,img_20260317_160109_283634.jpg,0.2,0.0
20260317_160109_339776,img_20260317_160109_339776.jpg,0.2,0.0
20260317_160109_385765,img_20260317_160109_385765.jpg,0.2,0.0
20260317_160109_453195,img_20260317_160109_453195.jpg,0.2,0.0
20260317_160109_497744,img_20260317_160109_497744.jpg,0.2,0.0
20260317_160109_548537,img_20260317_160109_548537.jpg,0.2,0.0
20260317_160109_587837,img_20260317_160109_587837.jpg,0.2,0.0
20260317_160109_642290,img_20260317_160109_642290.jpg,0.2,0.0
20260317_160109_694334,img_20260317_160109_694334.jpg,0.2,0.0
20260317_160109_755829,img_20260317_160109_755829.jpg,0.2,0.0
20260317_160109_804825,img_20260317_160109_804825.jpg,0.2,0.0
20260317_160109_858984,img_20260317_160109_858984.jpg,0.2,0.0
20260317_160109_907981,img_20260317_160109_907981.jpg,0.2,0.0
20260317_160109_952669,img_20260317_160109_952669.jpg,0.2,0.0
20260317_160110_010512,img_20260317_160110_010512.jpg,0.2,0.0
20260317_160110_066126,img_20260317_160110_066126.jpg,0.2,0.0
20260317_160110_120129,img_20260317_160110_120129.jpg,0.2,0.0
20260317_160110_163107,img_20260317_160110_163107.jpg,0.2,0.0
20260317_160110_214820,img_20260317_160110_214820.jpg,0.2,0.0
20260317_160110_264356,img_20260317_160110_264356.jpg,0.2,0.0
20260317_160110_329586,img_20260317_160110_329586.jpg,0.2,0.0
20260317_160110_377591,img_20260317_160110_377591.jpg,0.2,0.0
20260317_160110_423524,img_20260317_160110_423524.jpg,0.2,0.0
20260317_160110_481535,img_20260317_160110_481535.jpg,0.2,0.0
20260317_160110_537104,img_20260317_160110_537104.jpg,0.2,0.0
20260317_160110_587967,img_20260317_160110_587967.jpg,0.2,0.0
20260317_160110_636455,img_20260317_160110_636455.jpg,0.2,0.0
20260317_160110_689832,img_20260317_160110_689832.jpg,0.2,0.0
20260317_160110_750598,img_20260317_160110_750598.jpg,0.2,0.0
20260317_160110_789395,img_20260317_160110_789395.jpg,0.2,0.0
20260317_160110_835968,img_20260317_160110_835968.jpg,0.2,0.0
20260317_160110_887495,img_20260317_160110_887495.jpg,0.2,0.0
20260317_160110_940066,img_20260317_160110_940066.jpg,0.2,0.0
20260317_160111_008153,img_20260317_160111_008153.jpg,0.2,0.0
20260317_160111_057401,img_20260317_160111_057401.jpg,0.2,0.0
20260317_160111_110785,img_20260317_160111_110785.jpg,0.2,0.0
20260317_160111_159907,img_20260317_160111_159907.jpg,0.2,0.0
20260317_160111_214288,img_20260317_160111_214288.jpg,0.2,0.0
20260317_160111_275718,img_20260317_160111_275718.jpg,0.2,0.0
20260317_160111_312082,img_20260317_160111_312082.jpg,0.2,0.0
20260317_160111_369989,img_20260317_160111_369989.jpg,0.2,0.0
20260317_160111_421007,img_20260317_160111_421007.jpg,0.2,0.0
20260317_160111_475603,img_20260317_160111_475603.jpg,0.2,0.0
20260317_160111_526795,img_20260317_160111_526795.jpg,0.2,0.0
20260317_160111_566531,img_20260317_160111_566531.jpg,0.2,0.0
20260317_160111_614799,img_20260317_160111_614799.jpg,0.2,0.0
20260317_160111_666030,img_20260317_160111_666030.jpg,0.2,0.0
20260317_160111_729090,img_20260317_160111_729090.jpg,0.2,0.0
20260317_160111_786900,img_20260317_160111_786900.jpg,0.2,0.0
20260317_160111_828834,img_20260317_160111_828834.jpg,0.2,0.0
20260317_160111_889682,img_20260317_160111_889682.jpg,0.2,0.0
20260317_160111_938545,img_20260317_160111_938545.jpg,0.2,0.0
20260317_160111_991126,img_20260317_160111_991126.jpg,0.2,0.0
20260317_160112_039607,img_20260317_160112_039607.jpg,0.2,0.0
20260317_160112_092794,img_20260317_160112_092794.jpg,0.2,0.0
20260317_160112_155083,img_20260317_160112_155083.jpg,0.2,0.0
20260317_160112_196111,img_20260317_160112_196111.jpg,0.2,0.0
20260317_160112_244189,img_20260317_160112_244189.jpg,0.2,0.0
20260317_160112_284204,img_20260317_160112_284204.jpg,0.2,0.0
20260317_160112_347639,img_20260317_160112_347639.jpg,0.2,0.0
20260317_160112_402981,img_20260317_160112_402981.jpg,0.2,0.0
20260317_160112_444096,img_20260317_160112_444096.jpg,0.2,0.0
20260317_160112_502799,img_20260317_160112_502799.jpg,0.2,0.0
20260317_160112_555904,img_20260317_160112_555904.jpg,0.2,0.0
20260317_160112_599081,img_20260317_160112_599081.jpg,0.2,0.0
20260317_160112_657431,img_20260317_160112_657431.jpg,0.2,0.0
20260317_160112_707352,img_20260317_160112_707352.jpg,0.2,0.0
20260317_160112_765759,img_20260317_160112_765759.jpg,0.2,0.0
20260317_160112_803930,img_20260317_160112_803930.jpg,0.2,0.0
20260317_160112_876996,img_20260317_160112_876996.jpg,0.2,0.0
20260317_160112_922895,img_20260317_160112_922895.jpg,0.2,0.0
20260317_160112_973970,img_20260317_160112_973970.jpg,0.2,0.0
20260317_160113_024508,img_20260317_160113_024508.jpg,0.2,0.0
20260317_160113_075766,img_20260317_160113_075766.jpg,0.2,0.0
20260317_160113_127160,img_20260317_160113_127160.jpg,0.2,0.0
20260317_160113_167642,img_20260317_160113_167642.jpg,0.2,0.0
20260317_160113_228229,img_20260317_160113_228229.jpg,0.2,0.0
20260317_160113_280154,img_20260317_160113_280154.jpg,0.2,0.0
20260317_160113_335287,img_20260317_160113_335287.jpg,0.2,0.0
20260317_160113_393859,img_20260317_160113_393859.jpg,0.2,0.0
20260317_160113_441783,img_20260317_160113_441783.jpg,0.2,0.0
20260317_160113_491804,img_20260317_160113_491804.jpg,0.2,0.0
20260317_160113_543076,img_20260317_160113_543076.jpg,0.2,0.0
20260317_160113_596174,img_20260317_160113_596174.jpg,0.2,0.0
20260317_160113_648251,img_20260317_160113_648251.jpg,0.2,0.0
20260317_160113_701725,img_20260317_160113_701725.jpg,0.2,0.0
20260317_160113_751465,img_20260317_160113_751465.jpg,0.2,0.0
20260317_160113_803627,img_20260317_160113_803627.jpg,0.2,0.0
20260317_160113_853213,img_20260317_160113_853213.jpg,0.2,0.0
20260317_160113_905904,img_20260317_160113_905904.jpg,0.2,0.0
20260317_160113_958275,img_20260317_160113_958275.jpg,0.2,0.0
20260317_160113_999989,img_20260317_160113_999989.jpg,0.2,0.0
20260317_160114_061209,img_20260317_160114_061209.jpg,0.2,0.0
20260317_160114_110519,img_20260317_160114_110519.jpg,0.2,0.0
20260317_160114_164531,img_20260317_160114_164531.jpg,0.2,0.0
20260317_160114_215683,img_20260317_160114_215683.jpg,0.2,0.0
20260317_160114_267644,img_20260317_160114_267644.jpg,0.2,0.0
20260317_160114_306853,img_20260317_160114_306853.jpg,0.2,0.0
20260317_160114_373067,img_20260317_160114_373067.jpg,0.2,0.0
20260317_160114_420103,img_20260317_160114_420103.jpg,0.2,0.0
20260317_160114_467886,img_20260317_160114_467886.jpg,0.2,0.0
20260317_160114_513983,img_20260317_160114_513983.jpg,0.2,0.0
20260317_160114_578043,img_20260317_160114_578043.jpg,0.2,0.0
20260317_160114_631216,img_20260317_160114_631216.jpg,0.2,0.0
20260317_160114_683463,img_20260317_160114_683463.jpg,0.2,0.0
20260317_160114_732275,img_20260317_160114_732275.jpg,0.2,0.0
20260317_160114_786241,img_20260317_160114_786241.jpg,0.2,0.0
20260317_160114_836597,img_20260317_160114_836597.jpg,0.2,0.0
20260317_160114_881414,img_20260317_160114_881414.jpg,0.2,0.0
20260317_160114_941122,img_20260317_160114_941122.jpg,0.2,0.0
20260317_160114_994584,img_20260317_160114_994584.jpg,0.2,0.0
20260317_160115_035984,img_20260317_160115_035984.jpg,0.2,0.0
20260317_160115_093264,img_20260317_160115_093264.jpg,0.2,0.0
20260317_160115_135992,img_20260317_160115_135992.jpg,0.2,0.0
20260317_160115_189534,img_20260317_160115_189534.jpg,0.2,0.0
20260317_160115_237221,img_20260317_160115_237221.jpg,0.2,0.0
20260317_160115_301692,img_20260317_160115_301692.jpg,0.2,0.0
20260317_160115_342938,img_20260317_160115_342938.jpg,0.2,0.0
20260317_160115_405971,img_20260317_160115_405971.jpg,0.2,0.0
20260317_160115_443459,img_20260317_160115_443459.jpg,0.2,0.0
20260317_160115_507242,img_20260317_160115_507242.jpg,0.2,0.0
20260317_160115_558098,img_20260317_160115_558098.jpg,0.2,0.0
20260317_160115_611787,img_20260317_160115_611787.jpg,0.2,0.0
20260317_160115_661382,img_20260317_160115_661382.jpg,0.2,0.0
20260317_160115_713456,img_20260317_160115_713456.jpg,0.2,0.0
20260317_160115_763305,img_20260317_160115_763305.jpg,0.2,0.0
20260317_160115_818586,img_20260317_160115_818586.jpg,0.2,0.0
20260317_160115_867698,img_20260317_160115_867698.jpg,0.2,0.0
20260317_160115_920733,img_20260317_160115_920733.jpg,0.2,0.0
20260317_160115_969958,img_20260317_160115_969958.jpg,0.2,0.0
20260317_160116_012351,img_20260317_160116_012351.jpg,0.2,0.0
20260317_160116_064736,img_20260317_160116_064736.jpg,0.2,0.0
20260317_160116_114339,img_20260317_160116_114339.jpg,0.2,0.0
20260317_160116_179160,img_20260317_160116_179160.jpg,0.2,0.0
20260317_160116_226849,img_20260317_160116_226849.jpg,0.2,0.0
20260317_160116_280929,img_20260317_160116_280929.jpg,0.2,0.0
20260317_160116_320574,img_20260317_160116_320574.jpg,0.2,0.0
20260317_160116_383626,img_20260317_160116_383626.jpg,0.2,0.0
20260317_160116_433415,img_20260317_160116_433415.jpg,0.2,0.0
20260317_160116_476760,img_20260317_160116_476760.jpg,0.2,0.0
20260317_160116_535057,img_20260317_160116_535057.jpg,0.2,0.0
20260317_160116_587145,img_20260317_160116_587145.jpg,0.2,0.0
20260317_160116_639249,img_20260317_160116_639249.jpg,0.2,0.0
20260317_160116_679221,img_20260317_160116_679221.jpg,0.2,0.0
20260317_160116_733268,img_20260317_160116_733268.jpg,0.2,0.0
20260317_160116_793859,img_20260317_160116_793859.jpg,0.2,0.0
20260317_160116_849933,img_20260317_160116_849933.jpg,0.2,0.0
20260317_160116_900554,img_20260317_160116_900554.jpg,0.2,0.0
20260317_160116_939163,img_20260317_160116_939163.jpg,0.2,0.0
20260317_160117_003031,img_20260317_160117_003031.jpg,0.2,0.0
20260317_160117_056783,img_20260317_160117_056783.jpg,0.2,0.0
20260317_160117_110934,img_20260317_160117_110934.jpg,0.2,0.0
20260317_160117_161086,img_20260317_160117_161086.jpg,0.2,0.0
20260317_160117_215455,img_20260317_160117_215455.jpg,0.2,0.0
20260317_160117_265732,img_20260317_160117_265732.jpg,0.2,0.0
20260317_160117_312190,img_20260317_160117_312190.jpg,0.2,0.0
20260317_160117_367552,img_20260317_160117_367552.jpg,0.2,0.0
20260317_160117_421083,img_20260317_160117_421083.jpg,0.2,0.0
20260317_160117_476930,img_20260317_160117_476930.jpg,0.2,0.0
20260317_160117_523859,img_20260317_160117_523859.jpg,0.2,0.0
20260317_160117_566251,img_20260317_160117_566251.jpg,0.2,0.0
20260317_160117_626151,img_20260317_160117_626151.jpg,0.2,0.0
20260317_160117_667954,img_20260317_160117_667954.jpg,0.2,0.0
20260317_160117_719947,img_20260317_160117_719947.jpg,0.2,0.0
20260317_160117_780240,img_20260317_160117_780240.jpg,0.2,0.0
20260317_160117_824836,img_20260317_160117_824836.jpg,0.2,0.0
20260317_160117_872545,img_20260317_160117_872545.jpg,0.2,0.0
20260317_160117_926019,img_20260317_160117_926019.jpg,0.2,0.0
20260317_160117_990151,img_20260317_160117_990151.jpg,0.2,0.0
20260317_160118_041821,img_20260317_160118_041821.jpg,0.2,0.0
20260317_160118_099133,img_20260317_160118_099133.jpg,0.2,0.0
20260317_160118_141942,img_20260317_160118_141942.jpg,0.2,0.0
20260317_160118_191488,img_20260317_160118_191488.jpg,0.2,0.0
20260317_160118_242338,img_20260317_160118_242338.jpg,0.2,0.0
20260317_160118_294841,img_20260317_160118_294841.jpg,0.2,0.0
20260317_160118_349156,img_20260317_160118_349156.jpg,0.2,0.0
20260317_160118_395143,img_20260317_160118_395143.jpg,0.2,0.0
20260317_160118_452905,img_20260317_160118_452905.jpg,0.2,0.0
20260317_160118_492338,img_20260317_160118_492338.jpg,0.2,0.0
20260317_160118_553537,img_20260317_160118_553537.jpg,0.2,0.0
20260317_160118_603626,img_20260317_160118_603626.jpg,0.2,0.0
20260317_160118_659491,img_20260317_160118_659491.jpg,0.2,0.0
20260317_160118_710459,img_20260317_160118_710459.jpg,0.2,0.0
20260317_160118_761952,img_20260317_160118_761952.jpg,0.2,0.0
20260317_160118_810993,img_20260317_160118_810993.jpg,0.2,0.0
20260317_160118_865503,img_20260317_160118_865503.jpg,0.2,0.0
20260317_160118_915398,img_20260317_160118_915398.jpg,0.2,0.0
20260317_160118_968170,img_20260317_160118_968170.jpg,0.2,0.0
20260317_160119_018648,img_20260317_160119_018648.jpg,0.2,0.0
20260317_160119_072640,img_20260317_160119_072640.jpg,0.2,0.0
20260317_160119_122600,img_20260317_160119_122600.jpg,0.2,0.0
20260317_160119_175293,img_20260317_160119_175293.jpg,0.2,0.0
20260317_160119_228675,img_20260317_160119_228675.jpg,0.2,0.0
20260317_160119_282648,img_20260317_160119_282648.jpg,0.2,0.0
20260317_160119_328873,img_20260317_160119_328873.jpg,0.2,0.0
20260317_160119_386655,img_20260317_160119_386655.jpg,0.2,0.0
20260317_160119_435133,img_20260317_160119_435133.jpg,0.2,0.0
20260317_160119_488856,img_20260317_160119_488856.jpg,0.2,0.0
20260317_160119_538177,img_20260317_160119_538177.jpg,0.2,0.0
20260317_160119_581921,img_20260317_160119_581921.jpg,0.2,0.0
20260317_160119_641044,img_20260317_160119_641044.jpg,0.2,0.0
20260317_160119_683227,img_20260317_160119_683227.jpg,0.2,0.0
20260317_160119_748932,img_20260317_160119_748932.jpg,0.2,0.0
20260317_160119_799897,img_20260317_160119_799897.jpg,0.2,0.0
20260317_160119_840008,img_20260317_160119_840008.jpg,0.2,0.0
20260317_160119_898841,img_20260317_160119_898841.jpg,0.2,0.0
20260317_160119_941980,img_20260317_160119_941980.jpg,0.2,0.0
20260317_160120_006064,img_20260317_160120_006064.jpg,0.2,0.0
20260317_160120_043657,img_20260317_160120_043657.jpg,0.2,0.0
20260317_160120_099033,img_20260317_160120_099033.jpg,0.2,0.0
20260317_160120_149506,img_20260317_160120_149506.jpg,0.2,0.0
20260317_160120_215907,img_20260317_160120_215907.jpg,0.2,0.0
20260317_160120_262643,img_20260317_160120_262643.jpg,0.2,0.0
20260317_160120_321134,img_20260317_160120_321134.jpg,0.2,0.0
20260317_160120_371465,img_20260317_160120_371465.jpg,0.2,0.0
20260317_160120_424267,img_20260317_160120_424267.jpg,0.2,0.0
20260317_160120_462259,img_20260317_160120_462259.jpg,0.2,0.0
20260317_160120_524407,img_20260317_160120_524407.jpg,0.2,0.0
20260317_160120_575832,img_20260317_160120_575832.jpg,0.2,0.0
20260317_160120_620709,img_20260317_160120_620709.jpg,0.2,0.0
20260317_160120_683069,img_20260317_160120_683069.jpg,0.2,0.0
20260317_160120_723800,img_20260317_160120_723800.jpg,0.2,0.0
20260317_160120_776064,img_20260317_160120_776064.jpg,0.2,0.0
20260317_160120_826892,img_20260317_160120_826892.jpg,0.2,0.0
20260317_160120_888979,img_20260317_160120_888979.jpg,0.2,0.0
20260317_160120_940027,img_20260317_160120_940027.jpg,0.2,0.0
20260317_160120_997918,img_20260317_160120_997918.jpg,0.2,0.0
20260317_160121_047267,img_20260317_160121_047267.jpg,0.2,0.0
20260317_160121_099043,img_20260317_160121_099043.jpg,0.2,0.0
20260317_160121_152893,img_20260317_160121_152893.jpg,0.2,0.0
20260317_160121_207413,img_20260317_160121_207413.jpg,0.2,0.0
20260317_160121_246573,img_20260317_160121_246573.jpg,0.2,0.0
20260317_160121_313050,img_20260317_160121_313050.jpg,0.2,0.0
20260317_160121_354555,img_20260317_160121_354555.jpg,0.2,0.0
20260317_160121_410351,img_20260317_160121_410351.jpg,0.2,0.0
20260317_160121_467314,img_20260317_160121_467314.jpg,0.2,0.0
20260317_160121_521487,img_20260317_160121_521487.jpg,0.2,0.0
20260317_160121_561062,img_20260317_160121_561062.jpg,0.2,0.0
20260317_160121_623246,img_20260317_160121_623246.jpg,0.2,0.0
20260317_160121_673345,img_20260317_160121_673345.jpg,0.2,0.0
20260317_160121_730027,img_20260317_160121_730027.jpg,0.2,0.0
20260317_160121_779048,img_20260317_160121_779048.jpg,0.2,0.0
20260317_160121_819876,img_20260317_160121_819876.jpg,0.2,0.0
20260317_160121_871782,img_20260317_160121_871782.jpg,0.2,0.0
20260317_160121_926211,img_20260317_160121_926211.jpg,0.2,0.0
20260317_160121_992879,img_20260317_160121_992879.jpg,0.2,0.0
20260317_160122_038668,img_20260317_160122_038668.jpg,0.2,0.0
20260317_160122_094408,img_20260317_160122_094408.jpg,0.2,0.0
20260317_160122_140055,img_20260317_160122_140055.jpg,0.2,0.0
20260317_160122_182107,img_20260317_160122_182107.jpg,0.2,0.0
20260317_160122_233279,img_20260317_160122_233279.jpg,0.2,0.0
20260317_160122_295916,img_20260317_160122_295916.jpg,0.2,0.0
20260317_160122_350934,img_20260317_160122_350934.jpg,0.2,0.0
20260317_160122_408510,img_20260317_160122_408510.jpg,0.2,0.0
20260317_160122_453960,img_20260317_160122_453960.jpg,0.2,0.0
20260317_160122_502164,img_20260317_160122_502164.jpg,0.2,0.0
20260317_160122_555155,img_20260317_160122_555155.jpg,0.2,0.0
20260317_160122_606890,img_20260317_160122_606890.jpg,0.2,0.0
20260317_160122_660177,img_20260317_160122_660177.jpg,0.2,0.0
20260317_160122_699561,img_20260317_160122_699561.jpg,0.2,0.0
20260317_160122_753615,img_20260317_160122_753615.jpg,0.2,0.0
20260317_160122_812395,img_20260317_160122_812395.jpg,0.2,0.0
20260317_160122_865600,img_20260317_160122_865600.jpg,0.2,0.0
20260317_160122_917227,img_20260317_160122_917227.jpg,0.2,0.0
20260317_160122_974913,img_20260317_160122_974913.jpg,0.2,0.0
20260317_160123_013643,img_20260317_160123_013643.jpg,0.2,0.0
20260317_160123_075400,img_20260317_160123_075400.jpg,0.2,0.0
20260317_160123_137479,img_20260317_160123_137479.jpg,0.2,0.0
20260317_160123_183958,img_20260317_160123_183958.jpg,0.2,0.0
20260317_160121_934740,img_20260317_160121_934740.jpg,0.2,0.0
20260317_160121_975361,img_20260317_160121_975361.jpg,0.2,0.0
20260317_160122_039543,img_20260317_160122_039543.jpg,0.2,0.0
20260317_160122_088411,img_20260317_160122_088411.jpg,0.2,0.0
20260317_160122_144435,img_20260317_160122_144435.jpg,0.2,0.0
20260317_160122_194864,img_20260317_160122_194864.jpg,0.2,0.0
20260317_160122_246323,img_20260317_160122_246323.jpg,0.2,0.0
20260317_160122_294692,img_20260317_160122_294692.jpg,0.2,0.0
20260317_160122_348711,img_20260317_160122_348711.jpg,0.2,0.0
20260317_160122_398977,img_20260317_160122_398977.jpg,0.2,0.0
20260317_160122_440482,img_20260317_160122_440482.jpg,0.2,0.0
20260317_160122_491479,img_20260317_160122_491479.jpg,0.2,0.0
20260317_160122_552460,img_20260317_160122_552460.jpg,0.2,0.0
20260317_160122_597896,img_20260317_160122_597896.jpg,0.2,0.0
20260317_160122_667640,img_20260317_160122_667640.jpg,0.2,0.0
20260317_160122_708854,img_20260317_160122_708854.jpg,0.2,0.0
20260317_160122_752770,img_20260317_160122_752770.jpg,0.2,0.0
20260317_160122_815980,img_20260317_160122_815980.jpg,0.2,0.0
20260317_160122_865643,img_20260317_160122_865643.jpg,0.2,0.0
20260317_160122_919036,img_20260317_160122_919036.jpg,0.2,0.0
20260317_160122_958202,img_20260317_160122_958202.jpg,0.2,0.0
20260317_160123_025651,img_20260317_160123_025651.jpg,0.2,0.0
20260317_160123_065169,img_20260317_160123_065169.jpg,0.2,0.0
20260317_160123_127742,img_20260317_160123_127742.jpg,0.2,0.0
20260317_160123_188171,img_20260317_160123_188171.jpg,0.2,0.0
20260317_160123_233219,img_20260317_160123_233219.jpg,0.2,0.0
20260317_160123_286923,img_20260317_160123_286923.jpg,0.2,0.0
20260317_160123_333933,img_20260317_160123_333933.jpg,0.2,0.0
20260317_160123_388643,img_20260317_160123_388643.jpg,0.2,0.0
20260317_160123_428526,img_20260317_160123_428526.jpg,0.2,0.0
20260317_160123_492406,img_20260317_160123_492406.jpg,0.2,0.0
20260317_160123_530948,img_20260317_160123_530948.jpg,0.2,0.0
20260317_160123_587011,img_20260317_160123_587011.jpg,0.2,0.0
20260317_160123_645222,img_20260317_160123_645222.jpg,0.2,0.0
20260317_160123_689205,img_20260317_160123_689205.jpg,0.2,0.0
20260317_160123_748874,img_20260317_160123_748874.jpg,0.2,0.0
20260317_160123_800423,img_20260317_160123_800423.jpg,0.2,0.0
20260317_160123_841765,img_20260317_160123_841765.jpg,0.2,0.0
20260317_160123_915156,img_20260317_160123_915156.jpg,0.2,0.0
20260317_160123_946934,img_20260317_160123_946934.jpg,0.2,0.0
20260317_160124_013451,img_20260317_160124_013451.jpg,0.2,0.0
20260317_160124_061646,img_20260317_160124_061646.jpg,0.2,0.0
20260317_160124_103763,img_20260317_160124_103763.jpg,0.2,0.0
20260317_160124_162689,img_20260317_160124_162689.jpg,0.2,0.0
20260317_160124_215778,img_20260317_160124_215778.jpg,0.2,0.0
20260317_160124_270348,img_20260317_160124_270348.jpg,0.2,0.0
20260317_160124_309634,img_20260317_160124_309634.jpg,0.2,0.0
20260317_160124_373062,img_20260317_160124_373062.jpg,0.2,0.0
20260317_160124_433322,img_20260317_160124_433322.jpg,0.2,0.0
20260317_160124_470480,img_20260317_160124_470480.jpg,0.2,0.0
20260317_160124_520101,img_20260317_160124_520101.jpg,0.2,0.0
20260317_160124_582465,img_20260317_160124_582465.jpg,0.2,0.0
20260317_160124_634472,img_20260317_160124_634472.jpg,0.2,0.0
20260317_160124_687177,img_20260317_160124_687177.jpg,0.2,0.0
20260317_160124_726797,img_20260317_160124_726797.jpg,0.2,0.0
20260317_160124_788812,img_20260317_160124_788812.jpg,0.2,0.0
20260317_160124_842889,img_20260317_160124_842889.jpg,0.2,0.0
20260317_160124_897143,img_20260317_160124_897143.jpg,0.2,0.0
20260317_160124_945945,img_20260317_160124_945945.jpg,0.2,0.0
20260317_160124_986807,img_20260317_160124_986807.jpg,0.2,0.0
20260317_160125_048384,img_20260317_160125_048384.jpg,0.2,0.0
20260317_160125_097989,img_20260317_160125_097989.jpg,0.2,0.0
20260317_160125_151662,img_20260317_160125_151662.jpg,0.2,0.0
20260317_160125_209061,img_20260317_160125_209061.jpg,0.2,0.0
20260317_160125_255105,img_20260317_160125_255105.jpg,0.2,0.0
20260317_160125_307992,img_20260317_160125_307992.jpg,0.2,0.0
20260317_160125_358633,img_20260317_160125_358633.jpg,0.2,0.0
20260317_160125_405799,img_20260317_160125_405799.jpg,0.2,0.0
20260317_160125_464733,img_20260317_160125_464733.jpg,0.2,0.0
20260317_160125_514294,img_20260317_160125_514294.jpg,0.2,0.0
20260317_160125_566803,img_20260317_160125_566803.jpg,0.2,0.0
20260317_160125_620051,img_20260317_160125_620051.jpg,0.2,0.0
20260317_160125_664415,img_20260317_160125_664415.jpg,0.2,0.0
20260317_160125_726651,img_20260317_160125_726651.jpg,0.2,0.0
20260317_160125_767969,img_20260317_160125_767969.jpg,0.2,0.0
20260317_160125_821558,img_20260317_160125_821558.jpg,0.2,0.0
20260317_160125_881179,img_20260317_160125_881179.jpg,0.2,0.0
20260317_160125_932914,img_20260317_160125_932914.jpg,0.2,0.0
20260317_160125_983445,img_20260317_160125_983445.jpg,0.2,0.0
20260317_160126_038089,img_20260317_160126_038089.jpg,0.2,0.0
20260317_160126_090557,img_20260317_160126_090557.jpg,0.2,0.0
20260317_160126_132351,img_20260317_160126_132351.jpg,0.2,0.0
20260317_160126_193892,img_20260317_160126_193892.jpg,0.2,0.0
20260317_160126_245992,img_20260317_160126_245992.jpg,0.2,0.0
20260317_160126_298821,img_20260317_160126_298821.jpg,0.2,0.0
20260317_160126_346428,img_20260317_160126_346428.jpg,0.2,0.0
20260317_160126_397984,img_20260317_160126_397984.jpg,0.2,0.0
20260317_160126_448125,img_20260317_160126_448125.jpg,0.2,0.0
20260317_160126_503802,img_20260317_160126_503802.jpg,0.2,0.0
20260317_160126_551535,img_20260317_160126_551535.jpg,0.2,0.0
20260317_160126_604074,img_20260317_160126_604074.jpg,0.2,0.0
20260317_160126_666189,img_20260317_160126_666189.jpg,0.2,0.0
20260317_160126_708641,img_20260317_160126_708641.jpg,0.2,0.0
20260317_160126_748172,img_20260317_160126_748172.jpg,0.2,0.0
20260317_160126_810238,img_20260317_160126_810238.jpg,0.2,0.0
20260317_160126_863900,img_20260317_160126_863900.jpg,0.2,0.0
20260317_160126_918474,img_20260317_160126_918474.jpg,0.2,0.0
20260317_160126_966401,img_20260317_160126_966401.jpg,0.2,0.0
20260317_160127_022893,img_20260317_160127_022893.jpg,0.2,0.0
20260317_160127_081706,img_20260317_160127_081706.jpg,0.2,0.0
20260317_160127_127904,img_20260317_160127_127904.jpg,0.2,0.0
20260317_160127_167179,img_20260317_160127_167179.jpg,0.2,0.0
20260317_160127_228198,img_20260317_160127_228198.jpg,0.2,0.0
20260317_160127_270871,img_20260317_160127_270871.jpg,0.2,0.0
20260317_160127_333569,img_20260317_160127_333569.jpg,0.2,0.0
20260317_160127_383951,img_20260317_160127_383951.jpg,0.2,0.0
20260317_160127_428646,img_20260317_160127_428646.jpg,0.2,0.0
20260317_160127_488881,img_20260317_160127_488881.jpg,0.2,0.0
20260317_160127_545241,img_20260317_160127_545241.jpg,0.2,0.0
20260317_160127_597391,img_20260317_160127_597391.jpg,0.2,0.0
20260317_160127_646384,img_20260317_160127_646384.jpg,0.2,0.0
20260317_160127_688134,img_20260317_160127_688134.jpg,0.2,0.0
20260317_160127_737600,img_20260317_160127_737600.jpg,0.2,0.0
20260317_160127_798600,img_20260317_160127_798600.jpg,0.2,0.0
20260317_160127_853488,img_20260317_160127_853488.jpg,0.2,0.0
20260317_160127_898528,img_20260317_160127_898528.jpg,0.2,0.0
20260317_160127_944666,img_20260317_160127_944666.jpg,0.2,0.0
20260317_160128_004202,img_20260317_160128_004202.jpg,0.2,0.0
20260317_160128_060636,img_20260317_160128_060636.jpg,0.2,0.0
20260317_160128_109695,img_20260317_160128_109695.jpg,0.2,0.0
20260317_160128_161230,img_20260317_160128_161230.jpg,0.2,0.0
20260317_160128_213882,img_20260317_160128_213882.jpg,0.2,0.0
20260317_160128_270742,img_20260317_160128_270742.jpg,0.2,0.0
20260317_160128_318873,img_20260317_160128_318873.jpg,0.2,0.0
20260317_160128_374821,img_20260317_160128_374821.jpg,0.2,0.0
20260317_160128_424053,img_20260317_160128_424053.jpg,0.2,0.0
20260317_160128_477975,img_20260317_160128_477975.jpg,0.2,0.0
20260317_160128_529707,img_20260317_160128_529707.jpg,0.2,0.0
20260317_160128_586113,img_20260317_160128_586113.jpg,0.2,0.0
20260317_160128_634283,img_20260317_160128_634283.jpg,0.2,0.0
20260317_160128_689550,img_20260317_160128_689550.jpg,0.2,0.0
20260317_160128_747522,img_20260317_160128_747522.jpg,0.2,0.0
20260317_160128_791442,img_20260317_160128_791442.jpg,0.2,0.0
20260317_160128_841613,img_20260317_160128_841613.jpg,0.2,0.0
20260317_160128_892249,img_20260317_160128_892249.jpg,0.2,0.0
20260317_160128_938369,img_20260317_160128_938369.jpg,0.2,0.0
20260317_160128_999222,img_20260317_160128_999222.jpg,0.2,0.0
20260317_160129_051856,img_20260317_160129_051856.jpg,0.2,0.0
20260317_160129_105957,img_20260317_160129_105957.jpg,0.2,0.0
20260317_160129_146299,img_20260317_160129_146299.jpg,0.2,0.0
20260317_160129_213214,img_20260317_160129_213214.jpg,0.2,0.0
20260317_160129_260166,img_20260317_160129_260166.jpg,0.2,0.0
20260317_160129_302315,img_20260317_160129_302315.jpg,0.2,0.0
20260317_160129_363385,img_20260317_160129_363385.jpg,0.2,0.0
20260317_160129_405217,img_20260317_160129_405217.jpg,0.2,0.0
20260317_160129_469246,img_20260317_160129_469246.jpg,0.2,0.0
20260317_160129_518348,img_20260317_160129_518348.jpg,0.2,0.0
20260317_160129_572274,img_20260317_160129_572274.jpg,0.2,0.0
20260317_160129_622654,img_20260317_160129_622654.jpg,0.2,0.0
20260317_160129_678787,img_20260317_160129_678787.jpg,0.2,0.0
20260317_160129_728270,img_20260317_160129_728270.jpg,0.2,0.0
20260317_160129_768318,img_20260317_160129_768318.jpg,0.2,0.0
20260317_160129_819175,img_20260317_160129_819175.jpg,0.2,0.0
20260317_160129_883126,img_20260317_160129_883126.jpg,0.2,0.0
20260317_160129_939286,img_20260317_160129_939286.jpg,0.2,0.0
20260317_160129_986067,img_20260317_160129_986067.jpg,0.2,0.0
20260317_160130_032063,img_20260317_160130_032063.jpg,0.2,0.0
20260317_160130_091774,img_20260317_160130_091774.jpg,0.2,0.0
20260317_160130_145789,img_20260317_160130_145789.jpg,0.2,0.0
20260317_160130_201179,img_20260317_160130_201179.jpg,0.2,0.0
20260317_160130_249277,img_20260317_160130_249277.jpg,0.2,0.0
20260317_160130_302334,img_20260317_160130_302334.jpg,0.2,0.0
20260317_160130_354478,img_20260317_160130_354478.jpg,0.2,0.0
20260317_160130_408443,img_20260317_160130_408443.jpg,0.2,0.0
20260317_160130_457505,img_20260317_160130_457505.jpg,0.2,0.0
20260317_160130_501801,img_20260317_160130_501801.jpg,0.2,0.0
20260317_160130_561108,img_20260317_160130_561108.jpg,0.2,0.0
20260317_160130_613748,img_20260317_160130_613748.jpg,0.2,0.0
20260317_160130_669770,img_20260317_160130_669770.jpg,0.2,0.0
20260317_160130_722463,img_20260317_160130_722463.jpg,0.2,0.0
20260317_160130_775840,img_20260317_160130_775840.jpg,0.2,0.0
20260317_160130_824035,img_20260317_160130_824035.jpg,0.2,0.0
20260317_160130_879300,img_20260317_160130_879300.jpg,0.2,0.0
20260317_160130_928971,img_20260317_160130_928971.jpg,0.2,0.0
20260317_160130_978461,img_20260317_160130_978461.jpg,0.2,0.0
20260317_160131_029389,img_20260317_160131_029389.jpg,0.2,0.0
20260317_160131_071391,img_20260317_160131_071391.jpg,0.2,0.0
20260317_160131_126360,img_20260317_160131_126360.jpg,0.2,0.0
20260317_160131_184756,img_20260317_160131_184756.jpg,0.2,0.0
20260317_160131_238385,img_20260317_160131_238385.jpg,0.2,0.0
20260317_160131_277049,img_20260317_160131_277049.jpg,0.2,0.0
20260317_160131_341080,img_20260317_160131_341080.jpg,0.2,0.0
20260317_160131_404869,img_20260317_160131_404869.jpg,0.2,0.0
20260317_160131_444841,img_20260317_160131_444841.jpg,0.2,0.0
20260317_160131_494987,img_20260317_160131_494987.jpg,0.2,0.0
20260317_160131_546705,img_20260317_160131_546705.jpg,0.2,0.0
20260317_160131_602617,img_20260317_160131_602617.jpg,0.2,0.0
20260317_160131_653677,img_20260317_160131_653677.jpg,0.2,0.0
20260317_160131_708385,img_20260317_160131_708385.jpg,0.2,0.0
20260317_160131_759332,img_20260317_160131_759332.jpg,0.2,0.0
20260317_160131_812769,img_20260317_160131_812769.jpg,0.2,0.0
20260317_160131_870573,img_20260317_160131_870573.jpg,0.2,0.0
20260317_160131_917455,img_20260317_160131_917455.jpg,0.2,0.0
20260317_160131_954691,img_20260317_160131_954691.jpg,0.2,0.0
20260317_160132_019052,img_20260317_160132_019052.jpg,0.2,0.0
20260317_160132_061353,img_20260317_160132_061353.jpg,0.2,0.0
20260317_160132_122822,img_20260317_160132_122822.jpg,0.2,0.0
20260317_160132_159877,img_20260317_160132_159877.jpg,0.2,0.0
20260317_160132_217534,img_20260317_160132_217534.jpg,0.2,0.0
20260317_160132_274834,img_20260317_160132_274834.jpg,0.2,0.0
20260317_160132_330425,img_20260317_160132_330425.jpg,0.2,0.0
20260317_160132_380797,img_20260317_160132_380797.jpg,0.2,0.0
20260317_160132_434547,img_20260317_160132_434547.jpg,0.2,0.0
20260317_160132_484723,img_20260317_160132_484723.jpg,0.2,0.0
20260317_160132_536284,img_20260317_160132_536284.jpg,0.2,0.0
20260317_160132_585681,img_20260317_160132_585681.jpg,0.2,0.0
20260317_160132_637695,img_20260317_160132_637695.jpg,0.2,0.0
20260317_160132_690241,img_20260317_160132_690241.jpg,0.2,0.0
20260317_160132_754851,img_20260317_160132_754851.jpg,0.2,0.0
20260317_160132_789682,img_20260317_160132_789682.jpg,0.2,0.0
20260317_160132_854552,img_20260317_160132_854552.jpg,0.2,0.0
20260317_160132_893782,img_20260317_160132_893782.jpg,0.2,0.0
20260317_160132_958023,img_20260317_160132_958023.jpg,0.2,0.0
20260317_160133_008739,img_20260317_160133_008739.jpg,0.2,0.0
20260317_160133_064430,img_20260317_160133_064430.jpg,0.2,0.0
20260317_160133_109969,img_20260317_160133_109969.jpg,0.2,0.0
20260317_160133_168101,img_20260317_160133_168101.jpg,0.2,0.0
20260317_160133_227131,img_20260317_160133_227131.jpg,0.2,0.0
20260317_160133_277987,img_20260317_160133_277987.jpg,0.2,0.0
20260317_160133_329190,img_20260317_160133_329190.jpg,0.2,0.0
20260317_160133_384719,img_20260317_160133_384719.jpg,0.2,0.0
20260317_160133_432225,img_20260317_160133_432225.jpg,0.2,0.0
20260317_160133_487394,img_20260317_160133_487394.jpg,0.2,0.0
20260317_160133_534525,img_20260317_160133_534525.jpg,0.2,0.0
20260317_160133_592572,img_20260317_160133_592572.jpg,0.2,0.0
20260317_160133_643883,img_20260317_160133_643883.jpg,0.2,0.0
20260317_160133_685948,img_20260317_160133_685948.jpg,0.2,0.0
20260317_160133_747463,img_20260317_160133_747463.jpg,0.2,0.0
20260317_160133_801280,img_20260317_160133_801280.jpg,0.2,0.0
20260317_160133_855729,img_20260317_160133_855729.jpg,0.2,0.0
20260317_160133_909730,img_20260317_160133_909730.jpg,0.2,0.0
20260317_160133_959109,img_20260317_160133_959109.jpg,0.2,0.0
20260317_160134_016255,img_20260317_160134_016255.jpg,0.2,0.0
20260317_160134_069185,img_20260317_160134_069185.jpg,0.2,0.0
20260317_160134_115367,img_20260317_160134_115367.jpg,0.2,0.0
20260317_160134_173508,img_20260317_160134_173508.jpg,0.2,0.0
20260317_160134_223700,img_20260317_160134_223700.jpg,0.2,0.0
20260317_160134_287972,img_20260317_160134_287972.jpg,0.2,0.0
20260317_160134_336260,img_20260317_160134_336260.jpg,0.2,0.0
20260317_160134_396110,img_20260317_160134_396110.jpg,0.2,0.0
20260317_160134_436249,img_20260317_160134_436249.jpg,0.2,0.0
20260317_160134_497558,img_20260317_160134_497558.jpg,0.2,0.0
20260317_160134_548634,img_20260317_160134_548634.jpg,0.2,0.0
20260317_160134_612147,img_20260317_160134_612147.jpg,0.2,0.0
20260317_160134_653798,img_20260317_160134_653798.jpg,0.2,0.0
20260317_160134_715400,img_20260317_160134_715400.jpg,0.2,0.0
20260317_160134_767503,img_20260317_160134_767503.jpg,0.2,0.0
20260317_160134_822466,img_20260317_160134_822466.jpg,0.2,0.0
20260317_160134_872938,img_20260317_160134_872938.jpg,0.2,0.0
20260317_160134_916591,img_20260317_160134_916591.jpg,0.2,0.0
20260317_160134_974778,img_20260317_160134_974778.jpg,0.2,0.0
20260317_160135_022228,img_20260317_160135_022228.jpg,0.2,0.0
20260317_160135_089834,img_20260317_160135_089834.jpg,0.2,0.0
20260317_160135_129659,img_20260317_160135_129659.jpg,0.2,0.0
20260317_160135_194887,img_20260317_160135_194887.jpg,0.2,0.0
20260317_160135_242592,img_20260317_160135_242592.jpg,0.2,0.0
20260317_160135_299815,img_20260317_160135_299815.jpg,0.2,0.0
20260317_160135_339356,img_20260317_160135_339356.jpg,0.2,0.0
20260317_160135_402731,img_20260317_160135_402731.jpg,0.2,0.0
20260317_160135_443132,img_20260317_160135_443132.jpg,0.2,0.0
20260317_160135_512216,img_20260317_160135_512216.jpg,0.2,0.0
20260317_160135_551376,img_20260317_160135_551376.jpg,0.2,0.0
20260317_160135_618219,img_20260317_160135_618219.jpg,0.2,0.0
20260317_160135_657606,img_20260317_160135_657606.jpg,0.2,0.0
20260317_160135_717917,img_20260317_160135_717917.jpg,0.2,0.0
20260317_160135_769782,img_20260317_160135_769782.jpg,0.2,0.0
20260317_160135_822448,img_20260317_160135_822448.jpg,0.2,0.0
20260317_160135_873413,img_20260317_160135_873413.jpg,0.2,0.0
20260317_160135_919767,img_20260317_160135_919767.jpg,0.2,0.0
20260317_160135_967310,img_20260317_160135_967310.jpg,0.2,0.0
20260317_160136_019118,img_20260317_160136_019118.jpg,0.2,0.0
20260317_160136_082094,img_20260317_160136_082094.jpg,0.2,0.0
20260317_160136_126655,img_20260317_160136_126655.jpg,0.2,0.0
20260317_160136_177530,img_20260317_160136_177530.jpg,0.2,0.0
20260317_160136_237843,img_20260317_160136_237843.jpg,0.2,0.0
20260317_160136_283420,img_20260317_160136_283420.jpg,0.2,0.0
20260317_160136_329720,img_20260317_160136_329720.jpg,0.2,0.0
20260317_160136_381702,img_20260317_160136_381702.jpg,0.2,0.0
20260317_160136_447109,img_20260317_160136_447109.jpg,0.2,0.0
20260317_160136_502504,img_20260317_160136_502504.jpg,0.2,0.0
20260317_160136_554485,img_20260317_160136_554485.jpg,0.2,0.0
20260317_160136_607635,img_20260317_160136_607635.jpg,0.2,0.0
20260317_160136_658105,img_20260317_160136_658105.jpg,0.2,0.0
20260317_160136_703728,img_20260317_160136_703728.jpg,0.2,0.0
20260317_160136_759865,img_20260317_160136_759865.jpg,0.2,0.0
20260317_160136_813064,img_20260317_160136_813064.jpg,0.2,0.0
20260317_160136_869672,img_20260317_160136_869672.jpg,0.2,0.0
20260317_160136_908382,img_20260317_160136_908382.jpg,0.2,0.0
20260317_160136_974043,img_20260317_160136_974043.jpg,0.2,0.0
20260317_160137_012197,img_20260317_160137_012197.jpg,0.2,0.0
20260317_160137_078787,img_20260317_160137_078787.jpg,0.2,0.0
20260317_160137_128412,img_20260317_160137_128412.jpg,0.2,0.0
20260317_160137_175019,img_20260317_160137_175019.jpg,0.2,0.0
20260317_160137_232425,img_20260317_160137_232425.jpg,0.2,0.0
20260317_160137_284091,img_20260317_160137_284091.jpg,0.2,0.0
20260317_160137_338075,img_20260317_160137_338075.jpg,0.2,0.0
20260317_160137_395691,img_20260317_160137_395691.jpg,0.2,0.0
20260317_160137_443483,img_20260317_160137_443483.jpg,0.2,0.0
20260317_160137_493363,img_20260317_160137_493363.jpg,0.2,0.0
20260317_160137_546508,img_20260317_160137_546508.jpg,0.2,0.0
20260317_160137_598758,img_20260317_160137_598758.jpg,0.2,0.0
20260317_160137_649276,img_20260317_160137_649276.jpg,0.2,0.0
20260317_160137_689391,img_20260317_160137_689391.jpg,0.2,0.0
20260317_160137_745365,img_20260317_160137_745365.jpg,0.2,0.0
20260317_160137_806305,img_20260317_160137_806305.jpg,0.2,0.0
20260317_160137_861200,img_20260317_160137_861200.jpg,0.2,0.0
20260317_160137_916211,img_20260317_160137_916211.jpg,0.2,0.0
20260317_160137_952128,img_20260317_160137_952128.jpg,0.2,0.0
20260317_160138_012690,img_20260317_160138_012690.jpg,0.2,0.0
20260317_160138_064250,img_20260317_160138_064250.jpg,0.2,0.0
20260317_160138_120956,img_20260317_160138_120956.jpg,0.2,0.0
20260317_160138_170995,img_20260317_160138_170995.jpg,0.2,0.0
20260317_160138_224848,img_20260317_160138_224848.jpg,0.2,0.0
20260317_160138_274484,img_20260317_160138_274484.jpg,0.2,0.0
20260317_160138_328664,img_20260317_160138_328664.jpg,0.2,0.0
20260317_160138_383083,img_20260317_160138_383083.jpg,0.2,0.0
20260317_160138_434551,img_20260317_160138_434551.jpg,0.2,0.0
20260317_160138_488140,img_20260317_160138_488140.jpg,0.2,0.0
20260317_160138_540028,img_20260317_160138_540028.jpg,0.2,0.0
20260317_160138_590336,img_20260317_160138_590336.jpg,0.2,0.0
20260317_160138_645777,img_20260317_160138_645777.jpg,0.2,0.0
20260317_160138_696192,img_20260317_160138_696192.jpg,0.2,0.0
20260317_160138_745950,img_20260317_160138_745950.jpg,0.2,0.0
20260317_160138_800524,img_20260317_160138_800524.jpg,0.2,0.0
20260317_160138_851550,img_20260317_160138_851550.jpg,0.2,0.0
20260317_160138_904874,img_20260317_160138_904874.jpg,0.2,0.0
20260317_160138_940245,img_20260317_160138_940245.jpg,0.2,0.0
20260317_160139_004256,img_20260317_160139_004256.jpg,0.2,0.0
20260317_160139_043668,img_20260317_160139_043668.jpg,0.2,0.0
20260317_160139_109936,img_20260317_160139_109936.jpg,0.2,0.0
20260317_160139_159381,img_20260317_160139_159381.jpg,0.2,0.0
20260317_160139_218487,img_20260317_160139_218487.jpg,0.2,0.0
20260317_160139_266911,img_20260317_160139_266911.jpg,0.2,0.0
20260317_160139_309073,img_20260317_160139_309073.jpg,0.2,0.0
20260317_160139_360195,img_20260317_160139_360195.jpg,0.2,0.0
20260317_160139_411730,img_20260317_160139_411730.jpg,0.2,0.0
20260317_160139_476177,img_20260317_160139_476177.jpg,0.2,0.0
20260317_160139_527864,img_20260317_160139_527864.jpg,0.2,0.0
20260317_160139_570467,img_20260317_160139_570467.jpg,0.2,0.0
20260317_160139_630908,img_20260317_160139_630908.jpg,0.2,0.0
20260317_160139_674605,img_20260317_160139_674605.jpg,0.2,0.0
20260317_160139_739524,img_20260317_160139_739524.jpg,0.2,0.0
20260317_160139_785726,img_20260317_160139_785726.jpg,0.2,0.0
20260317_160139_828654,img_20260317_160139_828654.jpg,0.2,0.0
20260317_160139_887559,img_20260317_160139_887559.jpg,0.2,0.0
20260317_160139_939608,img_20260317_160139_939608.jpg,0.2,0.0
20260317_160139_983461,img_20260317_160139_983461.jpg,0.2,0.0
20260317_160140_043053,img_20260317_160140_043053.jpg,0.2,0.0
20260317_160140_088150,img_20260317_160140_088150.jpg,0.2,0.0
20260317_160140_151621,img_20260317_160140_151621.jpg,0.2,0.0
20260317_160140_202353,img_20260317_160140_202353.jpg,0.2,0.0
20260317_160140_255184,img_20260317_160140_255184.jpg,0.2,0.0
20260317_160140_302464,img_20260317_160140_302464.jpg,0.2,0.0
20260317_160140_356856,img_20260317_160140_356856.jpg,0.2,0.0
20260317_160140_396300,img_20260317_160140_396300.jpg,0.2,0.0
20260317_160140_460425,img_20260317_160140_460425.jpg,0.2,0.0
20260317_160140_508664,img_20260317_160140_508664.jpg,0.2,0.0
20260317_160140_564769,img_20260317_160140_564769.jpg,0.2,0.0
20260317_160140_614138,img_20260317_160140_614138.jpg,0.2,0.0
20260317_160140_666471,img_20260317_160140_666471.jpg,0.2,0.0
20260317_160140_719132,img_20260317_160140_719132.jpg,0.2,0.0
20260317_160140_771851,img_20260317_160140_771851.jpg,0.2,0.0
20260317_160140_824397,img_20260317_160140_824397.jpg,0.2,0.0
20260317_160140_875713,img_20260317_160140_875713.jpg,0.2,0.0
20260317_160140_928227,img_20260317_160140_928227.jpg,0.2,0.0
20260317_160140_982435,img_20260317_160140_982435.jpg,0.2,0.0
20260317_160141_023465,img_20260317_160141_023465.jpg,0.2,0.0
20260317_160141_084148,img_20260317_160141_084148.jpg,0.2,0.0
20260317_160141_136303,img_20260317_160141_136303.jpg,0.2,0.0
20260317_160141_191255,img_20260317_160141_191255.jpg,0.2,0.0
20260317_160141_227762,img_20260317_160141_227762.jpg,0.2,0.0
20260317_160141_290772,img_20260317_160141_290772.jpg,0.2,0.0
20260317_160141_345961,img_20260317_160141_345961.jpg,0.2,0.0
20260317_160141_398311,img_20260317_160141_398311.jpg,0.2,0.0
20260317_160141_448366,img_20260317_160141_448366.jpg,0.2,0.0
20260317_160141_502618,img_20260317_160141_502618.jpg,0.2,0.0
20260317_160141_551803,img_20260317_160141_551803.jpg,0.2,0.0
20260317_160141_604531,img_20260317_160141_604531.jpg,0.2,0.0
20260317_160141_655740,img_20260317_160141_655740.jpg,0.2,0.0
20260317_160141_699440,img_20260317_160141_699440.jpg,0.2,0.0
20260317_160141_748724,img_20260317_160141_748724.jpg,0.2,0.0
20260317_160141_809288,img_20260317_160141_809288.jpg,0.2,0.0
20260317_160141_864859,img_20260317_160141_864859.jpg,0.2,0.0
20260317_160141_914891,img_20260317_160141_914891.jpg,0.2,0.0
20260317_160141_975217,img_20260317_160141_975217.jpg,0.2,0.0
20260317_160142_011106,img_20260317_160142_011106.jpg,0.2,0.0
20260317_160142_073101,img_20260317_160142_073101.jpg,0.2,0.0
20260317_160142_115350,img_20260317_160142_115350.jpg,0.2,0.0
20260317_160142_184113,img_20260317_160142_184113.jpg,0.2,0.0
20260317_160142_219308,img_20260317_160142_219308.jpg,0.2,0.0
20260317_160142_271285,img_20260317_160142_271285.jpg,0.2,0.0
20260317_160142_331614,img_20260317_160142_331614.jpg,0.2,0.0
20260317_160142_378813,img_20260317_160142_378813.jpg,0.2,0.0
20260317_160142_446676,img_20260317_160142_446676.jpg,0.2,0.0
20260317_160142_490583,img_20260317_160142_490583.jpg,0.2,0.0
20260317_160142_532562,img_20260317_160142_532562.jpg,0.2,0.0
20260317_160142_593108,img_20260317_160142_593108.jpg,0.2,0.0
20260317_160142_645988,img_20260317_160142_645988.jpg,0.2,0.0
20260317_160142_701461,img_20260317_160142_701461.jpg,0.2,0.0
20260317_160142_753348,img_20260317_160142_753348.jpg,0.2,0.0
20260317_160142_805812,img_20260317_160142_805812.jpg,0.2,0.0
20260317_160142_852098,img_20260317_160142_852098.jpg,0.2,0.0
20260317_160142_911482,img_20260317_160142_911482.jpg,0.2,0.0
20260317_160142_958034,img_20260317_160142_958034.jpg,0.2,0.0
20260317_160143_002302,img_20260317_160143_002302.jpg,0.2,0.0
20260317_160143_061037,img_20260317_160143_061037.jpg,0.2,0.1
20260317_160143_111688,img_20260317_160143_111688.jpg,0.2,0.0
20260317_160143_167322,img_20260317_160143_167322.jpg,0.2,0.0
20260317_160143_215506,img_20260317_160143_215506.jpg,0.2,0.0
20260317_160143_268485,img_20260317_160143_268485.jpg,0.2,0.0
20260317_160143_321147,img_20260317_160143_321147.jpg,0.2,0.0
20260317_160143_364385,img_20260317_160143_364385.jpg,0.2,0.0
20260317_160143_423144,img_20260317_160143_423144.jpg,0.2,0.0
20260317_160143_474903,img_20260317_160143_474903.jpg,0.2,0.0
20260317_160143_517059,img_20260317_160143_517059.jpg,0.2,0.0
20260317_160143_567030,img_20260317_160143_567030.jpg,0.2,0.0
20260317_160143_629035,img_20260317_160143_629035.jpg,0.2,0.0
20260317_160143_681557,img_20260317_160143_681557.jpg,0.2,0.0
20260317_160143_736548,img_20260317_160143_736548.jpg,0.2,0.0
20260317_160143_773484,img_20260317_160143_773484.jpg,0.2,0.0
20260317_160143_826950,img_20260317_160143_826950.jpg,0.2,0.0
20260317_160143_877600,img_20260317_160143_877600.jpg,0.2,0.0
20260317_160143_940773,img_20260317_160143_940773.jpg,0.2,0.0
20260317_160143_982306,img_20260317_160143_982306.jpg,0.2,0.0
20260317_160144_044164,img_20260317_160144_044164.jpg,0.2,0.0
20260317_160144_093143,img_20260317_160144_093143.jpg,0.2,0.0
20260317_160144_135125,img_20260317_160144_135125.jpg,0.2,0.0
20260317_160144_196763,img_20260317_160144_196763.jpg,0.2,0.0
20260317_160144_248793,img_20260317_160144_248793.jpg,0.2,0.0
20260317_160144_304176,img_20260317_160144_304176.jpg,0.2,0.0
20260317_160144_354181,img_20260317_160144_354181.jpg,0.2,0.0
20260317_160144_408641,img_20260317_160144_408641.jpg,0.2,0.0
20260317_160144_446226,img_20260317_160144_446226.jpg,0.2,0.0
20260317_160144_512399,img_20260317_160144_512399.jpg,0.2,0.0
20260317_160144_563880,img_20260317_160144_563880.jpg,0.2,0.0
20260317_160144_617180,img_20260317_160144_617180.jpg,0.2,0.0
20260317_160144_653787,img_20260317_160144_653787.jpg,0.2,0.0
20260317_160144_717757,img_20260317_160144_717757.jpg,0.2,0.0
20260317_160144_756376,img_20260317_160144_756376.jpg,0.2,0.0
20260317_160144_819008,img_20260317_160144_819008.jpg,0.2,0.0
20260317_160144_868809,img_20260317_160144_868809.jpg,0.2,0.0
20260317_160144_925583,img_20260317_160144_925583.jpg,0.2,0.0
20260317_160144_976596,img_20260317_160144_976596.jpg,0.2,0.0
20260317_160145_022249,img_20260317_160145_022249.jpg,0.2,0.0
20260317_160145_079191,img_20260317_160145_079191.jpg,0.2,0.0
20260317_160145_123294,img_20260317_160145_123294.jpg,0.2,0.0
20260317_160145_182173,img_20260317_160145_182173.jpg,0.2,0.0
20260317_160145_232431,img_20260317_160145_232431.jpg,0.2,0.0
20260317_160145_288697,img_20260317_160145_288697.jpg,0.2,0.0
20260317_160145_325853,img_20260317_160145_325853.jpg,0.2,0.0
20260317_160145_385488,img_20260317_160145_385488.jpg,0.2,0.0
20260317_160145_427968,img_20260317_160145_427968.jpg,0.2,0.0
20260317_160145_491891,img_20260317_160145_491891.jpg,0.2,0.0
20260317_160145_540789,img_20260317_160145_540789.jpg,0.2,0.0
20260317_160145_597622,img_20260317_160145_597622.jpg,0.2,0.0
20260317_160145_644802,img_20260317_160145_644802.jpg,0.2,0.0
20260317_160145_699236,img_20260317_160145_699236.jpg,0.2,0.0
20260317_160145_750743,img_20260317_160145_750743.jpg,0.2,0.0
20260317_160145_804796,img_20260317_160145_804796.jpg,0.2,0.0
20260317_160145_854042,img_20260317_160145_854042.jpg,0.2,0.0
20260317_160145_909259,img_20260317_160145_909259.jpg,0.2,0.0
20260317_160145_960229,img_20260317_160145_960229.jpg,0.2,0.0
20260317_160146_001626,img_20260317_160146_001626.jpg,0.2,0.0
20260317_160146_063970,img_20260317_160146_063970.jpg,0.2,0.0
20260317_160146_114296,img_20260317_160146_114296.jpg,0.2,0.0
20260317_160146_168646,img_20260317_160146_168646.jpg,0.2,0.0
20260317_160146_217366,img_20260317_160146_217366.jpg,0.2,0.0
20260317_160146_270332,img_20260317_160146_270332.jpg,0.2,0.0
20260317_160146_320819,img_20260317_160146_320819.jpg,0.2,0.0
20260317_160146_372491,img_20260317_160146_372491.jpg,0.2,0.0
20260317_160146_422862,img_20260317_160146_422862.jpg,0.2,0.0
20260317_160146_475754,img_20260317_160146_475754.jpg,0.2,0.0
20260317_160146_525368,img_20260317_160146_525368.jpg,0.2,0.0
20260317_160146_578573,img_20260317_160146_578573.jpg,0.2,0.0
20260317_160146_630611,img_20260317_160146_630611.jpg,0.2,0.0
20260317_160146_669624,img_20260317_160146_669624.jpg,0.2,0.0
20260317_160146_740086,img_20260317_160146_740086.jpg,0.2,0.0
20260317_160146_784538,img_20260317_160146_784538.jpg,0.2,0.0
20260317_160146_841477,img_20260317_160146_841477.jpg,0.2,0.0
20260317_160146_890295,img_20260317_160146_890295.jpg,0.2,0.0
20260317_160146_945572,img_20260317_160146_945572.jpg,0.2,0.0
20260317_160146_995234,img_20260317_160146_995234.jpg,0.2,0.0
20260317_160147_046141,img_20260317_160147_046141.jpg,0.2,0.0
20260317_160147_098420,img_20260317_160147_098420.jpg,0.2,0.0
20260317_160147_150872,img_20260317_160147_150872.jpg,0.2,0.0
20260317_160147_204561,img_20260317_160147_204561.jpg,0.2,0.0
20260317_160147_244456,img_20260317_160147_244456.jpg,0.2,0.0
20260317_160147_304078,img_20260317_160147_304078.jpg,0.2,0.0
20260317_160147_356647,img_20260317_160147_356647.jpg,0.2,0.0
20260317_160147_407486,img_20260317_160147_407486.jpg,0.2,0.0
20260317_160147_460845,img_20260317_160147_460845.jpg,0.2,0.0
20260317_160147_506843,img_20260317_160147_506843.jpg,0.2,0.0
20260317_160147_558212,img_20260317_160147_558212.jpg,0.2,0.0
20260317_160147_612560,img_20260317_160147_612560.jpg,0.2,0.0
20260317_160147_666900,img_20260317_160147_666900.jpg,0.2,0.0
20260317_160147_721754,img_20260317_160147_721754.jpg,0.2,0.0
20260317_160147_773037,img_20260317_160147_773037.jpg,0.2,0.0
20260317_160147_820790,img_20260317_160147_820790.jpg,0.2,0.0
20260317_160147_875664,img_20260317_160147_875664.jpg,0.2,0.0
20260317_160147_927610,img_20260317_160147_927610.jpg,0.2,0.0
20260317_160147_968757,img_20260317_160147_968757.jpg,0.2,0.0
20260317_160148_017233,img_20260317_160148_017233.jpg,0.2,0.0
20260317_160148_079504,img_20260317_160148_079504.jpg,0.2,0.0
20260317_160148_129710,img_20260317_160148_129710.jpg,0.2,0.0
20260317_160148_184010,img_20260317_160148_184010.jpg,0.2,0.0
20260317_160148_232265,img_20260317_160148_232265.jpg,0.2,0.0
20260317_160148_287241,img_20260317_160148_287241.jpg,0.2,0.0
20260317_160148_335973,img_20260317_160148_335973.jpg,0.2,0.0
20260317_160148_389631,img_20260317_160148_389631.jpg,0.2,0.0
20260317_160148_440107,img_20260317_160148_440107.jpg,0.2,0.0
20260317_160148_491764,img_20260317_160148_491764.jpg,0.2,0.0
20260317_160148_543240,img_20260317_160148_543240.jpg,0.2,0.0
20260317_160148_585022,img_20260317_160148_585022.jpg,0.2,0.0
20260317_160148_636232,img_20260317_160148_636232.jpg,0.2,0.0
20260317_160148_696917,img_20260317_160148_696917.jpg,0.2,0.0
20260317_160148_751579,img_20260317_160148_751579.jpg,0.2,0.0
20260317_160148_793395,img_20260317_160148_793395.jpg,0.2,0.0
20260317_160148_854899,img_20260317_160148_854899.jpg,0.2,0.0
20260317_160148_907824,img_20260317_160148_907824.jpg,0.2,0.0
20260317_160148_965792,img_20260317_160148_965792.jpg,0.2,0.0
20260317_160149_012817,img_20260317_160149_012817.jpg,0.2,0.0
20260317_160149_068370,img_20260317_160149_068370.jpg,0.2,0.0
20260317_160149_105926,img_20260317_160149_105926.jpg,0.2,0.0
20260317_160149_170574,img_20260317_160149_170574.jpg,0.2,0.0
20260317_160149_234604,img_20260317_160149_234604.jpg,0.2,0.0
20260317_160149_276086,img_20260317_160149_276086.jpg,0.2,0.0
20260317_160149_326490,img_20260317_160149_326490.jpg,0.2,0.0
20260317_160149_376499,img_20260317_160149_376499.jpg,0.2,0.0
20260317_160149_428051,img_20260317_160149_428051.jpg,0.2,0.0
20260317_160149_480226,img_20260317_160149_480226.jpg,0.2,0.0
20260317_160149_535137,img_20260317_160149_535137.jpg,0.2,0.0
20260317_160149_573938,img_20260317_160149_573938.jpg,0.2,0.0
20260317_160149_640689,img_20260317_160149_640689.jpg,0.2,0.0
20260317_160149_688491,img_20260317_160149_688491.jpg,0.2,0.0
20260317_160149_731709,img_20260317_160149_731709.jpg,0.2,0.0
20260317_160149_790761,img_20260317_160149_790761.jpg,0.2,0.0
20260317_160149_847209,img_20260317_160149_847209.jpg,0.2,0.0
20260317_160149_898983,img_20260317_160149_898983.jpg,0.2,0.0
20260317_160149_948305,img_20260317_160149_948305.jpg,0.2,0.0
20260317_160150_004199,img_20260317_160150_004199.jpg,0.2,0.0
20260317_160150_054914,img_20260317_160150_054914.jpg,0.2,0.0
20260317_160150_107383,img_20260317_160150_107383.jpg,0.2,0.0
20260317_160150_157701,img_20260317_160150_157701.jpg,0.2,0.0
20260317_160150_211821,img_20260317_160150_211821.jpg,0.2,0.0
20260317_160150_251357,img_20260317_160150_251357.jpg,0.2,0.0
20260317_160150_312065,img_20260317_160150_312065.jpg,0.2,0.0
20260317_160150_363261,img_20260317_160150_363261.jpg,0.2,0.0
20260317_160150_416717,img_20260317_160150_416717.jpg,0.2,0.0
20260317_160150_476308,img_20260317_160150_476308.jpg,0.2,0.0
20260317_160150_520014,img_20260317_160150_520014.jpg,0.2,0.0
20260317_160150_562316,img_20260317_160150_562316.jpg,0.2,0.0
20260317_160150_623618,img_20260317_160150_623618.jpg,0.2,0.0
20260317_160150_674412,img_20260317_160150_674412.jpg,0.2,0.0
20260317_160150_720753,img_20260317_160150_720753.jpg,0.2,0.0
20260317_160150_782158,img_20260317_160150_782158.jpg,0.2,0.0
20260317_160150_824986,img_20260317_160150_824986.jpg,0.2,0.0
20260317_160150_889211,img_20260317_160150_889211.jpg,0.2,0.0
20260317_160150_937508,img_20260317_160150_937508.jpg,0.2,0.0
20260317_160150_995691,img_20260317_160150_995691.jpg,0.2,0.0
20260317_160151_047536,img_20260317_160151_047536.jpg,0.2,0.0
20260317_160151_104147,img_20260317_160151_104147.jpg,0.2,0.0
20260317_160151_154935,img_20260317_160151_154935.jpg,0.2,0.0
20260317_160151_208609,img_20260317_160151_208609.jpg,0.2,0.0
20260317_160151_257689,img_20260317_160151_257689.jpg,0.2,0.0
20260317_160151_310127,img_20260317_160151_310127.jpg,0.2,0.0
20260317_160151_362356,img_20260317_160151_362356.jpg,0.2,0.0
20260317_160151_415986,img_20260317_160151_415986.jpg,0.2,0.0
20260317_160151_470812,img_20260317_160151_470812.jpg,0.2,0.0
20260317_160151_522392,img_20260317_160151_522392.jpg,0.2,0.0
20260317_160151_571713,img_20260317_160151_571713.jpg,0.2,0.0
20260317_160151_623340,img_20260317_160151_623340.jpg,0.2,0.0
20260317_160151_672421,img_20260317_160151_672421.jpg,0.2,0.0
20260317_160151_732606,img_20260317_160151_732606.jpg,0.2,0.0
20260317_160151_779345,img_20260317_160151_779345.jpg,0.2,0.0
20260317_160151_821705,img_20260317_160151_821705.jpg,0.2,0.0
20260317_160151_882506,img_20260317_160151_882506.jpg,0.2,0.0
20260317_160151_934540,img_20260317_160151_934540.jpg,0.2,0.0
20260317_160151_991291,img_20260317_160151_991291.jpg,0.2,0.0
20260317_160152_046577,img_20260317_160152_046577.jpg,0.2,0.0
20260317_160152_091383,img_20260317_160152_091383.jpg,0.2,0.0
20260317_160152_133559,img_20260317_160152_133559.jpg,0.2,0.0
20260317_160152_195976,img_20260317_160152_195976.jpg,0.2,0.0
20260317_160152_247415,img_20260317_160152_247415.jpg,0.2,0.0
20260317_160152_301020,img_20260317_160152_301020.jpg,0.2,0.0
20260317_160152_350378,img_20260317_160152_350378.jpg,0.2,0.0
20260317_160152_403414,img_20260317_160152_403414.jpg,0.2,0.0
20260317_160152_455260,img_20260317_160152_455260.jpg,0.2,0.0
20260317_160152_501745,img_20260317_160152_501745.jpg,0.2,0.0
20260317_160152_547102,img_20260317_160152_547102.jpg,0.2,0.0
20260317_160152_609081,img_20260317_160152_609081.jpg,0.2,0.0
20260317_160152_661182,img_20260317_160152_661182.jpg,0.2,0.0
20260317_160152_713749,img_20260317_160152_713749.jpg,0.2,0.0
20260317_160152_752481,img_20260317_160152_752481.jpg,0.2,0.0
20260317_160152_807314,img_20260317_160152_807314.jpg,0.2,0.0
20260317_160152_868807,img_20260317_160152_868807.jpg,0.2,0.0
20260317_160152_911880,img_20260317_160152_911880.jpg,0.2,0.0
20260317_160152_960921,img_20260317_160152_960921.jpg,0.2,0.0
20260317_160153_022736,img_20260317_160153_022736.jpg,0.2,0.0
20260317_160153_078554,img_20260317_160153_078554.jpg,0.2,0.0
20260317_160153_120475,img_20260317_160153_120475.jpg,0.2,0.0
20260317_160153_178305,img_20260317_160153_178305.jpg,0.2,0.0
20260317_160153_233186,img_20260317_160153_233186.jpg,0.2,0.0
20260317_160153_289392,img_20260317_160153_289392.jpg,0.2,0.0
20260317_160153_337697,img_20260317_160153_337697.jpg,0.2,0.0
20260317_160153_392303,img_20260317_160153_392303.jpg,0.2,0.0
20260317_160153_452223,img_20260317_160153_452223.jpg,0.2,0.0
20260317_160153_485723,img_20260317_160153_485723.jpg,0.2,0.0
20260317_160153_546968,img_20260317_160153_546968.jpg,0.2,0.0
20260317_160153_598229,img_20260317_160153_598229.jpg,0.2,0.0
20260317_160153_642317,img_20260317_160153_642317.jpg,0.2,0.0
20260317_160153_701988,img_20260317_160153_701988.jpg,0.2,0.0
20260317_160153_752478,img_20260317_160153_752478.jpg,0.2,0.0
20260317_160153_795369,img_20260317_160153_795369.jpg,0.2,0.0
20260317_160153_853832,img_20260317_160153_853832.jpg,0.2,0.0
20260317_160153_897697,img_20260317_160153_897697.jpg,0.2,0.0
20260317_160153_949060,img_20260317_160153_949060.jpg,0.2,0.0
20260317_160154_014130,img_20260317_160154_014130.jpg,0.2,0.0
20260317_160154_066780,img_20260317_160154_066780.jpg,0.2,0.0
20260317_160154_118754,img_20260317_160154_118754.jpg,0.2,0.0
20260317_160152_875713,img_20260317_160152_875713.jpg,0.2,0.0
20260317_160152_935686,img_20260317_160152_935686.jpg,0.2,0.0
20260317_160152_986635,img_20260317_160152_986635.jpg,0.2,0.0
20260317_160153_041342,img_20260317_160153_041342.jpg,0.2,0.0
20260317_160153_078970,img_20260317_160153_078970.jpg,0.2,0.0
20260317_160153_133176,img_20260317_160153_133176.jpg,0.2,0.0
20260317_160153_191189,img_20260317_160153_191189.jpg,0.2,0.0
20260317_160153_246851,img_20260317_160153_246851.jpg,0.2,0.0
20260317_160153_295462,img_20260317_160153_295462.jpg,0.2,0.0
20260317_160153_355749,img_20260317_160153_355749.jpg,0.2,0.0
20260317_160153_402583,img_20260317_160153_402583.jpg,0.2,0.0
20260317_160153_455884,img_20260317_160153_455884.jpg,0.2,0.0
20260317_160153_506705,img_20260317_160153_506705.jpg,0.2,0.0
20260317_160153_562249,img_20260317_160153_562249.jpg,0.2,0.0
20260317_160153_620582,img_20260317_160153_620582.jpg,0.2,0.0
20260317_160153_668007,img_20260317_160153_668007.jpg,0.2,0.0
20260317_160153_714394,img_20260317_160153_714394.jpg,0.2,0.0
20260317_160153_765921,img_20260317_160153_765921.jpg,0.2,0.0
20260317_160153_808235,img_20260317_160153_808235.jpg,0.2,0.0
20260317_160153_869261,img_20260317_160153_869261.jpg,0.2,0.0
20260317_160153_917436,img_20260317_160153_917436.jpg,0.2,0.0
20260317_160153_972774,img_20260317_160153_972774.jpg,0.2,0.0
20260317_160154_029603,img_20260317_160154_029603.jpg,0.2,0.0
20260317_160154_085829,img_20260317_160154_085829.jpg,0.2,0.0
20260317_160154_142804,img_20260317_160154_142804.jpg,0.2,0.0
20260317_160154_188617,img_20260317_160154_188617.jpg,0.2,0.0
20260317_160154_227772,img_20260317_160154_227772.jpg,0.2,0.0
20260317_160154_288860,img_20260317_160154_288860.jpg,0.2,0.0
20260317_160154_331727,img_20260317_160154_331727.jpg,0.2,0.0
20260317_160154_401713,img_20260317_160154_401713.jpg,0.2,0.0
20260317_160154_448835,img_20260317_160154_448835.jpg,0.2,0.0
20260317_160154_501467,img_20260317_160154_501467.jpg,0.2,0.0
20260317_160154_549872,img_20260317_160154_549872.jpg,0.2,0.0
20260317_160154_602733,img_20260317_160154_602733.jpg,0.2,0.0
20260317_160154_652530,img_20260317_160154_652530.jpg,0.2,0.0
20260317_160154_704567,img_20260317_160154_704567.jpg,0.2,0.0
20260317_160154_754766,img_20260317_160154_754766.jpg,0.2,0.0
20260317_160154_807278,img_20260317_160154_807278.jpg,0.2,0.0
20260317_160154_866188,img_20260317_160154_866188.jpg,0.2,0.0
20260317_160154_912709,img_20260317_160154_912709.jpg,0.2,0.0
20260317_160154_964526,img_20260317_160154_964526.jpg,0.2,0.0
20260317_160155_013650,img_20260317_160155_013650.jpg,0.2,0.0
20260317_160155_069670,img_20260317_160155_069670.jpg,0.2,0.0
20260317_160155_120804,img_20260317_160155_120804.jpg,0.2,0.0
20260317_160155_163140,img_20260317_160155_163140.jpg,0.2,0.0
20260317_160155_223121,img_20260317_160155_223121.jpg,0.2,0.0
20260317_160155_263513,img_20260317_160155_263513.jpg,0.2,0.0
20260317_160155_329276,img_20260317_160155_329276.jpg,0.2,0.0
20260317_160155_378672,img_20260317_160155_378672.jpg,0.2,0.0
20260317_160155_423974,img_20260317_160155_423974.jpg,0.2,0.0
20260317_160155_492184,img_20260317_160155_492184.jpg,0.2,0.0
20260317_160155_535132,img_20260317_160155_535132.jpg,0.2,0.0
20260317_160155_581022,img_20260317_160155_581022.jpg,0.2,0.0
20260317_160155_640803,img_20260317_160155_640803.jpg,0.2,0.0
20260317_160155_683876,img_20260317_160155_683876.jpg,0.2,0.0
20260317_160155_737477,img_20260317_160155_737477.jpg,0.2,0.0
20260317_160155_794863,img_20260317_160155_794863.jpg,0.2,0.0
20260317_160155_848612,img_20260317_160155_848612.jpg,0.2,0.0
20260317_160155_887863,img_20260317_160155_887863.jpg,0.2,0.0
20260317_160155_941609,img_20260317_160155_941609.jpg,0.2,0.0
20260317_160156_003317,img_20260317_160156_003317.jpg,0.2,0.0
20260317_160156_059842,img_20260317_160156_059842.jpg,0.2,0.0
20260317_160156_097829,img_20260317_160156_097829.jpg,0.2,0.0
20260317_160156_158381,img_20260317_160156_158381.jpg,0.2,0.0
20260317_160156_217158,img_20260317_160156_217158.jpg,0.2,0.0
20260317_160156_250541,img_20260317_160156_250541.jpg,0.2,0.0
20260317_160156_300921,img_20260317_160156_300921.jpg,0.2,0.0
20260317_160156_353371,img_20260317_160156_353371.jpg,0.2,0.0
20260317_160156_419593,img_20260317_160156_419593.jpg,0.2,0.0
20260317_160156_467401,img_20260317_160156_467401.jpg,0.2,0.0
20260317_160156_511354,img_20260317_160156_511354.jpg,0.2,0.0
20260317_160156_570992,img_20260317_160156_570992.jpg,0.2,0.0
20260317_160156_626183,img_20260317_160156_626183.jpg,0.2,0.0
20260317_160156_684109,img_20260317_160156_684109.jpg,0.2,0.0
20260317_160156_736345,img_20260317_160156_736345.jpg,0.2,0.0
20260317_160156_782349,img_20260317_160156_782349.jpg,0.2,0.0
20260317_160156_832277,img_20260317_160156_832277.jpg,0.2,0.0
20260317_160156_874609,img_20260317_160156_874609.jpg,0.2,0.0
20260317_160156_935659,img_20260317_160156_935659.jpg,0.2,0.0
20260317_160156_990275,img_20260317_160156_990275.jpg,0.2,0.0
20260317_160157_044303,img_20260317_160157_044303.jpg,0.2,0.0
20260317_160157_082371,img_20260317_160157_082371.jpg,0.2,0.0
20260317_160157_143639,img_20260317_160157_143639.jpg,0.2,0.0
20260317_160157_184712,img_20260317_160157_184712.jpg,0.2,0.0
20260317_160157_238078,img_20260317_160157_238078.jpg,0.2,0.0
20260317_160157_298849,img_20260317_160157_298849.jpg,0.2,0.0
20260317_160157_345320,img_20260317_160157_345320.jpg,0.2,0.0
20260317_160157_392755,img_20260317_160157_392755.jpg,0.2,0.0
20260317_160157_452275,img_20260317_160157_452275.jpg,0.2,0.0
20260317_160157_496259,img_20260317_160157_496259.jpg,0.2,0.0
20260317_160157_562112,img_20260317_160157_562112.jpg,0.2,0.0
20260317_160157_618439,img_20260317_160157_618439.jpg,0.2,0.0
20260317_160157_665929,img_20260317_160157_665929.jpg,0.2,0.0
20260317_160157_705642,img_20260317_160157_705642.jpg,0.2,0.0
20260317_160157_755691,img_20260317_160157_755691.jpg,0.2,0.0
20260317_160157_812213,img_20260317_160157_812213.jpg,0.2,0.0
20260317_160157_874921,img_20260317_160157_874921.jpg,0.2,0.0
20260317_160157_929051,img_20260317_160157_929051.jpg,0.2,0.0
20260317_160157_977024,img_20260317_160157_977024.jpg,0.2,0.0
20260317_160158_030353,img_20260317_160158_030353.jpg,0.2,0.0
20260317_160158_086304,img_20260317_160158_086304.jpg,0.2,0.0
20260317_160158_137005,img_20260317_160158_137005.jpg,0.2,0.0
20260317_160158_194705,img_20260317_160158_194705.jpg,0.2,0.0
20260317_160158_241596,img_20260317_160158_241596.jpg,0.2,0.0
20260317_160158_290403,img_20260317_160158_290403.jpg,0.2,0.0
20260317_160158_344814,img_20260317_160158_344814.jpg,0.2,0.0
20260317_160158_397150,img_20260317_160158_397150.jpg,0.2,0.0
20260317_160158_450334,img_20260317_160158_450334.jpg,0.2,0.0
20260317_160158_500119,img_20260317_160158_500119.jpg,0.2,0.0
20260317_160158_556144,img_20260317_160158_556144.jpg,0.2,0.0
20260317_160158_603434,img_20260317_160158_603434.jpg,0.2,0.0
20260317_160158_656124,img_20260317_160158_656124.jpg,0.2,0.0
20260317_160158_709483,img_20260317_160158_709483.jpg,0.2,0.0
20260317_160158_761154,img_20260317_160158_761154.jpg,0.2,0.0
20260317_160158_798702,img_20260317_160158_798702.jpg,0.2,0.0
20260317_160158_864034,img_20260317_160158_864034.jpg,0.2,0.1
20260317_160158_912482,img_20260317_160158_912482.jpg,0.2,0.0
20260317_160158_967209,img_20260317_160158_967209.jpg,0.2,0.0
20260317_160159_016545,img_20260317_160159_016545.jpg,0.2,0.0
20260317_160159_068713,img_20260317_160159_068713.jpg,0.2,0.0
20260317_160159_116149,img_20260317_160159_116149.jpg,0.2,0.0
20260317_160159_156732,img_20260317_160159_156732.jpg,0.2,0.0
20260317_160159_218442,img_20260317_160159_218442.jpg,0.2,0.0
20260317_160159_270593,img_20260317_160159_270593.jpg,0.2,0.0
20260317_160159_326113,img_20260317_160159_326113.jpg,0.2,0.0
20260317_160159_359973,img_20260317_160159_359973.jpg,0.2,0.0
20260317_160159_414958,img_20260317_160159_414958.jpg,0.2,0.0
20260317_160159_464557,img_20260317_160159_464557.jpg,0.2,0.0
20260317_160159_530147,img_20260317_160159_530147.jpg,0.2,0.0
20260317_160159_579841,img_20260317_160159_579841.jpg,0.2,0.0
20260317_160159_632195,img_20260317_160159_632195.jpg,0.2,0.0
20260317_160159_686169,img_20260317_160159_686169.jpg,0.2,0.0
20260317_160159_734285,img_20260317_160159_734285.jpg,0.2,0.0
20260317_160159_785290,img_20260317_160159_785290.jpg,0.2,0.0
20260317_160159_840400,img_20260317_160159_840400.jpg,0.2,0.0
20260317_160159_896222,img_20260317_160159_896222.jpg,0.2,0.0
20260317_160159_944531,img_20260317_160159_944531.jpg,0.2,0.0
20260317_160159_996934,img_20260317_160159_996934.jpg,0.2,0.0
20260317_160200_048040,img_20260317_160200_048040.jpg,0.2,0.0
20260317_160200_104772,img_20260317_160200_104772.jpg,0.2,0.0
20260317_160200_142880,img_20260317_160200_142880.jpg,0.2,0.0
20260317_160200_207923,img_20260317_160200_207923.jpg,0.2,0.0
20260317_160200_246435,img_20260317_160200_246435.jpg,0.2,0.0
20260317_160200_311811,img_20260317_160200_311811.jpg,0.2,0.0
20260317_160200_363371,img_20260317_160200_363371.jpg,0.2,0.0
20260317_160200_417528,img_20260317_160200_417528.jpg,0.2,0.0
20260317_160200_465215,img_20260317_160200_465215.jpg,0.2,0.0
20260317_160200_518469,img_20260317_160200_518469.jpg,0.2,0.0
20260317_160200_569915,img_20260317_160200_569915.jpg,0.2,0.0
20260317_160200_614508,img_20260317_160200_614508.jpg,0.2,0.0
20260317_160200_684938,img_20260317_160200_684938.jpg,0.2,0.0
20260317_160200_730936,img_20260317_160200_730936.jpg,0.2,0.0
20260317_160200_782125,img_20260317_160200_782125.jpg,0.2,0.0
20260317_160200_831182,img_20260317_160200_831182.jpg,0.2,0.0
20260317_160200_883568,img_20260317_160200_883568.jpg,0.2,0.0
20260317_160200_933594,img_20260317_160200_933594.jpg,0.2,0.0
20260317_160200_984106,img_20260317_160200_984106.jpg,0.2,0.0
20260317_160201_022840,img_20260317_160201_022840.jpg,0.2,0.0
20260317_160201_086162,img_20260317_160201_086162.jpg,0.2,0.0
20260317_160201_134641,img_20260317_160201_134641.jpg,0.2,0.0
20260317_160201_190560,img_20260317_160201_190560.jpg,0.2,0.0
20260317_160201_243726,img_20260317_160201_243726.jpg,0.2,0.0
20260317_160201_299155,img_20260317_160201_299155.jpg,0.2,0.0
20260317_160201_345882,img_20260317_160201_345882.jpg,0.2,0.0
20260317_160201_398667,img_20260317_160201_398667.jpg,0.2,0.0
20260317_160201_449517,img_20260317_160201_449517.jpg,0.2,0.0
20260317_160201_502876,img_20260317_160201_502876.jpg,0.2,0.0
20260317_160201_540713,img_20260317_160201_540713.jpg,0.2,0.0
20260317_160201_602708,img_20260317_160201_602708.jpg,0.2,0.0
20260317_160201_655913,img_20260317_160201_655913.jpg,0.2,0.0
20260317_160201_708780,img_20260317_160201_708780.jpg,0.2,0.0
20260317_160201_761051,img_20260317_160201_761051.jpg,0.2,0.0
20260317_160201_804358,img_20260317_160201_804358.jpg,0.2,0.0
20260317_160201_861769,img_20260317_160201_861769.jpg,0.2,0.0
20260317_160201_912616,img_20260317_160201_912616.jpg,0.2,0.0
20260317_160201_959411,img_20260317_160201_959411.jpg,0.2,0.0
20260317_160202_028953,img_20260317_160202_028953.jpg,0.2,0.0
20260317_160202_060296,img_20260317_160202_060296.jpg,0.2,0.0
20260317_160202_122269,img_20260317_160202_122269.jpg,0.2,0.0
20260317_160202_175967,img_20260317_160202_175967.jpg,0.2,0.0
20260317_160202_228227,img_20260317_160202_228227.jpg,0.2,0.0
20260317_160202_275940,img_20260317_160202_275940.jpg,0.2,0.0
20260317_160202_320399,img_20260317_160202_320399.jpg,0.2,0.0
20260317_160202_379628,img_20260317_160202_379628.jpg,0.2,0.0
20260317_160202_430133,img_20260317_160202_430133.jpg,0.2,0.0
20260317_160202_484401,img_20260317_160202_484401.jpg,0.2,0.0
20260317_160202_542295,img_20260317_160202_542295.jpg,0.2,0.0
20260317_160202_578043,img_20260317_160202_578043.jpg,0.2,0.0
20260317_160202_638487,img_20260317_160202_638487.jpg,0.2,0.0
20260317_160202_696867,img_20260317_160202_696867.jpg,0.2,0.0
20260317_160202_750713,img_20260317_160202_750713.jpg,0.2,0.0
20260317_160202_801045,img_20260317_160202_801045.jpg,0.2,0.0
20260317_160202_858421,img_20260317_160202_858421.jpg,0.2,0.0
20260317_160202_906882,img_20260317_160202_906882.jpg,0.2,0.0
20260317_160202_956462,img_20260317_160202_956462.jpg,0.2,0.0
20260317_160203_010314,img_20260317_160203_010314.jpg,0.2,0.0
20260317_160203_064068,img_20260317_160203_064068.jpg,0.2,0.0
20260317_160203_119665,img_20260317_160203_119665.jpg,0.2,0.0
20260317_160203_168311,img_20260317_160203_168311.jpg,0.2,0.0
20260317_160203_213759,img_20260317_160203_213759.jpg,0.2,0.0
20260317_160203_263088,img_20260317_160203_263088.jpg,0.2,0.0
20260317_160203_324060,img_20260317_160203_324060.jpg,0.2,0.0
20260317_160203_377453,img_20260317_160203_377453.jpg,0.2,0.0
20260317_160203_424867,img_20260317_160203_424867.jpg,0.2,0.0
20260317_160203_476494,img_20260317_160203_476494.jpg,0.2,0.0
20260317_160203_529688,img_20260317_160203_529688.jpg,0.2,0.0
20260317_160203_594195,img_20260317_160203_594195.jpg,0.2,0.0
20260317_160203_631563,img_20260317_160203_631563.jpg,0.2,0.0
20260317_160203_694271,img_20260317_160203_694271.jpg,0.2,0.0
20260317_160203_744654,img_20260317_160203_744654.jpg,0.2,0.0
20260317_160203_790180,img_20260317_160203_790180.jpg,0.2,0.0
20260317_160203_846624,img_20260317_160203_846624.jpg,0.2,0.0
20260317_160203_905080,img_20260317_160203_905080.jpg,0.2,0.0
20260317_160203_959519,img_20260317_160203_959519.jpg,0.2,0.0
20260317_160204_000183,img_20260317_160204_000183.jpg,0.2,0.0
20260317_160204_067344,img_20260317_160204_067344.jpg,0.2,0.0
20260317_160204_116015,img_20260317_160204_116015.jpg,0.2,0.0
20260317_160204_171244,img_20260317_160204_171244.jpg,0.2,0.0
20260317_160204_227471,img_20260317_160204_227471.jpg,0.2,0.0
20260317_160204_274731,img_20260317_160204_274731.jpg,0.2,0.0
20260317_160204_325032,img_20260317_160204_325032.jpg,0.2,0.0
20260317_160204_367619,img_20260317_160204_367619.jpg,0.2,0.0
20260317_160204_428974,img_20260317_160204_428974.jpg,0.2,0.0
20260317_160204_483354,img_20260317_160204_483354.jpg,0.2,0.0
20260317_160204_535542,img_20260317_160204_535542.jpg,0.2,0.0
20260317_160204_584392,img_20260317_160204_584392.jpg,0.2,0.0
20260317_160204_629036,img_20260317_160204_629036.jpg,0.2,0.0
20260317_160204_688266,img_20260317_160204_688266.jpg,0.2,0.0
20260317_160204_738219,img_20260317_160204_738219.jpg,0.2,0.0
20260317_160204_783955,img_20260317_160204_783955.jpg,0.2,0.0
20260317_160204_833145,img_20260317_160204_833145.jpg,0.2,0.0
20260317_160204_895841,img_20260317_160204_895841.jpg,0.2,0.0
20260317_160204_947283,img_20260317_160204_947283.jpg,0.2,0.0
20260317_160205_005018,img_20260317_160205_005018.jpg,0.2,0.0
20260317_160205_056088,img_20260317_160205_056088.jpg,0.2,0.0
20260317_160205_111689,img_20260317_160205_111689.jpg,0.2,0.0
20260317_160205_153898,img_20260317_160205_153898.jpg,0.2,0.0
20260317_160205_203771,img_20260317_160205_203771.jpg,0.2,0.0
20260317_160205_268289,img_20260317_160205_268289.jpg,0.2,0.0
20260317_160205_320403,img_20260317_160205_320403.jpg,0.2,0.0
20260317_160205_375250,img_20260317_160205_375250.jpg,0.2,0.0
20260317_160205_428703,img_20260317_160205_428703.jpg,0.2,0.0
20260317_160205_480241,img_20260317_160205_480241.jpg,0.2,0.0
20260317_160205_539586,img_20260317_160205_539586.jpg,0.2,0.0
20260317_160205_599597,img_20260317_160205_599597.jpg,0.2,0.0
20260317_160205_653323,img_20260317_160205_653323.jpg,0.2,0.0
20260317_160205_698567,img_20260317_160205_698567.jpg,0.2,0.0
20260317_160205_739823,img_20260317_160205_739823.jpg,0.2,0.0
20260317_160205_802792,img_20260317_160205_802792.jpg,0.2,0.0
20260317_160205_843349,img_20260317_160205_843349.jpg,0.2,0.0
20260317_160205_909246,img_20260317_160205_909246.jpg,0.2,0.0
20260317_160205_961410,img_20260317_160205_961410.jpg,0.2,0.0
20260317_160206_021081,img_20260317_160206_021081.jpg,0.2,0.0
20260317_160206_075226,img_20260317_160206_075226.jpg,0.2,0.0
20260317_160206_124059,img_20260317_160206_124059.jpg,0.2,0.0
20260317_160206_174468,img_20260317_160206_174468.jpg,0.2,0.0
20260317_160206_214288,img_20260317_160206_214288.jpg,0.2,0.0
20260317_160206_282370,img_20260317_160206_282370.jpg,0.2,0.0
20260317_160206_336467,img_20260317_160206_336467.jpg,0.2,0.0
20260317_160206_388540,img_20260317_160206_388540.jpg,0.2,0.0
20260317_160206_428437,img_20260317_160206_428437.jpg,0.2,0.0
20260317_160206_493836,img_20260317_160206_493836.jpg,0.2,0.0
20260317_160206_543384,img_20260317_160206_543384.jpg,0.2,0.0
20260317_160206_598245,img_20260317_160206_598245.jpg,0.2,0.0
20260317_160206_637153,img_20260317_160206_637153.jpg,0.2,0.0
20260317_160206_700507,img_20260317_160206_700507.jpg,0.2,0.0
20260317_160206_741046,img_20260317_160206_741046.jpg,0.2,0.0
20260317_160206_806771,img_20260317_160206_806771.jpg,0.2,0.0
20260317_160206_845727,img_20260317_160206_845727.jpg,0.2,0.0
20260317_160206_902741,img_20260317_160206_902741.jpg,0.2,0.0
20260317_160206_966453,img_20260317_160206_966453.jpg,0.2,0.0
20260317_160207_018457,img_20260317_160207_018457.jpg,0.2,0.0
20260317_160207_070683,img_20260317_160207_070683.jpg,0.2,0.0
20260317_160207_112811,img_20260317_160207_112811.jpg,0.2,0.0
20260317_160207_173989,img_20260317_160207_173989.jpg,0.2,0.0
20260317_160207_215809,img_20260317_160207_215809.jpg,0.2,0.0
20260317_160207_277781,img_20260317_160207_277781.jpg,0.2,0.0
20260317_160207_333536,img_20260317_160207_333536.jpg,0.2,0.0
20260317_160207_382069,img_20260317_160207_382069.jpg,0.2,0.0
20260317_160207_435501,img_20260317_160207_435501.jpg,0.2,0.0
20260317_160207_486370,img_20260317_160207_486370.jpg,0.2,0.0
20260317_160207_540681,img_20260317_160207_540681.jpg,0.2,0.0
20260317_160207_590298,img_20260317_160207_590298.jpg,0.2,0.0
20260317_160207_650078,img_20260317_160207_650078.jpg,0.2,0.0
20260317_160207_700756,img_20260317_160207_700756.jpg,0.2,0.0
20260317_160207_750874,img_20260317_160207_750874.jpg,0.2,0.0
20260317_160207_803124,img_20260317_160207_803124.jpg,0.2,0.0
20260317_160207_844367,img_20260317_160207_844367.jpg,0.2,0.0
20260317_160207_896203,img_20260317_160207_896203.jpg,0.2,0.0
20260317_160207_967863,img_20260317_160207_967863.jpg,0.2,0.0
20260317_160208_013324,img_20260317_160208_013324.jpg,0.2,0.0
20260317_160208_062859,img_20260317_160208_062859.jpg,0.2,0.0
20260317_160208_121640,img_20260317_160208_121640.jpg,0.2,0.0
20260317_160208_172698,img_20260317_160208_172698.jpg,0.2,0.0
20260317_160208_228554,img_20260317_160208_228554.jpg,0.2,0.0
20260317_160208_276208,img_20260317_160208_276208.jpg,0.2,0.0
20260317_160208_327036,img_20260317_160208_327036.jpg,0.2,0.0
20260317_160208_378775,img_20260317_160208_378775.jpg,0.2,0.0
20260317_160208_435415,img_20260317_160208_435415.jpg,0.2,0.0
20260317_160208_487195,img_20260317_160208_487195.jpg,0.2,0.0
20260317_160208_540174,img_20260317_160208_540174.jpg,0.2,0.0
20260317_160208_589118,img_20260317_160208_589118.jpg,0.2,0.0
20260317_160208_640788,img_20260317_160208_640788.jpg,0.2,0.0
20260317_160208_696894,img_20260317_160208_696894.jpg,0.2,0.0
20260317_160208_749445,img_20260317_160208_749445.jpg,0.2,0.0
20260317_160208_791433,img_20260317_160208_791433.jpg,0.2,0.0
20260317_160208_855591,img_20260317_160208_855591.jpg,0.2,0.0
20260317_160208_906772,img_20260317_160208_906772.jpg,0.2,0.0
20260317_160208_947551,img_20260317_160208_947551.jpg,0.2,0.0
20260317_160209_012887,img_20260317_160209_012887.jpg,0.2,0.0
20260317_160209_055040,img_20260317_160209_055040.jpg,0.2,0.0
20260317_160209_105221,img_20260317_160209_105221.jpg,0.2,0.0
20260317_160209_155998,img_20260317_160209_155998.jpg,0.2,0.0
20260317_160209_219460,img_20260317_160209_219460.jpg,0.2,0.0
20260317_160209_258750,img_20260317_160209_258750.jpg,0.2,0.0
20260317_160209_328127,img_20260317_160209_328127.jpg,0.2,0.0
20260317_160209_372791,img_20260317_160209_372791.jpg,0.2,0.0
20260317_160209_427324,img_20260317_160209_427324.jpg,0.2,0.0
20260317_160209_477289,img_20260317_160209_477289.jpg,0.2,0.0
20260317_160209_531192,img_20260317_160209_531192.jpg,0.2,0.0
20260317_160209_581818,img_20260317_160209_581818.jpg,0.2,0.0
20260317_160209_633669,img_20260317_160209_633669.jpg,0.2,0.0
20260317_160209_686001,img_20260317_160209_686001.jpg,0.2,0.0
20260317_160209_741799,img_20260317_160209_741799.jpg,0.2,0.0
20260317_160209_786744,img_20260317_160209_786744.jpg,0.2,0.0
20260317_160209_851654,img_20260317_160209_851654.jpg,0.2,0.0
20260317_160209_900576,img_20260317_160209_900576.jpg,0.2,0.0
20260317_160209_954358,img_20260317_160209_954358.jpg,0.2,0.0
20260317_160210_000629,img_20260317_160210_000629.jpg,0.2,0.0
20260317_160210_056939,img_20260317_160210_056939.jpg,0.2,0.0
20260317_160210_108136,img_20260317_160210_108136.jpg,0.2,0.0
20260317_160210_172790,img_20260317_160210_172790.jpg,0.2,0.0
20260317_160210_226782,img_20260317_160210_226782.jpg,0.2,0.0
20260317_160210_277482,img_20260317_160210_277482.jpg,0.2,0.0
20260317_160210_339666,img_20260317_160210_339666.jpg,0.2,0.0
20260317_160210_388798,img_20260317_160210_388798.jpg,0.2,0.0
20260317_160210_440033,img_20260317_160210_440033.jpg,0.2,0.0
20260317_160210_493357,img_20260317_160210_493357.jpg,0.2,0.0
20260317_160210_548546,img_20260317_160210_548546.jpg,0.2,0.0
20260317_160210_592242,img_20260317_160210_592242.jpg,0.2,0.0
20260317_160210_660287,img_20260317_160210_660287.jpg,0.2,0.0
20260317_160210_702399,img_20260317_160210_702399.jpg,0.2,0.0
20260317_160210_770379,img_20260317_160210_770379.jpg,0.2,0.0
20260317_160210_823197,img_20260317_160210_823197.jpg,0.2,0.0
20260317_160210_876114,img_20260317_160210_876114.jpg,0.2,0.0
20260317_160210_935822,img_20260317_160210_935822.jpg,0.2,0.0
20260317_160210_980738,img_20260317_160210_980738.jpg,0.2,0.0
20260317_160211_045489,img_20260317_160211_045489.jpg,0.2,0.0
20260317_160211_097980,img_20260317_160211_097980.jpg,0.2,0.0
20260317_160211_152319,img_20260317_160211_152319.jpg,0.2,0.0
20260317_160211_211296,img_20260317_160211_211296.jpg,0.2,0.0
20260317_160211_263395,img_20260317_160211_263395.jpg,0.2,0.0
20260317_160211_310485,img_20260317_160211_310485.jpg,0.2,0.0
20260317_160211_379827,img_20260317_160211_379827.jpg,0.2,0.0
20260317_160211_433954,img_20260317_160211_433954.jpg,0.2,0.0
20260317_160211_488996,img_20260317_160211_488996.jpg,0.2,0.0
20260317_160211_547348,img_20260317_160211_547348.jpg,0.2,0.0
20260317_160211_606491,img_20260317_160211_606491.jpg,0.2,0.0
20260317_160211_658734,img_20260317_160211_658734.jpg,0.2,0.0
20260317_160211_700571,img_20260317_160211_700571.jpg,0.2,0.0
20260317_160211_766595,img_20260317_160211_766595.jpg,0.2,0.0
20260317_160211_824670,img_20260317_160211_824670.jpg,0.2,0.0
20260317_160211_864136,img_20260317_160211_864136.jpg,0.2,0.0
20260317_160211_931267,img_20260317_160211_931267.jpg,0.2,0.0
20260317_160212_003127,img_20260317_160212_003127.jpg,0.2,0.0
20260317_160212_038891,img_20260317_160212_038891.jpg,0.2,0.0
20260317_160212_114052,img_20260317_160212_114052.jpg,0.2,0.0
20260317_160212_169525,img_20260317_160212_169525.jpg,0.2,0.0
20260317_160212_223796,img_20260317_160212_223796.jpg,0.2,0.0
20260317_160212_277719,img_20260317_160212_277719.jpg,0.2,0.0
20260317_160212_334485,img_20260317_160212_334485.jpg,0.2,0.0
20260317_160212_383395,img_20260317_160212_383395.jpg,0.2,0.0
20260317_160212_460922,img_20260317_160212_460922.jpg,0.2,0.0
20260317_160212_515048,img_20260317_160212_515048.jpg,0.2,0.0
20260317_160212_565875,img_20260317_160212_565875.jpg,0.2,0.0
20260317_160212_617472,img_20260317_160212_617472.jpg,0.2,0.0
20260317_160212_666489,img_20260317_160212_666489.jpg,0.2,0.0
20260317_160212_727683,img_20260317_160212_727683.jpg,0.2,0.0
20260317_160212_785135,img_20260317_160212_785135.jpg,0.2,0.0
20260317_160212_828683,img_20260317_160212_828683.jpg,0.2,0.0
20260317_160212_878078,img_20260317_160212_878078.jpg,0.2,0.0
20260317_160212_941352,img_20260317_160212_941352.jpg,0.2,0.0
20260317_160212_993305,img_20260317_160212_993305.jpg,0.2,0.0
20260317_160213_049422,img_20260317_160213_049422.jpg,0.2,0.0
20260317_160213_103513,img_20260317_160213_103513.jpg,0.2,0.0
20260317_160213_158726,img_20260317_160213_158726.jpg,0.2,0.0
20260317_160213_212118,img_20260317_160213_212118.jpg,0.2,0.0
20260317_160213_259817,img_20260317_160213_259817.jpg,0.2,0.0
20260317_160213_309282,img_20260317_160213_309282.jpg,0.2,0.0
20260317_160213_359054,img_20260317_160213_359054.jpg,0.2,0.0
20260317_160213_408192,img_20260317_160213_408192.jpg,0.2,0.0
20260317_160213_458989,img_20260317_160213_458989.jpg,0.2,0.0
20260317_160213_511827,img_20260317_160213_511827.jpg,0.2,0.0
20260317_160213_564033,img_20260317_160213_564033.jpg,0.2,0.0
20260317_160213_613996,img_20260317_160213_613996.jpg,0.2,0.0
20260317_160213_663441,img_20260317_160213_663441.jpg,0.2,0.0
20260317_160213_715415,img_20260317_160213_715415.jpg,0.2,0.0
20260317_160213_755303,img_20260317_160213_755303.jpg,0.2,0.0
20260317_160213_819911,img_20260317_160213_819911.jpg,0.2,0.0
20260317_160213_865693,img_20260317_160213_865693.jpg,0.2,0.0
20260317_160213_922909,img_20260317_160213_922909.jpg,0.2,0.0
20260317_160213_973006,img_20260317_160213_973006.jpg,0.2,0.0
20260317_160214_019503,img_20260317_160214_019503.jpg,0.2,0.0
20260317_160214_077789,img_20260317_160214_077789.jpg,0.2,0.0
20260317_160214_120719,img_20260317_160214_120719.jpg,0.2,0.0
20260317_160214_184822,img_20260317_160214_184822.jpg,0.2,0.0
20260317_160214_221126,img_20260317_160214_221126.jpg,0.2,0.0
20260317_160214_285411,img_20260317_160214_285411.jpg,0.2,0.0
20260317_160214_328813,img_20260317_160214_328813.jpg,0.2,0.0
20260317_160214_383831,img_20260317_160214_383831.jpg,0.2,0.0
20260317_160214_433228,img_20260317_160214_433228.jpg,0.2,0.0
20260317_160214_478837,img_20260317_160214_478837.jpg,0.2,0.0
20260317_160214_538926,img_20260317_160214_538926.jpg,0.2,0.0
20260317_160214_588204,img_20260317_160214_588204.jpg,0.2,0.0
20260317_160214_641172,img_20260317_160214_641172.jpg,0.2,0.0
20260317_160214_689254,img_20260317_160214_689254.jpg,0.2,0.0
20260317_160214_742299,img_20260317_160214_742299.jpg,0.2,0.0
20260317_160214_791100,img_20260317_160214_791100.jpg,0.2,0.0
20260317_160214_842304,img_20260317_160214_842304.jpg,0.2,0.0
20260317_160214_885175,img_20260317_160214_885175.jpg,0.2,0.0
20260317_160214_946078,img_20260317_160214_946078.jpg,0.2,0.0
20260317_160214_994274,img_20260317_160214_994274.jpg,0.2,0.0
20260317_160215_043985,img_20260317_160215_043985.jpg,0.2,0.0
20260317_160215_111424,img_20260317_160215_111424.jpg,0.2,0.0
20260317_160215_218458,img_20260317_160215_218458.jpg,0.2,0.0
20260317_160215_305463,img_20260317_160215_305463.jpg,0.2,0.0
20260317_160215_369261,img_20260317_160215_369261.jpg,0.2,0.0
20260317_160215_446889,img_20260317_160215_446889.jpg,0.2,0.0
20260317_160215_505579,img_20260317_160215_505579.jpg,0.2,0.0
20260317_160215_561592,img_20260317_160215_561592.jpg,0.2,0.0
20260317_160215_616054,img_20260317_160215_616054.jpg,0.2,0.0
20260317_160215_672840,img_20260317_160215_672840.jpg,0.2,0.0
20260317_160215_723058,img_20260317_160215_723058.jpg,0.2,0.0
20260317_160215_773360,img_20260317_160215_773360.jpg,0.2,0.0
20260317_160215_821093,img_20260317_160215_821093.jpg,0.2,0.0
20260317_160215_875912,img_20260317_160215_875912.jpg,0.2,0.0
20260317_160215_924776,img_20260317_160215_924776.jpg,0.2,0.0
20260317_160215_977309,img_20260317_160215_977309.jpg,0.2,0.0
20260317_160216_019325,img_20260317_160216_019325.jpg,0.2,0.0
20260317_160216_085902,img_20260317_160216_085902.jpg,0.2,0.0
20260317_160216_136459,img_20260317_160216_136459.jpg,0.2,0.0
20260317_160216_188217,img_20260317_160216_188217.jpg,0.2,0.0
20260317_160216_237656,img_20260317_160216_237656.jpg,0.2,0.0
20260317_160216_287980,img_20260317_160216_287980.jpg,0.2,0.0
20260317_160216_329183,img_20260317_160216_329183.jpg,0.2,0.0
20260317_160216_390971,img_20260317_160216_390971.jpg,0.2,0.0
20260317_160216_442843,img_20260317_160216_442843.jpg,0.2,0.0
20260317_160216_496329,img_20260317_160216_496329.jpg,0.2,0.0
20260317_160216_547114,img_20260317_160216_547114.jpg,0.2,0.0
20260317_160216_596570,img_20260317_160216_596570.jpg,0.2,0.0
20260317_160216_640161,img_20260317_160216_640161.jpg,0.2,0.0
20260317_160216_697231,img_20260317_160216_697231.jpg,0.2,0.0
20260317_160216_750398,img_20260317_160216_750398.jpg,0.2,0.0
20260317_160216_804747,img_20260317_160216_804747.jpg,0.2,0.0
20260317_160216_842176,img_20260317_160216_842176.jpg,0.2,0.0
20260317_160216_893610,img_20260317_160216_893610.jpg,0.2,0.0
20260317_160216_959390,img_20260317_160216_959390.jpg,0.2,0.0
20260317_160217_009982,img_20260317_160217_009982.jpg,0.2,0.0
20260317_160217_056076,img_20260317_160217_056076.jpg,0.2,0.0
20260317_160217_100432,img_20260317_160217_100432.jpg,0.2,0.0
20260317_160217_158191,img_20260317_160217_158191.jpg,0.2,0.0
20260317_160217_214843,img_20260317_160217_214843.jpg,0.2,0.0
20260317_160217_267166,img_20260317_160217_267166.jpg,0.2,0.0
20260317_160217_316528,img_20260317_160217_316528.jpg,0.2,0.0
20260317_160217_372306,img_20260317_160217_372306.jpg,0.2,0.0
20260317_160217_415953,img_20260317_160217_415953.jpg,0.2,0.0
20260317_160217_459724,img_20260317_160217_459724.jpg,0.2,0.0
20260317_160217_519120,img_20260317_160217_519120.jpg,0.2,0.0
20260317_160217_576552,img_20260317_160217_576552.jpg,0.2,0.0
20260317_160217_628008,img_20260317_160217_628008.jpg,0.2,0.0
20260317_160217_672657,img_20260317_160217_672657.jpg,0.2,0.0
20260317_160217_734869,img_20260317_160217_734869.jpg,0.2,0.0
20260317_160217_764306,img_20260317_160217_764306.jpg,0.2,0.0
20260317_160217_830292,img_20260317_160217_830292.jpg,0.2,0.0
20260317_160217_879338,img_20260317_160217_879338.jpg,0.2,0.0
20260317_160217_923302,img_20260317_160217_923302.jpg,0.2,0.0
20260317_160217_981731,img_20260317_160217_981731.jpg,0.2,0.0
20260317_160218_034340,img_20260317_160218_034340.jpg,0.2,0.0
20260317_160218_085602,img_20260317_160218_085602.jpg,0.2,0.0
20260317_160218_134108,img_20260317_160218_134108.jpg,0.2,0.0
20260317_160218_189424,img_20260317_160218_189424.jpg,0.2,0.0
20260317_160218_245011,img_20260317_160218_245011.jpg,0.2,0.0
20260317_160218_292362,img_20260317_160218_292362.jpg,0.2,0.0
20260317_160218_332055,img_20260317_160218_332055.jpg,0.2,0.0
20260317_160218_392617,img_20260317_160218_392617.jpg,0.2,0.0
20260317_160218_433857,img_20260317_160218_433857.jpg,0.2,0.0
20260317_160218_499175,img_20260317_160218_499175.jpg,0.2,0.0
20260317_160218_550284,img_20260317_160218_550284.jpg,0.2,0.0
20260317_160218_601035,img_20260317_160218_601035.jpg,0.2,0.0
20260317_160218_650211,img_20260317_160218_650211.jpg,0.2,0.0
20260317_160218_703746,img_20260317_160218_703746.jpg,0.2,0.0
20260317_160218_745957,img_20260317_160218_745957.jpg,0.2,0.0
20260317_160218_802112,img_20260317_160218_802112.jpg,0.2,0.0
20260317_160218_855352,img_20260317_160218_855352.jpg,0.2,0.0
20260317_160218_894957,img_20260317_160218_894957.jpg,0.2,0.0
20260317_160218_956649,img_20260317_160218_956649.jpg,0.2,0.0
20260317_160219_011152,img_20260317_160219_011152.jpg,0.2,0.0
20260317_160219_064522,img_20260317_160219_064522.jpg,0.2,0.0
20260317_160219_113190,img_20260317_160219_113190.jpg,0.2,0.0
20260317_160219_167875,img_20260317_160219_167875.jpg,0.2,0.0
20260317_160219_218466,img_20260317_160219_218466.jpg,0.2,0.0
20260317_160219_270328,img_20260317_160219_270328.jpg,0.2,0.0
20260317_160219_323562,img_20260317_160219_323562.jpg,0.2,0.0
20260317_160219_375079,img_20260317_160219_375079.jpg,0.2,0.0
20260317_160219_426640,img_20260317_160219_426640.jpg,0.2,0.0
20260317_160219_482858,img_20260317_160219_482858.jpg,0.2,0.0
20260317_160219_537592,img_20260317_160219_537592.jpg,0.2,0.0
20260317_160219_582581,img_20260317_160219_582581.jpg,0.2,0.0
20260317_160219_620042,img_20260317_160219_620042.jpg,0.2,0.0
20260317_160219_682914,img_20260317_160219_682914.jpg,0.2,0.0
20260317_160219_732365,img_20260317_160219_732365.jpg,0.2,0.0
20260317_160219_785716,img_20260317_160219_785716.jpg,0.2,0.0
20260317_160219_839099,img_20260317_160219_839099.jpg,0.2,0.0
20260317_160219_888914,img_20260317_160219_888914.jpg,0.2,0.0
20260317_160219_942137,img_20260317_160219_942137.jpg,0.2,0.0
20260317_160219_987777,img_20260317_160219_987777.jpg,0.2,0.0
20260317_160220_040663,img_20260317_160220_040663.jpg,0.2,0.0
20260317_160220_079144,img_20260317_160220_079144.jpg,0.2,0.0
20260317_160220_134658,img_20260317_160220_134658.jpg,0.2,0.0
20260317_160220_194878,img_20260317_160220_194878.jpg,0.2,0.0
20260317_160220_249850,img_20260317_160220_249850.jpg,0.2,0.0
20260317_160220_293546,img_20260317_160220_293546.jpg,0.2,0.0
20260317_160220_355935,img_20260317_160220_355935.jpg,0.2,0.0
20260317_160220_400629,img_20260317_160220_400629.jpg,0.2,0.0
20260317_160220_457995,img_20260317_160220_457995.jpg,0.2,0.0
20260317_160220_495546,img_20260317_160220_495546.jpg,0.2,0.0
20260317_160220_563041,img_20260317_160220_563041.jpg,0.2,0.0
20260317_160220_612157,img_20260317_160220_612157.jpg,0.2,0.0
20260317_160220_664836,img_20260317_160220_664836.jpg,0.2,0.0
20260317_160220_717836,img_20260317_160220_717836.jpg,0.2,0.0
20260317_160220_760728,img_20260317_160220_760728.jpg,0.2,0.0
20260317_160220_820840,img_20260317_160220_820840.jpg,0.2,0.0
20260317_160220_874945,img_20260317_160220_874945.jpg,0.2,0.0
20260317_160220_919389,img_20260317_160220_919389.jpg,0.2,0.0
20260317_160220_970973,img_20260317_160220_970973.jpg,0.2,0.0
20260317_160221_023301,img_20260317_160221_023301.jpg,0.2,0.0
20260317_160221_077146,img_20260317_160221_077146.jpg,0.2,0.0
20260317_160221_127420,img_20260317_160221_127420.jpg,0.2,0.0
20260317_160221_180746,img_20260317_160221_180746.jpg,0.2,0.0
20260317_160221_231983,img_20260317_160221_231983.jpg,0.2,0.0
20260317_160221_281104,img_20260317_160221_281104.jpg,0.2,0.0
20260317_160221_332706,img_20260317_160221_332706.jpg,0.2,0.0
20260317_160221_381861,img_20260317_160221_381861.jpg,0.2,0.0
20260317_160221_436641,img_20260317_160221_436641.jpg,0.2,0.0
20260317_160221_484800,img_20260317_160221_484800.jpg,0.2,0.0
20260317_160221_529955,img_20260317_160221_529955.jpg,0.2,0.0
20260317_160221_590452,img_20260317_160221_590452.jpg,0.2,0.0
20260317_160221_641366,img_20260317_160221_641366.jpg,0.2,0.0
20260317_160221_695262,img_20260317_160221_695262.jpg,0.2,0.0
20260317_160221_744861,img_20260317_160221_744861.jpg,0.2,0.0
20260317_160221_797797,img_20260317_160221_797797.jpg,0.2,0.0
20260317_160221_845896,img_20260317_160221_845896.jpg,0.2,0.0
20260317_160221_899033,img_20260317_160221_899033.jpg,0.2,0.0
20260317_160221_952502,img_20260317_160221_952502.jpg,0.2,0.0
20260317_160222_002797,img_20260317_160222_002797.jpg,0.2,0.0
20260317_160222_054006,img_20260317_160222_054006.jpg,0.2,0.0
20260317_160222_104528,img_20260317_160222_104528.jpg,0.2,0.0
20260317_160222_151768,img_20260317_160222_151768.jpg,0.2,0.0
20260317_160222_206071,img_20260317_160222_206071.jpg,0.2,0.0
20260317_160222_254921,img_20260317_160222_254921.jpg,0.2,0.0
20260317_160222_300695,img_20260317_160222_300695.jpg,0.2,0.0
20260317_160222_360165,img_20260317_160222_360165.jpg,0.2,0.0
20260317_160222_413834,img_20260317_160222_413834.jpg,0.2,0.0
20260317_160222_461784,img_20260317_160222_461784.jpg,0.2,0.0
20260317_160222_522520,img_20260317_160222_522520.jpg,0.2,0.0
20260317_160222_571571,img_20260317_160222_571571.jpg,0.2,0.0
20260317_160222_626097,img_20260317_160222_626097.jpg,0.2,0.0
20260317_160222_673718,img_20260317_160222_673718.jpg,0.2,0.0
20260317_160222_727991,img_20260317_160222_727991.jpg,0.2,0.0
20260317_160222_776822,img_20260317_160222_776822.jpg,0.2,0.0
20260317_160222_831532,img_20260317_160222_831532.jpg,0.2,0.0
20260317_160222_880393,img_20260317_160222_880393.jpg,0.2,0.0
20260317_160222_933660,img_20260317_160222_933660.jpg,0.2,0.0
20260317_160222_984641,img_20260317_160222_984641.jpg,0.2,0.0
20260317_160223_041657,img_20260317_160223_041657.jpg,0.2,0.0
20260317_160223_088526,img_20260317_160223_088526.jpg,0.2,0.0
20260317_160223_138728,img_20260317_160223_138728.jpg,0.2,0.0
20260317_160223_191229,img_20260317_160223_191229.jpg,0.2,0.0
20260317_160223_246912,img_20260317_160223_246912.jpg,0.2,0.0
20260317_160223_302269,img_20260317_160223_302269.jpg,0.2,0.0
20260317_160223_354826,img_20260317_160223_354826.jpg,0.2,0.0
20260317_160223_403857,img_20260317_160223_403857.jpg,0.2,0.0
20260317_160223_452185,img_20260317_160223_452185.jpg,0.2,0.0
20260317_160223_500605,img_20260317_160223_500605.jpg,0.2,0.0
20260317_160223_555694,img_20260317_160223_555694.jpg,0.2,0.0
20260317_160223_603752,img_20260317_160223_603752.jpg,0.2,0.0
20260317_160223_659564,img_20260317_160223_659564.jpg,0.2,0.0
20260317_160223_717145,img_20260317_160223_717145.jpg,0.2,0.0
20260317_160223_751468,img_20260317_160223_751468.jpg,0.2,0.0
20260317_160223_806632,img_20260317_160223_806632.jpg,0.2,0.0
20260317_160223_850220,img_20260317_160223_850220.jpg,0.2,0.0
20260317_160223_904754,img_20260317_160223_904754.jpg,0.2,0.0
20260317_160223_960938,img_20260317_160223_960938.jpg,0.2,0.0
20260317_160224_014685,img_20260317_160224_014685.jpg,0.2,0.0
20260317_160224_057499,img_20260317_160224_057499.jpg,0.2,0.0
20260317_160224_120371,img_20260317_160224_120371.jpg,0.2,0.0
20260317_160224_175995,img_20260317_160224_175995.jpg,0.2,0.0
20260317_160224_220689,img_20260317_160224_220689.jpg,0.2,0.0
20260317_160224_272800,img_20260317_160224_272800.jpg,0.2,0.0
20260317_160224_322583,img_20260317_160224_322583.jpg,0.2,0.0
20260317_160224_378235,img_20260317_160224_378235.jpg,0.2,0.0
20260317_160224_429643,img_20260317_160224_429643.jpg,0.2,0.0
20260317_160224_482888,img_20260317_160224_482888.jpg,0.2,0.0
20260317_160224_529897,img_20260317_160224_529897.jpg,0.2,0.0
20260317_160224_583355,img_20260317_160224_583355.jpg,0.2,0.0
20260317_160224_634154,img_20260317_160224_634154.jpg,0.2,0.0
20260317_160224_690629,img_20260317_160224_690629.jpg,0.2,0.0
20260317_160224_738213,img_20260317_160224_738213.jpg,0.2,0.0
20260317_160224_789934,img_20260317_160224_789934.jpg,0.2,0.0
20260317_160224_840675,img_20260317_160224_840675.jpg,0.2,0.0
20260317_160224_891571,img_20260317_160224_891571.jpg,0.2,0.0
20260317_160224_941594,img_20260317_160224_941594.jpg,0.2,0.0
20260317_160224_995909,img_20260317_160224_995909.jpg,0.2,0.0
20260317_160225_044694,img_20260317_160225_044694.jpg,0.2,0.0
20260317_160225_099661,img_20260317_160225_099661.jpg,0.2,0.0
20260317_160223_844763,img_20260317_160223_844763.jpg,0.2,0.0
20260317_160223_893545,img_20260317_160223_893545.jpg,0.2,0.0
20260317_160223_933467,img_20260317_160223_933467.jpg,0.2,0.0
20260317_160223_996673,img_20260317_160223_996673.jpg,0.2,0.0
20260317_160224_052425,img_20260317_160224_052425.jpg,0.2,0.0
20260317_160224_101631,img_20260317_160224_101631.jpg,0.2,0.0
20260317_160224_142476,img_20260317_160224_142476.jpg,0.2,0.0
20260317_160224_207419,img_20260317_160224_207419.jpg,0.2,0.0
20260317_160224_254545,img_20260317_160224_254545.jpg,0.2,0.0
20260317_160224_300269,img_20260317_160224_300269.jpg,0.2,0.0
20260317_160224_358601,img_20260317_160224_358601.jpg,0.2,0.0
20260317_160224_409438,img_20260317_160224_409438.jpg,0.2,0.0
20260317_160224_463365,img_20260317_160224_463365.jpg,0.2,0.0
20260317_160224_511018,img_20260317_160224_511018.jpg,0.2,0.0
20260317_160224_567799,img_20260317_160224_567799.jpg,0.2,0.0
20260317_160224_603879,img_20260317_160224_603879.jpg,0.2,0.0
20260317_160224_666573,img_20260317_160224_666573.jpg,0.2,0.0
20260317_160224_717834,img_20260317_160224_717834.jpg,0.2,0.0
20260317_160224_760363,img_20260317_160224_760363.jpg,0.2,0.0
20260317_160224_809601,img_20260317_160224_809601.jpg,0.2,0.0
20260317_160224_873025,img_20260317_160224_873025.jpg,0.2,0.0
20260317_160224_926484,img_20260317_160224_926484.jpg,0.2,0.0
20260317_160224_970556,img_20260317_160224_970556.jpg,0.2,0.0
20260317_160225_026808,img_20260317_160225_026808.jpg,0.2,0.0
20260317_160225_082962,img_20260317_160225_082962.jpg,0.2,0.0
20260317_160225_136204,img_20260317_160225_136204.jpg,0.2,0.0
20260317_160225_174774,img_20260317_160225_174774.jpg,0.2,0.0
20260317_160225_226791,img_20260317_160225_226791.jpg,0.2,0.0
20260317_160225_288507,img_20260317_160225_288507.jpg,0.2,0.0
20260317_160225_341232,img_20260317_160225_341232.jpg,0.2,0.0
20260317_160225_390013,img_20260317_160225_390013.jpg,0.2,0.0
20260317_160225_441836,img_20260317_160225_441836.jpg,0.2,0.0
20260317_160225_491455,img_20260317_160225_491455.jpg,0.2,0.0
20260317_160225_535371,img_20260317_160225_535371.jpg,0.2,0.0
20260317_160225_594402,img_20260317_160225_594402.jpg,0.2,0.0
20260317_160225_646137,img_20260317_160225_646137.jpg,0.2,0.0
20260317_160225_700277,img_20260317_160225_700277.jpg,0.2,0.0
20260317_160225_749299,img_20260317_160225_749299.jpg,0.2,0.0
20260317_160225_790050,img_20260317_160225_790050.jpg,0.2,0.0
20260317_160225_839121,img_20260317_160225_839121.jpg,0.2,0.0
20260317_160225_901512,img_20260317_160225_901512.jpg,0.2,0.0
20260317_160225_944726,img_20260317_160225_944726.jpg,0.2,0.0
20260317_160226_011778,img_20260317_160226_011778.jpg,0.2,0.0
20260317_160226_056982,img_20260317_160226_056982.jpg,0.2,0.0
20260317_160226_111278,img_20260317_160226_111278.jpg,0.2,0.0
20260317_160226_158453,img_20260317_160226_158453.jpg,0.2,0.0
20260317_160226_214762,img_20260317_160226_214762.jpg,0.2,0.0
20260317_160226_259959,img_20260317_160226_259959.jpg,0.2,0.0
20260317_160226_315385,img_20260317_160226_315385.jpg,0.2,0.0
20260317_160226_363701,img_20260317_160226_363701.jpg,0.2,0.0
20260317_160226_419166,img_20260317_160226_419166.jpg,0.2,0.0
20260317_160226_472197,img_20260317_160226_472197.jpg,0.2,0.0
20260317_160226_524967,img_20260317_160226_524967.jpg,0.2,0.0
20260317_160226_570035,img_20260317_160226_570035.jpg,0.2,0.0
20260317_160226_626939,img_20260317_160226_626939.jpg,0.2,0.0
20260317_160226_683161,img_20260317_160226_683161.jpg,0.2,0.0
20260317_160226_733234,img_20260317_160226_733234.jpg,0.2,0.0
20260317_160226_775026,img_20260317_160226_775026.jpg,0.2,0.0
20260317_160226_836916,img_20260317_160226_836916.jpg,0.2,0.0
20260317_160226_889772,img_20260317_160226_889772.jpg,0.2,0.0
20260317_160226_942876,img_20260317_160226_942876.jpg,0.2,0.0
20260317_160226_994916,img_20260317_160226_994916.jpg,0.2,0.0
20260317_160227_050196,img_20260317_160227_050196.jpg,0.2,0.0
20260317_160227_086407,img_20260317_160227_086407.jpg,0.2,0.0
20260317_160227_148636,img_20260317_160227_148636.jpg,0.2,0.0
20260317_160227_199823,img_20260317_160227_199823.jpg,0.2,0.0
20260317_160227_252736,img_20260317_160227_252736.jpg,0.2,0.0
20260317_160227_291047,img_20260317_160227_291047.jpg,0.2,0.0
20260317_160227_354157,img_20260317_160227_354157.jpg,0.2,0.0
20260317_160227_407195,img_20260317_160227_407195.jpg,0.2,0.0
20260317_160227_459237,img_20260317_160227_459237.jpg,0.2,0.0
20260317_160227_509393,img_20260317_160227_509393.jpg,0.2,0.0
20260317_160227_558596,img_20260317_160227_558596.jpg,0.2,0.0
20260317_160227_610051,img_20260317_160227_610051.jpg,0.2,0.0
20260317_160227_663961,img_20260317_160227_663961.jpg,0.2,0.0
20260317_160227_716067,img_20260317_160227_716067.jpg,0.2,0.0
20260317_160227_766453,img_20260317_160227_766453.jpg,0.2,0.0
20260317_160227_816585,img_20260317_160227_816585.jpg,0.2,0.0
20260317_160227_868767,img_20260317_160227_868767.jpg,0.2,0.0
20260317_160227_917127,img_20260317_160227_917127.jpg,0.2,0.0
20260317_160227_967880,img_20260317_160227_967880.jpg,0.2,0.0
20260317_160228_021671,img_20260317_160228_021671.jpg,0.2,0.0
20260317_160228_073592,img_20260317_160228_073592.jpg,0.2,0.0
20260317_160228_122865,img_20260317_160228_122865.jpg,0.2,0.0
20260317_160228_177614,img_20260317_160228_177614.jpg,0.2,0.0
20260317_160228_226312,img_20260317_160228_226312.jpg,0.2,0.0
20260317_160228_281719,img_20260317_160228_281719.jpg,0.2,0.0
20260317_160228_329814,img_20260317_160228_329814.jpg,0.2,0.0
20260317_160228_382544,img_20260317_160228_382544.jpg,0.2,0.0
20260317_160228_431653,img_20260317_160228_431653.jpg,0.2,0.0
20260317_160228_485027,img_20260317_160228_485027.jpg,0.2,0.0
20260317_160228_534079,img_20260317_160228_534079.jpg,0.2,0.0
20260317_160228_582846,img_20260317_160228_582846.jpg,0.2,0.0
20260317_160228_626363,img_20260317_160228_626363.jpg,0.2,0.0
20260317_160228_691229,img_20260317_160228_691229.jpg,0.2,0.0
20260317_160228_730059,img_20260317_160228_730059.jpg,0.2,0.0
20260317_160228_795293,img_20260317_160228_795293.jpg,0.2,0.0
20260317_160228_841358,img_20260317_160228_841358.jpg,0.2,0.0
20260317_160228_895851,img_20260317_160228_895851.jpg,0.2,0.0
20260317_160228_942817,img_20260317_160228_942817.jpg,0.2,0.0
20260317_160228_996752,img_20260317_160228_996752.jpg,0.2,0.0
20260317_160229_047684,img_20260317_160229_047684.jpg,0.2,0.0
20260317_160229_108639,img_20260317_160229_108639.jpg,0.2,0.0
20260317_160229_155232,img_20260317_160229_155232.jpg,0.2,0.0
20260317_160229_210453,img_20260317_160229_210453.jpg,0.2,0.0
20260317_160229_255602,img_20260317_160229_255602.jpg,0.2,0.0
20260317_160229_312087,img_20260317_160229_312087.jpg,0.2,0.0
20260317_160229_361101,img_20260317_160229_361101.jpg,0.2,0.0
20260317_160229_416293,img_20260317_160229_416293.jpg,0.2,0.0
20260317_160229_452697,img_20260317_160229_452697.jpg,0.2,0.0
20260317_160229_520603,img_20260317_160229_520603.jpg,0.2,0.0
20260317_160229_564717,img_20260317_160229_564717.jpg,0.2,0.0
20260317_160229_619010,img_20260317_160229_619010.jpg,0.2,0.0
20260317_160229_657808,img_20260317_160229_657808.jpg,0.2,0.0
20260317_160229_710667,img_20260317_160229_710667.jpg,0.2,0.0
20260317_160229_771464,img_20260317_160229_771464.jpg,0.2,0.0
20260317_160229_815383,img_20260317_160229_815383.jpg,0.2,0.0
20260317_160229_859286,img_20260317_160229_859286.jpg,0.2,0.0
20260317_160229_920559,img_20260317_160229_920559.jpg,0.2,0.0
20260317_160229_973440,img_20260317_160229_973440.jpg,0.2,0.0
20260317_160230_027457,img_20260317_160230_027457.jpg,0.2,0.0
20260317_160230_075552,img_20260317_160230_075552.jpg,0.2,0.0
20260317_160230_130940,img_20260317_160230_130940.jpg,0.2,0.0
20260317_160230_169757,img_20260317_160230_169757.jpg,0.2,0.0
20260317_160230_235734,img_20260317_160230_235734.jpg,0.2,0.0
20260317_160230_281997,img_20260317_160230_281997.jpg,0.2,0.0
20260317_160230_337213,img_20260317_160230_337213.jpg,0.2,0.0
20260317_160230_384565,img_20260317_160230_384565.jpg,0.2,0.0
20260317_160230_441332,img_20260317_160230_441332.jpg,0.2,0.0
20260317_160230_499158,img_20260317_160230_499158.jpg,0.2,0.0
20260317_160230_535297,img_20260317_160230_535297.jpg,0.2,0.0
20260317_160230_594202,img_20260317_160230_594202.jpg,0.2,0.0
20260317_160230_648369,img_20260317_160230_648369.jpg,0.2,0.0
20260317_160230_692235,img_20260317_160230_692235.jpg,0.2,0.0
20260317_160230_750498,img_20260317_160230_750498.jpg,0.2,0.0
20260317_160230_790859,img_20260317_160230_790859.jpg,0.2,0.0
20260317_160230_854856,img_20260317_160230_854856.jpg,0.2,0.0
20260317_160230_903464,img_20260317_160230_903464.jpg,0.2,0.0
20260317_160230_960837,img_20260317_160230_960837.jpg,0.2,0.0
20260317_160231_006027,img_20260317_160231_006027.jpg,0.2,0.0
20260317_160231_045683,img_20260317_160231_045683.jpg,0.2,0.0
20260317_160231_114276,img_20260317_160231_114276.jpg,0.2,0.0
20260317_160231_157495,img_20260317_160231_157495.jpg,0.2,0.0
20260317_160231_213784,img_20260317_160231_213784.jpg,0.2,0.0
20260317_160231_265568,img_20260317_160231_265568.jpg,0.2,0.0
20260317_160231_307616,img_20260317_160231_307616.jpg,0.2,0.0
20260317_160231_366788,img_20260317_160231_366788.jpg,0.2,0.0
20260317_160231_418279,img_20260317_160231_418279.jpg,0.2,0.0
20260317_160231_472973,img_20260317_160231_472973.jpg,0.2,0.0
20260317_160231_517698,img_20260317_160231_517698.jpg,0.2,0.0
20260317_160231_562185,img_20260317_160231_562185.jpg,0.2,0.0
20260317_160231_623491,img_20260317_160231_623491.jpg,0.2,0.0
20260317_160231_676202,img_20260317_160231_676202.jpg,0.2,0.0
20260317_160231_731095,img_20260317_160231_731095.jpg,0.2,0.0
20260317_160231_766393,img_20260317_160231_766393.jpg,0.2,0.0
20260317_160231_835477,img_20260317_160231_835477.jpg,0.2,0.0
20260317_160231_873523,img_20260317_160231_873523.jpg,0.2,0.0
20260317_160231_934176,img_20260317_160231_934176.jpg,0.2,0.0
20260317_160231_983121,img_20260317_160231_983121.jpg,0.2,0.0
20260317_160232_037351,img_20260317_160232_037351.jpg,0.2,0.0
20260317_160232_084031,img_20260317_160232_084031.jpg,0.2,0.0
20260317_160232_139381,img_20260317_160232_139381.jpg,0.2,0.0
20260317_160232_187591,img_20260317_160232_187591.jpg,0.2,0.0
20260317_160232_241920,img_20260317_160232_241920.jpg,0.2,0.0
20260317_160232_293348,img_20260317_160232_293348.jpg,0.2,0.0
20260317_160232_342654,img_20260317_160232_342654.jpg,0.2,0.0
20260317_160232_391848,img_20260317_160232_391848.jpg,0.2,0.0
20260317_160232_445164,img_20260317_160232_445164.jpg,0.2,0.0
20260317_160232_496709,img_20260317_160232_496709.jpg,0.2,0.0
20260317_160232_540790,img_20260317_160232_540790.jpg,0.2,0.0
20260317_160232_596122,img_20260317_160232_596122.jpg,0.2,0.0
20260317_160232_650135,img_20260317_160232_650135.jpg,0.2,0.0
20260317_160232_698969,img_20260317_160232_698969.jpg,0.2,0.0
20260317_160232_750218,img_20260317_160232_750218.jpg,0.2,0.0
20260317_160232_811448,img_20260317_160232_811448.jpg,0.2,0.0
20260317_160232_860632,img_20260317_160232_860632.jpg,0.2,0.0
20260317_160232_908306,img_20260317_160232_908306.jpg,0.2,0.0
20260317_160232_950748,img_20260317_160232_950748.jpg,0.2,0.0
20260317_160233_011940,img_20260317_160233_011940.jpg,0.2,0.0
20260317_160233_065385,img_20260317_160233_065385.jpg,0.2,0.0
20260317_160233_117055,img_20260317_160233_117055.jpg,0.2,0.0
20260317_160233_165493,img_20260317_160233_165493.jpg,0.2,0.0
20260317_160233_220255,img_20260317_160233_220255.jpg,0.2,0.0
20260317_160233_270061,img_20260317_160233_270061.jpg,0.2,0.0
20260317_160233_326923,img_20260317_160233_326923.jpg,0.2,0.0
20260317_160233_385212,img_20260317_160233_385212.jpg,0.2,0.0
20260317_160233_433307,img_20260317_160233_433307.jpg,0.2,0.0
20260317_160233_486218,img_20260317_160233_486218.jpg,0.2,0.0
20260317_160233_531924,img_20260317_160233_531924.jpg,0.2,0.0
20260317_160233_584755,img_20260317_160233_584755.jpg,0.2,0.0
20260317_160233_637438,img_20260317_160233_637438.jpg,0.2,0.0
20260317_160233_689981,img_20260317_160233_689981.jpg,0.2,0.0
20260317_160233_745425,img_20260317_160233_745425.jpg,0.2,0.0
20260317_160233_794080,img_20260317_160233_794080.jpg,0.2,0.0
20260317_160233_839772,img_20260317_160233_839772.jpg,0.2,0.0
20260317_160233_899515,img_20260317_160233_899515.jpg,0.2,0.0
20260317_160233_952394,img_20260317_160233_952394.jpg,0.2,0.0
20260317_160234_006642,img_20260317_160234_006642.jpg,0.2,0.0
20260317_160234_054734,img_20260317_160234_054734.jpg,0.2,0.0
20260317_160234_106440,img_20260317_160234_106440.jpg,0.2,0.0
20260317_160234_156722,img_20260317_160234_156722.jpg,0.2,0.0
20260317_160234_210955,img_20260317_160234_210955.jpg,0.2,0.0
20260317_160234_261220,img_20260317_160234_261220.jpg,0.2,0.0
20260317_160234_310213,img_20260317_160234_310213.jpg,0.2,0.0
20260317_160234_366262,img_20260317_160234_366262.jpg,0.2,0.0
20260317_160234_416654,img_20260317_160234_416654.jpg,0.2,0.0
20260317_160234_469580,img_20260317_160234_469580.jpg,0.2,0.0
20260317_160234_521438,img_20260317_160234_521438.jpg,0.2,0.0
20260317_160234_573611,img_20260317_160234_573611.jpg,0.2,0.0
20260317_160234_610928,img_20260317_160234_610928.jpg,0.2,0.0
20260317_160234_671875,img_20260317_160234_671875.jpg,0.2,0.0
20260317_160234_724605,img_20260317_160234_724605.jpg,0.2,0.0
20260317_160234_778142,img_20260317_160234_778142.jpg,0.2,0.0
20260317_160234_830716,img_20260317_160234_830716.jpg,0.2,0.0
20260317_160234_885623,img_20260317_160234_885623.jpg,0.2,0.0
20260317_160234_937099,img_20260317_160234_937099.jpg,0.2,0.0
20260317_160234_985206,img_20260317_160234_985206.jpg,0.2,0.0
20260317_160235_032072,img_20260317_160235_032072.jpg,0.2,0.0
20260317_160235_084769,img_20260317_160235_084769.jpg,0.2,0.0
20260317_160235_136857,img_20260317_160235_136857.jpg,0.2,0.0
20260317_160235_193538,img_20260317_160235_193538.jpg,0.2,0.0
20260317_160235_240798,img_20260317_160235_240798.jpg,0.2,0.0
20260317_160235_291531,img_20260317_160235_291531.jpg,0.2,0.0
20260317_160235_342228,img_20260317_160235_342228.jpg,0.2,0.0
20260317_160235_396888,img_20260317_160235_396888.jpg,0.2,0.0
20260317_160235_460809,img_20260317_160235_460809.jpg,0.2,0.0
20260317_160235_511446,img_20260317_160235_511446.jpg,0.2,0.0
20260317_160235_554202,img_20260317_160235_554202.jpg,0.2,0.0
20260317_160235_605230,img_20260317_160235_605230.jpg,0.2,0.0
20260317_160235_656745,img_20260317_160235_656745.jpg,0.2,0.0
20260317_160235_700090,img_20260317_160235_700090.jpg,0.2,0.0
20260317_160235_759065,img_20260317_160235_759065.jpg,0.2,0.0
20260317_160235_799633,img_20260317_160235_799633.jpg,0.2,0.0
20260317_160235_866370,img_20260317_160235_866370.jpg,0.2,0.0
20260317_160235_914528,img_20260317_160235_914528.jpg,0.2,0.0
20260317_160235_968058,img_20260317_160235_968058.jpg,0.2,0.0
20260317_160236_009894,img_20260317_160236_009894.jpg,0.2,0.0
20260317_160236_071431,img_20260317_160236_071431.jpg,0.2,0.0
20260317_160236_125449,img_20260317_160236_125449.jpg,0.2,0.0
20260317_160236_181683,img_20260317_160236_181683.jpg,0.2,0.0
20260317_160236_216279,img_20260317_160236_216279.jpg,0.2,0.0
20260317_160236_266554,img_20260317_160236_266554.jpg,0.2,0.0
20260317_160236_328616,img_20260317_160236_328616.jpg,0.2,0.0
20260317_160236_380834,img_20260317_160236_380834.jpg,0.2,0.0
20260317_160236_430750,img_20260317_160236_430750.jpg,0.2,0.0
20260317_160236_486791,img_20260317_160236_486791.jpg,0.2,0.0
20260317_160236_536490,img_20260317_160236_536490.jpg,0.2,0.0
20260317_160236_587437,img_20260317_160236_587437.jpg,0.2,0.0
20260317_160236_638113,img_20260317_160236_638113.jpg,0.2,0.0
20260317_160236_688955,img_20260317_160236_688955.jpg,0.2,0.0
20260317_160236_739115,img_20260317_160236_739115.jpg,0.2,0.0
20260317_160236_795398,img_20260317_160236_795398.jpg,0.2,0.0
20260317_160236_844411,img_20260317_160236_844411.jpg,0.2,0.0
20260317_160236_897465,img_20260317_160236_897465.jpg,0.2,0.0
20260317_160236_947169,img_20260317_160236_947169.jpg,0.2,0.0
20260317_160237_001195,img_20260317_160237_001195.jpg,0.2,0.0
20260317_160237_049303,img_20260317_160237_049303.jpg,0.2,0.0
20260317_160237_102327,img_20260317_160237_102327.jpg,0.2,0.0
20260317_160237_160828,img_20260317_160237_160828.jpg,0.2,0.0
20260317_160237_204320,img_20260317_160237_204320.jpg,0.2,0.0
20260317_160237_243034,img_20260317_160237_243034.jpg,0.2,0.0
20260317_160237_308388,img_20260317_160237_308388.jpg,0.2,0.0
20260317_160237_357890,img_20260317_160237_357890.jpg,0.2,0.0
20260317_160237_412316,img_20260317_160237_412316.jpg,0.2,0.0
20260317_160237_461023,img_20260317_160237_461023.jpg,0.2,0.0
20260317_160237_501934,img_20260317_160237_501934.jpg,0.2,0.0
20260317_160237_560923,img_20260317_160237_560923.jpg,0.2,0.0
20260317_160237_611921,img_20260317_160237_611921.jpg,0.2,0.0
20260317_160237_665243,img_20260317_160237_665243.jpg,0.2,0.0
20260317_160237_716203,img_20260317_160237_716203.jpg,0.2,0.0
20260317_160237_769053,img_20260317_160237_769053.jpg,0.2,0.0
20260317_160237_822843,img_20260317_160237_822843.jpg,0.2,0.0
20260317_160237_870189,img_20260317_160237_870189.jpg,0.2,0.0
20260317_160237_925655,img_20260317_160237_925655.jpg,0.2,0.0
20260317_160237_975989,img_20260317_160237_975989.jpg,0.2,0.0
20260317_160238_029889,img_20260317_160238_029889.jpg,0.2,0.0
20260317_160238_080376,img_20260317_160238_080376.jpg,0.2,0.0
20260317_160238_135359,img_20260317_160238_135359.jpg,0.2,0.0
20260317_160238_169994,img_20260317_160238_169994.jpg,0.2,0.0
20260317_160238_242295,img_20260317_160238_242295.jpg,0.2,0.0
20260317_160238_285996,img_20260317_160238_285996.jpg,0.2,0.0
20260317_160238_340052,img_20260317_160238_340052.jpg,0.2,0.0
20260317_160238_390020,img_20260317_160238_390020.jpg,0.2,0.0
20260317_160238_439478,img_20260317_160238_439478.jpg,0.2,0.0
20260317_160238_491626,img_20260317_160238_491626.jpg,0.2,0.0
20260317_160238_545619,img_20260317_160238_545619.jpg,0.2,0.0
20260317_160238_600358,img_20260317_160238_600358.jpg,0.2,0.0
20260317_160238_646020,img_20260317_160238_646020.jpg,0.2,0.0
20260317_160238_699273,img_20260317_160238_699273.jpg,0.2,0.0
20260317_160238_748623,img_20260317_160238_748623.jpg,0.2,0.0
20260317_160238_800802,img_20260317_160238_800802.jpg,0.2,0.0
20260317_160238_848901,img_20260317_160238_848901.jpg,0.2,0.0
20260317_160238_905525,img_20260317_160238_905525.jpg,0.2,0.0
20260317_160238_951322,img_20260317_160238_951322.jpg,0.2,0.0
20260317_160239_009065,img_20260317_160239_009065.jpg,0.2,0.0
20260317_160239_044727,img_20260317_160239_044727.jpg,0.2,0.0
20260317_160239_098706,img_20260317_160239_098706.jpg,0.2,0.0
20260317_160239_159401,img_20260317_160239_159401.jpg,0.2,0.0
20260317_160239_217105,img_20260317_160239_217105.jpg,0.2,0.0
20260317_160239_264287,img_20260317_160239_264287.jpg,0.2,0.0
20260317_160239_314619,img_20260317_160239_314619.jpg,0.2,0.0
20260317_160239_364183,img_20260317_160239_364183.jpg,0.2,0.0
20260317_160239_421429,img_20260317_160239_421429.jpg,0.2,0.0
20260317_160239_456276,img_20260317_160239_456276.jpg,0.2,0.0
20260317_160239_519898,img_20260317_160239_519898.jpg,0.2,0.0
20260317_160239_577522,img_20260317_160239_577522.jpg,0.2,0.0
20260317_160239_624170,img_20260317_160239_624170.jpg,0.2,0.0
20260317_160239_674208,img_20260317_160239_674208.jpg,0.2,0.0
20260317_160239_727658,img_20260317_160239_727658.jpg,0.2,0.0
20260317_160239_769126,img_20260317_160239_769126.jpg,0.2,0.0
20260317_160239_826780,img_20260317_160239_826780.jpg,0.2,0.0
20260317_160239_879258,img_20260317_160239_879258.jpg,0.2,0.0
20260317_160239_923061,img_20260317_160239_923061.jpg,0.2,0.0
20260317_160239_977729,img_20260317_160239_977729.jpg,0.2,0.0
20260317_160240_031597,img_20260317_160240_031597.jpg,0.2,0.0
20260317_160240_086090,img_20260317_160240_086090.jpg,0.2,0.0
20260317_160240_126308,img_20260317_160240_126308.jpg,0.2,0.0
20260317_160240_185726,img_20260317_160240_185726.jpg,0.2,0.0
20260317_160240_238022,img_20260317_160240_238022.jpg,0.2,0.0
20260317_160240_280728,img_20260317_160240_280728.jpg,0.2,0.0
20260317_160240_338230,img_20260317_160240_338230.jpg,0.2,0.0
20260317_160240_382535,img_20260317_160240_382535.jpg,0.2,0.0
20260317_160240_446505,img_20260317_160240_446505.jpg,0.2,0.0
20260317_160240_496294,img_20260317_160240_496294.jpg,0.2,0.0
20260317_160240_552815,img_20260317_160240_552815.jpg,0.2,0.0
20260317_160240_599017,img_20260317_160240_599017.jpg,0.2,0.0
20260317_160240_640144,img_20260317_160240_640144.jpg,0.2,0.0
20260317_160240_700404,img_20260317_160240_700404.jpg,0.2,0.0
20260317_160240_751771,img_20260317_160240_751771.jpg,0.2,0.0
20260317_160240_807286,img_20260317_160240_807286.jpg,0.2,0.0
20260317_160240_844507,img_20260317_160240_844507.jpg,0.2,0.0
20260317_160240_905787,img_20260317_160240_905787.jpg,0.2,0.0
20260317_160240_957715,img_20260317_160240_957715.jpg,0.2,0.0
20260317_160241_012554,img_20260317_160241_012554.jpg,0.2,0.0
20260317_160241_060599,img_20260317_160241_060599.jpg,0.2,0.0
20260317_160241_112565,img_20260317_160241_112565.jpg,0.2,0.0
20260317_160241_162768,img_20260317_160241_162768.jpg,0.2,0.0
20260317_160241_219277,img_20260317_160241_219277.jpg,0.2,0.0
20260317_160241_269208,img_20260317_160241_269208.jpg,0.2,0.0
20260317_160241_327298,img_20260317_160241_327298.jpg,0.2,0.0
20260317_160241_375206,img_20260317_160241_375206.jpg,0.2,0.0
20260317_160241_426957,img_20260317_160241_426957.jpg,0.2,0.0
20260317_160241_478041,img_20260317_160241_478041.jpg,0.2,0.0
20260317_160241_527545,img_20260317_160241_527545.jpg,0.2,0.0
20260317_160241_584926,img_20260317_160241_584926.jpg,0.2,0.0
20260317_160241_638580,img_20260317_160241_638580.jpg,0.2,0.0
20260317_160241_678039,img_20260317_160241_678039.jpg,0.2,0.0
20260317_160241_744529,img_20260317_160241_744529.jpg,0.2,0.0
20260317_160241_778746,img_20260317_160241_778746.jpg,0.2,0.0
20260317_160241_835856,img_20260317_160241_835856.jpg,0.2,0.0
20260317_160241_890405,img_20260317_160241_890405.jpg,0.2,0.0
20260317_160241_948180,img_20260317_160241_948180.jpg,0.2,0.0
20260317_160241_994956,img_20260317_160241_994956.jpg,0.2,0.0
20260317_160242_040487,img_20260317_160242_040487.jpg,0.2,0.0
20260317_160242_096601,img_20260317_160242_096601.jpg,0.2,0.0
20260317_160242_139955,img_20260317_160242_139955.jpg,0.2,0.0
20260317_160242_206974,img_20260317_160242_206974.jpg,0.2,0.0
20260317_160242_252313,img_20260317_160242_252313.jpg,0.2,0.0
20260317_160242_297061,img_20260317_160242_297061.jpg,0.2,0.0
20260317_160242_343979,img_20260317_160242_343979.jpg,0.2,0.0
20260317_160242_407928,img_20260317_160242_407928.jpg,0.2,0.0
20260317_160242_457339,img_20260317_160242_457339.jpg,0.2,0.0
20260317_160242_512628,img_20260317_160242_512628.jpg,0.2,0.0
20260317_160242_560729,img_20260317_160242_560729.jpg,0.2,0.0
20260317_160242_617144,img_20260317_160242_617144.jpg,0.2,0.0
20260317_160242_667160,img_20260317_160242_667160.jpg,0.2,0.0
20260317_160242_715988,img_20260317_160242_715988.jpg,0.2,0.0
20260317_160242_766160,img_20260317_160242_766160.jpg,0.2,0.0
20260317_160242_819343,img_20260317_160242_819343.jpg,0.2,0.0
20260317_160242_871571,img_20260317_160242_871571.jpg,0.2,0.0
20260317_160242_919474,img_20260317_160242_919474.jpg,0.2,0.0
20260317_160242_965125,img_20260317_160242_965125.jpg,0.2,0.0
20260317_160243_023195,img_20260317_160243_023195.jpg,0.2,0.0
20260317_160243_064897,img_20260317_160243_064897.jpg,0.2,0.0
20260317_160243_130773,img_20260317_160243_130773.jpg,0.2,0.0
20260317_160243_180134,img_20260317_160243_180134.jpg,0.2,0.0
20260317_160243_233650,img_20260317_160243_233650.jpg,0.2,0.0
20260317_160243_281535,img_20260317_160243_281535.jpg,0.2,0.0
20260317_160243_328518,img_20260317_160243_328518.jpg,0.2,0.0
20260317_160243_387580,img_20260317_160243_387580.jpg,0.2,0.0
20260317_160243_438985,img_20260317_160243_438985.jpg,0.2,0.0
20260317_160243_490384,img_20260317_160243_490384.jpg,0.2,0.0
20260317_160243_539561,img_20260317_160243_539561.jpg,0.2,0.0
20260317_160243_580615,img_20260317_160243_580615.jpg,0.2,0.0
20260317_160243_642548,img_20260317_160243_642548.jpg,0.2,0.0
20260317_160243_693255,img_20260317_160243_693255.jpg,0.2,0.0
20260317_160243_749250,img_20260317_160243_749250.jpg,0.2,0.0
20260317_160243_798594,img_20260317_160243_798594.jpg,0.2,0.0
20260317_160243_850454,img_20260317_160243_850454.jpg,0.2,0.0
20260317_160243_901907,img_20260317_160243_901907.jpg,0.2,0.0
20260317_160243_956612,img_20260317_160243_956612.jpg,0.2,0.0
20260317_160244_003435,img_20260317_160244_003435.jpg,0.2,0.0
20260317_160244_061032,img_20260317_160244_061032.jpg,0.2,0.0
20260317_160244_115171,img_20260317_160244_115171.jpg,0.2,0.0
20260317_160244_162608,img_20260317_160244_162608.jpg,0.2,0.0
20260317_160244_211365,img_20260317_160244_211365.jpg,0.2,0.0
20260317_160244_267676,img_20260317_160244_267676.jpg,0.2,0.0
20260317_160244_316222,img_20260317_160244_316222.jpg,0.2,0.0
20260317_160244_374710,img_20260317_160244_374710.jpg,0.2,0.0
20260317_160244_419276,img_20260317_160244_419276.jpg,0.2,0.0
20260317_160244_473589,img_20260317_160244_473589.jpg,0.2,0.0
20260317_160244_533522,img_20260317_160244_533522.jpg,0.2,0.0
20260317_160244_566298,img_20260317_160244_566298.jpg,0.2,0.0
20260317_160244_625880,img_20260317_160244_625880.jpg,0.2,0.0
20260317_160244_677954,img_20260317_160244_677954.jpg,0.2,0.0
20260317_160244_731677,img_20260317_160244_731677.jpg,0.0,0.0
20260317_160244_780411,img_20260317_160244_780411.jpg,0.0,0.0
20260317_160244_837419,img_20260317_160244_837419.jpg,0.0,0.0
20260317_160244_884472,img_20260317_160244_884472.jpg,0.0,0.0
20260317_160244_928050,img_20260317_160244_928050.jpg,0.0,0.0
20260317_160244_986234,img_20260317_160244_986234.jpg,0.0,0.0
20260317_160245_042611,img_20260317_160245_042611.jpg,0.0,0.0
20260317_160245_093880,img_20260317_160245_093880.jpg,0.0,0.0
20260317_160245_142670,img_20260317_160245_142670.jpg,0.0,0.0
20260317_160245_186123,img_20260317_160245_186123.jpg,0.0,0.0
20260317_160245_247194,img_20260317_160245_247194.jpg,0.0,0.0
20260317_160245_298291,img_20260317_160245_298291.jpg,0.0,0.0
20260317_160245_352378,img_20260317_160245_352378.jpg,0.0,0.0
20260317_160245_399718,img_20260317_160245_399718.jpg,0.0,0.0
20260317_160245_451985,img_20260317_160245_451985.jpg,0.0,0.0
20260317_160245_502198,img_20260317_160245_502198.jpg,0.0,0.0
20260317_160245_557663,img_20260317_160245_557663.jpg,0.0,0.0
20260317_160245_602926,img_20260317_160245_602926.jpg,0.0,0.0
20260317_160245_654745,img_20260317_160245_654745.jpg,0.0,0.0
20260317_160245_707925,img_20260317_160245_707925.jpg,0.0,0.0
20260317_160245_747167,img_20260317_160245_747167.jpg,0.0,0.0
20260317_160245_807881,img_20260317_160245_807881.jpg,0.0,0.0
20260317_160245_859880,img_20260317_160245_859880.jpg,0.0,0.0
20260317_160245_916414,img_20260317_160245_916414.jpg,0.0,0.0
20260317_160245_958293,img_20260317_160245_958293.jpg,0.0,0.0
20260317_160246_023450,img_20260317_160246_023450.jpg,0.0,0.0
20260317_160246_061528,img_20260317_160246_061528.jpg,0.0,0.0
20260317_160246_124301,img_20260317_160246_124301.jpg,0.0,0.0
20260317_160246_181001,img_20260317_160246_181001.jpg,0.0,0.0
20260317_160246_226711,img_20260317_160246_226711.jpg,0.0,0.0
20260317_160246_277724,img_20260317_160246_277724.jpg,0.0,0.0
20260317_160246_329875,img_20260317_160246_329875.jpg,0.0,0.0
20260317_160246_372705,img_20260317_160246_372705.jpg,0.0,0.0
20260317_160246_420620,img_20260317_160246_420620.jpg,0.0,0.0
20260317_160246_481707,img_20260317_160246_481707.jpg,0.0,0.0
20260317_160246_524799,img_20260317_160246_524799.jpg,0.0,0.0
20260317_160246_576278,img_20260317_160246_576278.jpg,0.0,0.0
20260317_160246_649431,img_20260317_160246_649431.jpg,0.0,0.0
20260317_160246_691746,img_20260317_160246_691746.jpg,0.0,0.0
20260317_160246_732298,img_20260317_160246_732298.jpg,0.0,0.0
20260317_160246_796152,img_20260317_160246_796152.jpg,0.0,0.0
20260317_160246_843359,img_20260317_160246_843359.jpg,0.0,0.0
20260317_160246_896332,img_20260317_160246_896332.jpg,0.0,0.0
20260317_160246_938053,img_20260317_160246_938053.jpg,0.0,0.0
20260317_160247_002757,img_20260317_160247_002757.jpg,0.0,0.0
20260317_160247_051424,img_20260317_160247_051424.jpg,0.0,0.0
20260317_160247_105839,img_20260317_160247_105839.jpg,0.0,0.0
20260317_160247_153689,img_20260317_160247_153689.jpg,0.0,0.0
20260317_160247_207690,img_20260317_160247_207690.jpg,0.0,0.0
20260317_160247_256351,img_20260317_160247_256351.jpg,0.0,0.0
20260317_160247_313501,img_20260317_160247_313501.jpg,0.0,0.0
20260317_160247_359434,img_20260317_160247_359434.jpg,0.0,0.0
20260317_160247_416509,img_20260317_160247_416509.jpg,0.0,0.0
20260317_160247_451182,img_20260317_160247_451182.jpg,0.0,0.0
20260317_160247_517182,img_20260317_160247_517182.jpg,0.0,0.0
20260317_160247_556502,img_20260317_160247_556502.jpg,0.0,0.0
20260317_160247_610280,img_20260317_160247_610280.jpg,0.0,0.0
20260317_160247_668563,img_20260317_160247_668563.jpg,0.0,0.0
20260317_160247_723926,img_20260317_160247_723926.jpg,0.0,0.0
20260317_160247_774387,img_20260317_160247_774387.jpg,0.0,0.0
20260317_160247_826576,img_20260317_160247_826576.jpg,0.0,0.0
20260317_160247_877818,img_20260317_160247_877818.jpg,0.0,0.0
20260317_160247_928119,img_20260317_160247_928119.jpg,0.0,0.0
20260317_160247_979553,img_20260317_160247_979553.jpg,0.0,0.0
20260317_160248_030647,img_20260317_160248_030647.jpg,0.0,0.0
20260317_160248_093231,img_20260317_160248_093231.jpg,0.0,0.0
20260317_160248_138103,img_20260317_160248_138103.jpg,0.0,0.0
20260317_160248_172620,img_20260317_160248_172620.jpg,0.0,0.0
20260317_160248_226844,img_20260317_160248_226844.jpg,0.0,0.0
20260317_160248_286727,img_20260317_160248_286727.jpg,0.0,0.0
20260317_160248_339464,img_20260317_160248_339464.jpg,0.0,0.0
20260317_160248_390604,img_20260317_160248_390604.jpg,0.0,0.0
20260317_160248_443452,img_20260317_160248_443452.jpg,0.0,0.0
20260317_160248_503181,img_20260317_160248_503181.jpg,0.0,0.0
20260317_160248_545631,img_20260317_160248_545631.jpg,0.0,0.0
20260317_160248_595772,img_20260317_160248_595772.jpg,0.0,0.0
20260317_160248_646726,img_20260317_160248_646726.jpg,0.0,0.0
20260317_160248_698966,img_20260317_160248_698966.jpg,0.0,0.0
20260317_160248_751625,img_20260317_160248_751625.jpg,0.0,0.0
20260317_160248_800759,img_20260317_160248_800759.jpg,0.0,0.0
20260317_160248_851369,img_20260317_160248_851369.jpg,0.0,0.0
20260317_160248_902040,img_20260317_160248_902040.jpg,0.0,0.0
20260317_160248_958101,img_20260317_160248_958101.jpg,0.0,0.0
20260317_160248_991406,img_20260317_160248_991406.jpg,0.0,0.0
20260317_160249_055849,img_20260317_160249_055849.jpg,0.0,0.0
20260317_160249_105671,img_20260317_160249_105671.jpg,0.0,0.0
20260317_160249_158900,img_20260317_160249_158900.jpg,0.0,0.0
20260317_160249_208632,img_20260317_160249_208632.jpg,0.0,0.0
20260317_160249_264286,img_20260317_160249_264286.jpg,0.0,0.0
20260317_160249_314651,img_20260317_160249_314651.jpg,0.0,0.0
20260317_160249_367517,img_20260317_160249_367517.jpg,0.0,0.0
20260317_160249_403681,img_20260317_160249_403681.jpg,0.0,0.0
20260317_160249_470399,img_20260317_160249_470399.jpg,0.0,0.0
20260317_160249_508989,img_20260317_160249_508989.jpg,0.0,0.0
20260317_160249_569954,img_20260317_160249_569954.jpg,0.0,0.0
20260317_160249_620333,img_20260317_160249_620333.jpg,0.0,0.0
20260317_160249_665470,img_20260317_160249_665470.jpg,0.0,0.0
20260317_160249_724455,img_20260317_160249_724455.jpg,0.0,0.0
20260317_160249_774743,img_20260317_160249_774743.jpg,0.0,0.0
20260317_160249_834071,img_20260317_160249_834071.jpg,0.0,0.0
20260317_160249_877326,img_20260317_160249_877326.jpg,0.0,0.0
20260317_160249_919178,img_20260317_160249_919178.jpg,0.0,0.0
20260317_160249_976977,img_20260317_160249_976977.jpg,0.0,0.0
20260317_160250_029741,img_20260317_160250_029741.jpg,0.0,0.0
20260317_160250_084288,img_20260317_160250_084288.jpg,0.0,0.0
20260317_160250_132124,img_20260317_160250_132124.jpg,0.0,0.0
20260317_160250_183950,img_20260317_160250_183950.jpg,0.0,0.0
20260317_160250_243208,img_20260317_160250_243208.jpg,0.0,0.0
20260317_160250_287644,img_20260317_160250_287644.jpg,0.0,0.0
20260317_160250_336571,img_20260317_160250_336571.jpg,0.0,0.0
20260317_160250_391590,img_20260317_160250_391590.jpg,0.0,0.0
20260317_160250_432628,img_20260317_160250_432628.jpg,0.0,0.0
20260317_160250_495010,img_20260317_160250_495010.jpg,0.0,0.0
20260317_160250_545390,img_20260317_160250_545390.jpg,0.0,0.0
20260317_160250_601965,img_20260317_160250_601965.jpg,0.0,0.0
20260317_160250_653622,img_20260317_160250_653622.jpg,0.0,0.0
20260317_160250_695655,img_20260317_160250_695655.jpg,0.0,0.0
20260317_160250_739571,img_20260317_160250_739571.jpg,0.0,0.0
20260317_160250_798883,img_20260317_160250_798883.jpg,0.0,0.0
20260317_160250_841019,img_20260317_160250_841019.jpg,0.0,0.0
20260317_160250_906808,img_20260317_160250_906808.jpg,0.0,0.0
20260317_160250_951105,img_20260317_160250_951105.jpg,0.0,0.0
20260317_160251_006639,img_20260317_160251_006639.jpg,0.0,0.0
20260317_160251_054316,img_20260317_160251_054316.jpg,0.0,0.0
20260317_160251_109646,img_20260317_160251_109646.jpg,0.0,0.0
20260317_160251_156847,img_20260317_160251_156847.jpg,0.0,0.0
20260317_160251_212663,img_20260317_160251_212663.jpg,0.0,0.0
20260317_160251_262667,img_20260317_160251_262667.jpg,0.0,0.0
20260317_160251_317450,img_20260317_160251_317450.jpg,0.0,0.0
20260317_160251_364036,img_20260317_160251_364036.jpg,0.0,0.0
20260317_160251_417041,img_20260317_160251_417041.jpg,0.0,0.0
20260317_160251_458852,img_20260317_160251_458852.jpg,0.0,0.0
20260317_160251_518794,img_20260317_160251_518794.jpg,0.0,0.0
20260317_160251_568040,img_20260317_160251_568040.jpg,0.0,0.0
